[2022-12-14T11:03:26] Child[12050]:
Total write time: 218.886354 seconds; average write time: 24.320706 seconds.
Total read time: 166.717086; average read time: 166.717086
Total time: 385.603440, total average time: 38.560344

[2022-12-14T11:04:01] Child[10585]:
Total write time: 251.197114 seconds; average write time: 31.399639 seconds.
Total read time: 169.636938; average read time: 84.818469
Total time: 420.834052, total average time: 42.083405

[2022-12-14T11:05:05] Child[11595]:
Total write time: 326.841798 seconds; average write time: 36.315755 seconds.
Total read time: 158.000723; average read time: 158.000723
Total time: 484.842521, total average time: 48.484252

[2022-12-14T11:05:10] Child[10812]:
Total write time: 289.240240 seconds; average write time: 32.137804 seconds.
Total read time: 200.765818; average read time: 200.765818
Total time: 490.006058, total average time: 49.000606

[2022-12-14T11:05:15] Child[10966]:
Total write time: 138.750313 seconds; average write time: 19.821473 seconds.
Total read time: 355.729840; average read time: 118.576613
Total time: 494.480153, total average time: 49.448015

[2022-12-14T11:05:23] Child[11485]:
Total write time: 503.875114 seconds; average write time: 50.387511 seconds.
Total read time: 0.000000; average read time: 0.000000
Total time: 503.875114, total average time: 50.387511

[2022-12-14T11:05:30] Child[11540]:
Total write time: 343.638839 seconds; average write time: 38.182093 seconds.
Total read time: 166.490880; average read time: 166.490880
Total time: 510.129719, total average time: 51.012972

[2022-12-14T11:05:59] Child[9898]:
Total write time: 313.823355 seconds; average write time: 39.227919 seconds.
Total read time: 221.072332; average read time: 110.536166
Total time: 534.895687, total average time: 53.489569

[2022-12-14T11:06:04] Child[10525]:
Total write time: 308.474973 seconds; average write time: 38.559372 seconds.
Total read time: 234.471797; average read time: 117.235899
Total time: 542.946770, total average time: 54.294677

[2022-12-14T11:06:11] Child[11604]:
Total write time: 73.796646 seconds; average write time: 9.224581 seconds.
Total read time: 480.106066; average read time: 240.053033
Total time: 553.902712, total average time: 55.390271

[2022-12-14T11:06:25] Child[10169]:
Total write time: 546.076193 seconds; average write time: 60.675133 seconds.
Total read time: 21.598439; average read time: 21.598439
Total time: 567.674632, total average time: 56.767463

[2022-12-14T11:06:33] Child[10832]:
Total write time: 322.468229 seconds; average write time: 35.829803 seconds.
Total read time: 251.509978; average read time: 251.509978
Total time: 573.978207, total average time: 57.397821

[2022-12-14T11:06:42] Child[11593]:
Total write time: 500.632207 seconds; average write time: 55.625801 seconds.
Total read time: 83.880967; average read time: 83.880967
Total time: 584.513174, total average time: 58.451317

[2022-12-14T11:06:56] Child[12127]:
Total write time: 411.642336 seconds; average write time: 51.455292 seconds.
Total read time: 185.256169; average read time: 92.628084
Total time: 596.898505, total average time: 59.689850

[2022-12-14T11:06:59] Child[11411]:
Total write time: 332.427400 seconds; average write time: 41.553425 seconds.
Total read time: 269.299847; average read time: 134.649923
Total time: 601.727247, total average time: 60.172725

[2022-12-14T11:07:06] Child[10840]:
Total write time: 150.695581 seconds; average write time: 18.836948 seconds.
Total read time: 454.775645; average read time: 227.387822
Total time: 605.471226, total average time: 60.547123

[2022-12-14T11:07:12] Child[10453]:
Total write time: 363.780992 seconds; average write time: 45.472624 seconds.
Total read time: 247.481002; average read time: 123.740501
Total time: 611.261994, total average time: 61.126199

[2022-12-14T11:07:18] Child[9913]:
Total write time: 300.381101 seconds; average write time: 37.547638 seconds.
Total read time: 318.702720; average read time: 159.351360
Total time: 619.083821, total average time: 61.908382

[2022-12-14T11:07:29] Child[11762]:
Total write time: 370.660212 seconds; average write time: 46.332527 seconds.
Total read time: 260.149785; average read time: 130.074893
Total time: 630.809997, total average time: 63.081000

[2022-12-14T11:07:36] Child[10983]:
Total write time: 248.098146 seconds; average write time: 41.349691 seconds.
Total read time: 391.395128; average read time: 97.848782
Total time: 639.493274, total average time: 63.949327

[2022-12-14T11:07:41] Child[9983]:
Total write time: 426.013438 seconds; average write time: 53.251680 seconds.
Total read time: 209.010320; average read time: 104.505160
Total time: 635.023758, total average time: 63.502376

[2022-12-14T11:07:45] Child[12097]:
Total write time: 394.481488 seconds; average write time: 49.310186 seconds.
Total read time: 248.945574; average read time: 124.472787
Total time: 643.427062, total average time: 64.342706

[2022-12-14T11:07:50] Child[11052]:
Total write time: 207.572298 seconds; average write time: 29.653185 seconds.
Total read time: 442.042215; average read time: 147.347405
Total time: 649.614513, total average time: 64.961451

[2022-12-14T11:07:51] Child[10393]:
Total write time: 530.888733 seconds; average write time: 66.361092 seconds.
Total read time: 120.822342; average read time: 60.411171
Total time: 651.711075, total average time: 65.171108

[2022-12-14T11:07:54] Child[10922]:
Total write time: 244.488151 seconds; average write time: 34.926879 seconds.
Total read time: 405.010244; average read time: 135.003415
Total time: 649.498395, total average time: 64.949839

[2022-12-14T11:07:55] Child[11537]:
Total write time: 218.820113 seconds; average write time: 31.260016 seconds.
Total read time: 434.148557; average read time: 144.716186
Total time: 652.968670, total average time: 65.296867

[2022-12-14T11:07:55] Child[11739]:
Total write time: 322.934601 seconds; average write time: 35.881622 seconds.
Total read time: 336.050724; average read time: 336.050724
Total time: 658.985325, total average time: 65.898533

[2022-12-14T11:08:00] Child[12069]:
Total write time: 383.199518 seconds; average write time: 47.899940 seconds.
Total read time: 275.645688; average read time: 137.822844
Total time: 658.845206, total average time: 65.884521

[2022-12-14T11:08:02] Child[9908]:
Total write time: 228.119345 seconds; average write time: 28.514918 seconds.
Total read time: 430.100339; average read time: 215.050170
Total time: 658.219684, total average time: 65.821968

[2022-12-14T11:08:06] Child[10399]:
Total write time: 265.017047 seconds; average write time: 37.859578 seconds.
Total read time: 403.805713; average read time: 134.601904
Total time: 668.822760, total average time: 66.882276

[2022-12-14T11:08:14] Child[11090]:
Total write time: 358.013815 seconds; average write time: 44.751727 seconds.
Total read time: 318.170930; average read time: 159.085465
Total time: 676.184745, total average time: 67.618475

[2022-12-14T11:08:14] Child[10527]:
Total write time: 214.366257 seconds; average write time: 42.873251 seconds.
Total read time: 460.465282; average read time: 92.093056
Total time: 674.831539, total average time: 67.483154

[2022-12-14T11:08:34] Child[11713]:
Total write time: 340.956961 seconds; average write time: 48.708137 seconds.
Total read time: 357.914324; average read time: 119.304775
Total time: 698.871285, total average time: 69.887129

[2022-12-14T11:08:37] Child[11167]:
Total write time: 374.764705 seconds; average write time: 46.845588 seconds.
Total read time: 323.140050; average read time: 161.570025
Total time: 697.904755, total average time: 69.790475

[2022-12-14T11:08:44] Child[10011]:
Total write time: 343.902821 seconds; average write time: 49.128974 seconds.
Total read time: 358.232272; average read time: 119.410757
Total time: 702.135093, total average time: 70.213509

[2022-12-14T11:08:50] Child[10665]:
Total write time: 404.415366 seconds; average write time: 50.551921 seconds.
Total read time: 306.614630; average read time: 153.307315
Total time: 711.029996, total average time: 71.103000

[2022-12-14T11:08:50] Child[11853]:
Total write time: 350.411670 seconds; average write time: 43.801459 seconds.
Total read time: 357.052521; average read time: 178.526261
Total time: 707.464191, total average time: 70.746419

[2022-12-14T11:08:54] Child[12114]:
Total write time: 441.321495 seconds; average write time: 49.035722 seconds.
Total read time: 272.262065; average read time: 272.262065
Total time: 713.583560, total average time: 71.358356

[2022-12-14T11:08:59] Child[11098]:
Total write time: 416.674427 seconds; average write time: 52.084303 seconds.
Total read time: 303.164146; average read time: 151.582073
Total time: 719.838573, total average time: 71.983857

[2022-12-14T11:09:02] Child[11085]:
Total write time: 395.621530 seconds; average write time: 56.517361 seconds.
Total read time: 321.660596; average read time: 107.220199
Total time: 717.282126, total average time: 71.728213

[2022-12-14T11:09:02] Child[11367]:
Total write time: 177.452223 seconds; average write time: 25.350318 seconds.
Total read time: 546.638133; average read time: 182.212711
Total time: 724.090356, total average time: 72.409036

[2022-12-14T11:09:10] Child[12009]:
Total write time: 549.866388 seconds; average write time: 68.733299 seconds.
Total read time: 183.320748; average read time: 91.660374
Total time: 733.187136, total average time: 73.318714

[2022-12-14T11:09:10] Child[10127]:
Total write time: 316.857360 seconds; average write time: 45.265337 seconds.
Total read time: 415.736420; average read time: 138.578807
Total time: 732.593780, total average time: 73.259378

[2022-12-14T11:09:11] Child[9885]:
Total write time: 307.702006 seconds; average write time: 38.462751 seconds.
Total read time: 425.130999; average read time: 212.565499
Total time: 732.833005, total average time: 73.283300

[2022-12-14T11:09:15] Child[11882]:
Total write time: 519.980988 seconds; average write time: 64.997624 seconds.
Total read time: 215.359679; average read time: 107.679839
Total time: 735.340667, total average time: 73.534067

[2022-12-14T11:09:20] Child[10461]:
Total write time: 473.859127 seconds; average write time: 59.232391 seconds.
Total read time: 265.635611; average read time: 132.817805
Total time: 739.494738, total average time: 73.949474

[2022-12-14T11:09:20] Child[10311]:
Total write time: 458.852841 seconds; average write time: 65.550406 seconds.
Total read time: 279.646444; average read time: 93.215481
Total time: 738.499285, total average time: 73.849929

[2022-12-14T11:09:21] Child[10660]:
Total write time: 249.742154 seconds; average write time: 41.623692 seconds.
Total read time: 488.208340; average read time: 122.052085
Total time: 737.950494, total average time: 73.795049

[2022-12-14T11:09:24] Child[10808]:
Total write time: 600.823108 seconds; average write time: 75.102889 seconds.
Total read time: 141.691464; average read time: 70.845732
Total time: 742.514572, total average time: 74.251457

[2022-12-14T11:09:26] Child[11581]:
Total write time: 402.299307 seconds; average write time: 57.471330 seconds.
Total read time: 341.823019; average read time: 113.941006
Total time: 744.122326, total average time: 74.412233

[2022-12-14T11:09:27] Child[10969]:
Total write time: 159.318403 seconds; average write time: 26.553067 seconds.
Total read time: 586.060087; average read time: 146.515022
Total time: 745.378490, total average time: 74.537849

[2022-12-14T11:09:30] Child[10557]:
Total write time: 313.674342 seconds; average write time: 44.810620 seconds.
Total read time: 436.039907; average read time: 145.346636
Total time: 749.714249, total average time: 74.971425

[2022-12-14T11:09:30] Child[11656]:
Total write time: 249.542621 seconds; average write time: 41.590437 seconds.
Total read time: 502.953092; average read time: 125.738273
Total time: 752.495713, total average time: 75.249571

[2022-12-14T11:09:31] Child[11908]:
Total write time: 459.605016 seconds; average write time: 57.450627 seconds.
Total read time: 293.151010; average read time: 146.575505
Total time: 752.756026, total average time: 75.275603

[2022-12-14T11:09:37] Child[10485]:
Total write time: 282.642156 seconds; average write time: 31.404684 seconds.
Total read time: 473.296047; average read time: 473.296047
Total time: 755.938203, total average time: 75.593820

[2022-12-14T11:09:38] Child[10854]:
Total write time: 518.484005 seconds; average write time: 57.609334 seconds.
Total read time: 235.896551; average read time: 235.896551
Total time: 754.380556, total average time: 75.438056

[2022-12-14T11:09:45] Child[10649]:
Total write time: 406.117641 seconds; average write time: 50.764705 seconds.
Total read time: 358.378791; average read time: 179.189395
Total time: 764.496432, total average time: 76.449643

[2022-12-14T11:09:50] Child[10214]:
Total write time: 287.640768 seconds; average write time: 35.955096 seconds.
Total read time: 483.279979; average read time: 241.639990
Total time: 770.920747, total average time: 77.092075

[2022-12-14T11:10:02] Child[11636]:
Total write time: 263.452354 seconds; average write time: 37.636051 seconds.
Total read time: 517.299188; average read time: 172.433063
Total time: 780.751542, total average time: 78.075154

[2022-12-14T11:10:05] Child[11225]:
Total write time: 238.237064 seconds; average write time: 34.033866 seconds.
Total read time: 544.954815; average read time: 181.651605
Total time: 783.191879, total average time: 78.319188

[2022-12-14T11:10:06] Child[11836]:
Total write time: 789.039191 seconds; average write time: 78.903919 seconds.
Total read time: 0.000000; average read time: 0.000000
Total time: 789.039191, total average time: 78.903919

[2022-12-14T11:10:09] Child[11955]:
Total write time: 158.328952 seconds; average write time: 22.618422 seconds.
Total read time: 627.536008; average read time: 209.178669
Total time: 785.864960, total average time: 78.586496

[2022-12-14T11:10:13] Child[11823]:
Total write time: 355.077850 seconds; average write time: 44.384731 seconds.
Total read time: 436.602926; average read time: 218.301463
Total time: 791.680776, total average time: 79.168078

[2022-12-14T11:10:16] Child[10165]:
Total write time: 241.549361 seconds; average write time: 40.258227 seconds.
Total read time: 555.482404; average read time: 138.870601
Total time: 797.031765, total average time: 79.703176

[2022-12-14T11:10:22] Child[11510]:
Total write time: 321.151348 seconds; average write time: 53.525225 seconds.
Total read time: 477.751701; average read time: 119.437925
Total time: 798.903049, total average time: 79.890305

[2022-12-14T11:10:23] Child[10666]:
Total write time: 615.107943 seconds; average write time: 68.345327 seconds.
Total read time: 185.432480; average read time: 185.432480
Total time: 800.540423, total average time: 80.054042

[2022-12-14T11:10:24] Child[10195]:
Total write time: 286.189261 seconds; average write time: 47.698210 seconds.
Total read time: 514.668390; average read time: 128.667098
Total time: 800.857651, total average time: 80.085765

[2022-12-14T11:10:29] Child[10442]:
Total write time: 550.443657 seconds; average write time: 61.160406 seconds.
Total read time: 261.809957; average read time: 261.809957
Total time: 812.253614, total average time: 81.225361

[2022-12-14T11:10:31] Child[10524]:
Total write time: 392.352020 seconds; average write time: 56.050289 seconds.
Total read time: 419.204496; average read time: 139.734832
Total time: 811.556516, total average time: 81.155652

[2022-12-14T11:10:32] Child[10357]:
Total write time: 392.140683 seconds; average write time: 56.020098 seconds.
Total read time: 419.259837; average read time: 139.753279
Total time: 811.400520, total average time: 81.140052

[2022-12-14T11:10:34] Child[10008]:
Total write time: 154.727010 seconds; average write time: 22.103859 seconds.
Total read time: 658.989787; average read time: 219.663262
Total time: 813.716797, total average time: 81.371680

[2022-12-14T11:10:36] Child[11712]:
Total write time: 352.727976 seconds; average write time: 50.389711 seconds.
Total read time: 464.984744; average read time: 154.994915
Total time: 817.712720, total average time: 81.771272

[2022-12-14T11:10:37] Child[10565]:
Total write time: 431.009240 seconds; average write time: 53.876155 seconds.
Total read time: 389.456735; average read time: 194.728367
Total time: 820.465975, total average time: 82.046598

[2022-12-14T11:10:38] Child[10440]:
Total write time: 244.311710 seconds; average write time: 48.862342 seconds.
Total read time: 570.924841; average read time: 114.184968
Total time: 815.236551, total average time: 81.523655

[2022-12-14T11:10:39] Child[10738]:
Total write time: 123.531527 seconds; average write time: 24.706305 seconds.
Total read time: 696.542206; average read time: 139.308441
Total time: 820.073733, total average time: 82.007373

[2022-12-14T11:10:40] Child[9993]:
Total write time: 315.443811 seconds; average write time: 52.573968 seconds.
Total read time: 503.150086; average read time: 125.787521
Total time: 818.593897, total average time: 81.859390

[2022-12-14T11:10:40] Child[10750]:
Total write time: 192.796768 seconds; average write time: 32.132795 seconds.
Total read time: 628.971357; average read time: 157.242839
Total time: 821.768125, total average time: 82.176812

[2022-12-14T11:10:41] Child[10382]:
Total write time: 145.959353 seconds; average write time: 18.244919 seconds.
Total read time: 675.777935; average read time: 337.888967
Total time: 821.737288, total average time: 82.173729

[2022-12-14T11:10:42] Child[9884]:
Total write time: 423.369204 seconds; average write time: 60.481315 seconds.
Total read time: 394.224637; average read time: 131.408212
Total time: 817.593841, total average time: 81.759384

[2022-12-14T11:10:42] Child[11498]:
Total write time: 163.897184 seconds; average write time: 23.413883 seconds.
Total read time: 659.580553; average read time: 219.860184
Total time: 823.477737, total average time: 82.347774

[2022-12-14T11:10:43] Child[11653]:
Total write time: 468.671746 seconds; average write time: 58.583968 seconds.
Total read time: 352.839877; average read time: 176.419939
Total time: 821.511623, total average time: 82.151162

[2022-12-14T11:10:44] Child[11112]:
Total write time: 172.713777 seconds; average write time: 21.589222 seconds.
Total read time: 647.901748; average read time: 323.950874
Total time: 820.615525, total average time: 82.061553

[2022-12-14T11:10:45] Child[10980]:
Total write time: 395.733104 seconds; average write time: 49.466638 seconds.
Total read time: 431.290400; average read time: 215.645200
Total time: 827.023504, total average time: 82.702350

[2022-12-14T11:10:47] Child[10823]:
Total write time: 350.244185 seconds; average write time: 43.780523 seconds.
Total read time: 475.930075; average read time: 237.965037
Total time: 826.174260, total average time: 82.617426

[2022-12-14T11:10:48] Child[10825]:
Total write time: 261.416131 seconds; average write time: 43.569355 seconds.
Total read time: 563.752540; average read time: 140.938135
Total time: 825.168671, total average time: 82.516867

[2022-12-14T11:10:51] Child[11868]:
Total write time: 380.685824 seconds; average write time: 54.383689 seconds.
Total read time: 450.416623; average read time: 150.138874
Total time: 831.102447, total average time: 83.110245

[2022-12-14T11:10:58] Child[11512]:
Total write time: 289.086774 seconds; average write time: 41.298111 seconds.
Total read time: 549.077680; average read time: 183.025893
Total time: 838.164454, total average time: 83.816445

[2022-12-14T11:10:59] Child[11483]:
Total write time: 252.647818 seconds; average write time: 42.107970 seconds.
Total read time: 587.484779; average read time: 146.871195
Total time: 840.132597, total average time: 84.013260

[2022-12-14T11:11:00] Child[10196]:
Total write time: 130.892041 seconds; average write time: 26.178408 seconds.
Total read time: 709.850183; average read time: 141.970037
Total time: 840.742224, total average time: 84.074222

[2022-12-14T11:11:02] Child[12040]:
Total write time: 273.230541 seconds; average write time: 39.032934 seconds.
Total read time: 570.537143; average read time: 190.179048
Total time: 843.767684, total average time: 84.376768

[2022-12-14T11:11:02] Child[10780]:
Total write time: 234.079441 seconds; average write time: 33.439920 seconds.
Total read time: 606.062217; average read time: 202.020739
Total time: 840.141658, total average time: 84.014166

[2022-12-14T11:11:06] Child[12174]:
Total write time: 490.817897 seconds; average write time: 70.116842 seconds.
Total read time: 359.973859; average read time: 119.991286
Total time: 850.791756, total average time: 85.079176

[2022-12-14T11:11:10] Child[10752]:
Total write time: 472.271012 seconds; average write time: 67.467287 seconds.
Total read time: 378.262061; average read time: 126.087354
Total time: 850.533073, total average time: 85.053307

[2022-12-14T11:11:12] Child[11450]:
Total write time: 358.785528 seconds; average write time: 59.797588 seconds.
Total read time: 490.432783; average read time: 122.608196
Total time: 849.218311, total average time: 84.921831

[2022-12-14T11:11:13] Child[11069]:
Total write time: 170.455340 seconds; average write time: 28.409223 seconds.
Total read time: 681.237962; average read time: 170.309491
Total time: 851.693302, total average time: 85.169330

[2022-12-14T11:11:14] Child[11611]:
Total write time: 256.917260 seconds; average write time: 42.819543 seconds.
Total read time: 597.921601; average read time: 149.480400
Total time: 854.838861, total average time: 85.483886

[2022-12-14T11:11:15] Child[11825]:
Total write time: 400.472745 seconds; average write time: 66.745458 seconds.
Total read time: 451.631161; average read time: 112.907790
Total time: 852.103906, total average time: 85.210391

[2022-12-14T11:11:16] Child[10542]:
Total write time: 493.010429 seconds; average write time: 61.626304 seconds.
Total read time: 364.540656; average read time: 182.270328
Total time: 857.551085, total average time: 85.755109

[2022-12-14T11:11:20] Child[11199]:
Total write time: 409.400303 seconds; average write time: 58.485758 seconds.
Total read time: 450.218911; average read time: 150.072970
Total time: 859.619214, total average time: 85.961921

[2022-12-14T11:11:21] Child[11951]:
Total write time: 533.948678 seconds; average write time: 76.278383 seconds.
Total read time: 324.177939; average read time: 108.059313
Total time: 858.126617, total average time: 85.812662

[2022-12-14T11:11:21] Child[9889]:
Total write time: 518.718204 seconds; average write time: 74.102601 seconds.
Total read time: 345.131425; average read time: 115.043808
Total time: 863.849629, total average time: 86.384963

[2022-12-14T11:11:24] Child[10722]:
Total write time: 286.512501 seconds; average write time: 47.752083 seconds.
Total read time: 579.026255; average read time: 144.756564
Total time: 865.538756, total average time: 86.553876

[2022-12-14T11:11:24] Child[12109]:
Total write time: 400.121252 seconds; average write time: 57.160179 seconds.
Total read time: 457.511525; average read time: 152.503842
Total time: 857.632777, total average time: 85.763278

[2022-12-14T11:11:24] Child[11885]:
Total write time: 438.885000 seconds; average write time: 54.860625 seconds.
Total read time: 426.657921; average read time: 213.328960
Total time: 865.542921, total average time: 86.554292

[2022-12-14T11:11:25] Child[10497]:
Total write time: 865.258102 seconds; average write time: 86.525810 seconds.
Total read time: 0.000000; average read time: 0.000000
Total time: 865.258102, total average time: 86.525810

[2022-12-14T11:11:25] Child[12151]:
Total write time: 244.443047 seconds; average write time: 40.740508 seconds.
Total read time: 620.619582; average read time: 155.154896
Total time: 865.062629, total average time: 86.506263

[2022-12-14T11:11:26] Child[10379]:
Total write time: 349.757769 seconds; average write time: 58.292961 seconds.
Total read time: 519.519026; average read time: 129.879757
Total time: 869.276795, total average time: 86.927679

[2022-12-14T11:11:27] Child[11814]:
Total write time: 434.534216 seconds; average write time: 62.076317 seconds.
Total read time: 433.411656; average read time: 144.470552
Total time: 867.945872, total average time: 86.794587

[2022-12-14T11:11:27] Child[11227]:
Total write time: 253.361713 seconds; average write time: 31.670214 seconds.
Total read time: 614.510245; average read time: 307.255123
Total time: 867.871958, total average time: 86.787196

[2022-12-14T11:11:30] Child[11370]:
Total write time: 280.917083 seconds; average write time: 40.131012 seconds.
Total read time: 590.746874; average read time: 196.915625
Total time: 871.663957, total average time: 87.166396

[2022-12-14T11:11:30] Child[10225]:
Total write time: 239.904532 seconds; average write time: 34.272076 seconds.
Total read time: 631.121508; average read time: 210.373836
Total time: 871.026040, total average time: 87.102604

[2022-12-14T11:11:31] Child[11447]:
Total write time: 554.722071 seconds; average write time: 69.340259 seconds.
Total read time: 316.730974; average read time: 158.365487
Total time: 871.453045, total average time: 87.145304

[2022-12-14T11:11:33] Child[11950]:
Total write time: 255.970711 seconds; average write time: 36.567244 seconds.
Total read time: 616.590420; average read time: 205.530140
Total time: 872.561131, total average time: 87.256113

[2022-12-14T11:11:37] Child[11925]:
Total write time: 355.151712 seconds; average write time: 71.030342 seconds.
Total read time: 523.527882; average read time: 104.705576
Total time: 878.679594, total average time: 87.867959

[2022-12-14T11:11:37] Child[12198]:
Total write time: 162.549186 seconds; average write time: 32.509837 seconds.
Total read time: 712.160232; average read time: 142.432046
Total time: 874.709418, total average time: 87.470942

[2022-12-14T11:11:37] Child[12081]:
Total write time: 263.198502 seconds; average write time: 43.866417 seconds.
Total read time: 613.086733; average read time: 153.271683
Total time: 876.285235, total average time: 87.628524

[2022-12-14T11:11:37] Child[10313]:
Total write time: 456.372016 seconds; average write time: 65.196002 seconds.
Total read time: 420.365522; average read time: 140.121841
Total time: 876.737538, total average time: 87.673754

[2022-12-14T11:11:39] Child[11741]:
Total write time: 486.824401 seconds; average write time: 60.853050 seconds.
Total read time: 396.031999; average read time: 198.015999
Total time: 882.856400, total average time: 88.285640

[2022-12-14T11:11:40] Child[10022]:
Total write time: 239.852637 seconds; average write time: 39.975440 seconds.
Total read time: 642.072389; average read time: 160.518097
Total time: 881.925026, total average time: 88.192503

[2022-12-14T11:11:40] Child[12028]:
Total write time: 145.132299 seconds; average write time: 24.188717 seconds.
Total read time: 736.423655; average read time: 184.105914
Total time: 881.555954, total average time: 88.155595

[2022-12-14T11:11:42] Child[10755]:
Total write time: 260.663161 seconds; average write time: 37.237594 seconds.
Total read time: 619.192599; average read time: 206.397533
Total time: 879.855760, total average time: 87.985576

[2022-12-14T11:11:45] Child[11542]:
Total write time: 353.330480 seconds; average write time: 58.888413 seconds.
Total read time: 530.894092; average read time: 132.723523
Total time: 884.224572, total average time: 88.422457

[2022-12-14T11:11:46] Child[10674]:
Total write time: 253.251523 seconds; average write time: 36.178789 seconds.
Total read time: 631.440262; average read time: 210.480087
Total time: 884.691785, total average time: 88.469178

[2022-12-14T11:11:46] Child[11968]:
Total write time: 710.554364 seconds; average write time: 78.950485 seconds.
Total read time: 173.919950; average read time: 173.919950
Total time: 884.474314, total average time: 88.447431

[2022-12-14T11:11:51] Child[10240]:
Total write time: 330.972946 seconds; average write time: 47.281849 seconds.
Total read time: 557.209846; average read time: 185.736615
Total time: 888.182792, total average time: 88.818279

[2022-12-14T11:11:54] Child[11212]:
Total write time: 368.050225 seconds; average write time: 52.578604 seconds.
Total read time: 525.173907; average read time: 175.057969
Total time: 893.224132, total average time: 89.322413

[2022-12-14T11:11:54] Child[11576]:
Total write time: 515.171334 seconds; average write time: 64.396417 seconds.
Total read time: 380.348314; average read time: 190.174157
Total time: 895.519648, total average time: 89.551965

[2022-12-14T11:11:55] Child[10412]:
Total write time: 167.347957 seconds; average write time: 23.906851 seconds.
Total read time: 726.609225; average read time: 242.203075
Total time: 893.957182, total average time: 89.395718

[2022-12-14T11:11:55] Child[11584]:
Total write time: 316.299007 seconds; average write time: 45.185572 seconds.
Total read time: 578.342859; average read time: 192.780953
Total time: 894.641866, total average time: 89.464187

[2022-12-14T11:11:55] Child[11681]:
Total write time: 306.001553 seconds; average write time: 43.714508 seconds.
Total read time: 587.595101; average read time: 195.865034
Total time: 893.596654, total average time: 89.359665

[2022-12-14T11:11:56] Child[11356]:
Total write time: 366.524426 seconds; average write time: 52.360632 seconds.
Total read time: 527.144988; average read time: 175.714996
Total time: 893.669414, total average time: 89.366941

[2022-12-14T11:11:56] Child[11152]:
Total write time: 355.450600 seconds; average write time: 50.778657 seconds.
Total read time: 539.435984; average read time: 179.811995
Total time: 894.886584, total average time: 89.488658

[2022-12-14T11:11:58] Child[11914]:
Total write time: 379.318082 seconds; average write time: 54.188297 seconds.
Total read time: 517.742026; average read time: 172.580675
Total time: 897.060108, total average time: 89.706011

[2022-12-14T11:11:59] Child[11583]:
Total write time: 468.675589 seconds; average write time: 66.953656 seconds.
Total read time: 430.385501; average read time: 143.461834
Total time: 899.061090, total average time: 89.906109

[2022-12-14T11:11:59] Child[10279]:
Total write time: 599.282547 seconds; average write time: 85.611792 seconds.
Total read time: 298.193033; average read time: 99.397678
Total time: 897.475580, total average time: 89.747558

[2022-12-14T11:12:00] Child[10294]:
Total write time: 649.197426 seconds; average write time: 81.149678 seconds.
Total read time: 255.027830; average read time: 127.513915
Total time: 904.225256, total average time: 90.422526

[2022-12-14T11:12:01] Child[11985]:
Total write time: 292.016898 seconds; average write time: 41.716700 seconds.
Total read time: 605.566870; average read time: 201.855623
Total time: 897.583768, total average time: 89.758377

[2022-12-14T11:12:03] Child[11837]:
Total write time: 294.740955 seconds; average write time: 42.105851 seconds.
Total read time: 609.499746; average read time: 203.166582
Total time: 904.240701, total average time: 90.424070

[2022-12-14T11:12:04] Child[11971]:
Total write time: 432.560236 seconds; average write time: 61.794319 seconds.
Total read time: 473.654511; average read time: 157.884837
Total time: 906.214747, total average time: 90.621475

[2022-12-14T11:12:05] Child[12196]:
Total write time: 409.342820 seconds; average write time: 51.167853 seconds.
Total read time: 492.432947; average read time: 246.216474
Total time: 901.775767, total average time: 90.177577

[2022-12-14T11:12:06] Child[11270]:
Total write time: 329.969439 seconds; average write time: 54.994906 seconds.
Total read time: 579.643569; average read time: 144.910892
Total time: 909.613008, total average time: 90.961301

[2022-12-14T11:12:08] Child[10681]:
Total write time: 208.714214 seconds; average write time: 34.785702 seconds.
Total read time: 698.207650; average read time: 174.551912
Total time: 906.921864, total average time: 90.692186

[2022-12-14T11:12:11] Child[11767]:
Total write time: 433.689484 seconds; average write time: 61.955641 seconds.
Total read time: 477.717636; average read time: 159.239212
Total time: 911.407120, total average time: 91.140712

[2022-12-14T11:12:12] Child[11768]:
Total write time: 294.586051 seconds; average write time: 42.083722 seconds.
Total read time: 616.243314; average read time: 205.414438
Total time: 910.829365, total average time: 91.082937

[2022-12-14T11:12:14] Child[11382]:
Total write time: 482.326064 seconds; average write time: 80.387677 seconds.
Total read time: 431.961608; average read time: 107.990402
Total time: 914.287672, total average time: 91.428767

[2022-12-14T11:12:19] Child[9953]:
Total write time: 318.594137 seconds; average write time: 39.824267 seconds.
Total read time: 600.443913; average read time: 300.221956
Total time: 919.038050, total average time: 91.903805

[2022-12-14T11:12:19] Child[10344]:
Total write time: 215.711091 seconds; average write time: 35.951848 seconds.
Total read time: 702.183280; average read time: 175.545820
Total time: 917.894371, total average time: 91.789437

[2022-12-14T11:12:21] Child[10429]:
Total write time: 313.875874 seconds; average write time: 44.839411 seconds.
Total read time: 608.160049; average read time: 202.720016
Total time: 922.035923, total average time: 92.203592

[2022-12-14T11:12:21] Child[10540]:
Total write time: 686.935055 seconds; average write time: 85.866882 seconds.
Total read time: 232.072204; average read time: 116.036102
Total time: 919.007259, total average time: 91.900726

[2022-12-14T11:12:22] Child[11531]:
Total write time: 227.898849 seconds; average write time: 37.983142 seconds.
Total read time: 694.160198; average read time: 173.540050
Total time: 922.059047, total average time: 92.205905

[2022-12-14T11:12:24] Child[11318]:
Total write time: 376.298020 seconds; average write time: 47.037253 seconds.
Total read time: 547.477466; average read time: 273.738733
Total time: 923.775486, total average time: 92.377549

[2022-12-14T11:12:27] Child[10552]:
Total write time: 348.266057 seconds; average write time: 43.533257 seconds.
Total read time: 577.794093; average read time: 288.897046
Total time: 926.060150, total average time: 92.606015

[2022-12-14T11:12:29] Child[11842]:
Total write time: 528.485870 seconds; average write time: 66.060734 seconds.
Total read time: 399.318684; average read time: 199.659342
Total time: 927.804554, total average time: 92.780455

[2022-12-14T11:12:31] Child[12152]:
Total write time: 295.201169 seconds; average write time: 42.171596 seconds.
Total read time: 634.257723; average read time: 211.419241
Total time: 929.458892, total average time: 92.945889

[2022-12-14T11:12:31] Child[10521]:
Total write time: 194.704526 seconds; average write time: 38.940905 seconds.
Total read time: 734.311428; average read time: 146.862286
Total time: 929.015954, total average time: 92.901595

[2022-12-14T11:12:33] Child[10066]:
Total write time: 525.769942 seconds; average write time: 75.109992 seconds.
Total read time: 410.236173; average read time: 136.745391
Total time: 936.006115, total average time: 93.600611

[2022-12-14T11:12:33] Child[10580]:
Total write time: 360.333580 seconds; average write time: 45.041697 seconds.
Total read time: 573.097734; average read time: 286.548867
Total time: 933.431314, total average time: 93.343131

[2022-12-14T11:12:33] Child[10111]:
Total write time: 442.553679 seconds; average write time: 73.758946 seconds.
Total read time: 489.511041; average read time: 122.377760
Total time: 932.064720, total average time: 93.206472

[2022-12-14T11:12:34] Child[10044]:
Total write time: 437.797311 seconds; average write time: 54.724664 seconds.
Total read time: 497.802552; average read time: 248.901276
Total time: 935.599863, total average time: 93.559986

[2022-12-14T11:12:36] Child[9909]:
Total write time: 303.636757 seconds; average write time: 43.376680 seconds.
Total read time: 630.392775; average read time: 210.130925
Total time: 934.029532, total average time: 93.402953

[2022-12-14T11:12:37] Child[11522]:
Total write time: 220.664104 seconds; average write time: 44.132821 seconds.
Total read time: 716.309844; average read time: 143.261969
Total time: 936.973948, total average time: 93.697395

[2022-12-14T11:12:40] Child[9924]:
Total write time: 328.633723 seconds; average write time: 46.947675 seconds.
Total read time: 611.740651; average read time: 203.913550
Total time: 940.374374, total average time: 94.037437

[2022-12-14T11:12:40] Child[10950]:
Total write time: 369.394156 seconds; average write time: 52.770594 seconds.
Total read time: 568.981577; average read time: 189.660526
Total time: 938.375733, total average time: 93.837573

[2022-12-14T11:12:41] Child[10799]:
Total write time: 564.676590 seconds; average write time: 70.584574 seconds.
Total read time: 369.297619; average read time: 184.648809
Total time: 933.974209, total average time: 93.397421

[2022-12-14T11:12:41] Child[11763]:
Total write time: 320.679979 seconds; average write time: 45.811426 seconds.
Total read time: 619.988121; average read time: 206.662707
Total time: 940.668100, total average time: 94.066810

[2022-12-14T11:12:42] Child[10012]:
Total write time: 368.676969 seconds; average write time: 52.668138 seconds.
Total read time: 572.050734; average read time: 190.683578
Total time: 940.727703, total average time: 94.072770

[2022-12-14T11:12:46] Child[10036]:
Total write time: 184.510317 seconds; average write time: 30.751720 seconds.
Total read time: 759.396209; average read time: 189.849052
Total time: 943.906526, total average time: 94.390653

[2022-12-14T11:12:48] Child[12014]:
Total write time: 558.658345 seconds; average write time: 69.832293 seconds.
Total read time: 388.124296; average read time: 194.062148
Total time: 946.782641, total average time: 94.678264

[2022-12-14T11:12:49] Child[11425]:
Total write time: 282.101798 seconds; average write time: 40.300257 seconds.
Total read time: 667.568096; average read time: 222.522699
Total time: 949.669894, total average time: 94.966989

[2022-12-14T11:12:49] Child[10793]:
Total write time: 552.970221 seconds; average write time: 78.995746 seconds.
Total read time: 396.286326; average read time: 132.095442
Total time: 949.256547, total average time: 94.925655

[2022-12-14T11:12:49] Child[9985]:
Total write time: 367.899445 seconds; average write time: 45.987431 seconds.
Total read time: 583.677511; average read time: 291.838755
Total time: 951.576956, total average time: 95.157696

[2022-12-14T11:12:49] Child[10068]:
Total write time: 266.952969 seconds; average write time: 53.390594 seconds.
Total read time: 682.705511; average read time: 136.541102
Total time: 949.658480, total average time: 94.965848

[2022-12-14T11:12:51] Child[11169]:
Total write time: 480.792117 seconds; average write time: 68.684588 seconds.
Total read time: 472.654872; average read time: 157.551624
Total time: 953.446989, total average time: 95.344699

[2022-12-14T11:12:51] Child[11237]:
Total write time: 245.882553 seconds; average write time: 40.980426 seconds.
Total read time: 701.829641; average read time: 175.457410
Total time: 947.712194, total average time: 94.771219

[2022-12-14T11:12:51] Child[11808]:
Total write time: 652.837030 seconds; average write time: 93.262433 seconds.
Total read time: 297.774002; average read time: 99.258001
Total time: 950.611032, total average time: 95.061103

[2022-12-14T11:12:51] Child[11139]:
Total write time: 758.883423 seconds; average write time: 94.860428 seconds.
Total read time: 193.079308; average read time: 96.539654
Total time: 951.962731, total average time: 95.196273

[2022-12-14T11:12:52] Child[10650]:
Total write time: 406.126729 seconds; average write time: 50.765841 seconds.
Total read time: 545.537418; average read time: 272.768709
Total time: 951.664147, total average time: 95.166415

[2022-12-14T11:12:52] Child[12095]:
Total write time: 101.400287 seconds; average write time: 20.280057 seconds.
Total read time: 848.402199; average read time: 169.680440
Total time: 949.802486, total average time: 94.980249

[2022-12-14T11:12:53] Child[10004]:
Total write time: 392.300495 seconds; average write time: 56.042928 seconds.
Total read time: 560.312796; average read time: 186.770932
Total time: 952.613291, total average time: 95.261329

[2022-12-14T11:12:54] Child[12193]:
Total write time: 643.405459 seconds; average write time: 91.915066 seconds.
Total read time: 310.057944; average read time: 103.352648
Total time: 953.463403, total average time: 95.346340

[2022-12-14T11:12:55] Child[10837]:
Total write time: 344.294336 seconds; average write time: 49.184905 seconds.
Total read time: 610.813472; average read time: 203.604491
Total time: 955.107808, total average time: 95.510781

[2022-12-14T11:12:55] Child[11995]:
Total write time: 507.569924 seconds; average write time: 72.509989 seconds.
Total read time: 449.989144; average read time: 149.996381
Total time: 957.559068, total average time: 95.755907

[2022-12-14T11:12:56] Child[10547]:
Total write time: 340.394748 seconds; average write time: 48.627821 seconds.
Total read time: 613.257525; average read time: 204.419175
Total time: 953.652273, total average time: 95.365227

[2022-12-14T11:12:57] Child[10571]:
Total write time: 303.484402 seconds; average write time: 37.935550 seconds.
Total read time: 651.458953; average read time: 325.729476
Total time: 954.943355, total average time: 95.494336

[2022-12-14T11:12:58] Child[10593]:
Total write time: 429.980112 seconds; average write time: 61.425730 seconds.
Total read time: 527.448222; average read time: 175.816074
Total time: 957.428334, total average time: 95.742833

[2022-12-14T11:13:00] Child[12096]:
Total write time: 427.584519 seconds; average write time: 61.083503 seconds.
Total read time: 530.569554; average read time: 176.856518
Total time: 958.154073, total average time: 95.815407

[2022-12-14T11:13:00] Child[11156]:
Total write time: 106.342263 seconds; average write time: 26.585566 seconds.
Total read time: 855.719998; average read time: 142.620000
Total time: 962.062261, total average time: 96.206226

[2022-12-14T11:13:00] Child[9930]:
Total write time: 196.973998 seconds; average write time: 32.829000 seconds.
Total read time: 764.395084; average read time: 191.098771
Total time: 961.369082, total average time: 96.136908

[2022-12-14T11:13:00] Child[10128]:
Total write time: 325.208710 seconds; average write time: 65.041742 seconds.
Total read time: 633.611775; average read time: 126.722355
Total time: 958.820485, total average time: 95.882048

[2022-12-14T11:13:03] Child[10496]:
Total write time: 165.415487 seconds; average write time: 33.083097 seconds.
Total read time: 800.299900; average read time: 160.059980
Total time: 965.715387, total average time: 96.571539

[2022-12-14T11:13:03] Child[11766]:
Total write time: 137.120901 seconds; average write time: 27.424180 seconds.
Total read time: 822.639322; average read time: 164.527864
Total time: 959.760223, total average time: 95.976022

[2022-12-14T11:13:04] Child[9899]:
Total write time: 105.312646 seconds; average write time: 17.552108 seconds.
Total read time: 860.596633; average read time: 215.149158
Total time: 965.909279, total average time: 96.590928

[2022-12-14T11:13:08] Child[10072]:
Total write time: 513.884989 seconds; average write time: 73.412141 seconds.
Total read time: 459.708330; average read time: 153.236110
Total time: 973.593319, total average time: 97.359332

[2022-12-14T11:13:09] Child[10164]:
Total write time: 346.568641 seconds; average write time: 69.313728 seconds.
Total read time: 623.990267; average read time: 124.798053
Total time: 970.558908, total average time: 97.055891

[2022-12-14T11:13:10] Child[10685]:
Total write time: 547.078462 seconds; average write time: 78.154066 seconds.
Total read time: 423.043656; average read time: 141.014552
Total time: 970.122118, total average time: 97.012212

[2022-12-14T11:13:12] Child[10033]:
Total write time: 412.384406 seconds; average write time: 68.730734 seconds.
Total read time: 561.286132; average read time: 140.321533
Total time: 973.670538, total average time: 97.367054

[2022-12-14T11:13:12] Child[10076]:
Total write time: 450.397363 seconds; average write time: 64.342480 seconds.
Total read time: 521.358672; average read time: 173.786224
Total time: 971.756035, total average time: 97.175603

[2022-12-14T11:13:12] Child[12006]:
Total write time: 494.026537 seconds; average write time: 70.575220 seconds.
Total read time: 476.518127; average read time: 158.839376
Total time: 970.544664, total average time: 97.054466

[2022-12-14T11:13:12] Child[10365]:
Total write time: 132.585750 seconds; average write time: 26.517150 seconds.
Total read time: 842.520156; average read time: 168.504031
Total time: 975.105906, total average time: 97.510591

[2022-12-14T11:13:14] Child[10631]:
Total write time: 347.835413 seconds; average write time: 57.972569 seconds.
Total read time: 624.802508; average read time: 156.200627
Total time: 972.637921, total average time: 97.263792

[2022-12-14T11:13:15] Child[10027]:
Total write time: 361.816376 seconds; average write time: 45.227047 seconds.
Total read time: 618.311851; average read time: 309.155926
Total time: 980.128227, total average time: 98.012823

[2022-12-14T11:13:15] Child[10882]:
Total write time: 595.605677 seconds; average write time: 85.086525 seconds.
Total read time: 378.390917; average read time: 126.130306
Total time: 973.996594, total average time: 97.399659

[2022-12-14T11:13:15] Child[11570]:
Total write time: 380.780243 seconds; average write time: 63.463374 seconds.
Total read time: 596.121584; average read time: 149.030396
Total time: 976.901827, total average time: 97.690183

[2022-12-14T11:13:16] Child[9982]:
Total write time: 316.806591 seconds; average write time: 52.801099 seconds.
Total read time: 662.690075; average read time: 165.672519
Total time: 979.496666, total average time: 97.949667

[2022-12-14T11:13:19] Child[11124]:
Total write time: 570.328243 seconds; average write time: 81.475463 seconds.
Total read time: 403.361668; average read time: 134.453889
Total time: 973.689911, total average time: 97.368991

[2022-12-14T11:13:21] Child[11536]:
Total write time: 895.199248 seconds; average write time: 111.899906 seconds.
Total read time: 85.634593; average read time: 42.817296
Total time: 980.833841, total average time: 98.083384

[2022-12-14T11:13:22] Child[11796]:
Total write time: 189.339145 seconds; average write time: 27.048449 seconds.
Total read time: 791.930134; average read time: 263.976711
Total time: 981.269279, total average time: 98.126928

[2022-12-14T11:13:22] Child[12034]:
Total write time: 204.269359 seconds; average write time: 40.853872 seconds.
Total read time: 776.163399; average read time: 155.232680
Total time: 980.432758, total average time: 98.043276

[2022-12-14T11:13:24] Child[10640]:
Total write time: 493.145447 seconds; average write time: 82.190908 seconds.
Total read time: 490.981636; average read time: 122.745409
Total time: 984.127083, total average time: 98.412708

[2022-12-14T11:13:26] Child[11455]:
Total write time: 440.300176 seconds; average write time: 73.383363 seconds.
Total read time: 543.239857; average read time: 135.809964
Total time: 983.540033, total average time: 98.354003

[2022-12-14T11:13:26] Child[11945]:
Total write time: 521.216099 seconds; average write time: 74.459443 seconds.
Total read time: 465.777384; average read time: 155.259128
Total time: 986.993483, total average time: 98.699348

[2022-12-14T11:13:26] Child[11421]:
Total write time: 338.877849 seconds; average write time: 67.775570 seconds.
Total read time: 646.600719; average read time: 129.320144
Total time: 985.478568, total average time: 98.547857

[2022-12-14T11:13:26] Child[10511]:
Total write time: 249.566378 seconds; average write time: 49.913276 seconds.
Total read time: 738.200914; average read time: 147.640183
Total time: 987.767292, total average time: 98.776729

[2022-12-14T11:13:27] Child[11937]:
Total write time: 134.392918 seconds; average write time: 26.878584 seconds.
Total read time: 852.869107; average read time: 170.573821
Total time: 987.262025, total average time: 98.726202

[2022-12-14T11:13:28] Child[11513]:
Total write time: 330.021407 seconds; average write time: 47.145915 seconds.
Total read time: 658.541454; average read time: 219.513818
Total time: 988.562861, total average time: 98.856286

[2022-12-14T11:13:28] Child[11493]:
Total write time: 295.149008 seconds; average write time: 59.029802 seconds.
Total read time: 688.792495; average read time: 137.758499
Total time: 983.941503, total average time: 98.394150

[2022-12-14T11:13:29] Child[11893]:
Total write time: 270.233130 seconds; average write time: 67.558283 seconds.
Total read time: 719.225194; average read time: 119.870866
Total time: 989.458324, total average time: 98.945832

[2022-12-14T11:13:30] Child[10338]:
Total write time: 219.530879 seconds; average write time: 36.588480 seconds.
Total read time: 769.716428; average read time: 192.429107
Total time: 989.247307, total average time: 98.924731

[2022-12-14T11:13:31] Child[11381]:
Total write time: 270.181890 seconds; average write time: 54.036378 seconds.
Total read time: 719.454195; average read time: 143.890839
Total time: 989.636085, total average time: 98.963609

[2022-12-14T11:13:32] Child[10813]:
Total write time: 486.952380 seconds; average write time: 81.158730 seconds.
Total read time: 506.410702; average read time: 126.602676
Total time: 993.363082, total average time: 99.336308

[2022-12-14T11:13:35] Child[11096]:
Total write time: 250.104161 seconds; average write time: 35.729166 seconds.
Total read time: 744.725588; average read time: 248.241863
Total time: 994.829749, total average time: 99.482975

[2022-12-14T11:13:37] Child[12187]:
Total write time: 418.245967 seconds; average write time: 59.749424 seconds.
Total read time: 577.002939; average read time: 192.334313
Total time: 995.248906, total average time: 99.524891

[2022-12-14T11:13:37] Child[10047]:
Total write time: 245.108815 seconds; average write time: 40.851469 seconds.
Total read time: 750.391371; average read time: 187.597843
Total time: 995.500186, total average time: 99.550019

[2022-12-14T11:13:38] Child[10028]:
Total write time: 481.605395 seconds; average write time: 60.200674 seconds.
Total read time: 517.605938; average read time: 258.802969
Total time: 999.211333, total average time: 99.921133

[2022-12-14T11:13:40] Child[11830]:
Total write time: 690.230513 seconds; average write time: 98.604359 seconds.
Total read time: 307.010847; average read time: 102.336949
Total time: 997.241360, total average time: 99.724136

[2022-12-14T11:13:41] Child[10766]:
Total write time: 288.469040 seconds; average write time: 48.078173 seconds.
Total read time: 709.824424; average read time: 177.456106
Total time: 998.293464, total average time: 99.829346

[2022-12-14T11:13:44] Child[11910]:
Total write time: 440.871759 seconds; average write time: 62.981680 seconds.
Total read time: 562.209850; average read time: 187.403283
Total time: 1003.081609, total average time: 100.308161

[2022-12-14T11:13:44] Child[11719]:
Total write time: 264.194195 seconds; average write time: 52.838839 seconds.
Total read time: 738.510418; average read time: 147.702084
Total time: 1002.704613, total average time: 100.270461

[2022-12-14T11:13:44] Child[11309]:
Total write time: 397.098178 seconds; average write time: 49.637272 seconds.
Total read time: 605.128861; average read time: 302.564431
Total time: 1002.227039, total average time: 100.222704

[2022-12-14T11:13:45] Child[9905]:
Total write time: 532.075195 seconds; average write time: 88.679199 seconds.
Total read time: 470.286817; average read time: 117.571704
Total time: 1002.362012, total average time: 100.236201

[2022-12-14T11:13:46] Child[10267]:
Total write time: 154.150282 seconds; average write time: 51.383427 seconds.
Total read time: 850.734401; average read time: 121.533486
Total time: 1004.884683, total average time: 100.488468

[2022-12-14T11:13:48] Child[10212]:
Total write time: 273.754932 seconds; average write time: 45.625822 seconds.
Total read time: 733.327301; average read time: 183.331825
Total time: 1007.082233, total average time: 100.708223

[2022-12-14T11:13:48] Child[10227]:
Total write time: 386.540826 seconds; average write time: 55.220118 seconds.
Total read time: 621.829069; average read time: 207.276356
Total time: 1008.369895, total average time: 100.836990

[2022-12-14T11:13:50] Child[11408]:
Total write time: 458.920399 seconds; average write time: 57.365050 seconds.
Total read time: 550.443842; average read time: 275.221921
Total time: 1009.364241, total average time: 100.936424

[2022-12-14T11:13:50] Child[10769]:
Total write time: 475.606915 seconds; average write time: 59.450864 seconds.
Total read time: 534.794609; average read time: 267.397305
Total time: 1010.401524, total average time: 101.040152

[2022-12-14T11:13:52] Child[10098]:
Total write time: 306.731406 seconds; average write time: 76.682851 seconds.
Total read time: 704.253079; average read time: 117.375513
Total time: 1010.984485, total average time: 101.098449

[2022-12-14T11:13:52] Child[11817]:
Total write time: 721.422686 seconds; average write time: 90.177836 seconds.
Total read time: 285.908914; average read time: 142.954457
Total time: 1007.331600, total average time: 100.733160

[2022-12-14T11:13:53] Child[10653]:
Total write time: 342.317579 seconds; average write time: 57.052930 seconds.
Total read time: 670.320925; average read time: 167.580231
Total time: 1012.638504, total average time: 101.263850

[2022-12-14T11:13:54] Child[10038]:
Total write time: 646.375510 seconds; average write time: 80.796939 seconds.
Total read time: 369.636579; average read time: 184.818289
Total time: 1016.012089, total average time: 101.601209

[2022-12-14T11:13:55] Child[11639]:
Total write time: 402.985883 seconds; average write time: 57.569412 seconds.
Total read time: 610.922397; average read time: 203.640799
Total time: 1013.908280, total average time: 101.390828

[2022-12-14T11:13:57] Child[11598]:
Total write time: 504.329105 seconds; average write time: 63.041138 seconds.
Total read time: 512.218161; average read time: 256.109081
Total time: 1016.547266, total average time: 101.654727

[2022-12-14T11:13:58] Child[10481]:
Total write time: 263.478004 seconds; average write time: 43.913001 seconds.
Total read time: 752.990672; average read time: 188.247668
Total time: 1016.468676, total average time: 101.646868

[2022-12-14T11:13:58] Child[10281]:
Total write time: 206.918038 seconds; average write time: 41.383608 seconds.
Total read time: 813.948123; average read time: 162.789625
Total time: 1020.866161, total average time: 102.086616

[2022-12-14T11:13:59] Child[10025]:
Total write time: 245.081832 seconds; average write time: 35.011690 seconds.
Total read time: 772.670655; average read time: 257.556885
Total time: 1017.752487, total average time: 101.775249

[2022-12-14T11:13:59] Child[10851]:
Total write time: 341.945856 seconds; average write time: 56.990976 seconds.
Total read time: 677.204676; average read time: 169.301169
Total time: 1019.150532, total average time: 101.915053

[2022-12-14T11:13:59] Child[11770]:
Total write time: 90.054038 seconds; average write time: 18.010808 seconds.
Total read time: 930.777089; average read time: 186.155418
Total time: 1020.831127, total average time: 102.083113

[2022-12-14T11:14:03] Child[10767]:
Total write time: 626.604038 seconds; average write time: 104.434006 seconds.
Total read time: 394.914121; average read time: 98.728530
Total time: 1021.518159, total average time: 102.151816

[2022-12-14T11:14:04] Child[12171]:
Total write time: 347.139184 seconds; average write time: 57.856531 seconds.
Total read time: 679.392682; average read time: 169.848171
Total time: 1026.531866, total average time: 102.653187

[2022-12-14T11:14:04] Child[12155]:
Total write time: 434.196199 seconds; average write time: 72.366033 seconds.
Total read time: 588.856922; average read time: 147.214231
Total time: 1023.053121, total average time: 102.305312

[2022-12-14T11:14:06] Child[11840]:
Total write time: 555.452935 seconds; average write time: 79.350419 seconds.
Total read time: 474.756208; average read time: 158.252069
Total time: 1030.209143, total average time: 103.020914

[2022-12-14T11:14:07] Child[11966]:
Total write time: 675.200824 seconds; average write time: 96.457261 seconds.
Total read time: 347.011240; average read time: 115.670413
Total time: 1022.212064, total average time: 102.221206

[2022-12-14T11:14:09] Child[10256]:
Total write time: 282.117690 seconds; average write time: 56.423538 seconds.
Total read time: 747.699042; average read time: 149.539808
Total time: 1029.816732, total average time: 102.981673

[2022-12-14T11:14:09] Child[11696]:
Total write time: 273.768609 seconds; average write time: 45.628101 seconds.
Total read time: 757.689362; average read time: 189.422340
Total time: 1031.457971, total average time: 103.145797

[2022-12-14T11:14:11] Child[11839]:
Total write time: 442.834876 seconds; average write time: 73.805813 seconds.
Total read time: 588.937293; average read time: 147.234323
Total time: 1031.772169, total average time: 103.177217

[2022-12-14T11:14:12] Child[12183]:
Total write time: 359.923924 seconds; average write time: 59.987321 seconds.
Total read time: 674.461669; average read time: 168.615417
Total time: 1034.385593, total average time: 103.438559

[2022-12-14T11:14:14] Child[11354]:
Total write time: 213.568379 seconds; average write time: 35.594730 seconds.
Total read time: 820.899752; average read time: 205.224938
Total time: 1034.468131, total average time: 103.446813

[2022-12-14T11:14:17] Child[9939]:
Total write time: 436.027271 seconds; average write time: 62.289610 seconds.
Total read time: 600.355379; average read time: 200.118460
Total time: 1036.382650, total average time: 103.638265

[2022-12-14T11:14:18] Child[11881]:
Total write time: 608.293598 seconds; average write time: 76.036700 seconds.
Total read time: 430.160905; average read time: 215.080453
Total time: 1038.454503, total average time: 103.845450

[2022-12-14T11:14:19] Child[10315]:
Total write time: 390.231766 seconds; average write time: 55.747395 seconds.
Total read time: 649.947559; average read time: 216.649186
Total time: 1040.179325, total average time: 104.017933

[2022-12-14T11:14:21] Child[10569]:
Total write time: 247.419334 seconds; average write time: 41.236556 seconds.
Total read time: 791.443715; average read time: 197.860929
Total time: 1038.863049, total average time: 103.886305

[2022-12-14T11:14:22] Child[11987]:
Total write time: 534.695593 seconds; average write time: 66.836949 seconds.
Total read time: 508.367455; average read time: 254.183728
Total time: 1043.063048, total average time: 104.306305

[2022-12-14T11:14:22] Child[9922]:
Total write time: 639.528918 seconds; average write time: 79.941115 seconds.
Total read time: 402.145456; average read time: 201.072728
Total time: 1041.674374, total average time: 104.167437

[2022-12-14T11:14:23] Child[10238]:
Total write time: 262.228263 seconds; average write time: 52.445653 seconds.
Total read time: 783.200850; average read time: 156.640170
Total time: 1045.429113, total average time: 104.542911

[2022-12-14T11:14:24] Child[9942]:
Total write time: 403.816448 seconds; average write time: 57.688064 seconds.
Total read time: 638.830366; average read time: 212.943455
Total time: 1042.646814, total average time: 104.264681

[2022-12-14T11:14:24] Child[11804]:
Total write time: 431.603691 seconds; average write time: 61.657670 seconds.
Total read time: 611.761017; average read time: 203.920339
Total time: 1043.364708, total average time: 104.336471

[2022-12-14T11:14:24] Child[11185]:
Total write time: 267.639764 seconds; average write time: 53.527953 seconds.
Total read time: 777.422987; average read time: 155.484597
Total time: 1045.062751, total average time: 104.506275

[2022-12-14T11:14:26] Child[11759]:
Total write time: 402.038139 seconds; average write time: 67.006356 seconds.
Total read time: 641.488789; average read time: 160.372197
Total time: 1043.526928, total average time: 104.352693

[2022-12-14T11:14:26] Child[10208]:
Total write time: 591.879130 seconds; average write time: 84.554161 seconds.
Total read time: 454.395570; average read time: 151.465190
Total time: 1046.274700, total average time: 104.627470

[2022-12-14T11:14:27] Child[11092]:
Total write time: 419.643648 seconds; average write time: 83.928730 seconds.
Total read time: 627.973208; average read time: 125.594642
Total time: 1047.616856, total average time: 104.761686

[2022-12-14T11:14:28] Child[10668]:
Total write time: 338.171506 seconds; average write time: 56.361918 seconds.
Total read time: 707.634717; average read time: 176.908679
Total time: 1045.806223, total average time: 104.580622

[2022-12-14T11:14:31] Child[11959]:
Total write time: 304.747688 seconds; average write time: 43.535384 seconds.
Total read time: 745.422624; average read time: 248.474208
Total time: 1050.170312, total average time: 105.017031

[2022-12-14T11:14:33] Child[10108]:
Total write time: 371.082943 seconds; average write time: 53.011849 seconds.
Total read time: 680.375308; average read time: 226.791769
Total time: 1051.458251, total average time: 105.145825

[2022-12-14T11:14:33] Child[10554]:
Total write time: 305.043193 seconds; average write time: 38.130399 seconds.
Total read time: 746.506962; average read time: 373.253481
Total time: 1051.550155, total average time: 105.155016

[2022-12-14T11:14:34] Child[10697]:
Total write time: 94.288658 seconds; average write time: 23.572164 seconds.
Total read time: 960.306663; average read time: 160.051110
Total time: 1054.595321, total average time: 105.459532

[2022-12-14T11:14:35] Child[11379]:
Total write time: 237.321801 seconds; average write time: 39.553633 seconds.
Total read time: 818.144260; average read time: 204.536065
Total time: 1055.466061, total average time: 105.546606

[2022-12-14T11:14:36] Child[11390]:
Total write time: 259.904000 seconds; average write time: 43.317333 seconds.
Total read time: 795.356384; average read time: 198.839096
Total time: 1055.260384, total average time: 105.526038

[2022-12-14T11:14:36] Child[11120]:
Total write time: 356.994774 seconds; average write time: 71.398955 seconds.
Total read time: 700.265793; average read time: 140.053159
Total time: 1057.260567, total average time: 105.726057

[2022-12-14T11:14:36] Child[10783]:
Total write time: 165.943326 seconds; average write time: 27.657221 seconds.
Total read time: 889.152134; average read time: 222.288034
Total time: 1055.095460, total average time: 105.509546

[2022-12-14T11:14:36] Child[10513]:
Total write time: 455.297800 seconds; average write time: 75.882967 seconds.
Total read time: 604.977176; average read time: 151.244294
Total time: 1060.274976, total average time: 106.027498

[2022-12-14T11:14:37] Child[11209]:
Total write time: 135.123909 seconds; average write time: 27.024782 seconds.
Total read time: 916.445514; average read time: 183.289103
Total time: 1051.569423, total average time: 105.156942

[2022-12-14T11:14:37] Child[11965]:
Total write time: 382.658099 seconds; average write time: 63.776350 seconds.
Total read time: 671.795325; average read time: 167.948831
Total time: 1054.453424, total average time: 105.445342

[2022-12-14T11:14:37] Child[11662]:
Total write time: 168.510719 seconds; average write time: 28.085120 seconds.
Total read time: 887.275193; average read time: 221.818798
Total time: 1055.785912, total average time: 105.578591

[2022-12-14T11:14:39] Child[10707]:
Total write time: 179.658646 seconds; average write time: 35.931729 seconds.
Total read time: 879.764468; average read time: 175.952894
Total time: 1059.423114, total average time: 105.942311

[2022-12-14T11:14:40] Child[12182]:
Total write time: 508.953456 seconds; average write time: 72.707637 seconds.
Total read time: 551.192958; average read time: 183.730986
Total time: 1060.146414, total average time: 106.014641

[2022-12-14T11:14:41] Child[11913]:
Total write time: 382.314754 seconds; average write time: 54.616393 seconds.
Total read time: 676.302380; average read time: 225.434127
Total time: 1058.617134, total average time: 105.861713

[2022-12-14T11:14:41] Child[10210]:
Total write time: 392.076599 seconds; average write time: 56.010943 seconds.
Total read time: 672.327165; average read time: 224.109055
Total time: 1064.403764, total average time: 106.440376

[2022-12-14T11:14:41] Child[11756]:
Total write time: 520.875142 seconds; average write time: 65.109393 seconds.
Total read time: 544.099005; average read time: 272.049503
Total time: 1064.974147, total average time: 106.497415

[2022-12-14T11:14:42] Child[12045]:
Total write time: 402.643035 seconds; average write time: 57.520434 seconds.
Total read time: 657.059669; average read time: 219.019890
Total time: 1059.702704, total average time: 105.970270

[2022-12-14T11:14:43] Child[11071]:
Total write time: 164.763580 seconds; average write time: 27.460597 seconds.
Total read time: 897.910946; average read time: 224.477736
Total time: 1062.674526, total average time: 106.267453

[2022-12-14T11:14:43] Child[11827]:
Total write time: 299.847732 seconds; average write time: 49.974622 seconds.
Total read time: 761.897548; average read time: 190.474387
Total time: 1061.745280, total average time: 106.174528

[2022-12-14T11:14:44] Child[10550]:
Total write time: 455.547882 seconds; average write time: 75.924647 seconds.
Total read time: 605.445041; average read time: 151.361260
Total time: 1060.992923, total average time: 106.099292

[2022-12-14T11:14:44] Child[10219]:
Total write time: 493.419516 seconds; average write time: 82.236586 seconds.
Total read time: 568.439039; average read time: 142.109760
Total time: 1061.858555, total average time: 106.185856

[2022-12-14T11:14:47] Child[10270]:
Total write time: 157.650501 seconds; average write time: 22.521500 seconds.
Total read time: 908.157744; average read time: 302.719248
Total time: 1065.808245, total average time: 106.580825

[2022-12-14T11:14:48] Child[11851]:
Total write time: 328.661151 seconds; average write time: 65.732230 seconds.
Total read time: 738.474048; average read time: 147.694810
Total time: 1067.135199, total average time: 106.713520

[2022-12-14T11:14:50] Child[10616]:
Total write time: 564.612310 seconds; average write time: 80.658901 seconds.
Total read time: 504.164449; average read time: 168.054816
Total time: 1068.776759, total average time: 106.877676

[2022-12-14T11:14:50] Child[12054]:
Total write time: 288.092247 seconds; average write time: 41.156035 seconds.
Total read time: 780.067483; average read time: 260.022494
Total time: 1068.159730, total average time: 106.815973

[2022-12-14T11:14:51] Child[11526]:
Total write time: 428.248507 seconds; average write time: 71.374751 seconds.
Total read time: 640.463248; average read time: 160.115812
Total time: 1068.711755, total average time: 106.871176

[2022-12-14T11:14:53] Child[9915]:
Total write time: 280.348856 seconds; average write time: 56.069771 seconds.
Total read time: 788.558822; average read time: 157.711764
Total time: 1068.907678, total average time: 106.890768

[2022-12-14T11:14:53] Child[11858]:
Total write time: 244.577051 seconds; average write time: 40.762842 seconds.
Total read time: 829.078817; average read time: 207.269704
Total time: 1073.655868, total average time: 107.365587

[2022-12-14T11:14:53] Child[12025]:
Total write time: 366.149263 seconds; average write time: 61.024877 seconds.
Total read time: 705.082166; average read time: 176.270542
Total time: 1071.231429, total average time: 107.123143

[2022-12-14T11:14:54] Child[10514]:
Total write time: 233.224198 seconds; average write time: 33.317743 seconds.
Total read time: 843.132549; average read time: 281.044183
Total time: 1076.356747, total average time: 107.635675

[2022-12-14T11:14:54] Child[12042]:
Total write time: 299.730237 seconds; average write time: 42.818605 seconds.
Total read time: 774.780788; average read time: 258.260263
Total time: 1074.511025, total average time: 107.451103

[2022-12-14T11:14:56] Child[10082]:
Total write time: 337.701894 seconds; average write time: 67.540379 seconds.
Total read time: 737.688695; average read time: 147.537739
Total time: 1075.390589, total average time: 107.539059

[2022-12-14T11:14:56] Child[10310]:
Total write time: 455.944846 seconds; average write time: 75.990808 seconds.
Total read time: 620.311913; average read time: 155.077978
Total time: 1076.256759, total average time: 107.625676

[2022-12-14T11:14:57] Child[11394]:
Total write time: 385.799716 seconds; average write time: 77.159943 seconds.
Total read time: 690.484791; average read time: 138.096958
Total time: 1076.284507, total average time: 107.628451

[2022-12-14T11:14:57] Child[10785]:
Total write time: 303.328564 seconds; average write time: 43.332652 seconds.
Total read time: 772.921109; average read time: 257.640370
Total time: 1076.249673, total average time: 107.624967

[2022-12-14T11:14:57] Child[10829]:
Total write time: 784.325355 seconds; average write time: 98.040669 seconds.
Total read time: 293.380570; average read time: 146.690285
Total time: 1077.705925, total average time: 107.770593

[2022-12-14T11:14:58] Child[10998]:
Total write time: 510.227195 seconds; average write time: 85.037866 seconds.
Total read time: 567.195900; average read time: 141.798975
Total time: 1077.423095, total average time: 107.742310

[2022-12-14T11:14:58] Child[10056]:
Total write time: 242.211320 seconds; average write time: 48.442264 seconds.
Total read time: 834.120625; average read time: 166.824125
Total time: 1076.331945, total average time: 107.633195

[2022-12-14T11:14:59] Child[10428]:
Total write time: 335.815987 seconds; average write time: 55.969331 seconds.
Total read time: 744.227101; average read time: 186.056775
Total time: 1080.043088, total average time: 108.004309

[2022-12-14T11:14:59] Child[10997]:
Total write time: 53.838548 seconds; average write time: 13.459637 seconds.
Total read time: 1024.366311; average read time: 170.727719
Total time: 1078.204859, total average time: 107.820486

[2022-12-14T11:15:01] Child[9970]:
Total write time: 417.163212 seconds; average write time: 69.527202 seconds.
Total read time: 667.535061; average read time: 166.883765
Total time: 1084.698273, total average time: 108.469827

[2022-12-14T11:15:01] Child[11700]:
Total write time: 422.308098 seconds; average write time: 70.384683 seconds.
Total read time: 655.162584; average read time: 163.790646
Total time: 1077.470682, total average time: 107.747068

[2022-12-14T11:15:03] Child[11313]:
Total write time: 467.443038 seconds; average write time: 66.777577 seconds.
Total read time: 616.631165; average read time: 205.543722
Total time: 1084.074203, total average time: 108.407420

[2022-12-14T11:15:04] Child[11667]:
Total write time: 417.038066 seconds; average write time: 69.506344 seconds.
Total read time: 667.452925; average read time: 166.863231
Total time: 1084.490991, total average time: 108.449099

[2022-12-14T11:15:04] Child[10042]:
Total write time: 499.677009 seconds; average write time: 83.279501 seconds.
Total read time: 587.032196; average read time: 146.758049
Total time: 1086.709205, total average time: 108.670920

[2022-12-14T11:15:04] Child[11361]:
Total write time: 80.516169 seconds; average write time: 13.419362 seconds.
Total read time: 1002.624792; average read time: 250.656198
Total time: 1083.140961, total average time: 108.314096

[2022-12-14T11:15:05] Child[10784]:
Total write time: 705.883821 seconds; average write time: 100.840546 seconds.
Total read time: 381.436182; average read time: 127.145394
Total time: 1087.320003, total average time: 108.732000

[2022-12-14T11:15:06] Child[11597]:
Total write time: 333.439658 seconds; average write time: 55.573276 seconds.
Total read time: 750.973496; average read time: 187.743374
Total time: 1084.413154, total average time: 108.441315

[2022-12-14T11:15:06] Child[11765]:
Total write time: 291.145669 seconds; average write time: 48.524278 seconds.
Total read time: 797.553867; average read time: 199.388467
Total time: 1088.699536, total average time: 108.869954

[2022-12-14T11:15:06] Child[12048]:
Total write time: 71.069262 seconds; average write time: 17.767315 seconds.
Total read time: 1012.013902; average read time: 168.668984
Total time: 1083.083164, total average time: 108.308316

[2022-12-14T11:15:07] Child[10002]:
Total write time: 402.542727 seconds; average write time: 57.506104 seconds.
Total read time: 687.402775; average read time: 229.134258
Total time: 1089.945502, total average time: 108.994550

[2022-12-14T11:15:08] Child[11147]:
Total write time: 117.365270 seconds; average write time: 29.341317 seconds.
Total read time: 970.190496; average read time: 161.698416
Total time: 1087.555766, total average time: 108.755577

[2022-12-14T11:15:08] Child[11826]:
Total write time: 160.765289 seconds; average write time: 32.153058 seconds.
Total read time: 930.550052; average read time: 186.110010
Total time: 1091.315341, total average time: 109.131534

[2022-12-14T11:15:09] Child[12064]:
Total write time: 562.564637 seconds; average write time: 80.366377 seconds.
Total read time: 521.976052; average read time: 173.992017
Total time: 1084.540689, total average time: 108.454069

[2022-12-14T11:15:09] Child[10122]:
Total write time: 199.090622 seconds; average write time: 39.818124 seconds.
Total read time: 887.232080; average read time: 177.446416
Total time: 1086.322702, total average time: 108.632270

[2022-12-14T11:15:09] Child[11099]:
Total write time: 184.231752 seconds; average write time: 30.705292 seconds.
Total read time: 902.313988; average read time: 225.578497
Total time: 1086.545740, total average time: 108.654574

[2022-12-14T11:15:09] Child[12191]:
Total write time: 768.711331 seconds; average write time: 109.815904 seconds.
Total read time: 318.790729; average read time: 106.263576
Total time: 1087.502060, total average time: 108.750206

[2022-12-14T11:15:10] Child[11553]:
Total write time: 982.662445 seconds; average write time: 109.184716 seconds.
Total read time: 105.941232; average read time: 105.941232
Total time: 1088.603677, total average time: 108.860368

[2022-12-14T11:15:10] Child[10791]:
Total write time: 305.367142 seconds; average write time: 43.623877 seconds.
Total read time: 785.269847; average read time: 261.756616
Total time: 1090.636989, total average time: 109.063699

[2022-12-14T11:15:10] Child[9962]:
Total write time: 278.999112 seconds; average write time: 55.799822 seconds.
Total read time: 809.590941; average read time: 161.918188
Total time: 1088.590053, total average time: 108.859005

[2022-12-14T11:15:10] Child[10055]:
Total write time: 501.028615 seconds; average write time: 71.575516 seconds.
Total read time: 589.584312; average read time: 196.528104
Total time: 1090.612927, total average time: 109.061293

[2022-12-14T11:15:11] Child[11468]:
Total write time: 531.680570 seconds; average write time: 75.954367 seconds.
Total read time: 562.451263; average read time: 187.483754
Total time: 1094.131833, total average time: 109.413183

[2022-12-14T11:15:12] Child[10827]:
Total write time: 396.904316 seconds; average write time: 56.700617 seconds.
Total read time: 695.321111; average read time: 231.773704
Total time: 1092.225427, total average time: 109.222543

[2022-12-14T11:15:13] Child[10469]:
Total write time: 198.234268 seconds; average write time: 33.039045 seconds.
Total read time: 893.309205; average read time: 223.327301
Total time: 1091.543473, total average time: 109.154347

[2022-12-14T11:15:14] Child[10478]:
Total write time: 328.783422 seconds; average write time: 54.797237 seconds.
Total read time: 765.196862; average read time: 191.299216
Total time: 1093.980284, total average time: 109.398028

[2022-12-14T11:15:14] Child[10136]:
Total write time: 331.899209 seconds; average write time: 55.316535 seconds.
Total read time: 759.481920; average read time: 189.870480
Total time: 1091.381129, total average time: 109.138113

[2022-12-14T11:15:14] Child[12158]:
Total write time: 494.354184 seconds; average write time: 70.622026 seconds.
Total read time: 599.730994; average read time: 199.910331
Total time: 1094.085178, total average time: 109.408518

[2022-12-14T11:15:14] Child[10121]:
Total write time: 857.090063 seconds; average write time: 95.232229 seconds.
Total read time: 235.683026; average read time: 235.683026
Total time: 1092.773089, total average time: 109.277309

[2022-12-14T11:15:17] Child[11254]:
Total write time: 213.071081 seconds; average write time: 42.614216 seconds.
Total read time: 880.795506; average read time: 176.159101
Total time: 1093.866587, total average time: 109.386659

[2022-12-14T11:15:17] Child[11786]:
Total write time: 142.292149 seconds; average write time: 35.573037 seconds.
Total read time: 952.685978; average read time: 158.780996
Total time: 1094.978127, total average time: 109.497813

[2022-12-14T11:15:18] Child[11208]:
Total write time: 648.951023 seconds; average write time: 92.707289 seconds.
Total read time: 445.636072; average read time: 148.545357
Total time: 1094.587095, total average time: 109.458709

[2022-12-14T11:15:18] Child[10909]:
Total write time: 469.341348 seconds; average write time: 58.667668 seconds.
Total read time: 625.416655; average read time: 312.708327
Total time: 1094.758003, total average time: 109.475800

[2022-12-14T11:15:19] Child[11942]:
Total write time: 511.245582 seconds; average write time: 73.035083 seconds.
Total read time: 587.889427; average read time: 195.963142
Total time: 1099.135009, total average time: 109.913501

[2022-12-14T11:15:20] Child[11373]:
Total write time: 345.476250 seconds; average write time: 49.353750 seconds.
Total read time: 756.686135; average read time: 252.228712
Total time: 1102.162385, total average time: 110.216239

[2022-12-14T11:15:20] Child[10694]:
Total write time: 527.510393 seconds; average write time: 65.938799 seconds.
Total read time: 570.976742; average read time: 285.488371
Total time: 1098.487135, total average time: 109.848714

[2022-12-14T11:15:21] Child[10154]:
Total write time: 588.035229 seconds; average write time: 65.337248 seconds.
Total read time: 514.404315; average read time: 514.404315
Total time: 1102.439544, total average time: 110.243954

[2022-12-14T11:15:21] Child[11666]:
Total write time: 216.304270 seconds; average write time: 43.260854 seconds.
Total read time: 877.948425; average read time: 175.589685
Total time: 1094.252695, total average time: 109.425269

[2022-12-14T11:15:23] Child[11496]:
Total write time: 250.999851 seconds; average write time: 41.833309 seconds.
Total read time: 850.717953; average read time: 212.679488
Total time: 1101.717804, total average time: 110.171780

[2022-12-14T11:15:24] Child[12123]:
Total write time: 332.796674 seconds; average write time: 55.466112 seconds.
Total read time: 774.024808; average read time: 193.506202
Total time: 1106.821482, total average time: 110.682148

[2022-12-14T11:15:25] Child[11265]:
Total write time: 293.625899 seconds; average write time: 41.946557 seconds.
Total read time: 810.215682; average read time: 270.071894
Total time: 1103.841581, total average time: 110.384158

[2022-12-14T11:15:25] Child[11659]:
Total write time: 226.146277 seconds; average write time: 37.691046 seconds.
Total read time: 877.029484; average read time: 219.257371
Total time: 1103.175761, total average time: 110.317576

[2022-12-14T11:15:27] Child[11699]:
Total write time: 349.980986 seconds; average write time: 49.997284 seconds.
Total read time: 758.652186; average read time: 252.884062
Total time: 1108.633172, total average time: 110.863317

[2022-12-14T11:15:30] Child[10184]:
Total write time: 166.659145 seconds; average write time: 27.776524 seconds.
Total read time: 940.052439; average read time: 235.013110
Total time: 1106.711584, total average time: 110.671158

[2022-12-14T11:15:31] Child[10328]:
Total write time: 175.146299 seconds; average write time: 43.786575 seconds.
Total read time: 938.034663; average read time: 156.339111
Total time: 1113.180962, total average time: 111.318096

[2022-12-14T11:15:32] Child[11787]:
Total write time: 634.817709 seconds; average write time: 79.352214 seconds.
Total read time: 475.943080; average read time: 237.971540
Total time: 1110.760789, total average time: 111.076079

[2022-12-14T11:15:33] Child[11479]:
Total write time: 531.907993 seconds; average write time: 75.986856 seconds.
Total read time: 582.839116; average read time: 194.279705
Total time: 1114.747109, total average time: 111.474711

[2022-12-14T11:15:33] Child[12142]:
Total write time: 211.955948 seconds; average write time: 42.391190 seconds.
Total read time: 902.634808; average read time: 180.526962
Total time: 1114.590756, total average time: 111.459076

[2022-12-14T11:15:34] Child[11866]:
Total write time: 278.761816 seconds; average write time: 39.823117 seconds.
Total read time: 836.826796; average read time: 278.942265
Total time: 1115.588612, total average time: 111.558861

[2022-12-14T11:15:34] Child[12141]:
Total write time: 309.321582 seconds; average write time: 51.553597 seconds.
Total read time: 806.747231; average read time: 201.686808
Total time: 1116.068813, total average time: 111.606881

[2022-12-14T11:15:35] Child[10241]:
Total write time: 387.313632 seconds; average write time: 64.552272 seconds.
Total read time: 728.406597; average read time: 182.101649
Total time: 1115.720229, total average time: 111.572023

[2022-12-14T11:15:36] Child[11608]:
Total write time: 596.446448 seconds; average write time: 85.206635 seconds.
Total read time: 523.847664; average read time: 174.615888
Total time: 1120.294112, total average time: 112.029411

[2022-12-14T11:15:37] Child[10439]:
Total write time: 138.908686 seconds; average write time: 23.151448 seconds.
Total read time: 974.399728; average read time: 243.599932
Total time: 1113.308414, total average time: 111.330841

[2022-12-14T11:15:37] Child[10335]:
Total write time: 472.876441 seconds; average write time: 67.553777 seconds.
Total read time: 644.442377; average read time: 214.814126
Total time: 1117.318818, total average time: 111.731882

[2022-12-14T11:15:37] Child[10355]:
Total write time: 471.800950 seconds; average write time: 67.400136 seconds.
Total read time: 646.101072; average read time: 215.367024
Total time: 1117.902022, total average time: 111.790202

[2022-12-14T11:15:37] Child[10040]:
Total write time: 335.345648 seconds; average write time: 55.890941 seconds.
Total read time: 781.828824; average read time: 195.457206
Total time: 1117.174472, total average time: 111.717447

[2022-12-14T11:15:37] Child[11850]:
Total write time: 232.962611 seconds; average write time: 38.827102 seconds.
Total read time: 886.383361; average read time: 221.595840
Total time: 1119.345972, total average time: 111.934597

[2022-12-14T11:15:39] Child[12112]:
Total write time: 608.742469 seconds; average write time: 86.963210 seconds.
Total read time: 510.277584; average read time: 170.092528
Total time: 1119.020053, total average time: 111.902005

[2022-12-14T11:15:39] Child[11489]:
Total write time: 116.398039 seconds; average write time: 38.799346 seconds.
Total read time: 1000.762072; average read time: 142.966010
Total time: 1117.160111, total average time: 111.716011

[2022-12-14T11:15:39] Child[10999]:
Total write time: 457.061249 seconds; average write time: 57.132656 seconds.
Total read time: 658.592082; average read time: 329.296041
Total time: 1115.653331, total average time: 111.565333

[2022-12-14T11:15:39] Child[11161]:
Total write time: 159.634136 seconds; average write time: 31.926827 seconds.
Total read time: 957.936067; average read time: 191.587213
Total time: 1117.570203, total average time: 111.757020

[2022-12-14T11:15:40] Child[11452]:
Total write time: 489.773696 seconds; average write time: 69.967671 seconds.
Total read time: 629.410770; average read time: 209.803590
Total time: 1119.184466, total average time: 111.918447

[2022-12-14T11:15:41] Child[9945]:
Total write time: 299.210860 seconds; average write time: 59.842172 seconds.
Total read time: 820.354245; average read time: 164.070849
Total time: 1119.565105, total average time: 111.956510

[2022-12-14T11:15:42] Child[11059]:
Total write time: 138.844751 seconds; average write time: 34.711188 seconds.
Total read time: 983.081214; average read time: 163.846869
Total time: 1121.925965, total average time: 112.192596

[2022-12-14T11:15:43] Child[10830]:
Total write time: 245.650755 seconds; average write time: 61.412689 seconds.
Total read time: 880.915113; average read time: 146.819186
Total time: 1126.565868, total average time: 112.656587

[2022-12-14T11:15:43] Child[11752]:
Total write time: 391.665898 seconds; average write time: 78.333180 seconds.
Total read time: 731.381321; average read time: 146.276264
Total time: 1123.047219, total average time: 112.304722

[2022-12-14T11:15:44] Child[11640]:
Total write time: 422.529699 seconds; average write time: 70.421616 seconds.
Total read time: 699.447655; average read time: 174.861914
Total time: 1121.977354, total average time: 112.197735

[2022-12-14T11:15:44] Child[10124]:
Total write time: 308.133492 seconds; average write time: 61.626698 seconds.
Total read time: 816.451781; average read time: 163.290356
Total time: 1124.585273, total average time: 112.458527

[2022-12-14T11:15:45] Child[11241]:
Total write time: 631.180573 seconds; average write time: 90.168653 seconds.
Total read time: 496.998840; average read time: 165.666280
Total time: 1128.179413, total average time: 112.817941

[2022-12-14T11:15:46] Child[10670]:
Total write time: 396.663859 seconds; average write time: 79.332772 seconds.
Total read time: 728.442743; average read time: 145.688549
Total time: 1125.106602, total average time: 112.510660

[2022-12-14T11:15:46] Child[11556]:
Total write time: 411.306484 seconds; average write time: 68.551081 seconds.
Total read time: 712.848252; average read time: 178.212063
Total time: 1124.154736, total average time: 112.415474

[2022-12-14T11:15:46] Child[12180]:
Total write time: 151.458927 seconds; average write time: 30.291785 seconds.
Total read time: 975.013354; average read time: 195.002671
Total time: 1126.472281, total average time: 112.647228

[2022-12-14T11:15:48] Child[10370]:
Total write time: 176.105626 seconds; average write time: 44.026407 seconds.
Total read time: 952.539430; average read time: 158.756572
Total time: 1128.645056, total average time: 112.864506

[2022-12-14T11:15:48] Child[10523]:
Total write time: 328.747968 seconds; average write time: 54.791328 seconds.
Total read time: 798.707694; average read time: 199.676923
Total time: 1127.455662, total average time: 112.745566

[2022-12-14T11:15:49] Child[11746]:
Total write time: 521.600804 seconds; average write time: 104.320161 seconds.
Total read time: 608.690711; average read time: 121.738142
Total time: 1130.291515, total average time: 113.029151

[2022-12-14T11:15:49] Child[9941]:
Total write time: 431.776430 seconds; average write time: 61.682347 seconds.
Total read time: 695.750732; average read time: 231.916911
Total time: 1127.527162, total average time: 112.752716

[2022-12-14T11:15:49] Child[11436]:
Total write time: 428.106416 seconds; average write time: 71.351069 seconds.
Total read time: 698.001548; average read time: 174.500387
Total time: 1126.107964, total average time: 112.610796

[2022-12-14T11:15:50] Child[11682]:
Total write time: 218.073774 seconds; average write time: 36.345629 seconds.
Total read time: 909.411611; average read time: 227.352903
Total time: 1127.485385, total average time: 112.748538

[2022-12-14T11:15:52] Child[11437]:
Total write time: 115.040069 seconds; average write time: 28.760017 seconds.
Total read time: 1017.536136; average read time: 169.589356
Total time: 1132.576205, total average time: 113.257621

[2022-12-14T11:15:52] Child[10643]:
Total write time: 269.915294 seconds; average write time: 44.985882 seconds.
Total read time: 861.551919; average read time: 215.387980
Total time: 1131.467213, total average time: 113.146721

[2022-12-14T11:15:52] Child[10434]:
Total write time: 391.815363 seconds; average write time: 65.302560 seconds.
Total read time: 738.155171; average read time: 184.538793
Total time: 1129.970534, total average time: 112.997053

[2022-12-14T11:15:52] Child[10684]:
Total write time: 304.989238 seconds; average write time: 50.831540 seconds.
Total read time: 826.895626; average read time: 206.723906
Total time: 1131.884864, total average time: 113.188486

[2022-12-14T11:15:52] Child[11698]:
Total write time: 471.637924 seconds; average write time: 78.606321 seconds.
Total read time: 660.981491; average read time: 165.245373
Total time: 1132.619415, total average time: 113.261942

[2022-12-14T11:15:55] Child[10185]:
Total write time: 435.646378 seconds; average write time: 72.607730 seconds.
Total read time: 698.208466; average read time: 174.552117
Total time: 1133.854844, total average time: 113.385484

[2022-12-14T11:15:55] Child[9925]:
Total write time: 796.655132 seconds; average write time: 99.581891 seconds.
Total read time: 336.480896; average read time: 168.240448
Total time: 1133.136028, total average time: 113.313603

[2022-12-14T11:15:55] Child[12168]:
Total write time: 805.832247 seconds; average write time: 100.729031 seconds.
Total read time: 330.273286; average read time: 165.136643
Total time: 1136.105533, total average time: 113.610553

[2022-12-14T11:15:56] Child[9887]:
Total write time: 295.662813 seconds; average write time: 59.132563 seconds.
Total read time: 836.480581; average read time: 167.296116
Total time: 1132.143394, total average time: 113.214339

[2022-12-14T11:15:57] Child[11688]:
Total write time: 368.926051 seconds; average write time: 61.487675 seconds.
Total read time: 767.451033; average read time: 191.862758
Total time: 1136.377084, total average time: 113.637708

[2022-12-14T11:15:58] Child[10774]:
Total write time: 664.310697 seconds; average write time: 83.038837 seconds.
Total read time: 472.655070; average read time: 236.327535
Total time: 1136.965767, total average time: 113.696577

[2022-12-14T11:15:58] Child[11002]:
Total write time: 315.423517 seconds; average write time: 78.855879 seconds.
Total read time: 821.306988; average read time: 136.884498
Total time: 1136.730505, total average time: 113.673051

[2022-12-14T11:15:59] Child[10085]:
Total write time: 506.383926 seconds; average write time: 84.397321 seconds.
Total read time: 635.717919; average read time: 158.929480
Total time: 1142.101845, total average time: 114.210184

[2022-12-14T11:16:00] Child[11883]:
Total write time: 483.290527 seconds; average write time: 60.411316 seconds.
Total read time: 655.830038; average read time: 327.915019
Total time: 1139.120565, total average time: 113.912057

[2022-12-14T11:16:00] Child[10639]:
Total write time: 32.803655 seconds; average write time: 8.200914 seconds.
Total read time: 1106.809661; average read time: 184.468277
Total time: 1139.613316, total average time: 113.961332

[2022-12-14T11:16:00] Child[10879]:
Total write time: 351.184332 seconds; average write time: 70.236866 seconds.
Total read time: 788.433872; average read time: 157.686774
Total time: 1139.618204, total average time: 113.961820

[2022-12-14T11:16:00] Child[10798]:
Total write time: 154.561490 seconds; average write time: 25.760248 seconds.
Total read time: 985.825659; average read time: 246.456415
Total time: 1140.387149, total average time: 114.038715

[2022-12-14T11:16:01] Child[11757]:
Total write time: 290.335949 seconds; average write time: 58.067190 seconds.
Total read time: 851.280475; average read time: 170.256095
Total time: 1141.616424, total average time: 114.161642

[2022-12-14T11:16:01] Child[11877]:
Total write time: 404.783830 seconds; average write time: 80.956766 seconds.
Total read time: 738.332851; average read time: 147.666570
Total time: 1143.116681, total average time: 114.311668

[2022-12-14T11:16:03] Child[10354]:
Total write time: 154.808195 seconds; average write time: 25.801366 seconds.
Total read time: 986.863409; average read time: 246.715852
Total time: 1141.671604, total average time: 114.167160

[2022-12-14T11:16:03] Child[10612]:
Total write time: 384.778391 seconds; average write time: 64.129732 seconds.
Total read time: 755.404473; average read time: 188.851118
Total time: 1140.182864, total average time: 114.018286

[2022-12-14T11:16:04] Child[10371]:
Total write time: 327.760694 seconds; average write time: 65.552139 seconds.
Total read time: 814.851975; average read time: 162.970395
Total time: 1142.612669, total average time: 114.261267

[2022-12-14T11:16:04] Child[9944]:
Total write time: 494.415057 seconds; average write time: 70.630722 seconds.
Total read time: 651.174395; average read time: 217.058132
Total time: 1145.589452, total average time: 114.558945

[2022-12-14T11:16:05] Child[10091]:
Total write time: 690.006200 seconds; average write time: 86.250775 seconds.
Total read time: 455.422992; average read time: 227.711496
Total time: 1145.429192, total average time: 114.542919

[2022-12-14T11:16:06] Child[10100]:
Total write time: 193.331799 seconds; average write time: 48.332950 seconds.
Total read time: 951.479456; average read time: 158.579909
Total time: 1144.811255, total average time: 114.481126

[2022-12-14T11:16:06] Child[12056]:
Total write time: 73.516614 seconds; average write time: 18.379154 seconds.
Total read time: 1074.298043; average read time: 179.049674
Total time: 1147.814657, total average time: 114.781466

[2022-12-14T11:16:06] Child[12159]:
Total write time: 261.001688 seconds; average write time: 65.250422 seconds.
Total read time: 881.235136; average read time: 146.872523
Total time: 1142.236824, total average time: 114.223682

[2022-12-14T11:16:08] Child[12181]:
Total write time: 259.196467 seconds; average write time: 43.199411 seconds.
Total read time: 890.496384; average read time: 222.624096
Total time: 1149.692851, total average time: 114.969285

[2022-12-14T11:16:08] Child[10693]:
Total write time: 379.756996 seconds; average write time: 63.292833 seconds.
Total read time: 771.663514; average read time: 192.915878
Total time: 1151.420510, total average time: 115.142051

[2022-12-14T11:16:09] Child[10411]:
Total write time: 104.667435 seconds; average write time: 26.166859 seconds.
Total read time: 1044.556106; average read time: 174.092684
Total time: 1149.223541, total average time: 114.922354

[2022-12-14T11:16:09] Child[10433]:
Total write time: 24.014971 seconds; average write time: 8.004990 seconds.
Total read time: 1123.260958; average read time: 160.465851
Total time: 1147.275929, total average time: 114.727593

[2022-12-14T11:16:10] Child[10337]:
Total write time: 449.611955 seconds; average write time: 89.922391 seconds.
Total read time: 697.417501; average read time: 139.483500
Total time: 1147.029456, total average time: 114.702946

[2022-12-14T11:16:11] Child[10039]:
Total write time: 124.715665 seconds; average write time: 24.943133 seconds.
Total read time: 1021.560648; average read time: 204.312130
Total time: 1146.276313, total average time: 114.627631

[2022-12-14T11:16:11] Child[11499]:
Total write time: 369.747500 seconds; average write time: 73.949500 seconds.
Total read time: 777.278973; average read time: 155.455795
Total time: 1147.026473, total average time: 114.702647

[2022-12-14T11:16:12] Child[11594]:
Total write time: 562.460606 seconds; average write time: 80.351515 seconds.
Total read time: 590.106911; average read time: 196.702304
Total time: 1152.567517, total average time: 115.256752

[2022-12-14T11:16:13] Child[11351]:
Total write time: 738.904467 seconds; average write time: 105.557781 seconds.
Total read time: 409.556913; average read time: 136.518971
Total time: 1148.461380, total average time: 114.846138

[2022-12-14T11:16:15] Child[11940]:
Total write time: 821.993925 seconds; average write time: 102.749241 seconds.
Total read time: 330.554899; average read time: 165.277449
Total time: 1152.548824, total average time: 115.254882

[2022-12-14T11:16:15] Child[11137]:
Total write time: 132.990849 seconds; average write time: 26.598170 seconds.
Total read time: 1025.165743; average read time: 205.033149
Total time: 1158.156592, total average time: 115.815659

[2022-12-14T11:16:17] Child[11831]:
Total write time: 277.560812 seconds; average write time: 55.512162 seconds.
Total read time: 871.827153; average read time: 174.365431
Total time: 1149.387965, total average time: 114.938796

[2022-12-14T11:16:18] Child[11464]:
Total write time: 238.748162 seconds; average write time: 39.791360 seconds.
Total read time: 917.703747; average read time: 229.425937
Total time: 1156.451909, total average time: 115.645191

[2022-12-14T11:16:18] Child[11114]:
Total write time: 788.516181 seconds; average write time: 98.564523 seconds.
Total read time: 370.141964; average read time: 185.070982
Total time: 1158.658145, total average time: 115.865814

[2022-12-14T11:16:18] Child[11628]:
Total write time: 334.549482 seconds; average write time: 66.909896 seconds.
Total read time: 827.275695; average read time: 165.455139
Total time: 1161.825177, total average time: 116.182518

[2022-12-14T11:16:18] Child[10327]:
Total write time: 322.014388 seconds; average write time: 53.669065 seconds.
Total read time: 833.892303; average read time: 208.473076
Total time: 1155.906691, total average time: 115.590669

[2022-12-14T11:16:19] Child[11412]:
Total write time: 357.779687 seconds; average write time: 51.111384 seconds.
Total read time: 802.214125; average read time: 267.404708
Total time: 1159.993812, total average time: 115.999381

[2022-12-14T11:16:19] Child[11969]:
Total write time: 407.177009 seconds; average write time: 58.168144 seconds.
Total read time: 750.036700; average read time: 250.012233
Total time: 1157.213709, total average time: 115.721371

[2022-12-14T11:16:20] Child[12169]:
Total write time: 327.003356 seconds; average write time: 46.714765 seconds.
Total read time: 832.276330; average read time: 277.425443
Total time: 1159.279686, total average time: 115.927969

[2022-12-14T11:16:20] Child[10655]:
Total write time: 225.917842 seconds; average write time: 45.183568 seconds.
Total read time: 936.439032; average read time: 187.287806
Total time: 1162.356874, total average time: 116.235687

[2022-12-14T11:16:21] Child[11554]:
Total write time: 393.110319 seconds; average write time: 65.518387 seconds.
Total read time: 765.863283; average read time: 191.465821
Total time: 1158.973602, total average time: 115.897360

[2022-12-14T11:16:21] Child[9967]:
Total write time: 349.309166 seconds; average write time: 58.218194 seconds.
Total read time: 809.871542; average read time: 202.467885
Total time: 1159.180708, total average time: 115.918071

[2022-12-14T11:16:22] Child[11875]:
Total write time: 314.708627 seconds; average write time: 52.451438 seconds.
Total read time: 846.408801; average read time: 211.602200
Total time: 1161.117428, total average time: 116.111743

[2022-12-14T11:16:22] Child[10949]:
Total write time: 555.393325 seconds; average write time: 92.565554 seconds.
Total read time: 608.870140; average read time: 152.217535
Total time: 1164.263465, total average time: 116.426346

[2022-12-14T11:16:22] Child[10777]:
Total write time: 173.503630 seconds; average write time: 24.786233 seconds.
Total read time: 986.234036; average read time: 328.744679
Total time: 1159.737666, total average time: 115.973767

[2022-12-14T11:16:22] Child[10936]:
Total write time: 203.288966 seconds; average write time: 40.657793 seconds.
Total read time: 958.978593; average read time: 191.795719
Total time: 1162.267559, total average time: 116.226756

[2022-12-14T11:16:23] Child[12157]:
Total write time: 466.330400 seconds; average write time: 77.721733 seconds.
Total read time: 698.718808; average read time: 174.679702
Total time: 1165.049208, total average time: 116.504921

[2022-12-14T11:16:23] Child[12074]:
Total write time: 420.474145 seconds; average write time: 52.559268 seconds.
Total read time: 740.614512; average read time: 370.307256
Total time: 1161.088657, total average time: 116.108866

[2022-12-14T11:16:23] Child[10006]:
Total write time: 284.847888 seconds; average write time: 56.969578 seconds.
Total read time: 881.721765; average read time: 176.344353
Total time: 1166.569653, total average time: 116.656965

[2022-12-14T11:16:24] Child[9966]:
Total write time: 363.030321 seconds; average write time: 51.861474 seconds.
Total read time: 804.406874; average read time: 268.135625
Total time: 1167.437195, total average time: 116.743719

[2022-12-14T11:16:26] Child[11063]:
Total write time: 379.148243 seconds; average write time: 63.191374 seconds.
Total read time: 785.916070; average read time: 196.479017
Total time: 1165.064313, total average time: 116.506431

[2022-12-14T11:16:26] Child[11103]:
Total write time: 168.927472 seconds; average write time: 42.231868 seconds.
Total read time: 993.380233; average read time: 165.563372
Total time: 1162.307705, total average time: 116.230771

[2022-12-14T11:16:27] Child[10451]:
Total write time: 149.221698 seconds; average write time: 29.844340 seconds.
Total read time: 1016.631261; average read time: 203.326252
Total time: 1165.852959, total average time: 116.585296

[2022-12-14T11:16:28] Child[11795]:
Total write time: 558.224407 seconds; average write time: 93.037401 seconds.
Total read time: 610.172847; average read time: 152.543212
Total time: 1168.397254, total average time: 116.839725

[2022-12-14T11:16:29] Child[9893]:
Total write time: 263.453180 seconds; average write time: 52.690636 seconds.
Total read time: 908.258661; average read time: 181.651732
Total time: 1171.711841, total average time: 117.171184

[2022-12-14T11:16:29] Child[11126]:
Total write time: 438.422669 seconds; average write time: 73.070445 seconds.
Total read time: 730.557596; average read time: 182.639399
Total time: 1168.980265, total average time: 116.898027

[2022-12-14T11:16:29] Child[11009]:
Total write time: 752.972712 seconds; average write time: 107.567530 seconds.
Total read time: 416.396562; average read time: 138.798854
Total time: 1169.369274, total average time: 116.936927

[2022-12-14T11:16:30] Child[10839]:
Total write time: 613.743375 seconds; average write time: 87.677625 seconds.
Total read time: 554.816326; average read time: 184.938775
Total time: 1168.559701, total average time: 116.855970

[2022-12-14T11:16:30] Child[9997]:
Total write time: 248.832755 seconds; average write time: 82.944252 seconds.
Total read time: 913.164951; average read time: 130.452136
Total time: 1161.997706, total average time: 116.199771

[2022-12-14T11:16:30] Child[11543]:
Total write time: 481.199912 seconds; average write time: 80.199985 seconds.
Total read time: 684.144830; average read time: 171.036207
Total time: 1165.344742, total average time: 116.534474

[2022-12-14T11:16:32] Child[12017]:
Total write time: 298.816491 seconds; average write time: 59.763298 seconds.
Total read time: 873.514558; average read time: 174.702912
Total time: 1172.331049, total average time: 117.233105

[2022-12-14T11:16:32] Child[11673]:
Total write time: 285.371776 seconds; average write time: 57.074355 seconds.
Total read time: 887.906198; average read time: 177.581240
Total time: 1173.277974, total average time: 117.327797

[2022-12-14T11:16:33] Child[11332]:
Total write time: 359.854932 seconds; average write time: 71.970986 seconds.
Total read time: 816.426870; average read time: 163.285374
Total time: 1176.281802, total average time: 117.628180

[2022-12-14T11:16:34] Child[10320]:
Total write time: 340.222899 seconds; average write time: 68.044580 seconds.
Total read time: 833.054123; average read time: 166.610825
Total time: 1173.277022, total average time: 117.327702

[2022-12-14T11:16:34] Child[11711]:
Total write time: 100.686922 seconds; average write time: 25.171730 seconds.
Total read time: 1072.857067; average read time: 178.809511
Total time: 1173.543989, total average time: 117.354399

[2022-12-14T11:16:35] Child[9973]:
Total write time: 218.810710 seconds; average write time: 43.762142 seconds.
Total read time: 956.008337; average read time: 191.201667
Total time: 1174.819047, total average time: 117.481905

[2022-12-14T11:16:37] Child[11012]:
Total write time: 318.115961 seconds; average write time: 63.623192 seconds.
Total read time: 861.484223; average read time: 172.296845
Total time: 1179.600184, total average time: 117.960018

[2022-12-14T11:16:39] Child[10739]:
Total write time: 407.887316 seconds; average write time: 58.269617 seconds.
Total read time: 773.807549; average read time: 257.935850
Total time: 1181.694865, total average time: 118.169487

[2022-12-14T11:16:39] Child[10690]:
Total write time: 317.470682 seconds; average write time: 45.352955 seconds.
Total read time: 861.767999; average read time: 287.256000
Total time: 1179.238681, total average time: 117.923868

[2022-12-14T11:16:40] Child[12206]:
Total write time: 684.987551 seconds; average write time: 114.164592 seconds.
Total read time: 492.342816; average read time: 123.085704
Total time: 1177.330367, total average time: 117.733037

[2022-12-14T11:16:40] Child[10266]:
Total write time: 144.528102 seconds; average write time: 28.905620 seconds.
Total read time: 1037.431177; average read time: 207.486235
Total time: 1181.959279, total average time: 118.195928

[2022-12-14T11:16:41] Child[10180]:
Total write time: 505.213628 seconds; average write time: 84.202271 seconds.
Total read time: 674.789377; average read time: 168.697344
Total time: 1180.003005, total average time: 118.000300

[2022-12-14T11:16:41] Child[10968]:
Total write time: 442.977895 seconds; average write time: 73.829649 seconds.
Total read time: 738.844240; average read time: 184.711060
Total time: 1181.822135, total average time: 118.182214

[2022-12-14T11:16:45] Child[10671]:
Total write time: 165.529738 seconds; average write time: 23.647105 seconds.
Total read time: 1015.850121; average read time: 338.616707
Total time: 1181.379859, total average time: 118.137986

[2022-12-14T11:16:46] Child[11579]:
Total write time: 310.897486 seconds; average write time: 62.179497 seconds.
Total read time: 874.341141; average read time: 174.868228
Total time: 1185.238627, total average time: 118.523863

[2022-12-14T11:16:46] Child[12084]:
Total write time: 292.441266 seconds; average write time: 58.488253 seconds.
Total read time: 897.024398; average read time: 179.404880
Total time: 1189.465664, total average time: 118.946566

[2022-12-14T11:16:47] Child[11348]:
Total write time: 63.262464 seconds; average write time: 12.652493 seconds.
Total read time: 1121.493485; average read time: 224.298697
Total time: 1184.755949, total average time: 118.475595

[2022-12-14T11:16:47] Child[11497]:
Total write time: 69.878738 seconds; average write time: 23.292913 seconds.
Total read time: 1117.397782; average read time: 159.628255
Total time: 1187.276520, total average time: 118.727652

[2022-12-14T11:16:48] Child[10284]:
Total write time: 408.311039 seconds; average write time: 81.662208 seconds.
Total read time: 776.489114; average read time: 155.297823
Total time: 1184.800153, total average time: 118.480015

[2022-12-14T11:16:48] Child[10282]:
Total write time: 218.221333 seconds; average write time: 43.644267 seconds.
Total read time: 968.891468; average read time: 193.778294
Total time: 1187.112801, total average time: 118.711280

[2022-12-14T11:16:48] Child[10533]:
Total write time: 129.657086 seconds; average write time: 25.931417 seconds.
Total read time: 1051.836177; average read time: 210.367235
Total time: 1181.493263, total average time: 118.149326

[2022-12-14T11:16:48] Child[10537]:
Total write time: 532.693050 seconds; average write time: 88.782175 seconds.
Total read time: 656.056982; average read time: 164.014245
Total time: 1188.750032, total average time: 118.875003

[2022-12-14T11:16:50] Child[11614]:
Total write time: 432.796524 seconds; average write time: 72.132754 seconds.
Total read time: 759.494214; average read time: 189.873554
Total time: 1192.290738, total average time: 119.229074

[2022-12-14T11:16:50] Child[11221]:
Total write time: 355.273283 seconds; average write time: 71.054657 seconds.
Total read time: 837.053494; average read time: 167.410699
Total time: 1192.326777, total average time: 119.232678

[2022-12-14T11:16:50] Child[10170]:
Total write time: 412.064283 seconds; average write time: 68.677380 seconds.
Total read time: 780.757632; average read time: 195.189408
Total time: 1192.821915, total average time: 119.282191

[2022-12-14T11:16:51] Child[9927]:
Total write time: 707.185114 seconds; average write time: 101.026445 seconds.
Total read time: 482.623867; average read time: 160.874622
Total time: 1189.808981, total average time: 118.980898

[2022-12-14T11:16:51] Child[11440]:
Total write time: 428.490102 seconds; average write time: 71.415017 seconds.
Total read time: 762.207785; average read time: 190.551946
Total time: 1190.697887, total average time: 119.069789

[2022-12-14T11:16:52] Child[11799]:
Total write time: 413.119969 seconds; average write time: 68.853328 seconds.
Total read time: 778.736520; average read time: 194.684130
Total time: 1191.856489, total average time: 119.185649

[2022-12-14T11:16:52] Child[12037]:
Total write time: 185.892146 seconds; average write time: 46.473036 seconds.
Total read time: 1008.715117; average read time: 168.119186
Total time: 1194.607263, total average time: 119.460726

[2022-12-14T11:16:54] Child[10239]:
Total write time: 396.526813 seconds; average write time: 66.087802 seconds.
Total read time: 797.423293; average read time: 199.355823
Total time: 1193.950106, total average time: 119.395011

[2022-12-14T11:16:55] Child[11596]:
Total write time: 366.781103 seconds; average write time: 61.130184 seconds.
Total read time: 828.509240; average read time: 207.127310
Total time: 1195.290343, total average time: 119.529034

[2022-12-14T11:16:56] Child[11326]:
Total write time: 318.907601 seconds; average write time: 53.151267 seconds.
Total read time: 880.630484; average read time: 220.157621
Total time: 1199.538085, total average time: 119.953808

[2022-12-14T11:16:56] Child[10301]:
Total write time: 260.539915 seconds; average write time: 52.107983 seconds.
Total read time: 935.854109; average read time: 187.170822
Total time: 1196.394024, total average time: 119.639402

[2022-12-14T11:16:57] Child[10010]:
Total write time: 392.604235 seconds; average write time: 78.520847 seconds.
Total read time: 806.213641; average read time: 161.242728
Total time: 1198.817876, total average time: 119.881788

[2022-12-14T11:16:58] Child[11524]:
Total write time: 229.233518 seconds; average write time: 38.205586 seconds.
Total read time: 966.879149; average read time: 241.719787
Total time: 1196.112667, total average time: 119.611267

[2022-12-14T11:16:58] Child[11794]:
Total write time: 386.454535 seconds; average write time: 77.290907 seconds.
Total read time: 813.889363; average read time: 162.777873
Total time: 1200.343898, total average time: 120.034390

[2022-12-14T11:16:58] Child[11912]:
Total write time: 142.362227 seconds; average write time: 35.590557 seconds.
Total read time: 1055.382881; average read time: 175.897147
Total time: 1197.745108, total average time: 119.774511

[2022-12-14T11:16:58] Child[10236]:
Total write time: 359.627215 seconds; average write time: 51.375316 seconds.
Total read time: 838.625797; average read time: 279.541932
Total time: 1198.253012, total average time: 119.825301

[2022-12-14T11:16:59] Child[11819]:
Total write time: 105.017111 seconds; average write time: 21.003422 seconds.
Total read time: 1095.458385; average read time: 219.091677
Total time: 1200.475496, total average time: 120.047550

[2022-12-14T11:17:01] Child[10757]:
Total write time: 352.988120 seconds; average write time: 70.597624 seconds.
Total read time: 846.440645; average read time: 169.288129
Total time: 1199.428765, total average time: 119.942876

[2022-12-14T11:17:01] Child[9984]:
Total write time: 409.978246 seconds; average write time: 68.329708 seconds.
Total read time: 789.940517; average read time: 197.485129
Total time: 1199.918763, total average time: 119.991876

[2022-12-14T11:17:02] Child[10794]:
Total write time: 377.595744 seconds; average write time: 62.932624 seconds.
Total read time: 824.561898; average read time: 206.140475
Total time: 1202.157642, total average time: 120.215764

[2022-12-14T11:17:02] Child[10669]:
Total write time: 316.385247 seconds; average write time: 63.277049 seconds.
Total read time: 887.140067; average read time: 177.428013
Total time: 1203.525314, total average time: 120.352531

[2022-12-14T11:17:02] Child[10494]:
Total write time: 171.897344 seconds; average write time: 34.379469 seconds.
Total read time: 1028.717084; average read time: 205.743417
Total time: 1200.614428, total average time: 120.061443

[2022-12-14T11:17:03] Child[11334]:
Total write time: 124.243424 seconds; average write time: 41.414475 seconds.
Total read time: 1076.868223; average read time: 153.838318
Total time: 1201.111647, total average time: 120.111165

[2022-12-14T11:17:03] Child[11701]:
Total write time: 532.797290 seconds; average write time: 88.799548 seconds.
Total read time: 674.749193; average read time: 168.687298
Total time: 1207.546483, total average time: 120.754648

[2022-12-14T11:17:03] Child[12044]:
Total write time: 201.049826 seconds; average write time: 40.209965 seconds.
Total read time: 1004.330655; average read time: 200.866131
Total time: 1205.380481, total average time: 120.538048

[2022-12-14T11:17:04] Child[10788]:
Total write time: 377.906600 seconds; average write time: 75.581320 seconds.
Total read time: 827.279550; average read time: 165.455910
Total time: 1205.186150, total average time: 120.518615

[2022-12-14T11:17:04] Child[10516]:
Total write time: 667.287501 seconds; average write time: 83.410938 seconds.
Total read time: 540.896910; average read time: 270.448455
Total time: 1208.184411, total average time: 120.818441

[2022-12-14T11:17:04] Child[10368]:
Total write time: 700.522067 seconds; average write time: 100.074581 seconds.
Total read time: 505.561711; average read time: 168.520570
Total time: 1206.083778, total average time: 120.608378

[2022-12-14T11:17:07] Child[11915]:
Total write time: 300.121204 seconds; average write time: 75.030301 seconds.
Total read time: 907.168499; average read time: 151.194750
Total time: 1207.289703, total average time: 120.728970

[2022-12-14T11:17:07] Child[11352]:
Total write time: 508.374616 seconds; average write time: 84.729103 seconds.
Total read time: 700.887021; average read time: 175.221755
Total time: 1209.261637, total average time: 120.926164

[2022-12-14T11:17:07] Child[10723]:
Total write time: 262.551127 seconds; average write time: 43.758521 seconds.
Total read time: 943.380561; average read time: 235.845140
Total time: 1205.931688, total average time: 120.593169

[2022-12-14T11:17:07] Child[10387]:
Total write time: 176.640184 seconds; average write time: 44.160046 seconds.
Total read time: 1029.322578; average read time: 171.553763
Total time: 1205.962762, total average time: 120.596276

[2022-12-14T11:17:07] Child[11822]:
Total write time: 216.249569 seconds; average write time: 43.249914 seconds.
Total read time: 986.962327; average read time: 197.392465
Total time: 1203.211896, total average time: 120.321190

[2022-12-14T11:17:08] Child[11978]:
Total write time: 367.600005 seconds; average write time: 52.514286 seconds.
Total read time: 840.903357; average read time: 280.301119
Total time: 1208.503362, total average time: 120.850336

[2022-12-14T11:17:09] Child[10253]:
Total write time: 651.851963 seconds; average write time: 93.121709 seconds.
Total read time: 554.212209; average read time: 184.737403
Total time: 1206.064172, total average time: 120.606417

[2022-12-14T11:17:09] Child[10222]:
Total write time: 190.303479 seconds; average write time: 38.060696 seconds.
Total read time: 1020.246731; average read time: 204.049346
Total time: 1210.550210, total average time: 121.055021

[2022-12-14T11:17:09] Child[12023]:
Total write time: 643.532705 seconds; average write time: 80.441588 seconds.
Total read time: 564.371875; average read time: 282.185938
Total time: 1207.904580, total average time: 120.790458

[2022-12-14T11:17:09] Child[10141]:
Total write time: 139.541785 seconds; average write time: 27.908357 seconds.
Total read time: 1070.788526; average read time: 214.157705
Total time: 1210.330311, total average time: 121.033031

[2022-12-14T11:17:09] Child[12119]:
Total write time: 262.078884 seconds; average write time: 43.679814 seconds.
Total read time: 948.223203; average read time: 237.055801
Total time: 1210.302087, total average time: 121.030209

[2022-12-14T11:17:10] Child[11671]:
Total write time: 652.082883 seconds; average write time: 93.154698 seconds.
Total read time: 561.201806; average read time: 187.067269
Total time: 1213.284689, total average time: 121.328469

[2022-12-14T11:17:10] Child[11790]:
Total write time: 320.439745 seconds; average write time: 53.406624 seconds.
Total read time: 887.250504; average read time: 221.812626
Total time: 1207.690249, total average time: 120.769025

[2022-12-14T11:17:10] Child[11521]:
Total write time: 362.322565 seconds; average write time: 60.387094 seconds.
Total read time: 848.239030; average read time: 212.059757
Total time: 1210.561595, total average time: 121.056160

[2022-12-14T11:17:12] Child[10190]:
Total write time: 298.965110 seconds; average write time: 59.793022 seconds.
Total read time: 912.609821; average read time: 182.521964
Total time: 1211.574931, total average time: 121.157493

[2022-12-14T11:17:12] Child[11170]:
Total write time: 323.042404 seconds; average write time: 53.840401 seconds.
Total read time: 886.930609; average read time: 221.732652
Total time: 1209.973013, total average time: 120.997301

[2022-12-14T11:17:13] Child[11551]:
Total write time: 155.265756 seconds; average write time: 31.053151 seconds.
Total read time: 1058.551167; average read time: 211.710233
Total time: 1213.816923, total average time: 121.381692

[2022-12-14T11:17:13] Child[9896]:
Total write time: 139.926853 seconds; average write time: 19.989550 seconds.
Total read time: 1070.914886; average read time: 356.971629
Total time: 1210.841739, total average time: 121.084174

[2022-12-14T11:17:13] Child[11936]:
Total write time: 230.730077 seconds; average write time: 38.455013 seconds.
Total read time: 984.220274; average read time: 246.055069
Total time: 1214.950351, total average time: 121.495035

[2022-12-14T11:17:14] Child[10742]:
Total write time: 197.336920 seconds; average write time: 49.334230 seconds.
Total read time: 1019.550053; average read time: 169.925009
Total time: 1216.886973, total average time: 121.688697

[2022-12-14T11:17:16] Child[9965]:
Total write time: 432.466652 seconds; average write time: 72.077775 seconds.
Total read time: 781.216920; average read time: 195.304230
Total time: 1213.683572, total average time: 121.368357

[2022-12-14T11:17:16] Child[10097]:
Total write time: 122.720558 seconds; average write time: 24.544112 seconds.
Total read time: 1095.057888; average read time: 219.011578
Total time: 1217.778446, total average time: 121.777845

[2022-12-14T11:17:16] Child[11947]:
Total write time: 318.141078 seconds; average write time: 79.535269 seconds.
Total read time: 897.671812; average read time: 149.611969
Total time: 1215.812890, total average time: 121.581289

[2022-12-14T11:17:17] Child[10099]:
Total write time: 506.675396 seconds; average write time: 72.382199 seconds.
Total read time: 707.370082; average read time: 235.790027
Total time: 1214.045478, total average time: 121.404548

[2022-12-14T11:17:19] Child[10353]:
Total write time: 276.014378 seconds; average write time: 46.002396 seconds.
Total read time: 942.629699; average read time: 235.657425
Total time: 1218.644077, total average time: 121.864408

[2022-12-14T11:17:19] Child[9960]:
Total write time: 219.477499 seconds; average write time: 43.895500 seconds.
Total read time: 1001.183352; average read time: 200.236670
Total time: 1220.660851, total average time: 122.066085

[2022-12-14T11:17:19] Child[10404]:
Total write time: 739.670603 seconds; average write time: 92.458825 seconds.
Total read time: 480.264205; average read time: 240.132103
Total time: 1219.934808, total average time: 121.993481

[2022-12-14T11:17:20] Child[10484]:
Total write time: 249.770462 seconds; average write time: 41.628410 seconds.
Total read time: 969.401649; average read time: 242.350412
Total time: 1219.172111, total average time: 121.917211

[2022-12-14T11:17:21] Child[11119]:
Total write time: 172.859731 seconds; average write time: 34.571946 seconds.
Total read time: 1045.278335; average read time: 209.055667
Total time: 1218.138066, total average time: 121.813807

[2022-12-14T11:17:22] Child[11340]:
Total write time: 274.510848 seconds; average write time: 68.627712 seconds.
Total read time: 946.211068; average read time: 157.701845
Total time: 1220.721916, total average time: 122.072192

[2022-12-14T11:17:22] Child[11870]:
Total write time: 296.017215 seconds; average write time: 74.004304 seconds.
Total read time: 927.300564; average read time: 154.550094
Total time: 1223.317779, total average time: 122.331778

[2022-12-14T11:17:23] Child[10018]:
Total write time: 176.311998 seconds; average write time: 35.262400 seconds.
Total read time: 1045.963213; average read time: 209.192643
Total time: 1222.275211, total average time: 122.227521

[2022-12-14T11:17:23] Child[10248]:
Total write time: 321.678702 seconds; average write time: 64.335740 seconds.
Total read time: 904.392408; average read time: 180.878482
Total time: 1226.071110, total average time: 122.607111

[2022-12-14T11:17:23] Child[10846]:
Total write time: 155.990673 seconds; average write time: 31.198135 seconds.
Total read time: 1069.927319; average read time: 213.985464
Total time: 1225.917992, total average time: 122.591799

[2022-12-14T11:17:24] Child[10275]:
Total write time: 280.793412 seconds; average write time: 46.798902 seconds.
Total read time: 944.177473; average read time: 236.044368
Total time: 1224.970885, total average time: 122.497089

[2022-12-14T11:17:25] Child[10167]:
Total write time: 434.737425 seconds; average write time: 72.456238 seconds.
Total read time: 793.038459; average read time: 198.259615
Total time: 1227.775884, total average time: 122.777588

[2022-12-14T11:17:25] Child[10656]:
Total write time: 272.127458 seconds; average write time: 68.031864 seconds.
Total read time: 948.319319; average read time: 158.053220
Total time: 1220.446777, total average time: 122.044678

[2022-12-14T11:17:25] Child[9971]:
Total write time: 340.078309 seconds; average write time: 56.679718 seconds.
Total read time: 887.899136; average read time: 221.974784
Total time: 1227.977445, total average time: 122.797744

[2022-12-14T11:17:27] Child[10856]:
Total write time: 572.045833 seconds; average write time: 95.340972 seconds.
Total read time: 653.385454; average read time: 163.346363
Total time: 1225.431287, total average time: 122.543129

[2022-12-14T11:17:27] Child[11705]:
Total write time: 95.080677 seconds; average write time: 19.016135 seconds.
Total read time: 1132.146687; average read time: 226.429337
Total time: 1227.227364, total average time: 122.722736

[2022-12-14T11:17:28] Child[12197]:
Total write time: 199.399103 seconds; average write time: 39.879821 seconds.
Total read time: 1027.364028; average read time: 205.472806
Total time: 1226.763131, total average time: 122.676313

[2022-12-14T11:17:29] Child[12150]:
Total write time: 240.957204 seconds; average write time: 40.159534 seconds.
Total read time: 984.617561; average read time: 246.154390
Total time: 1225.574765, total average time: 122.557477

[2022-12-14T11:17:29] Child[10197]:
Total write time: 372.393766 seconds; average write time: 53.199109 seconds.
Total read time: 854.729012; average read time: 284.909671
Total time: 1227.122778, total average time: 122.712278

[2022-12-14T11:17:29] Child[10779]:
Total write time: 452.481425 seconds; average write time: 90.496285 seconds.
Total read time: 778.271801; average read time: 155.654360
Total time: 1230.753226, total average time: 123.075323

[2022-12-14T11:17:29] Child[10317]:
Total write time: 483.884203 seconds; average write time: 96.776841 seconds.
Total read time: 745.184993; average read time: 149.036999
Total time: 1229.069196, total average time: 122.906920

[2022-12-14T11:17:29] Child[11773]:
Total write time: 292.388043 seconds; average write time: 73.097011 seconds.
Total read time: 933.647589; average read time: 155.607932
Total time: 1226.035632, total average time: 122.603563

[2022-12-14T11:17:29] Child[11812]:
Total write time: 134.101333 seconds; average write time: 26.820267 seconds.
Total read time: 1097.037039; average read time: 219.407408
Total time: 1231.138372, total average time: 123.113837

[2022-12-14T11:17:30] Child[11982]:
Total write time: 577.012101 seconds; average write time: 96.168684 seconds.
Total read time: 653.284477; average read time: 163.321119
Total time: 1230.296578, total average time: 123.029658

[2022-12-14T11:17:30] Child[12063]:
Total write time: 167.090562 seconds; average write time: 41.772641 seconds.
Total read time: 1060.252321; average read time: 176.708720
Total time: 1227.342883, total average time: 122.734288

[2022-12-14T11:17:31] Child[11828]:
Total write time: 258.634675 seconds; average write time: 36.947811 seconds.
Total read time: 973.387929; average read time: 324.462643
Total time: 1232.022604, total average time: 123.202260

[2022-12-14T11:17:31] Child[10502]:
Total write time: 702.045784 seconds; average write time: 87.755723 seconds.
Total read time: 530.066587; average read time: 265.033294
Total time: 1232.112371, total average time: 123.211237

[2022-12-14T11:17:31] Child[11439]:
Total write time: 398.836583 seconds; average write time: 79.767317 seconds.
Total read time: 832.484837; average read time: 166.496967
Total time: 1231.321420, total average time: 123.132142

[2022-12-14T11:17:31] Child[10021]:
Total write time: 525.987258 seconds; average write time: 75.141037 seconds.
Total read time: 702.324685; average read time: 234.108228
Total time: 1228.311943, total average time: 122.831194

[2022-12-14T11:17:32] Child[10868]:
Total write time: 265.658601 seconds; average write time: 44.276434 seconds.
Total read time: 965.260113; average read time: 241.315028
Total time: 1230.918714, total average time: 123.091871

[2022-12-14T11:17:32] Child[10096]:
Total write time: 482.849925 seconds; average write time: 68.978561 seconds.
Total read time: 747.267087; average read time: 249.089029
Total time: 1230.117012, total average time: 123.011701

[2022-12-14T11:17:33] Child[11897]:
Total write time: 168.539328 seconds; average write time: 42.134832 seconds.
Total read time: 1066.995540; average read time: 177.832590
Total time: 1235.534868, total average time: 123.553487

[2022-12-14T11:17:35] Child[10753]:
Total write time: 456.030210 seconds; average write time: 76.005035 seconds.
Total read time: 776.077755; average read time: 194.019439
Total time: 1232.107965, total average time: 123.210797

[2022-12-14T11:17:35] Child[11135]:
Total write time: 295.982265 seconds; average write time: 49.330377 seconds.
Total read time: 938.186736; average read time: 234.546684
Total time: 1234.169001, total average time: 123.416900

[2022-12-14T11:17:36] Child[10471]:
Total write time: 354.809378 seconds; average write time: 70.961876 seconds.
Total read time: 884.069081; average read time: 176.813816
Total time: 1238.878459, total average time: 123.887846

[2022-12-14T11:17:36] Child[10456]:
Total write time: 513.279301 seconds; average write time: 73.325614 seconds.
Total read time: 725.040692; average read time: 241.680231
Total time: 1238.319993, total average time: 123.831999

[2022-12-14T11:17:36] Child[12105]:
Total write time: 391.009016 seconds; average write time: 65.168169 seconds.
Total read time: 843.130398; average read time: 210.782600
Total time: 1234.139414, total average time: 123.413941

[2022-12-14T11:17:36] Child[10410]:
Total write time: 434.145226 seconds; average write time: 62.020747 seconds.
Total read time: 801.980952; average read time: 267.326984
Total time: 1236.126178, total average time: 123.612618

[2022-12-14T11:17:37] Child[10110]:
Total write time: 400.150746 seconds; average write time: 57.164392 seconds.
Total read time: 834.923264; average read time: 278.307755
Total time: 1235.074010, total average time: 123.507401

[2022-12-14T11:17:37] Child[11040]:
Total write time: 583.155718 seconds; average write time: 83.307960 seconds.
Total read time: 652.155668; average read time: 217.385223
Total time: 1235.311386, total average time: 123.531139

[2022-12-14T11:17:39] Child[10064]:
Total write time: 397.793531 seconds; average write time: 66.298922 seconds.
Total read time: 840.154026; average read time: 210.038507
Total time: 1237.947557, total average time: 123.794756

[2022-12-14T11:17:39] Child[11585]:
Total write time: 256.846440 seconds; average write time: 64.211610 seconds.
Total read time: 979.874393; average read time: 163.312399
Total time: 1236.720833, total average time: 123.672083

[2022-12-14T11:17:39] Child[10728]:
Total write time: 382.855772 seconds; average write time: 63.809295 seconds.
Total read time: 856.605954; average read time: 214.151488
Total time: 1239.461726, total average time: 123.946173

[2022-12-14T11:17:40] Child[11613]:
Total write time: 258.566782 seconds; average write time: 51.713356 seconds.
Total read time: 979.542414; average read time: 195.908483
Total time: 1238.109196, total average time: 123.810920

[2022-12-14T11:17:40] Child[11409]:
Total write time: 432.454880 seconds; average write time: 86.490976 seconds.
Total read time: 807.138778; average read time: 161.427756
Total time: 1239.593658, total average time: 123.959366

[2022-12-14T11:17:40] Child[11105]:
Total write time: 166.568174 seconds; average write time: 41.642043 seconds.
Total read time: 1072.416964; average read time: 178.736161
Total time: 1238.985138, total average time: 123.898514

[2022-12-14T11:17:40] Child[9937]:
Total write time: 280.300512 seconds; average write time: 56.060102 seconds.
Total read time: 959.998653; average read time: 191.999731
Total time: 1240.299165, total average time: 124.029916

[2022-12-14T11:17:40] Child[10380]:
Total write time: 196.505207 seconds; average write time: 32.750868 seconds.
Total read time: 1044.403589; average read time: 261.100897
Total time: 1240.908796, total average time: 124.090880

[2022-12-14T11:17:40] Child[11081]:
Total write time: 449.905255 seconds; average write time: 74.984209 seconds.
Total read time: 787.662927; average read time: 196.915732
Total time: 1237.568182, total average time: 123.756818

[2022-12-14T11:17:40] Child[11108]:
Total write time: 49.686553 seconds; average write time: 16.562184 seconds.
Total read time: 1191.981573; average read time: 170.283082
Total time: 1241.668126, total average time: 124.166813

[2022-12-14T11:17:41] Child[11727]:
Total write time: 642.684300 seconds; average write time: 91.812043 seconds.
Total read time: 598.586552; average read time: 199.528851
Total time: 1241.270852, total average time: 124.127085

[2022-12-14T11:17:41] Child[10391]:
Total write time: 419.852652 seconds; average write time: 59.978950 seconds.
Total read time: 822.637989; average read time: 274.212663
Total time: 1242.490641, total average time: 124.249064

[2022-12-14T11:17:42] Child[12071]:
Total write time: 592.870039 seconds; average write time: 98.811673 seconds.
Total read time: 643.673753; average read time: 160.918438
Total time: 1236.543792, total average time: 123.654379

[2022-12-14T11:17:43] Child[11726]:
Total write time: 227.721981 seconds; average write time: 45.544396 seconds.
Total read time: 1012.828444; average read time: 202.565689
Total time: 1240.550425, total average time: 124.055042

[2022-12-14T11:17:44] Child[11502]:
Total write time: 416.853943 seconds; average write time: 69.475657 seconds.
Total read time: 830.061428; average read time: 207.515357
Total time: 1246.915371, total average time: 124.691537

[2022-12-14T11:17:44] Child[10645]:
Total write time: 236.186261 seconds; average write time: 47.237252 seconds.
Total read time: 1009.713477; average read time: 201.942695
Total time: 1245.899738, total average time: 124.589974

[2022-12-14T11:17:45] Child[9947]:
Total write time: 332.114798 seconds; average write time: 55.352466 seconds.
Total read time: 914.590062; average read time: 228.647515
Total time: 1246.704860, total average time: 124.670486

[2022-12-14T11:17:46] Child[10716]:
Total write time: 156.308908 seconds; average write time: 31.261782 seconds.
Total read time: 1090.365259; average read time: 218.073052
Total time: 1246.674167, total average time: 124.667417

[2022-12-14T11:17:46] Child[12031]:
Total write time: 273.725704 seconds; average write time: 54.745141 seconds.
Total read time: 974.782424; average read time: 194.956485
Total time: 1248.508128, total average time: 124.850813

[2022-12-14T11:17:47] Child[11550]:
Total write time: 639.165110 seconds; average write time: 106.527518 seconds.
Total read time: 607.766120; average read time: 151.941530
Total time: 1246.931230, total average time: 124.693123

[2022-12-14T11:17:47] Child[11684]:
Total write time: 578.422923 seconds; average write time: 82.631846 seconds.
Total read time: 665.582396; average read time: 221.860799
Total time: 1244.005319, total average time: 124.400532

[2022-12-14T11:17:48] Child[10105]:
Total write time: 204.370291 seconds; average write time: 40.874058 seconds.
Total read time: 1042.332019; average read time: 208.466404
Total time: 1246.702310, total average time: 124.670231

[2022-12-14T11:17:48] Child[10094]:
Total write time: 194.002536 seconds; average write time: 32.333756 seconds.
Total read time: 1051.781218; average read time: 262.945305
Total time: 1245.783754, total average time: 124.578375

[2022-12-14T11:17:48] Child[10664]:
Total write time: 38.735219 seconds; average write time: 12.911740 seconds.
Total read time: 1209.355089; average read time: 172.765013
Total time: 1248.090308, total average time: 124.809031

[2022-12-14T11:17:49] Child[11559]:
Total write time: 432.657920 seconds; average write time: 72.109653 seconds.
Total read time: 813.422213; average read time: 203.355553
Total time: 1246.080133, total average time: 124.608013

[2022-12-14T11:17:49] Child[10396]:
Total write time: 280.210383 seconds; average write time: 56.042077 seconds.
Total read time: 969.445265; average read time: 193.889053
Total time: 1249.655648, total average time: 124.965565

[2022-12-14T11:17:49] Child[10436]:
Total write time: 635.195969 seconds; average write time: 90.742281 seconds.
Total read time: 611.709729; average read time: 203.903243
Total time: 1246.905698, total average time: 124.690570

[2022-12-14T11:17:50] Child[11708]:
Total write time: 389.694329 seconds; average write time: 64.949055 seconds.
Total read time: 857.488483; average read time: 214.372121
Total time: 1247.182812, total average time: 124.718281

[2022-12-14T11:17:50] Child[12200]:
Total write time: 481.529160 seconds; average write time: 80.254860 seconds.
Total read time: 768.857396; average read time: 192.214349
Total time: 1250.386556, total average time: 125.038656

[2022-12-14T11:17:50] Child[10296]:
Total write time: 581.993734 seconds; average write time: 83.141962 seconds.
Total read time: 665.367418; average read time: 221.789139
Total time: 1247.361152, total average time: 124.736115

[2022-12-14T11:17:51] Child[10993]:
Total write time: 565.312073 seconds; average write time: 113.062415 seconds.
Total read time: 686.999987; average read time: 137.399997
Total time: 1252.312060, total average time: 125.231206

[2022-12-14T11:17:51] Child[10366]:
Total write time: 529.337941 seconds; average write time: 75.619706 seconds.
Total read time: 721.769155; average read time: 240.589718
Total time: 1251.107096, total average time: 125.110710

[2022-12-14T11:17:51] Child[9987]:
Total write time: 434.858016 seconds; average write time: 62.122574 seconds.
Total read time: 818.026121; average read time: 272.675374
Total time: 1252.884137, total average time: 125.288414

[2022-12-14T11:17:52] Child[11567]:
Total write time: 159.631497 seconds; average write time: 26.605249 seconds.
Total read time: 1088.978905; average read time: 272.244726
Total time: 1248.610402, total average time: 124.861040

[2022-12-14T11:17:53] Child[11901]:
Total write time: 331.281718 seconds; average write time: 82.820430 seconds.
Total read time: 923.898124; average read time: 153.983021
Total time: 1255.179842, total average time: 125.517984

[2022-12-14T11:17:53] Child[11890]:
Total write time: 550.984899 seconds; average write time: 78.712128 seconds.
Total read time: 704.751394; average read time: 234.917131
Total time: 1255.736293, total average time: 125.573629

[2022-12-14T11:17:54] Child[10319]:
Total write time: 591.134976 seconds; average write time: 98.522496 seconds.
Total read time: 662.654797; average read time: 165.663699
Total time: 1253.789773, total average time: 125.378977

[2022-12-14T11:17:54] Child[11637]:
Total write time: 174.377633 seconds; average write time: 34.875527 seconds.
Total read time: 1077.605808; average read time: 215.521162
Total time: 1251.983441, total average time: 125.198344

[2022-12-14T11:17:54] Child[10973]:
Total write time: 354.787965 seconds; average write time: 59.131327 seconds.
Total read time: 900.827971; average read time: 225.206993
Total time: 1255.615936, total average time: 125.561594

[2022-12-14T11:17:54] Child[10438]:
Total write time: 404.069654 seconds; average write time: 67.344942 seconds.
Total read time: 849.689359; average read time: 212.422340
Total time: 1253.759013, total average time: 125.375901

[2022-12-14T11:17:54] Child[11590]:
Total write time: 399.279997 seconds; average write time: 79.855999 seconds.
Total read time: 855.060032; average read time: 171.012006
Total time: 1254.340029, total average time: 125.434003

[2022-12-14T11:17:54] Child[11811]:
Total write time: 271.607665 seconds; average write time: 54.321533 seconds.
Total read time: 981.511249; average read time: 196.302250
Total time: 1253.118914, total average time: 125.311891

[2022-12-14T11:17:54] Child[10081]:
Total write time: 500.953630 seconds; average write time: 71.564804 seconds.
Total read time: 750.839816; average read time: 250.279939
Total time: 1251.793446, total average time: 125.179345

[2022-12-14T11:17:56] Child[10810]:
Total write time: 548.515318 seconds; average write time: 78.359331 seconds.
Total read time: 709.375669; average read time: 236.458556
Total time: 1257.890987, total average time: 125.789099

[2022-12-14T11:17:56] Child[10104]:
Total write time: 657.845675 seconds; average write time: 109.640946 seconds.
Total read time: 598.029928; average read time: 149.507482
Total time: 1255.875603, total average time: 125.587560

[2022-12-14T11:17:56] Child[10030]:
Total write time: 89.670599 seconds; average write time: 22.417650 seconds.
Total read time: 1169.153135; average read time: 194.858856
Total time: 1258.823734, total average time: 125.882373

[2022-12-14T11:17:57] Child[10599]:
Total write time: 471.329038 seconds; average write time: 94.265808 seconds.
Total read time: 785.353941; average read time: 157.070788
Total time: 1256.682979, total average time: 125.668298

[2022-12-14T11:17:58] Child[11734]:
Total write time: 626.238881 seconds; average write time: 104.373147 seconds.
Total read time: 630.378606; average read time: 157.594651
Total time: 1256.617487, total average time: 125.661749

[2022-12-14T11:17:58] Child[11202]:
Total write time: 224.431359 seconds; average write time: 37.405226 seconds.
Total read time: 1032.527626; average read time: 258.131907
Total time: 1256.958985, total average time: 125.695898

[2022-12-14T11:17:58] Child[11717]:
Total write time: 334.149740 seconds; average write time: 47.735677 seconds.
Total read time: 922.274849; average read time: 307.424950
Total time: 1256.424589, total average time: 125.642459

[2022-12-14T11:17:58] Child[10480]:
Total write time: 613.350059 seconds; average write time: 87.621437 seconds.
Total read time: 642.562701; average read time: 214.187567
Total time: 1255.912760, total average time: 125.591276

[2022-12-14T11:17:58] Child[11368]:
Total write time: 631.279810 seconds; average write time: 90.182830 seconds.
Total read time: 626.153707; average read time: 208.717902
Total time: 1257.433517, total average time: 125.743352

[2022-12-14T11:17:59] Child[11315]:
Total write time: 303.651461 seconds; average write time: 60.730292 seconds.
Total read time: 955.688538; average read time: 191.137708
Total time: 1259.339999, total average time: 125.934000

[2022-12-14T11:17:59] Child[11260]:
Total write time: 482.423969 seconds; average write time: 96.484794 seconds.
Total read time: 777.233888; average read time: 155.446778
Total time: 1259.657857, total average time: 125.965786

[2022-12-14T11:18:01] Child[12073]:
Total write time: 316.034834 seconds; average write time: 52.672472 seconds.
Total read time: 943.110208; average read time: 235.777552
Total time: 1259.145042, total average time: 125.914504

[2022-12-14T11:18:01] Child[10579]:
Total write time: 406.919814 seconds; average write time: 81.383963 seconds.
Total read time: 857.315535; average read time: 171.463107
Total time: 1264.235349, total average time: 126.423535

[2022-12-14T11:18:02] Child[10339]:
Total write time: 586.106003 seconds; average write time: 97.684334 seconds.
Total read time: 675.686657; average read time: 168.921664
Total time: 1261.792660, total average time: 126.179266

[2022-12-14T11:18:02] Child[9938]:
Total write time: 452.290114 seconds; average write time: 75.381686 seconds.
Total read time: 808.151809; average read time: 202.037952
Total time: 1260.441923, total average time: 126.044192

[2022-12-14T11:18:02] Child[10965]:
Total write time: 351.164842 seconds; average write time: 70.232968 seconds.
Total read time: 908.863017; average read time: 181.772603
Total time: 1260.027859, total average time: 126.002786

[2022-12-14T11:18:02] Child[11044]:
Total write time: 285.645352 seconds; average write time: 57.129070 seconds.
Total read time: 976.894823; average read time: 195.378965
Total time: 1262.540175, total average time: 126.254018

[2022-12-14T11:18:03] Child[11904]:
Total write time: 820.134210 seconds; average write time: 102.516776 seconds.
Total read time: 445.508830; average read time: 222.754415
Total time: 1265.643040, total average time: 126.564304

[2022-12-14T11:18:03] Child[11328]:
Total write time: 569.073643 seconds; average write time: 81.296235 seconds.
Total read time: 694.497822; average read time: 231.499274
Total time: 1263.571465, total average time: 126.357146

[2022-12-14T11:18:04] Child[11415]:
Total write time: 255.968592 seconds; average write time: 51.193718 seconds.
Total read time: 1006.268929; average read time: 201.253786
Total time: 1262.237521, total average time: 126.223752

[2022-12-14T11:18:04] Child[11724]:
Total write time: 624.231259 seconds; average write time: 89.175894 seconds.
Total read time: 638.479523; average read time: 212.826508
Total time: 1262.710782, total average time: 126.271078

[2022-12-14T11:18:04] Child[10101]:
Total write time: 537.477662 seconds; average write time: 107.495532 seconds.
Total read time: 725.115779; average read time: 145.023156
Total time: 1262.593441, total average time: 126.259344

[2022-12-14T11:18:04] Child[11194]:
Total write time: 275.623912 seconds; average write time: 68.905978 seconds.
Total read time: 986.534047; average read time: 164.422341
Total time: 1262.157959, total average time: 126.215796

[2022-12-14T11:18:05] Child[11178]:
Total write time: 102.505932 seconds; average write time: 20.501186 seconds.
Total read time: 1160.681958; average read time: 232.136392
Total time: 1263.187890, total average time: 126.318789

[2022-12-14T11:18:05] Child[11991]:
Total write time: 608.650718 seconds; average write time: 86.950103 seconds.
Total read time: 656.678287; average read time: 218.892762
Total time: 1265.329005, total average time: 126.532900

[2022-12-14T11:18:05] Child[11994]:
Total write time: 397.505959 seconds; average write time: 79.501192 seconds.
Total read time: 866.399760; average read time: 173.279952
Total time: 1263.905719, total average time: 126.390572

[2022-12-14T11:18:06] Child[12167]:
Total write time: 235.777303 seconds; average write time: 47.155461 seconds.
Total read time: 1030.691865; average read time: 206.138373
Total time: 1266.469168, total average time: 126.646917

[2022-12-14T11:18:06] Child[10402]:
Total write time: 403.291928 seconds; average write time: 80.658386 seconds.
Total read time: 865.155468; average read time: 173.031094
Total time: 1268.447396, total average time: 126.844740

[2022-12-14T11:18:06] Child[11690]:
Total write time: 437.934600 seconds; average write time: 72.989100 seconds.
Total read time: 827.703607; average read time: 206.925902
Total time: 1265.638207, total average time: 126.563821

[2022-12-14T11:18:06] Child[10298]:
Total write time: 503.862649 seconds; average write time: 83.977108 seconds.
Total read time: 764.087005; average read time: 191.021751
Total time: 1267.949654, total average time: 126.794965

[2022-12-14T11:18:06] Child[10748]:
Total write time: 382.124556 seconds; average write time: 63.687426 seconds.
Total read time: 889.077505; average read time: 222.269376
Total time: 1271.202061, total average time: 127.120206

[2022-12-14T11:18:07] Child[10996]:
Total write time: 362.744252 seconds; average write time: 60.457375 seconds.
Total read time: 903.888545; average read time: 225.972136
Total time: 1266.632797, total average time: 126.663280

[2022-12-14T11:18:07] Child[11471]:
Total write time: 152.315552 seconds; average write time: 21.759365 seconds.
Total read time: 1117.351284; average read time: 372.450428
Total time: 1269.666836, total average time: 126.966684

[2022-12-14T11:18:07] Child[11907]:
Total write time: 105.336332 seconds; average write time: 26.334083 seconds.
Total read time: 1164.848256; average read time: 194.141376
Total time: 1270.184588, total average time: 127.018459

[2022-12-14T11:18:07] Child[10483]:
Total write time: 165.480909 seconds; average write time: 33.096182 seconds.
Total read time: 1098.704182; average read time: 219.740836
Total time: 1264.185091, total average time: 126.418509

[2022-12-14T11:18:08] Child[11623]:
Total write time: 462.559987 seconds; average write time: 77.093331 seconds.
Total read time: 805.586234; average read time: 201.396558
Total time: 1268.146221, total average time: 126.814622

[2022-12-14T11:18:08] Child[11650]:
Total write time: 576.513206 seconds; average write time: 96.085534 seconds.
Total read time: 693.229966; average read time: 173.307491
Total time: 1269.743172, total average time: 126.974317

[2022-12-14T11:18:09] Child[11954]:
Total write time: 340.091884 seconds; average write time: 48.584555 seconds.
Total read time: 929.458635; average read time: 309.819545
Total time: 1269.550519, total average time: 126.955052

[2022-12-14T11:18:09] Child[11736]:
Total write time: 501.383041 seconds; average write time: 83.563840 seconds.
Total read time: 769.770718; average read time: 192.442679
Total time: 1271.153759, total average time: 127.115376

[2022-12-14T11:18:09] Child[11772]:
Total write time: 293.043150 seconds; average write time: 48.840525 seconds.
Total read time: 976.412845; average read time: 244.103211
Total time: 1269.455995, total average time: 126.945600

[2022-12-14T11:18:10] Child[11878]:
Total write time: 324.521727 seconds; average write time: 108.173909 seconds.
Total read time: 949.711115; average read time: 135.673016
Total time: 1274.232842, total average time: 127.423284

[2022-12-14T11:18:11] Child[10809]:
Total write time: 294.226513 seconds; average write time: 73.556628 seconds.
Total read time: 975.745752; average read time: 162.624292
Total time: 1269.972265, total average time: 126.997226

[2022-12-14T11:18:11] Child[12154]:
Total write time: 200.702166 seconds; average write time: 50.175542 seconds.
Total read time: 1068.174318; average read time: 178.029053
Total time: 1268.876484, total average time: 126.887648

[2022-12-14T11:18:12] Child[10499]:
Total write time: 616.245673 seconds; average write time: 88.035096 seconds.
Total read time: 656.260284; average read time: 218.753428
Total time: 1272.505957, total average time: 127.250596

[2022-12-14T11:18:13] Child[12082]:
Total write time: 409.604532 seconds; average write time: 81.920906 seconds.
Total read time: 866.058590; average read time: 173.211718
Total time: 1275.663122, total average time: 127.566312

[2022-12-14T11:18:13] Child[12019]:
Total write time: 576.117292 seconds; average write time: 82.302470 seconds.
Total read time: 697.878359; average read time: 232.626120
Total time: 1273.995651, total average time: 127.399565

[2022-12-14T11:18:14] Child[10153]:
Total write time: 357.913750 seconds; average write time: 59.652292 seconds.
Total read time: 916.923455; average read time: 229.230864
Total time: 1274.837205, total average time: 127.483721

[2022-12-14T11:18:15] Child[10268]:
Total write time: 392.042553 seconds; average write time: 78.408511 seconds.
Total read time: 883.139532; average read time: 176.627906
Total time: 1275.182085, total average time: 127.518209

[2022-12-14T11:18:15] Child[9921]:
Total write time: 399.464314 seconds; average write time: 79.892863 seconds.
Total read time: 876.113360; average read time: 175.222672
Total time: 1275.577674, total average time: 127.557767

[2022-12-14T11:18:15] Child[10374]:
Total write time: 620.364323 seconds; average write time: 88.623475 seconds.
Total read time: 652.913359; average read time: 217.637786
Total time: 1273.277682, total average time: 127.327768

[2022-12-14T11:18:16] Child[12136]:
Total write time: 523.071461 seconds; average write time: 74.724494 seconds.
Total read time: 755.054086; average read time: 251.684695
Total time: 1278.125547, total average time: 127.812555

[2022-12-14T11:18:16] Child[10192]:
Total write time: 310.346262 seconds; average write time: 51.724377 seconds.
Total read time: 968.425431; average read time: 242.106358
Total time: 1278.771693, total average time: 127.877169

[2022-12-14T11:18:16] Child[11555]:
Total write time: 358.440473 seconds; average write time: 51.205782 seconds.
Total read time: 917.409307; average read time: 305.803102
Total time: 1275.849780, total average time: 127.584978

[2022-12-14T11:18:16] Child[11131]:
Total write time: 785.382454 seconds; average write time: 112.197493 seconds.
Total read time: 492.804515; average read time: 164.268172
Total time: 1278.186969, total average time: 127.818697

[2022-12-14T11:18:16] Child[10717]:
Total write time: 629.080958 seconds; average write time: 89.868708 seconds.
Total read time: 647.286406; average read time: 215.762135
Total time: 1276.367364, total average time: 127.636736

[2022-12-14T11:18:17] Child[12067]:
Total write time: 329.375380 seconds; average write time: 47.053626 seconds.
Total read time: 943.081206; average read time: 314.360402
Total time: 1272.456586, total average time: 127.245659

[2022-12-14T11:18:18] Child[11511]:
Total write time: 514.453931 seconds; average write time: 85.742322 seconds.
Total read time: 761.877455; average read time: 190.469364
Total time: 1276.331386, total average time: 127.633139

[2022-12-14T11:18:18] Child[12115]:
Total write time: 43.941552 seconds; average write time: 14.647184 seconds.
Total read time: 1234.362919; average read time: 176.337560
Total time: 1278.304471, total average time: 127.830447

[2022-12-14T11:18:19] Child[10417]:
Total write time: 277.481805 seconds; average write time: 55.496361 seconds.
Total read time: 1003.984177; average read time: 200.796835
Total time: 1281.465982, total average time: 128.146598

[2022-12-14T11:18:19] Child[11311]:
Total write time: 408.201634 seconds; average write time: 68.033606 seconds.
Total read time: 868.261533; average read time: 217.065383
Total time: 1276.463167, total average time: 127.646317

[2022-12-14T11:18:19] Child[11630]:
Total write time: 282.390870 seconds; average write time: 70.597718 seconds.
Total read time: 992.387395; average read time: 165.397899
Total time: 1274.778265, total average time: 127.477827

[2022-12-14T11:18:19] Child[11928]:
Total write time: 327.631319 seconds; average write time: 65.526264 seconds.
Total read time: 946.685469; average read time: 189.337094
Total time: 1274.316788, total average time: 127.431679

[2022-12-14T11:18:20] Child[12110]:
Total write time: 262.413640 seconds; average write time: 43.735607 seconds.
Total read time: 1015.189688; average read time: 253.797422
Total time: 1277.603328, total average time: 127.760333

[2022-12-14T11:18:21] Child[10517]:
Total write time: 72.146491 seconds; average write time: 24.048830 seconds.
Total read time: 1206.918156; average read time: 172.416879
Total time: 1279.064647, total average time: 127.906465

[2022-12-14T11:18:21] Child[11652]:
Total write time: 252.849085 seconds; average write time: 50.569817 seconds.
Total read time: 1026.267627; average read time: 205.253525
Total time: 1279.116712, total average time: 127.911671

[2022-12-14T11:18:21] Child[11731]:
Total write time: 172.081223 seconds; average write time: 28.680204 seconds.
Total read time: 1110.684114; average read time: 277.671028
Total time: 1282.765337, total average time: 128.276534

[2022-12-14T11:18:21] Child[12059]:
Total write time: 473.985774 seconds; average write time: 78.997629 seconds.
Total read time: 805.145122; average read time: 201.286281
Total time: 1279.130896, total average time: 127.913090

[2022-12-14T11:18:21] Child[10140]:
Total write time: 228.618975 seconds; average write time: 57.154744 seconds.
Total read time: 1051.711081; average read time: 175.285180
Total time: 1280.330056, total average time: 128.033006

[2022-12-14T11:18:22] Child[10213]:
Total write time: 365.675277 seconds; average write time: 91.418819 seconds.
Total read time: 918.344137; average read time: 153.057356
Total time: 1284.019414, total average time: 128.401941

[2022-12-14T11:18:22] Child[9894]:
Total write time: 407.420419 seconds; average write time: 67.903403 seconds.
Total read time: 874.336688; average read time: 218.584172
Total time: 1281.757107, total average time: 128.175711

[2022-12-14T11:18:23] Child[12128]:
Total write time: 391.758828 seconds; average write time: 55.965547 seconds.
Total read time: 889.250731; average read time: 296.416910
Total time: 1281.009559, total average time: 128.100956

[2022-12-14T11:18:23] Child[10132]:
Total write time: 494.512017 seconds; average write time: 98.902403 seconds.
Total read time: 789.269045; average read time: 157.853809
Total time: 1283.781062, total average time: 128.378106

[2022-12-14T11:18:24] Child[11218]:
Total write time: 666.382643 seconds; average write time: 95.197520 seconds.
Total read time: 616.893861; average read time: 205.631287
Total time: 1283.276504, total average time: 128.327650

[2022-12-14T11:18:24] Child[11470]:
Total write time: 499.116757 seconds; average write time: 83.186126 seconds.
Total read time: 785.521098; average read time: 196.380275
Total time: 1284.637855, total average time: 128.463786

[2022-12-14T11:18:24] Child[10531]:
Total write time: 474.266135 seconds; average write time: 94.853227 seconds.
Total read time: 808.273570; average read time: 161.654714
Total time: 1282.539705, total average time: 128.253971

[2022-12-14T11:18:25] Child[11449]:
Total write time: 447.502844 seconds; average write time: 63.928978 seconds.
Total read time: 841.605660; average read time: 280.535220
Total time: 1289.108504, total average time: 128.910850

[2022-12-14T11:18:25] Child[10504]:
Total write time: 315.544984 seconds; average write time: 52.590831 seconds.
Total read time: 969.148315; average read time: 242.287079
Total time: 1284.693299, total average time: 128.469330

[2022-12-14T11:18:26] Child[10539]:
Total write time: 368.135636 seconds; average write time: 61.355939 seconds.
Total read time: 920.269500; average read time: 230.067375
Total time: 1288.405136, total average time: 128.840514

[2022-12-14T11:18:26] Child[10476]:
Total write time: 118.610053 seconds; average write time: 29.652513 seconds.
Total read time: 1167.315301; average read time: 194.552550
Total time: 1285.925354, total average time: 128.592535

[2022-12-14T11:18:26] Child[10178]:
Total write time: 355.586865 seconds; average write time: 59.264477 seconds.
Total read time: 929.419385; average read time: 232.354846
Total time: 1285.006250, total average time: 128.500625

[2022-12-14T11:18:27] Child[10333]:
Total write time: 853.501680 seconds; average write time: 121.928811 seconds.
Total read time: 432.311929; average read time: 144.103976
Total time: 1285.813609, total average time: 128.581361

[2022-12-14T11:18:27] Child[12131]:
Total write time: 201.590390 seconds; average write time: 40.318078 seconds.
Total read time: 1083.638521; average read time: 216.727704
Total time: 1285.228911, total average time: 128.522891

[2022-12-14T11:18:27] Child[11923]:
Total write time: 685.238682 seconds; average write time: 97.891240 seconds.
Total read time: 598.030852; average read time: 199.343617
Total time: 1283.269534, total average time: 128.326953

[2022-12-14T11:18:27] Child[11647]:
Total write time: 284.760884 seconds; average write time: 56.952177 seconds.
Total read time: 1000.805781; average read time: 200.161156
Total time: 1285.566665, total average time: 128.556667

[2022-12-14T11:18:27] Child[11327]:
Total write time: 425.623181 seconds; average write time: 85.124636 seconds.
Total read time: 861.956706; average read time: 172.391341
Total time: 1287.579887, total average time: 128.757989

[2022-12-14T11:18:27] Child[10224]:
Total write time: 431.530834 seconds; average write time: 71.921806 seconds.
Total read time: 854.856880; average read time: 213.714220
Total time: 1286.387714, total average time: 128.638771

[2022-12-14T11:18:27] Child[11057]:
Total write time: 565.141237 seconds; average write time: 94.190206 seconds.
Total read time: 720.596828; average read time: 180.149207
Total time: 1285.738065, total average time: 128.573806

[2022-12-14T11:18:28] Child[11419]:
Total write time: 172.524246 seconds; average write time: 57.508082 seconds.
Total read time: 1115.131808; average read time: 159.304544
Total time: 1287.656054, total average time: 128.765605

[2022-12-14T11:18:28] Child[11742]:
Total write time: 718.777199 seconds; average write time: 119.796200 seconds.
Total read time: 571.220731; average read time: 142.805183
Total time: 1289.997930, total average time: 128.999793

[2022-12-14T11:18:28] Child[11626]:
Total write time: 383.426550 seconds; average write time: 76.685310 seconds.
Total read time: 903.666373; average read time: 180.733275
Total time: 1287.092923, total average time: 128.709292

[2022-12-14T11:18:29] Child[10293]:
Total write time: 436.161276 seconds; average write time: 72.693546 seconds.
Total read time: 850.082205; average read time: 212.520551
Total time: 1286.243481, total average time: 128.624348

[2022-12-14T11:18:29] Child[12120]:
Total write time: 481.598858 seconds; average write time: 96.319772 seconds.
Total read time: 808.624106; average read time: 161.724821
Total time: 1290.222964, total average time: 129.022296

[2022-12-14T11:18:29] Child[11106]:
Total write time: 320.938987 seconds; average write time: 80.234747 seconds.
Total read time: 965.596065; average read time: 160.932678
Total time: 1286.535052, total average time: 128.653505

[2022-12-14T11:18:30] Child[10600]:
Total write time: 253.047910 seconds; average write time: 50.609582 seconds.
Total read time: 1035.997770; average read time: 207.199554
Total time: 1289.045680, total average time: 128.904568

[2022-12-14T11:18:30] Child[10510]:
Total write time: 201.159805 seconds; average write time: 40.231961 seconds.
Total read time: 1088.870562; average read time: 217.774112
Total time: 1290.030367, total average time: 129.003037

[2022-12-14T11:18:30] Child[11634]:
Total write time: 278.113408 seconds; average write time: 55.622682 seconds.
Total read time: 1009.915979; average read time: 201.983196
Total time: 1288.029387, total average time: 128.802939

[2022-12-14T11:18:31] Child[11424]:
Total write time: 378.639569 seconds; average write time: 63.106595 seconds.
Total read time: 913.118757; average read time: 228.279689
Total time: 1291.758326, total average time: 129.175833

[2022-12-14T11:18:31] Child[10199]:
Total write time: 444.853912 seconds; average write time: 88.970782 seconds.
Total read time: 846.776804; average read time: 169.355361
Total time: 1291.630716, total average time: 129.163072

[2022-12-14T11:18:31] Child[11668]:
Total write time: 437.604175 seconds; average write time: 87.520835 seconds.
Total read time: 852.076621; average read time: 170.415324
Total time: 1289.680796, total average time: 128.968080

[2022-12-14T11:18:31] Child[12100]:
Total write time: 451.427311 seconds; average write time: 64.489616 seconds.
Total read time: 841.919485; average read time: 280.639828
Total time: 1293.346796, total average time: 129.334680

[2022-12-14T11:18:32] Child[11015]:
Total write time: 441.139752 seconds; average write time: 110.284938 seconds.
Total read time: 851.597551; average read time: 141.932925
Total time: 1292.737303, total average time: 129.273730

[2022-12-14T11:18:32] Child[11854]:
Total write time: 327.805381 seconds; average write time: 81.951345 seconds.
Total read time: 964.213790; average read time: 160.702298
Total time: 1292.019171, total average time: 129.201917

[2022-12-14T11:18:32] Child[10155]:
Total write time: 400.328287 seconds; average write time: 100.082072 seconds.
Total read time: 894.833400; average read time: 149.138900
Total time: 1295.161687, total average time: 129.516169

[2022-12-14T11:18:33] Child[11375]:
Total write time: 448.430302 seconds; average write time: 74.738384 seconds.
Total read time: 843.355209; average read time: 210.838802
Total time: 1291.785511, total average time: 129.178551

[2022-12-14T11:18:33] Child[10229]:
Total write time: 184.188259 seconds; average write time: 46.047065 seconds.
Total read time: 1106.882439; average read time: 184.480406
Total time: 1291.070698, total average time: 129.107070

[2022-12-14T11:18:33] Child[11926]:
Total write time: 630.531844 seconds; average write time: 90.075978 seconds.
Total read time: 658.981506; average read time: 219.660502
Total time: 1289.513350, total average time: 128.951335

[2022-12-14T11:18:33] Child[11374]:
Total write time: 8.410282 seconds; average write time: 4.205141 seconds.
Total read time: 1284.043826; average read time: 160.505478
Total time: 1292.454108, total average time: 129.245411

[2022-12-14T11:18:33] Child[11248]:
Total write time: 601.643679 seconds; average write time: 100.273946 seconds.
Total read time: 690.694650; average read time: 172.673663
Total time: 1292.338329, total average time: 129.233833

[2022-12-14T11:18:34] Child[11164]:
Total write time: 313.143430 seconds; average write time: 52.190572 seconds.
Total read time: 979.457969; average read time: 244.864492
Total time: 1292.601399, total average time: 129.260140

[2022-12-14T11:18:34] Child[11988]:
Total write time: 87.799264 seconds; average write time: 29.266421 seconds.
Total read time: 1211.272674; average read time: 173.038953
Total time: 1299.071938, total average time: 129.907194

[2022-12-14T11:18:34] Child[11444]:
Total write time: 688.546004 seconds; average write time: 114.757667 seconds.
Total read time: 601.677430; average read time: 150.419357
Total time: 1290.223434, total average time: 129.022343

[2022-12-14T11:18:34] Child[10972]:
Total write time: 300.310458 seconds; average write time: 60.062092 seconds.
Total read time: 994.039348; average read time: 198.807870
Total time: 1294.349806, total average time: 129.434981

[2022-12-14T11:18:35] Child[11900]:
Total write time: 294.748226 seconds; average write time: 49.124704 seconds.
Total read time: 1000.791299; average read time: 250.197825
Total time: 1295.539525, total average time: 129.553953

[2022-12-14T11:18:35] Child[11037]:
Total write time: 295.381881 seconds; average write time: 59.076376 seconds.
Total read time: 999.796251; average read time: 199.959250
Total time: 1295.178132, total average time: 129.517813

[2022-12-14T11:18:35] Child[10137]:
Total write time: 534.159786 seconds; average write time: 89.026631 seconds.
Total read time: 761.897881; average read time: 190.474470
Total time: 1296.057667, total average time: 129.605767

[2022-12-14T11:18:35] Child[11806]:
Total write time: 225.439241 seconds; average write time: 45.087848 seconds.
Total read time: 1072.399323; average read time: 214.479865
Total time: 1297.838564, total average time: 129.783856

[2022-12-14T11:18:36] Child[10053]:
Total write time: 632.268225 seconds; average write time: 90.324032 seconds.
Total read time: 665.191900; average read time: 221.730633
Total time: 1297.460125, total average time: 129.746013

[2022-12-14T11:18:36] Child[11281]:
Total write time: 311.133054 seconds; average write time: 51.855509 seconds.
Total read time: 981.297387; average read time: 245.324347
Total time: 1292.430441, total average time: 129.243044

[2022-12-14T11:18:36] Child[10340]:
Total write time: 185.571650 seconds; average write time: 30.928608 seconds.
Total read time: 1107.054740; average read time: 276.763685
Total time: 1292.626390, total average time: 129.262639

[2022-12-14T11:18:36] Child[11042]:
Total write time: 356.337535 seconds; average write time: 71.267507 seconds.
Total read time: 940.953297; average read time: 188.190659
Total time: 1297.290832, total average time: 129.729083

[2022-12-14T11:18:36] Child[10564]:
Total write time: 173.430918 seconds; average write time: 43.357729 seconds.
Total read time: 1120.810297; average read time: 186.801716
Total time: 1294.241215, total average time: 129.424122

[2022-12-14T11:18:38] Child[11287]:
Total write time: 204.622920 seconds; average write time: 40.924584 seconds.
Total read time: 1093.760755; average read time: 218.752151
Total time: 1298.383675, total average time: 129.838368

[2022-12-14T11:18:38] Child[10796]:
Total write time: 355.270691 seconds; average write time: 71.054138 seconds.
Total read time: 940.048391; average read time: 188.009678
Total time: 1295.319082, total average time: 129.531908

[2022-12-14T11:18:38] Child[10781]:
Total write time: 370.404808 seconds; average write time: 92.601202 seconds.
Total read time: 923.672740; average read time: 153.945457
Total time: 1294.077548, total average time: 129.407755

[2022-12-14T11:18:40] Child[11861]:
Total write time: 517.505071 seconds; average write time: 129.376268 seconds.
Total read time: 783.700563; average read time: 130.616760
Total time: 1301.205634, total average time: 130.120563

[2022-12-14T11:18:40] Child[11262]:
Total write time: 211.862293 seconds; average write time: 52.965573 seconds.
Total read time: 1090.205490; average read time: 181.700915
Total time: 1302.067783, total average time: 130.206778

[2022-12-14T11:18:41] Child[11946]:
Total write time: 944.251352 seconds; average write time: 118.031419 seconds.
Total read time: 358.869110; average read time: 179.434555
Total time: 1303.120462, total average time: 130.312046

[2022-12-14T11:18:41] Child[11473]:
Total write time: 139.571914 seconds; average write time: 46.523971 seconds.
Total read time: 1159.897831; average read time: 165.699690
Total time: 1299.469745, total average time: 129.946975

[2022-12-14T11:18:41] Child[9920]:
Total write time: 144.004395 seconds; average write time: 36.001099 seconds.
Total read time: 1159.070971; average read time: 193.178495
Total time: 1303.075366, total average time: 130.307537

[2022-12-14T11:18:43] Child[11323]:
Total write time: 233.210796 seconds; average write time: 46.642159 seconds.
Total read time: 1067.432397; average read time: 213.486479
Total time: 1300.643193, total average time: 130.064319

[2022-12-14T11:18:43] Child[12188]:
Total write time: 428.874250 seconds; average write time: 71.479042 seconds.
Total read time: 869.945163; average read time: 217.486291
Total time: 1298.819413, total average time: 129.881941

[2022-12-14T11:18:43] Child[11065]:
Total write time: 197.947610 seconds; average write time: 49.486902 seconds.
Total read time: 1104.359409; average read time: 184.059901
Total time: 1302.307019, total average time: 130.230702

[2022-12-14T11:18:43] Child[10688]:
Total write time: 669.493327 seconds; average write time: 95.641904 seconds.
Total read time: 635.624626; average read time: 211.874875
Total time: 1305.117953, total average time: 130.511795

[2022-12-14T11:18:43] Child[10836]:
Total write time: 245.751847 seconds; average write time: 61.437962 seconds.
Total read time: 1061.379381; average read time: 176.896564
Total time: 1307.131228, total average time: 130.713123

[2022-12-14T11:18:43] Child[11016]:
Total write time: 432.901075 seconds; average write time: 86.580215 seconds.
Total read time: 873.453887; average read time: 174.690777
Total time: 1306.354962, total average time: 130.635496

[2022-12-14T11:18:44] Child[10423]:
Total write time: 461.163265 seconds; average write time: 65.880466 seconds.
Total read time: 842.676868; average read time: 280.892289
Total time: 1303.840133, total average time: 130.384013

[2022-12-14T11:18:44] Child[11629]:
Total write time: 98.580810 seconds; average write time: 24.645202 seconds.
Total read time: 1209.320537; average read time: 201.553423
Total time: 1307.901347, total average time: 130.790135

[2022-12-14T11:18:44] Child[10378]:
Total write time: 549.564189 seconds; average write time: 109.912838 seconds.
Total read time: 753.516570; average read time: 150.703314
Total time: 1303.080759, total average time: 130.308076

[2022-12-14T11:18:45] Child[10598]:
Total write time: 385.297406 seconds; average write time: 77.059481 seconds.
Total read time: 920.224663; average read time: 184.044933
Total time: 1305.522069, total average time: 130.552207

[2022-12-14T11:18:46] Child[11155]:
Total write time: 809.044326 seconds; average write time: 115.577761 seconds.
Total read time: 496.202325; average read time: 165.400775
Total time: 1305.246651, total average time: 130.524665

[2022-12-14T11:18:47] Child[11181]:
Total write time: 342.810934 seconds; average write time: 68.562187 seconds.
Total read time: 967.539575; average read time: 193.507915
Total time: 1310.350509, total average time: 131.035051

[2022-12-14T11:18:47] Child[10584]:
Total write time: 161.524757 seconds; average write time: 40.381189 seconds.
Total read time: 1147.718100; average read time: 191.286350
Total time: 1309.242857, total average time: 130.924286

[2022-12-14T11:18:47] Child[10651]:
Total write time: 390.177026 seconds; average write time: 55.739575 seconds.
Total read time: 917.882734; average read time: 305.960911
Total time: 1308.059760, total average time: 130.805976

[2022-12-14T11:18:47] Child[10401]:
Total write time: 374.666108 seconds; average write time: 74.933222 seconds.
Total read time: 934.169083; average read time: 186.833817
Total time: 1308.835191, total average time: 130.883519

[2022-12-14T11:18:48] Child[11465]:
Total write time: 207.941689 seconds; average write time: 51.985422 seconds.
Total read time: 1098.380681; average read time: 183.063447
Total time: 1306.322370, total average time: 130.632237

[2022-12-14T11:18:49] Child[10077]:
Total write time: 193.361974 seconds; average write time: 38.672395 seconds.
Total read time: 1113.725318; average read time: 222.745064
Total time: 1307.087292, total average time: 130.708729

[2022-12-14T11:18:49] Child[11154]:
Total write time: 180.935142 seconds; average write time: 36.187028 seconds.
Total read time: 1124.617988; average read time: 224.923598
Total time: 1305.553130, total average time: 130.555313

[2022-12-14T11:18:50] Child[12001]:
Total write time: 249.853471 seconds; average write time: 62.463368 seconds.
Total read time: 1060.847612; average read time: 176.807935
Total time: 1310.701083, total average time: 131.070108

[2022-12-14T11:18:50] Child[12098]:
Total write time: 238.527762 seconds; average write time: 47.705552 seconds.
Total read time: 1072.364906; average read time: 214.472981
Total time: 1310.892668, total average time: 131.089267

[2022-12-14T11:18:50] Child[12000]:
Total write time: 699.989338 seconds; average write time: 99.998477 seconds.
Total read time: 610.072481; average read time: 203.357494
Total time: 1310.061819, total average time: 131.006182

[2022-12-14T11:18:51] Child[10157]:
Total write time: 479.034817 seconds; average write time: 95.806963 seconds.
Total read time: 832.763243; average read time: 166.552649
Total time: 1311.798060, total average time: 131.179806

[2022-12-14T11:18:51] Child[11232]:
Total write time: 429.619807 seconds; average write time: 61.374258 seconds.
Total read time: 880.795163; average read time: 293.598388
Total time: 1310.414970, total average time: 131.041497

[2022-12-14T11:18:51] Child[12111]:
Total write time: 313.881730 seconds; average write time: 52.313622 seconds.
Total read time: 996.753803; average read time: 249.188451
Total time: 1310.635533, total average time: 131.063553

[2022-12-14T11:18:52] Child[10113]:
Total write time: 358.382731 seconds; average write time: 71.676546 seconds.
Total read time: 955.330803; average read time: 191.066161
Total time: 1313.713534, total average time: 131.371353

[2022-12-14T11:18:52] Child[10743]:
Total write time: 411.717690 seconds; average write time: 68.619615 seconds.
Total read time: 897.578018; average read time: 224.394505
Total time: 1309.295708, total average time: 130.929571

[2022-12-14T11:18:53] Child[11192]:
Total write time: 360.132431 seconds; average write time: 90.033108 seconds.
Total read time: 952.782328; average read time: 158.797055
Total time: 1312.914759, total average time: 131.291476

[2022-12-14T11:18:53] Child[10398]:
Total write time: 494.428382 seconds; average write time: 98.885676 seconds.
Total read time: 813.254293; average read time: 162.650859
Total time: 1307.682675, total average time: 130.768268

[2022-12-14T11:18:53] Child[12008]:
Total write time: 337.566536 seconds; average write time: 56.261089 seconds.
Total read time: 975.297091; average read time: 243.824273
Total time: 1312.863627, total average time: 131.286363

[2022-12-14T11:18:54] Child[9904]:
Total write time: 234.467999 seconds; average write time: 58.617000 seconds.
Total read time: 1078.263167; average read time: 179.710528
Total time: 1312.731166, total average time: 131.273117

[2022-12-14T11:18:55] Child[10280]:
Total write time: 222.932831 seconds; average write time: 44.586566 seconds.
Total read time: 1092.362367; average read time: 218.472473
Total time: 1315.295198, total average time: 131.529520

[2022-12-14T11:18:56] Child[10782]:
Total write time: 115.248094 seconds; average write time: 28.812023 seconds.
Total read time: 1198.900772; average read time: 199.816795
Total time: 1314.148866, total average time: 131.414887

[2022-12-14T11:18:56] Child[12068]:
Total write time: 246.590821 seconds; average write time: 49.318164 seconds.
Total read time: 1069.432169; average read time: 213.886434
Total time: 1316.022990, total average time: 131.602299

[2022-12-14T11:18:56] Child[10198]:
Total write time: 164.362071 seconds; average write time: 41.090518 seconds.
Total read time: 1148.598550; average read time: 191.433092
Total time: 1312.960621, total average time: 131.296062

[2022-12-14T11:18:56] Child[11441]:
Total write time: 437.589565 seconds; average write time: 72.931594 seconds.
Total read time: 875.599556; average read time: 218.899889
Total time: 1313.189121, total average time: 131.318912

[2022-12-14T11:18:57] Child[10146]:
Total write time: 210.537966 seconds; average write time: 52.634492 seconds.
Total read time: 1108.007166; average read time: 184.667861
Total time: 1318.545132, total average time: 131.854513

[2022-12-14T11:18:57] Child[10045]:
Total write time: 330.352632 seconds; average write time: 66.070526 seconds.
Total read time: 989.177508; average read time: 197.835502
Total time: 1319.530140, total average time: 131.953014

[2022-12-14T11:18:57] Child[12113]:
Total write time: 310.784194 seconds; average write time: 44.397742 seconds.
Total read time: 1004.654686; average read time: 334.884895
Total time: 1315.438880, total average time: 131.543888

[2022-12-14T11:18:58] Child[10023]:
Total write time: 232.267694 seconds; average write time: 38.711282 seconds.
Total read time: 1087.231615; average read time: 271.807904
Total time: 1319.499309, total average time: 131.949931

[2022-12-14T11:18:58] Child[12103]:
Total write time: 338.615437 seconds; average write time: 56.435906 seconds.
Total read time: 979.978392; average read time: 244.994598
Total time: 1318.593829, total average time: 131.859383

[2022-12-14T11:18:59] Child[10833]:
Total write time: 62.305432 seconds; average write time: 20.768477 seconds.
Total read time: 1258.118857; average read time: 179.731265
Total time: 1320.424289, total average time: 132.042429

[2022-12-14T11:19:00] Child[11359]:
Total write time: 182.833941 seconds; average write time: 60.944647 seconds.
Total read time: 1138.562840; average read time: 162.651834
Total time: 1321.396781, total average time: 132.139678

[2022-12-14T11:19:00] Child[11153]:
Total write time: 222.763470 seconds; average write time: 55.690868 seconds.
Total read time: 1096.425985; average read time: 182.737664
Total time: 1319.189455, total average time: 131.918946

[2022-12-14T11:19:01] Child[12201]:
Total write time: 281.540092 seconds; average write time: 70.385023 seconds.
Total read time: 1037.380671; average read time: 172.896779
Total time: 1318.920763, total average time: 131.892076

[2022-12-14T11:19:02] Child[10291]:
Total write time: 353.445085 seconds; average write time: 70.689017 seconds.
Total read time: 965.834927; average read time: 193.166985
Total time: 1319.280012, total average time: 131.928001

[2022-12-14T11:19:03] Child[10070]:
Total write time: 376.958930 seconds; average write time: 75.391786 seconds.
Total read time: 941.065400; average read time: 188.213080
Total time: 1318.024330, total average time: 131.802433

[2022-12-14T11:19:03] Child[11896]:
Total write time: 496.315148 seconds; average write time: 70.902164 seconds.
Total read time: 829.257832; average read time: 276.419277
Total time: 1325.572980, total average time: 132.557298

[2022-12-14T11:19:03] Child[11592]:
Total write time: 265.683432 seconds; average write time: 66.420858 seconds.
Total read time: 1057.834858; average read time: 176.305810
Total time: 1323.518290, total average time: 132.351829

[2022-12-14T11:19:04] Child[10520]:
Total write time: 254.053371 seconds; average write time: 50.810674 seconds.
Total read time: 1069.401442; average read time: 213.880288
Total time: 1323.454813, total average time: 132.345481

[2022-12-14T11:19:04] Child[11818]:
Total write time: 251.122404 seconds; average write time: 50.224481 seconds.
Total read time: 1070.893602; average read time: 214.178720
Total time: 1322.016006, total average time: 132.201601

[2022-12-14T11:19:04] Child[11018]:
Total write time: 666.388180 seconds; average write time: 111.064697 seconds.
Total read time: 657.827713; average read time: 164.456928
Total time: 1324.215893, total average time: 132.421589

[2022-12-14T11:19:04] Child[11709]:
Total write time: 325.350122 seconds; average write time: 65.070024 seconds.
Total read time: 1000.947462; average read time: 200.189492
Total time: 1326.297584, total average time: 132.629758

[2022-12-14T11:19:04] Child[10223]:
Total write time: 288.379723 seconds; average write time: 48.063287 seconds.
Total read time: 1031.972798; average read time: 257.993200
Total time: 1320.352521, total average time: 132.035252

[2022-12-14T11:19:04] Child[10700]:
Total write time: 417.625917 seconds; average write time: 83.525183 seconds.
Total read time: 906.249228; average read time: 181.249846
Total time: 1323.875145, total average time: 132.387515

[2022-12-14T11:19:05] Child[10581]:
Total write time: 316.480394 seconds; average write time: 63.296079 seconds.
Total read time: 1006.150370; average read time: 201.230074
Total time: 1322.630764, total average time: 132.263076

[2022-12-14T11:19:05] Child[12125]:
Total write time: 164.039679 seconds; average write time: 32.807936 seconds.
Total read time: 1160.760794; average read time: 232.152159
Total time: 1324.800473, total average time: 132.480047

[2022-12-14T11:19:05] Child[10297]:
Total write time: 348.959496 seconds; average write time: 58.159916 seconds.
Total read time: 976.579031; average read time: 244.144758
Total time: 1325.538527, total average time: 132.553853

[2022-12-14T11:19:06] Child[11329]:
Total write time: 369.033570 seconds; average write time: 61.505595 seconds.
Total read time: 958.082559; average read time: 239.520640
Total time: 1327.116129, total average time: 132.711613

[2022-12-14T11:19:06] Child[11679]:
Total write time: 463.857863 seconds; average write time: 66.265409 seconds.
Total read time: 862.499081; average read time: 287.499694
Total time: 1326.356944, total average time: 132.635694

[2022-12-14T11:19:06] Child[11938]:
Total write time: 180.001144 seconds; average write time: 45.000286 seconds.
Total read time: 1141.171297; average read time: 190.195216
Total time: 1321.172441, total average time: 132.117244

[2022-12-14T11:19:06] Child[10729]:
Total write time: 102.964425 seconds; average write time: 20.592885 seconds.
Total read time: 1224.088558; average read time: 244.817712
Total time: 1327.052983, total average time: 132.705298

[2022-12-14T11:19:08] Child[11745]:
Total write time: 562.388086 seconds; average write time: 112.477617 seconds.
Total read time: 766.591250; average read time: 153.318250
Total time: 1328.979336, total average time: 132.897934

[2022-12-14T11:19:09] Child[11434]:
Total write time: 278.187222 seconds; average write time: 55.637444 seconds.
Total read time: 1048.866494; average read time: 209.773299
Total time: 1327.053716, total average time: 132.705372

[2022-12-14T11:19:09] Child[9891]:
Total write time: 140.486979 seconds; average write time: 46.828993 seconds.
Total read time: 1187.243282; average read time: 169.606183
Total time: 1327.730261, total average time: 132.773026

[2022-12-14T11:19:10] Child[10360]:
Total write time: 569.138699 seconds; average write time: 113.827740 seconds.
Total read time: 762.082803; average read time: 152.416561
Total time: 1331.221502, total average time: 133.122150

[2022-12-14T11:19:10] Child[12033]:
Total write time: 767.749822 seconds; average write time: 109.678546 seconds.
Total read time: 563.726392; average read time: 187.908797
Total time: 1331.476214, total average time: 133.147621

[2022-12-14T11:19:10] Child[11172]:
Total write time: 323.925919 seconds; average write time: 64.785184 seconds.
Total read time: 1009.777502; average read time: 201.955500
Total time: 1333.703421, total average time: 133.370342

[2022-12-14T11:19:11] Child[11427]:
Total write time: 751.293881 seconds; average write time: 125.215647 seconds.
Total read time: 575.930443; average read time: 143.982611
Total time: 1327.224324, total average time: 132.722432

[2022-12-14T11:19:11] Child[12137]:
Total write time: 235.410146 seconds; average write time: 39.235024 seconds.
Total read time: 1094.065822; average read time: 273.516456
Total time: 1329.475968, total average time: 132.947597

[2022-12-14T11:19:12] Child[11365]:
Total write time: 526.828630 seconds; average write time: 87.804772 seconds.
Total read time: 805.778682; average read time: 201.444671
Total time: 1332.607312, total average time: 133.260731

[2022-12-14T11:19:13] Child[10260]:
Total write time: 335.996447 seconds; average write time: 55.999408 seconds.
Total read time: 1001.685711; average read time: 250.421428
Total time: 1337.682158, total average time: 133.768216

[2022-12-14T11:19:14] Child[10776]:
Total write time: 199.804676 seconds; average write time: 39.960935 seconds.
Total read time: 1130.918432; average read time: 226.183686
Total time: 1330.723108, total average time: 133.072311

[2022-12-14T11:19:14] Child[12065]:
Total write time: 316.434023 seconds; average write time: 52.739004 seconds.
Total read time: 1010.248475; average read time: 252.562119
Total time: 1326.682498, total average time: 132.668250

[2022-12-14T11:19:14] Child[10661]:
Total write time: 355.106072 seconds; average write time: 88.776518 seconds.
Total read time: 980.182467; average read time: 163.363744
Total time: 1335.288539, total average time: 133.528854

[2022-12-14T11:19:15] Child[10895]:
Total write time: 380.253750 seconds; average write time: 63.375625 seconds.
Total read time: 954.735337; average read time: 238.683834
Total time: 1334.989087, total average time: 133.498909

[2022-12-14T11:19:16] Child[11129]:
Total write time: 367.208882 seconds; average write time: 61.201480 seconds.
Total read time: 968.856613; average read time: 242.214153
Total time: 1336.065495, total average time: 133.606549

[2022-12-14T11:19:16] Child[10142]:
Total write time: 224.097067 seconds; average write time: 56.024267 seconds.
Total read time: 1110.142293; average read time: 185.023716
Total time: 1334.239360, total average time: 133.423936

[2022-12-14T11:19:17] Child[10486]:
Total write time: 184.841773 seconds; average write time: 46.210443 seconds.
Total read time: 1152.406112; average read time: 192.067685
Total time: 1337.247885, total average time: 133.724788

[2022-12-14T11:19:17] Child[10209]:
Total write time: 190.026557 seconds; average write time: 38.005311 seconds.
Total read time: 1149.962245; average read time: 229.992449
Total time: 1339.988802, total average time: 133.998880

[2022-12-14T11:19:17] Child[10482]:
Total write time: 541.873746 seconds; average write time: 90.312291 seconds.
Total read time: 797.208604; average read time: 199.302151
Total time: 1339.082350, total average time: 133.908235

[2022-12-14T11:19:18] Child[12164]:
Total write time: 337.984656 seconds; average write time: 67.596931 seconds.
Total read time: 1002.185799; average read time: 200.437160
Total time: 1340.170455, total average time: 134.017045

[2022-12-14T11:19:18] Child[11136]:
Total write time: 126.697217 seconds; average write time: 25.339443 seconds.
Total read time: 1210.590311; average read time: 242.118062
Total time: 1337.287528, total average time: 133.728753

[2022-12-14T11:19:18] Child[11589]:
Total write time: 636.324748 seconds; average write time: 90.903535 seconds.
Total read time: 701.423040; average read time: 233.807680
Total time: 1337.747788, total average time: 133.774779

[2022-12-14T11:19:19] Child[11775]:
Total write time: 268.232225 seconds; average write time: 53.646445 seconds.
Total read time: 1067.209678; average read time: 213.441936
Total time: 1335.441903, total average time: 133.544190

[2022-12-14T11:19:19] Child[11703]:
Total write time: 460.711689 seconds; average write time: 92.142338 seconds.
Total read time: 880.506584; average read time: 176.101317
Total time: 1341.218273, total average time: 134.121827

[2022-12-14T11:19:19] Child[11445]:
Total write time: 534.668180 seconds; average write time: 89.111363 seconds.
Total read time: 806.742152; average read time: 201.685538
Total time: 1341.410332, total average time: 134.141033

[2022-12-14T11:19:20] Child[11557]:
Total write time: 129.536290 seconds; average write time: 25.907258 seconds.
Total read time: 1209.490200; average read time: 241.898040
Total time: 1339.026490, total average time: 133.902649

[2022-12-14T11:19:20] Child[11620]:
Total write time: 350.495226 seconds; average write time: 70.099045 seconds.
Total read time: 987.656039; average read time: 197.531208
Total time: 1338.151265, total average time: 133.815126

[2022-12-14T11:19:20] Child[10768]:
Total write time: 127.886438 seconds; average write time: 25.577288 seconds.
Total read time: 1210.510267; average read time: 242.102053
Total time: 1338.396705, total average time: 133.839671

[2022-12-14T11:19:20] Child[10459]:
Total write time: 384.420842 seconds; average write time: 54.917263 seconds.
Total read time: 954.817063; average read time: 318.272354
Total time: 1339.237905, total average time: 133.923790

[2022-12-14T11:19:20] Child[12160]:
Total write time: 512.822172 seconds; average write time: 85.470362 seconds.
Total read time: 826.923690; average read time: 206.730922
Total time: 1339.745862, total average time: 133.974586

[2022-12-14T11:19:21] Child[11574]:
Total write time: 252.571574 seconds; average write time: 63.142893 seconds.
Total read time: 1088.010492; average read time: 181.335082
Total time: 1340.582066, total average time: 134.058207

[2022-12-14T11:19:21] Child[10397]:
Total write time: 875.954232 seconds; average write time: 145.992372 seconds.
Total read time: 466.073154; average read time: 116.518288
Total time: 1342.027386, total average time: 134.202739

[2022-12-14T11:19:22] Child[11627]:
Total write time: 361.092314 seconds; average write time: 60.182052 seconds.
Total read time: 976.690393; average read time: 244.172598
Total time: 1337.782707, total average time: 133.778271

[2022-12-14T11:19:22] Child[9964]:
Total write time: 837.637733 seconds; average write time: 119.662533 seconds.
Total read time: 506.892386; average read time: 168.964129
Total time: 1344.530119, total average time: 134.453012

[2022-12-14T11:19:22] Child[10452]:
Total write time: 369.692485 seconds; average write time: 61.615414 seconds.
Total read time: 975.130986; average read time: 243.782747
Total time: 1344.823471, total average time: 134.482347

[2022-12-14T11:19:22] Child[11094]:
Total write time: 248.411450 seconds; average write time: 49.682290 seconds.
Total read time: 1094.216161; average read time: 218.843232
Total time: 1342.627611, total average time: 134.262761

[2022-12-14T11:19:22] Child[10383]:
Total write time: 533.694605 seconds; average write time: 88.949101 seconds.
Total read time: 809.426990; average read time: 202.356748
Total time: 1343.121595, total average time: 134.312160

[2022-12-14T11:19:23] Child[11694]:
Total write time: 381.743711 seconds; average write time: 54.534816 seconds.
Total read time: 960.537200; average read time: 320.179067
Total time: 1342.280911, total average time: 134.228091

[2022-12-14T11:19:24] Child[10362]:
Total write time: 399.667093 seconds; average write time: 79.933419 seconds.
Total read time: 944.023942; average read time: 188.804788
Total time: 1343.691035, total average time: 134.369103

[2022-12-14T11:19:24] Child[11121]:
Total write time: 75.514412 seconds; average write time: 18.878603 seconds.
Total read time: 1271.696565; average read time: 211.949428
Total time: 1347.210977, total average time: 134.721098

[2022-12-14T11:19:24] Child[11686]:
Total write time: 318.577653 seconds; average write time: 79.644413 seconds.
Total read time: 1024.843172; average read time: 170.807195
Total time: 1343.420825, total average time: 134.342083

[2022-12-14T11:19:24] Child[11872]:
Total write time: 699.773863 seconds; average write time: 116.628977 seconds.
Total read time: 643.352395; average read time: 160.838099
Total time: 1343.126258, total average time: 134.312626

[2022-12-14T11:19:25] Child[10242]:
Total write time: 465.549254 seconds; average write time: 93.109851 seconds.
Total read time: 874.757814; average read time: 174.951563
Total time: 1340.307068, total average time: 134.030707

[2022-12-14T11:19:25] Child[10468]:
Total write time: 454.830309 seconds; average write time: 75.805052 seconds.
Total read time: 886.861725; average read time: 221.715431
Total time: 1341.692034, total average time: 134.169203

[2022-12-14T11:19:26] Child[11467]:
Total write time: 228.815671 seconds; average write time: 57.203918 seconds.
Total read time: 1119.036659; average read time: 186.506110
Total time: 1347.852330, total average time: 134.785233

[2022-12-14T11:19:26] Child[11791]:
Total write time: 209.643110 seconds; average write time: 69.881037 seconds.
Total read time: 1135.929395; average read time: 162.275628
Total time: 1345.572505, total average time: 134.557251

[2022-12-14T11:19:26] Child[10427]:
Total write time: 380.795948 seconds; average write time: 63.465991 seconds.
Total read time: 960.522264; average read time: 240.130566
Total time: 1341.318212, total average time: 134.131821

[2022-12-14T11:19:27] Child[11288]:
Total write time: 458.807792 seconds; average write time: 76.467965 seconds.
Total read time: 886.554092; average read time: 221.638523
Total time: 1345.361884, total average time: 134.536188

[2022-12-14T11:19:27] Child[11921]:
Total write time: 575.787234 seconds; average write time: 95.964539 seconds.
Total read time: 770.553418; average read time: 192.638354
Total time: 1346.340652, total average time: 134.634065

[2022-12-14T11:19:27] Child[10182]:
Total write time: 236.621678 seconds; average write time: 59.155420 seconds.
Total read time: 1111.754312; average read time: 185.292385
Total time: 1348.375990, total average time: 134.837599

[2022-12-14T11:19:28] Child[11189]:
Total write time: 298.955856 seconds; average write time: 59.791171 seconds.
Total read time: 1049.168352; average read time: 209.833670
Total time: 1348.124208, total average time: 134.812421

[2022-12-14T11:19:28] Child[11163]:
Total write time: 713.344901 seconds; average write time: 118.890817 seconds.
Total read time: 637.691128; average read time: 159.422782
Total time: 1351.036029, total average time: 135.103603

[2022-12-14T11:19:28] Child[12072]:
Total write time: 466.611901 seconds; average write time: 77.768650 seconds.
Total read time: 880.203514; average read time: 220.050879
Total time: 1346.815415, total average time: 134.681542

[2022-12-14T11:19:29] Child[11967]:
Total write time: 263.153226 seconds; average write time: 43.858871 seconds.
Total read time: 1086.546262; average read time: 271.636566
Total time: 1349.699488, total average time: 134.969949

[2022-12-14T11:19:29] Child[9881]:
Total write time: 125.830253 seconds; average write time: 20.971709 seconds.
Total read time: 1222.761756; average read time: 305.690439
Total time: 1348.592009, total average time: 134.859201

[2022-12-14T11:19:29] Child[11798]:
Total write time: 584.150558 seconds; average write time: 83.450080 seconds.
Total read time: 767.802281; average read time: 255.934094
Total time: 1351.952839, total average time: 135.195284

[2022-12-14T11:19:30] Child[11677]:
Total write time: 268.204526 seconds; average write time: 53.640905 seconds.
Total read time: 1075.336203; average read time: 215.067241
Total time: 1343.540729, total average time: 134.354073

[2022-12-14T11:19:31] Child[12036]:
Total write time: 397.062489 seconds; average write time: 79.412498 seconds.
Total read time: 949.376593; average read time: 189.875319
Total time: 1346.439082, total average time: 134.643908

[2022-12-14T11:19:31] Child[10308]:
Total write time: 111.033034 seconds; average write time: 22.206607 seconds.
Total read time: 1240.127515; average read time: 248.025503
Total time: 1351.160549, total average time: 135.116055

[2022-12-14T11:19:31] Child[10299]:
Total write time: 261.454233 seconds; average write time: 52.290847 seconds.
Total read time: 1090.029244; average read time: 218.005849
Total time: 1351.483477, total average time: 135.148348

[2022-12-14T11:19:32] Child[10031]:
Total write time: 338.016616 seconds; average write time: 56.336103 seconds.
Total read time: 1010.869666; average read time: 252.717417
Total time: 1348.886282, total average time: 134.888628

[2022-12-14T11:19:32] Child[10376]:
Total write time: 515.058638 seconds; average write time: 103.011728 seconds.
Total read time: 837.183508; average read time: 167.436702
Total time: 1352.242146, total average time: 135.224215

[2022-12-14T11:19:33] Child[10061]:
Total write time: 352.233690 seconds; average write time: 70.446738 seconds.
Total read time: 998.941181; average read time: 199.788236
Total time: 1351.174871, total average time: 135.117487

[2022-12-14T11:19:33] Child[11748]:
Total write time: 112.363099 seconds; average write time: 37.454366 seconds.
Total read time: 1237.299961; average read time: 176.757137
Total time: 1349.663060, total average time: 134.966306

[2022-12-14T11:19:33] Child[10479]:
Total write time: 615.624652 seconds; average write time: 123.124930 seconds.
Total read time: 733.828864; average read time: 146.765773
Total time: 1349.453516, total average time: 134.945352

[2022-12-14T11:19:34] Child[10205]:
Total write time: 227.200988 seconds; average write time: 37.866831 seconds.
Total read time: 1123.088770; average read time: 280.772193
Total time: 1350.289758, total average time: 135.028976

[2022-12-14T11:19:34] Child[10107]:
Total write time: 146.890443 seconds; average write time: 29.378089 seconds.
Total read time: 1208.102474; average read time: 241.620495
Total time: 1354.992917, total average time: 135.499292

[2022-12-14T11:19:34] Child[10553]:
Total write time: 446.794579 seconds; average write time: 111.698645 seconds.
Total read time: 907.621353; average read time: 151.270226
Total time: 1354.415932, total average time: 135.441593

[2022-12-14T11:19:34] Child[9957]:
Total write time: 83.765952 seconds; average write time: 27.921984 seconds.
Total read time: 1268.951378; average read time: 181.278768
Total time: 1352.717330, total average time: 135.271733

[2022-12-14T11:19:35] Child[10737]:
Total write time: 449.820674 seconds; average write time: 89.964135 seconds.
Total read time: 905.918931; average read time: 181.183786
Total time: 1355.739605, total average time: 135.573960

[2022-12-14T11:19:36] Child[10821]:
Total write time: 381.527977 seconds; average write time: 76.305595 seconds.
Total read time: 973.977473; average read time: 194.795495
Total time: 1355.505450, total average time: 135.550545

[2022-12-14T11:19:36] Child[12090]:
Total write time: 285.498884 seconds; average write time: 47.583147 seconds.
Total read time: 1070.354518; average read time: 267.588630
Total time: 1355.853402, total average time: 135.585340

[2022-12-14T11:19:36] Child[11560]:
Total write time: 332.962528 seconds; average write time: 83.240632 seconds.
Total read time: 1024.798304; average read time: 170.799717
Total time: 1357.760832, total average time: 135.776083

[2022-12-14T11:19:36] Child[11160]:
Total write time: 497.278509 seconds; average write time: 99.455702 seconds.
Total read time: 862.567555; average read time: 172.513511
Total time: 1359.846064, total average time: 135.984606

[2022-12-14T11:19:37] Child[11680]:
Total write time: 204.887601 seconds; average write time: 51.221900 seconds.
Total read time: 1151.239386; average read time: 191.873231
Total time: 1356.126987, total average time: 135.612699

[2022-12-14T11:19:37] Child[10852]:
Total write time: 551.566623 seconds; average write time: 110.313325 seconds.
Total read time: 807.593381; average read time: 161.518676
Total time: 1359.160004, total average time: 135.916000

[2022-12-14T11:19:37] Child[10884]:
Total write time: 559.195154 seconds; average write time: 111.839031 seconds.
Total read time: 797.647937; average read time: 159.529587
Total time: 1356.843091, total average time: 135.684309

[2022-12-14T11:19:37] Child[9996]:
Total write time: 267.857165 seconds; average write time: 66.964291 seconds.
Total read time: 1091.116699; average read time: 181.852783
Total time: 1358.973864, total average time: 135.897386

[2022-12-14T11:19:37] Child[9935]:
Total write time: 457.957940 seconds; average write time: 91.591588 seconds.
Total read time: 901.792539; average read time: 180.358508
Total time: 1359.750479, total average time: 135.975048

[2022-12-14T11:19:38] Child[11813]:
Total write time: 779.840029 seconds; average write time: 129.973338 seconds.
Total read time: 576.155071; average read time: 144.038768
Total time: 1355.995100, total average time: 135.599510

[2022-12-14T11:19:38] Child[10406]:
Total write time: 535.020536 seconds; average write time: 89.170089 seconds.
Total read time: 821.333148; average read time: 205.333287
Total time: 1356.353684, total average time: 135.635368

[2022-12-14T11:19:39] Child[11599]:
Total write time: 492.248528 seconds; average write time: 70.321218 seconds.
Total read time: 870.219695; average read time: 290.073232
Total time: 1362.468223, total average time: 136.246822

[2022-12-14T11:19:39] Child[10389]:
Total write time: 546.707394 seconds; average write time: 109.341479 seconds.
Total read time: 814.163432; average read time: 162.832686
Total time: 1360.870826, total average time: 136.087083

[2022-12-14T11:19:40] Child[12026]:
Total write time: 786.169805 seconds; average write time: 131.028301 seconds.
Total read time: 575.567114; average read time: 143.891778
Total time: 1361.736919, total average time: 136.173692

[2022-12-14T11:19:40] Child[12153]:
Total write time: 300.433455 seconds; average write time: 60.086691 seconds.
Total read time: 1062.161656; average read time: 212.432331
Total time: 1362.595111, total average time: 136.259511

[2022-12-14T11:19:41] Child[10450]:
Total write time: 43.935673 seconds; average write time: 10.983918 seconds.
Total read time: 1315.681275; average read time: 219.280213
Total time: 1359.616948, total average time: 135.961695

[2022-12-14T11:19:41] Child[12060]:
Total write time: 246.239463 seconds; average write time: 82.079821 seconds.
Total read time: 1113.788766; average read time: 159.112681
Total time: 1360.028229, total average time: 136.002823

[2022-12-14T11:19:41] Child[10546]:
Total write time: 125.335437 seconds; average write time: 25.067087 seconds.
Total read time: 1234.957790; average read time: 246.991558
Total time: 1360.293227, total average time: 136.029323

[2022-12-14T11:19:41] Child[11093]:
Total write time: 444.195970 seconds; average write time: 88.839194 seconds.
Total read time: 914.891402; average read time: 182.978280
Total time: 1359.087372, total average time: 135.908737

[2022-12-14T11:19:42] Child[10007]:
Total write time: 319.361031 seconds; average write time: 79.840258 seconds.
Total read time: 1042.633249; average read time: 173.772208
Total time: 1361.994280, total average time: 136.199428

[2022-12-14T11:19:42] Child[10462]:
Total write time: 718.428218 seconds; average write time: 119.738036 seconds.
Total read time: 644.034496; average read time: 161.008624
Total time: 1362.462714, total average time: 136.246271

[2022-12-14T11:19:43] Child[11175]:
Total write time: 242.432825 seconds; average write time: 48.486565 seconds.
Total read time: 1120.098167; average read time: 224.019633
Total time: 1362.530992, total average time: 136.253099

[2022-12-14T11:19:43] Child[10815]:
Total write time: 226.757323 seconds; average write time: 45.351465 seconds.
Total read time: 1136.317507; average read time: 227.263501
Total time: 1363.074830, total average time: 136.307483

[2022-12-14T11:19:43] Child[10771]:
Total write time: 225.602858 seconds; average write time: 45.120572 seconds.
Total read time: 1135.506894; average read time: 227.101379
Total time: 1361.109752, total average time: 136.110975

[2022-12-14T11:19:43] Child[10576]:
Total write time: 495.228730 seconds; average write time: 70.746961 seconds.
Total read time: 866.259085; average read time: 288.753028
Total time: 1361.487815, total average time: 136.148782

[2022-12-14T11:19:44] Child[10295]:
Total write time: 113.854599 seconds; average write time: 22.770920 seconds.
Total read time: 1252.874456; average read time: 250.574891
Total time: 1366.729055, total average time: 136.672906

[2022-12-14T11:19:44] Child[11025]:
Total write time: 301.892872 seconds; average write time: 75.473218 seconds.
Total read time: 1061.443218; average read time: 176.907203
Total time: 1363.336090, total average time: 136.333609

[2022-12-14T11:19:44] Child[11606]:
Total write time: 352.115148 seconds; average write time: 88.028787 seconds.
Total read time: 1012.133023; average read time: 168.688837
Total time: 1364.248171, total average time: 136.424817

[2022-12-14T11:19:44] Child[10508]:
Total write time: 313.578475 seconds; average write time: 62.715695 seconds.
Total read time: 1050.067869; average read time: 210.013574
Total time: 1363.646344, total average time: 136.364634

[2022-12-14T11:19:44] Child[9919]:
Total write time: 559.795050 seconds; average write time: 186.598350 seconds.
Total read time: 803.160877; average read time: 114.737268
Total time: 1362.955927, total average time: 136.295593

[2022-12-14T11:19:44] Child[12177]:
Total write time: 260.469152 seconds; average write time: 43.411525 seconds.
Total read time: 1101.209232; average read time: 275.302308
Total time: 1361.678384, total average time: 136.167838

[2022-12-14T11:19:45] Child[10790]:
Total write time: 468.959660 seconds; average write time: 93.791932 seconds.
Total read time: 899.026876; average read time: 179.805375
Total time: 1367.986536, total average time: 136.798654

[2022-12-14T11:19:45] Child[10588]:
Total write time: 348.679268 seconds; average write time: 58.113211 seconds.
Total read time: 1014.054158; average read time: 253.513540
Total time: 1362.733426, total average time: 136.273343

[2022-12-14T11:19:45] Child[11429]:
Total write time: 302.586535 seconds; average write time: 75.646634 seconds.
Total read time: 1060.674145; average read time: 176.779024
Total time: 1363.260680, total average time: 136.326068

[2022-12-14T11:19:46] Child[11342]:
Total write time: 525.012412 seconds; average write time: 131.253103 seconds.
Total read time: 841.641377; average read time: 140.273563
Total time: 1366.653789, total average time: 136.665379

[2022-12-14T11:19:46] Child[11558]:
Total write time: 50.963744 seconds; average write time: 12.740936 seconds.
Total read time: 1318.626229; average read time: 219.771038
Total time: 1369.589973, total average time: 136.958997

[2022-12-14T11:19:46] Child[10364]:
Total write time: 62.772827 seconds; average write time: 20.924276 seconds.
Total read time: 1301.166179; average read time: 185.880883
Total time: 1363.939006, total average time: 136.393901

[2022-12-14T11:19:46] Child[11980]:
Total write time: 291.637804 seconds; average write time: 48.606301 seconds.
Total read time: 1072.729289; average read time: 268.182322
Total time: 1364.367093, total average time: 136.436709

[2022-12-14T11:19:46] Child[10678]:
Total write time: 74.162196 seconds; average write time: 74.162196 seconds.
Total read time: 1292.279381; average read time: 143.586598
Total time: 1366.441577, total average time: 136.644158

[2022-12-14T11:19:46] Child[10016]:
Total write time: 225.203572 seconds; average write time: 56.300893 seconds.
Total read time: 1143.240700; average read time: 190.540117
Total time: 1368.444272, total average time: 136.844427

[2022-12-14T11:19:47] Child[10831]:
Total write time: 380.964590 seconds; average write time: 54.423513 seconds.
Total read time: 987.319952; average read time: 329.106651
Total time: 1368.284542, total average time: 136.828454

[2022-12-14T11:19:47] Child[11747]:
Total write time: 277.048237 seconds; average write time: 69.262059 seconds.
Total read time: 1089.964784; average read time: 181.660797
Total time: 1367.013021, total average time: 136.701302

[2022-12-14T11:19:48] Child[11203]:
Total write time: 328.486133 seconds; average write time: 46.926590 seconds.
Total read time: 1035.723470; average read time: 345.241157
Total time: 1364.209603, total average time: 136.420960

[2022-12-14T11:19:48] Child[9892]:
Total write time: 389.961048 seconds; average write time: 77.992210 seconds.
Total read time: 981.414648; average read time: 196.282930
Total time: 1371.375696, total average time: 137.137570

[2022-12-14T11:19:48] Child[10126]:
Total write time: 594.609286 seconds; average write time: 118.921857 seconds.
Total read time: 773.608704; average read time: 154.721741
Total time: 1368.217990, total average time: 136.821799

[2022-12-14T11:19:49] Child[11503]:
Total write time: 95.538645 seconds; average write time: 31.846215 seconds.
Total read time: 1271.182679; average read time: 181.597526
Total time: 1366.721324, total average time: 136.672132

[2022-12-14T11:19:49] Child[10349]:
Total write time: 219.172556 seconds; average write time: 54.793139 seconds.
Total read time: 1148.423326; average read time: 191.403888
Total time: 1367.595882, total average time: 136.759588

[2022-12-14T11:19:49] Child[11244]:
Total write time: 400.386808 seconds; average write time: 100.096702 seconds.
Total read time: 963.496958; average read time: 160.582826
Total time: 1363.883766, total average time: 136.388377

[2022-12-14T11:19:49] Child[10642]:
Total write time: 532.616177 seconds; average write time: 133.154044 seconds.
Total read time: 836.287067; average read time: 139.381178
Total time: 1368.903244, total average time: 136.890324

[2022-12-14T11:19:49] Child[10758]:
Total write time: 416.873953 seconds; average write time: 83.374791 seconds.
Total read time: 953.231053; average read time: 190.646211
Total time: 1370.105006, total average time: 137.010501

[2022-12-14T11:19:50] Child[10562]:
Total write time: 197.221542 seconds; average write time: 32.870257 seconds.
Total read time: 1172.215195; average read time: 293.053799
Total time: 1369.436737, total average time: 136.943674

[2022-12-14T11:19:50] Child[11457]:
Total write time: 554.700578 seconds; average write time: 110.940116 seconds.
Total read time: 817.204997; average read time: 163.440999
Total time: 1371.905575, total average time: 137.190558

[2022-12-14T11:19:50] Child[9958]:
Total write time: 610.983134 seconds; average write time: 101.830522 seconds.
Total read time: 759.659710; average read time: 189.914928
Total time: 1370.642844, total average time: 137.064284

[2022-12-14T11:19:50] Child[10201]:
Total write time: 70.816658 seconds; average write time: 23.605553 seconds.
Total read time: 1295.731718; average read time: 185.104531
Total time: 1366.548376, total average time: 136.654838

[2022-12-14T11:19:50] Child[11802]:
Total write time: 203.796420 seconds; average write time: 40.759284 seconds.
Total read time: 1168.334090; average read time: 233.666818
Total time: 1372.130510, total average time: 137.213051

[2022-12-14T11:19:51] Child[11453]:
Total write time: 317.370521 seconds; average write time: 79.342630 seconds.
Total read time: 1056.229316; average read time: 176.038219
Total time: 1373.599837, total average time: 137.359984

[2022-12-14T11:19:51] Child[11899]:
Total write time: 207.386849 seconds; average write time: 41.477370 seconds.
Total read time: 1163.792670; average read time: 232.758534
Total time: 1371.179519, total average time: 137.117952

[2022-12-14T11:19:51] Child[10726]:
Total write time: 548.675538 seconds; average write time: 91.445923 seconds.
Total read time: 818.983519; average read time: 204.745880
Total time: 1367.659057, total average time: 136.765906

[2022-12-14T11:19:51] Child[10425]:
Total write time: 680.670745 seconds; average write time: 113.445124 seconds.
Total read time: 692.605385; average read time: 173.151346
Total time: 1373.276130, total average time: 137.327613

[2022-12-14T11:19:52] Child[10194]:
Total write time: 322.617006 seconds; average write time: 64.523401 seconds.
Total read time: 1045.553119; average read time: 209.110624
Total time: 1368.170125, total average time: 136.817013

[2022-12-14T11:19:52] Child[9989]:
Total write time: 690.405923 seconds; average write time: 98.629418 seconds.
Total read time: 686.198194; average read time: 228.732731
Total time: 1376.604117, total average time: 137.660412

[2022-12-14T11:19:52] Child[12170]:
Total write time: 348.809674 seconds; average write time: 69.761935 seconds.
Total read time: 1021.715715; average read time: 204.343143
Total time: 1370.525389, total average time: 137.052539

[2022-12-14T11:19:52] Child[10424]:
Total write time: 412.407000 seconds; average write time: 137.469000 seconds.
Total read time: 957.842309; average read time: 136.834616
Total time: 1370.249309, total average time: 137.024931

[2022-12-14T11:19:52] Child[11372]:
Total write time: 233.465969 seconds; average write time: 46.693194 seconds.
Total read time: 1142.058207; average read time: 228.411641
Total time: 1375.524176, total average time: 137.552418

[2022-12-14T11:19:53] Child[11055]:
Total write time: 565.541475 seconds; average write time: 113.108295 seconds.
Total read time: 801.465045; average read time: 160.293009
Total time: 1367.006520, total average time: 136.700652

[2022-12-14T11:19:53] Child[11710]:
Total write time: 150.665672 seconds; average write time: 37.666418 seconds.
Total read time: 1220.594744; average read time: 203.432457
Total time: 1371.260416, total average time: 137.126042

[2022-12-14T11:19:53] Child[10112]:
Total write time: 277.645196 seconds; average write time: 46.274199 seconds.
Total read time: 1098.031346; average read time: 274.507836
Total time: 1375.676542, total average time: 137.567654

[2022-12-14T11:19:54] Child[10269]:
Total write time: 405.876270 seconds; average write time: 67.646045 seconds.
Total read time: 969.489873; average read time: 242.372468
Total time: 1375.366143, total average time: 137.536614

[2022-12-14T11:19:54] Child[12007]:
Total write time: 116.749620 seconds; average write time: 116.749620 seconds.
Total read time: 1257.942756; average read time: 139.771417
Total time: 1374.692376, total average time: 137.469238

[2022-12-14T11:19:55] Child[11607]:
Total write time: 22.988096 seconds; average write time: 22.988096 seconds.
Total read time: 1352.646994; average read time: 150.294110
Total time: 1375.635090, total average time: 137.563509

[2022-12-14T11:19:55] Child[10745]:
Total write time: 422.081014 seconds; average write time: 70.346836 seconds.
Total read time: 954.050591; average read time: 238.512648
Total time: 1376.131605, total average time: 137.613160

[2022-12-14T11:19:55] Child[11834]:
Total write time: 297.192586 seconds; average write time: 74.298147 seconds.
Total read time: 1076.651467; average read time: 179.441911
Total time: 1373.844053, total average time: 137.384405

[2022-12-14T11:19:55] Child[11638]:
Total write time: 591.913970 seconds; average write time: 98.652328 seconds.
Total read time: 779.036940; average read time: 194.759235
Total time: 1370.950910, total average time: 137.095091

[2022-12-14T11:19:55] Child[11398]:
Total write time: 341.705131 seconds; average write time: 56.950855 seconds.
Total read time: 1028.438871; average read time: 257.109718
Total time: 1370.144002, total average time: 137.014400

[2022-12-14T11:19:56] Child[11261]:
Total write time: 260.830293 seconds; average write time: 65.207573 seconds.
Total read time: 1115.798824; average read time: 185.966471
Total time: 1376.629117, total average time: 137.662912

[2022-12-14T11:19:57] Child[10986]:
Total write time: 371.405144 seconds; average write time: 61.900857 seconds.
Total read time: 1007.686177; average read time: 251.921544
Total time: 1379.091321, total average time: 137.909132

[2022-12-14T11:19:57] Child[10273]:
Total write time: 93.881842 seconds; average write time: 18.776368 seconds.
Total read time: 1283.536080; average read time: 256.707216
Total time: 1377.417922, total average time: 137.741792

[2022-12-14T11:19:57] Child[12099]:
Total write time: 82.229480 seconds; average write time: 41.114740 seconds.
Total read time: 1291.506327; average read time: 161.438291
Total time: 1373.735807, total average time: 137.373581

[2022-12-14T11:19:58] Child[11463]:
Total write time: 655.295701 seconds; average write time: 163.823925 seconds.
Total read time: 724.336184; average read time: 120.722697
Total time: 1379.631885, total average time: 137.963189

[2022-12-14T11:19:58] Child[10093]:
Total write time: 120.905747 seconds; average write time: 24.181149 seconds.
Total read time: 1258.452356; average read time: 251.690471
Total time: 1379.358103, total average time: 137.935810

[2022-12-14T11:19:58] Child[10289]:
Total write time: 494.074399 seconds; average write time: 98.814880 seconds.
Total read time: 887.110758; average read time: 177.422152
Total time: 1381.185157, total average time: 138.118516

[2022-12-14T11:19:59] Child[11676]:
Total write time: 347.666886 seconds; average write time: 57.944481 seconds.
Total read time: 1023.933909; average read time: 255.983477
Total time: 1371.600795, total average time: 137.160079

[2022-12-14T11:19:59] Child[10744]:
Total write time: 494.707424 seconds; average write time: 70.672489 seconds.
Total read time: 881.877139; average read time: 293.959046
Total time: 1376.584563, total average time: 137.658456

[2022-12-14T11:19:59] Child[11534]:
Total write time: 230.791728 seconds; average write time: 46.158346 seconds.
Total read time: 1145.630129; average read time: 229.126026
Total time: 1376.421857, total average time: 137.642186

[2022-12-14T11:19:59] Child[10647]:
Total write time: 177.247807 seconds; average write time: 44.311952 seconds.
Total read time: 1201.228241; average read time: 200.204707
Total time: 1378.476048, total average time: 137.847605

[2022-12-14T11:19:59] Child[10255]:
Total write time: 321.917905 seconds; average write time: 53.652984 seconds.
Total read time: 1061.767893; average read time: 265.441973
Total time: 1383.685798, total average time: 138.368580

[2022-12-14T11:20:00] Child[9956]:
Total write time: 148.250980 seconds; average write time: 37.062745 seconds.
Total read time: 1233.672229; average read time: 205.612038
Total time: 1381.923209, total average time: 138.192321

[2022-12-14T11:20:00] Child[10814]:
Total write time: 559.132934 seconds; average write time: 111.826587 seconds.
Total read time: 823.746297; average read time: 164.749259
Total time: 1382.879231, total average time: 138.287923

[2022-12-14T11:20:00] Child[11809]:
Total write time: 567.110583 seconds; average write time: 94.518430 seconds.
Total read time: 812.653212; average read time: 203.163303
Total time: 1379.763795, total average time: 137.976380

[2022-12-14T11:20:01] Child[10720]:
Total write time: 428.309523 seconds; average write time: 85.661905 seconds.
Total read time: 952.592670; average read time: 190.518534
Total time: 1380.902193, total average time: 138.090219

[2022-12-14T11:20:01] Child[11957]:
Total write time: 275.087256 seconds; average write time: 68.771814 seconds.
Total read time: 1107.176257; average read time: 184.529376
Total time: 1382.263513, total average time: 138.226351

[2022-12-14T11:20:01] Child[10770]:
Total write time: 347.265045 seconds; average write time: 86.816261 seconds.
Total read time: 1031.828357; average read time: 171.971393
Total time: 1379.093402, total average time: 137.909340

[2022-12-14T11:20:02] Child[11343]:
Total write time: 380.703907 seconds; average write time: 76.140781 seconds.
Total read time: 1003.102414; average read time: 200.620483
Total time: 1383.806321, total average time: 138.380632

[2022-12-14T11:20:03] Child[11847]:
Total write time: 297.234550 seconds; average write time: 49.539092 seconds.
Total read time: 1086.019897; average read time: 271.504974
Total time: 1383.254447, total average time: 138.325445

[2022-12-14T11:20:03] Child[11417]:
Total write time: 419.532096 seconds; average write time: 83.906419 seconds.
Total read time: 962.738210; average read time: 192.547642
Total time: 1382.270306, total average time: 138.227031

[2022-12-14T11:20:03] Child[9978]:
Total write time: 705.320289 seconds; average write time: 117.553382 seconds.
Total read time: 679.258518; average read time: 169.814629
Total time: 1384.578807, total average time: 138.457881

[2022-12-14T11:20:03] Child[10334]:
Total write time: 220.070282 seconds; average write time: 44.014056 seconds.
Total read time: 1164.684649; average read time: 232.936930
Total time: 1384.754931, total average time: 138.475493

[2022-12-14T11:20:04] Child[10230]:
Total write time: 416.952670 seconds; average write time: 69.492112 seconds.
Total read time: 967.875670; average read time: 241.968918
Total time: 1384.828340, total average time: 138.482834

[2022-12-14T11:20:04] Child[10437]:
Total write time: 262.388106 seconds; average write time: 52.477621 seconds.
Total read time: 1122.182833; average read time: 224.436567
Total time: 1384.570939, total average time: 138.457094

[2022-12-14T11:20:04] Child[10863]:
Total write time: 291.127428 seconds; average write time: 48.521238 seconds.
Total read time: 1090.504480; average read time: 272.626120
Total time: 1381.631908, total average time: 138.163191

[2022-12-14T11:20:04] Child[10689]:
Total write time: 365.244077 seconds; average write time: 60.874013 seconds.
Total read time: 1017.956536; average read time: 254.489134
Total time: 1383.200613, total average time: 138.320061

[2022-12-14T11:20:04] Child[10188]:
Total write time: 205.157066 seconds; average write time: 41.031413 seconds.
Total read time: 1180.221681; average read time: 236.044336
Total time: 1385.378747, total average time: 138.537875

[2022-12-14T11:20:04] Child[11023]:
Total write time: 724.557276 seconds; average write time: 120.759546 seconds.
Total read time: 659.068684; average read time: 164.767171
Total time: 1383.625960, total average time: 138.362596

[2022-12-14T11:20:04] Child[9882]:
Total write time: 143.745085 seconds; average write time: 35.936271 seconds.
Total read time: 1241.565705; average read time: 206.927617
Total time: 1385.310790, total average time: 138.531079

[2022-12-14T11:20:05] Child[12192]:
Total write time: 388.108491 seconds; average write time: 77.621698 seconds.
Total read time: 996.157109; average read time: 199.231422
Total time: 1384.265600, total average time: 138.426560

[2022-12-14T11:20:05] Child[10463]:
Total write time: 359.794534 seconds; average write time: 71.958907 seconds.
Total read time: 1026.534134; average read time: 205.306827
Total time: 1386.328668, total average time: 138.632867

[2022-12-14T11:20:05] Child[10247]:
Total write time: 486.715984 seconds; average write time: 97.343197 seconds.
Total read time: 894.720176; average read time: 178.944035
Total time: 1381.436160, total average time: 138.143616

[2022-12-14T11:20:05] Child[10667]:
Total write time: 292.320621 seconds; average write time: 58.464124 seconds.
Total read time: 1092.808228; average read time: 218.561646
Total time: 1385.128849, total average time: 138.512885

[2022-12-14T11:20:06] Child[12083]:
Total write time: 320.158487 seconds; average write time: 53.359748 seconds.
Total read time: 1061.343767; average read time: 265.335942
Total time: 1381.502254, total average time: 138.150225

[2022-12-14T11:20:06] Child[10457]:
Total write time: 183.708316 seconds; average write time: 30.618053 seconds.
Total read time: 1201.391265; average read time: 300.347816
Total time: 1385.099581, total average time: 138.509958

[2022-12-14T11:20:06] Child[11064]:
Total write time: 564.183190 seconds; average write time: 112.836638 seconds.
Total read time: 819.845771; average read time: 163.969154
Total time: 1384.028961, total average time: 138.402896

[2022-12-14T11:20:06] Child[10507]:
Total write time: 288.331937 seconds; average write time: 48.055323 seconds.
Total read time: 1099.105764; average read time: 274.776441
Total time: 1387.437701, total average time: 138.743770

[2022-12-14T11:20:06] Child[10390]:
Total write time: 374.129222 seconds; average write time: 93.532306 seconds.
Total read time: 1009.852634; average read time: 168.308772
Total time: 1383.981856, total average time: 138.398186

[2022-12-14T11:20:06] Child[9928]:
Total write time: 793.226738 seconds; average write time: 113.318105 seconds.
Total read time: 594.244041; average read time: 198.081347
Total time: 1387.470779, total average time: 138.747078

[2022-12-14T11:20:07] Child[11905]:
Total write time: 502.327971 seconds; average write time: 100.465594 seconds.
Total read time: 885.262451; average read time: 177.052490
Total time: 1387.590422, total average time: 138.759042

[2022-12-14T11:20:07] Child[9980]:
Total write time: 506.404589 seconds; average write time: 101.280918 seconds.
Total read time: 881.745120; average read time: 176.349024
Total time: 1388.149709, total average time: 138.814971

[2022-12-14T11:20:07] Child[12027]:
Total write time: 384.823798 seconds; average write time: 64.137300 seconds.
Total read time: 1003.926214; average read time: 250.981553
Total time: 1388.750012, total average time: 138.875001

[2022-12-14T11:20:07] Child[12173]:
Total write time: 374.561413 seconds; average write time: 74.912283 seconds.
Total read time: 1008.883686; average read time: 201.776737
Total time: 1383.445099, total average time: 138.344510

[2022-12-14T11:20:08] Child[10594]:
Total write time: 409.650555 seconds; average write time: 68.275092 seconds.
Total read time: 980.726858; average read time: 245.181714
Total time: 1390.377413, total average time: 139.037741

[2022-12-14T11:20:08] Child[11392]:
Total write time: 468.698706 seconds; average write time: 78.116451 seconds.
Total read time: 917.147493; average read time: 229.286873
Total time: 1385.846199, total average time: 138.584620

[2022-12-14T11:20:08] Child[11654]:
Total write time: 200.738342 seconds; average write time: 33.456390 seconds.
Total read time: 1188.656978; average read time: 297.164244
Total time: 1389.395320, total average time: 138.939532

[2022-12-14T11:20:09] Child[10842]:
Total write time: 337.926925 seconds; average write time: 67.585385 seconds.
Total read time: 1051.882783; average read time: 210.376557
Total time: 1389.809708, total average time: 138.980971

[2022-12-14T11:20:09] Child[11238]:
Total write time: 378.967218 seconds; average write time: 63.161203 seconds.
Total read time: 1009.086113; average read time: 252.271528
Total time: 1388.053331, total average time: 138.805333

[2022-12-14T11:20:09] Child[11723]:
Total write time: 313.045168 seconds; average write time: 62.609034 seconds.
Total read time: 1073.957929; average read time: 214.791586
Total time: 1387.003097, total average time: 138.700310

[2022-12-14T11:20:09] Child[12107]:
Total write time: 548.111247 seconds; average write time: 137.027812 seconds.
Total read time: 837.774095; average read time: 139.629016
Total time: 1385.885342, total average time: 138.588534

[2022-12-14T11:20:09] Child[10131]:
Total write time: 225.968245 seconds; average write time: 37.661374 seconds.
Total read time: 1159.501075; average read time: 289.875269
Total time: 1385.469320, total average time: 138.546932

[2022-12-14T11:20:10] Child[10149]:
Total write time: 150.559520 seconds; average write time: 30.111904 seconds.
Total read time: 1241.696625; average read time: 248.339325
Total time: 1392.256145, total average time: 139.225615

[2022-12-14T11:20:11] Child[11283]:
Total write time: 310.299898 seconds; average write time: 51.716650 seconds.
Total read time: 1081.215729; average read time: 270.303932
Total time: 1391.515627, total average time: 139.151563

[2022-12-14T11:20:11] Child[10381]:
Total write time: 569.504867 seconds; average write time: 142.376217 seconds.
Total read time: 818.374370; average read time: 136.395728
Total time: 1387.879237, total average time: 138.787924

[2022-12-14T11:20:11] Child[12199]:
Total write time: 172.639744 seconds; average write time: 57.546581 seconds.
Total read time: 1216.906576; average read time: 173.843797
Total time: 1389.546320, total average time: 138.954632

[2022-12-14T11:20:11] Child[11722]:
Total write time: 494.330431 seconds; average write time: 70.618633 seconds.
Total read time: 896.350668; average read time: 298.783556
Total time: 1390.681099, total average time: 139.068110

[2022-12-14T11:20:11] Child[11021]:
Total write time: 346.370098 seconds; average write time: 57.728350 seconds.
Total read time: 1045.169568; average read time: 261.292392
Total time: 1391.539666, total average time: 139.153967

[2022-12-14T11:20:12] Child[10013]:
Total write time: 45.432769 seconds; average write time: 9.086554 seconds.
Total read time: 1350.451500; average read time: 270.090300
Total time: 1395.884269, total average time: 139.588427

[2022-12-14T11:20:12] Child[10561]:
Total write time: 559.357441 seconds; average write time: 111.871488 seconds.
Total read time: 828.018089; average read time: 165.603618
Total time: 1387.375530, total average time: 138.737553

[2022-12-14T11:20:12] Child[10988]:
Total write time: 453.213957 seconds; average write time: 113.303489 seconds.
Total read time: 936.764482; average read time: 156.127414
Total time: 1389.978439, total average time: 138.997844

[2022-12-14T11:20:13] Child[11240]:
Total write time: 109.083623 seconds; average write time: 27.270906 seconds.
Total read time: 1285.266034; average read time: 214.211006
Total time: 1394.349657, total average time: 139.434966

[2022-12-14T11:20:13] Child[11562]:
Total write time: 529.290230 seconds; average write time: 132.322557 seconds.
Total read time: 866.484815; average read time: 144.414136
Total time: 1395.775045, total average time: 139.577505

[2022-12-14T11:20:13] Child[9940]:
Total write time: 249.820035 seconds; average write time: 49.964007 seconds.
Total read time: 1145.159038; average read time: 229.031808
Total time: 1394.979073, total average time: 139.497907

[2022-12-14T11:20:14] Child[11545]:
Total write time: 336.002293 seconds; average write time: 84.000573 seconds.
Total read time: 1056.760378; average read time: 176.126730
Total time: 1392.762671, total average time: 139.276267

[2022-12-14T11:20:14] Child[10318]:
Total write time: 655.037667 seconds; average write time: 109.172944 seconds.
Total read time: 742.225313; average read time: 185.556328
Total time: 1397.262980, total average time: 139.726298

[2022-12-14T11:20:15] Child[10307]:
Total write time: 113.973159 seconds; average write time: 56.986579 seconds.
Total read time: 1278.732010; average read time: 159.841501
Total time: 1392.705169, total average time: 139.270517

[2022-12-14T11:20:15] Child[10989]:
Total write time: 272.294338 seconds; average write time: 68.073584 seconds.
Total read time: 1123.075270; average read time: 187.179212
Total time: 1395.369608, total average time: 139.536961

[2022-12-14T11:20:15] Child[10050]:
Total write time: 561.888706 seconds; average write time: 80.269815 seconds.
Total read time: 829.179961; average read time: 276.393320
Total time: 1391.068667, total average time: 139.106867

[2022-12-14T11:20:15] Child[11909]:
Total write time: 354.171393 seconds; average write time: 59.028565 seconds.
Total read time: 1037.622100; average read time: 259.405525
Total time: 1391.793493, total average time: 139.179349

[2022-12-14T11:20:15] Child[11663]:
Total write time: 200.721125 seconds; average write time: 40.144225 seconds.
Total read time: 1195.098792; average read time: 239.019758
Total time: 1395.819917, total average time: 139.581992

[2022-12-14T11:20:16] Child[10176]:
Total write time: 700.255391 seconds; average write time: 100.036484 seconds.
Total read time: 698.347061; average read time: 232.782354
Total time: 1398.602452, total average time: 139.860245

[2022-12-14T11:20:16] Child[12055]:
Total write time: 539.034138 seconds; average write time: 89.839023 seconds.
Total read time: 857.943655; average read time: 214.485914
Total time: 1396.977793, total average time: 139.697779

[2022-12-14T11:20:16] Child[9948]:
Total write time: 278.511324 seconds; average write time: 69.627831 seconds.
Total read time: 1114.252407; average read time: 185.708734
Total time: 1392.763731, total average time: 139.276373

[2022-12-14T11:20:17] Child[10032]:
Total write time: 414.674413 seconds; average write time: 82.934883 seconds.
Total read time: 980.336341; average read time: 196.067268
Total time: 1395.010754, total average time: 139.501075

[2022-12-14T11:20:17] Child[10151]:
Total write time: 303.840901 seconds; average write time: 60.768180 seconds.
Total read time: 1095.184265; average read time: 219.036853
Total time: 1399.025166, total average time: 139.902517

[2022-12-14T11:20:17] Child[11273]:
Total write time: 166.912051 seconds; average write time: 27.818675 seconds.
Total read time: 1226.138579; average read time: 306.534645
Total time: 1393.050630, total average time: 139.305063

[2022-12-14T11:20:17] Child[11674]:
Total write time: 137.730577 seconds; average write time: 45.910192 seconds.
Total read time: 1256.817570; average read time: 179.545367
Total time: 1394.548147, total average time: 139.454815

[2022-12-14T11:20:17] Child[11891]:
Total write time: 872.825042 seconds; average write time: 109.103130 seconds.
Total read time: 524.473361; average read time: 262.236680
Total time: 1397.298403, total average time: 139.729840

[2022-12-14T11:20:17] Child[11750]:
Total write time: 477.961494 seconds; average write time: 79.660249 seconds.
Total read time: 918.115274; average read time: 229.528818
Total time: 1396.076768, total average time: 139.607677

[2022-12-14T11:20:18] Child[11338]:
Total write time: 220.181728 seconds; average write time: 55.045432 seconds.
Total read time: 1177.074132; average read time: 196.179022
Total time: 1397.255860, total average time: 139.725586

[2022-12-14T11:20:18] Child[11477]:
Total write time: 243.666747 seconds; average write time: 48.733349 seconds.
Total read time: 1156.567002; average read time: 231.313400
Total time: 1400.233749, total average time: 140.023375

[2022-12-14T11:20:18] Child[11918]:
Total write time: 276.619076 seconds; average write time: 69.154769 seconds.
Total read time: 1119.901645; average read time: 186.650274
Total time: 1396.520721, total average time: 139.652072

[2022-12-14T11:20:18] Child[11333]:
Total write time: 344.535585 seconds; average write time: 68.907117 seconds.
Total read time: 1054.661735; average read time: 210.932347
Total time: 1399.197320, total average time: 139.919732

[2022-12-14T11:20:18] Child[11993]:
Total write time: 133.014409 seconds; average write time: 33.253602 seconds.
Total read time: 1263.727338; average read time: 210.621223
Total time: 1396.741747, total average time: 139.674175

[2022-12-14T11:20:18] Child[11535]:
Total write time: 385.635114 seconds; average write time: 96.408778 seconds.
Total read time: 1009.561921; average read time: 168.260320
Total time: 1395.197035, total average time: 139.519703

[2022-12-14T11:20:19] Child[10575]:
Total write time: 81.655642 seconds; average write time: 27.218547 seconds.
Total read time: 1314.027894; average read time: 187.718271
Total time: 1395.683536, total average time: 139.568354

[2022-12-14T11:20:19] Child[12118]:
Total write time: 346.110080 seconds; average write time: 86.527520 seconds.
Total read time: 1049.795522; average read time: 174.965920
Total time: 1395.905602, total average time: 139.590560

[2022-12-14T11:20:20] Child[11776]:
Total write time: 648.793696 seconds; average write time: 108.132283 seconds.
Total read time: 748.817434; average read time: 187.204359
Total time: 1397.611130, total average time: 139.761113

[2022-12-14T11:20:20] Child[11922]:
Total write time: 316.208633 seconds; average write time: 63.241727 seconds.
Total read time: 1079.921000; average read time: 215.984200
Total time: 1396.129633, total average time: 139.612963

[2022-12-14T11:20:20] Child[11082]:
Total write time: 485.526552 seconds; average write time: 97.105310 seconds.
Total read time: 912.831377; average read time: 182.566275
Total time: 1398.357929, total average time: 139.835793

[2022-12-14T11:20:20] Child[10474]:
Total write time: 708.089788 seconds; average write time: 118.014965 seconds.
Total read time: 692.073678; average read time: 173.018419
Total time: 1400.163466, total average time: 140.016347

[2022-12-14T11:20:20] Child[11204]:
Total write time: 421.944858 seconds; average write time: 70.324143 seconds.
Total read time: 978.156856; average read time: 244.539214
Total time: 1400.101714, total average time: 140.010171

[2022-12-14T11:20:21] Child[11855]:
Total write time: 497.867004 seconds; average write time: 82.977834 seconds.
Total read time: 903.642092; average read time: 225.910523
Total time: 1401.509096, total average time: 140.150910

[2022-12-14T11:20:21] Child[10470]:
Total write time: 603.121321 seconds; average write time: 100.520220 seconds.
Total read time: 797.520891; average read time: 199.380223
Total time: 1400.642212, total average time: 140.064221

[2022-12-14T11:20:21] Child[12117]:
Total write time: 181.378141 seconds; average write time: 36.275628 seconds.
Total read time: 1217.326204; average read time: 243.465241
Total time: 1398.704345, total average time: 139.870434

[2022-12-14T11:20:21] Child[11405]:
Total write time: 72.421723 seconds; average write time: 24.140574 seconds.
Total read time: 1331.432861; average read time: 190.204694
Total time: 1403.854584, total average time: 140.385458

[2022-12-14T11:20:21] Child[11856]:
Total write time: 643.815791 seconds; average write time: 107.302632 seconds.
Total read time: 759.153547; average read time: 189.788387
Total time: 1402.969338, total average time: 140.296934

[2022-12-14T11:20:21] Child[10544]:
Total write time: 502.955482 seconds; average write time: 125.738871 seconds.
Total read time: 902.198049; average read time: 150.366342
Total time: 1405.153531, total average time: 140.515353

[2022-12-14T11:20:22] Child[11580]:
Total write time: 459.746895 seconds; average write time: 65.678128 seconds.
Total read time: 943.040422; average read time: 314.346807
Total time: 1402.787317, total average time: 140.278732

[2022-12-14T11:20:22] Child[10628]:
Total write time: 274.980669 seconds; average write time: 68.745167 seconds.
Total read time: 1123.125169; average read time: 187.187528
Total time: 1398.105838, total average time: 139.810584

[2022-12-14T11:20:22] Child[11486]:
Total write time: 323.797290 seconds; average write time: 80.949322 seconds.
Total read time: 1077.952119; average read time: 179.658686
Total time: 1401.749409, total average time: 140.174941

[2022-12-14T11:20:22] Child[10898]:
Total write time: 303.035985 seconds; average write time: 75.758996 seconds.
Total read time: 1094.827747; average read time: 182.471291
Total time: 1397.863732, total average time: 139.786373

[2022-12-14T11:20:22] Child[11350]:
Total write time: 404.450867 seconds; average write time: 80.890173 seconds.
Total read time: 996.825369; average read time: 199.365074
Total time: 1401.276236, total average time: 140.127624

[2022-12-14T11:20:23] Child[9902]:
Total write time: 518.600280 seconds; average write time: 103.720056 seconds.
Total read time: 886.794899; average read time: 177.358980
Total time: 1405.395179, total average time: 140.539518

[2022-12-14T11:20:23] Child[11944]:
Total write time: 419.162069 seconds; average write time: 83.832414 seconds.
Total read time: 981.621324; average read time: 196.324265
Total time: 1400.783393, total average time: 140.078339

[2022-12-14T11:20:23] Child[12039]:
Total write time: 520.849151 seconds; average write time: 74.407022 seconds.
Total read time: 882.989358; average read time: 294.329786
Total time: 1403.838509, total average time: 140.383851

[2022-12-14T11:20:23] Child[11539]:
Total write time: 275.060317 seconds; average write time: 45.843386 seconds.
Total read time: 1126.951325; average read time: 281.737831
Total time: 1402.011642, total average time: 140.201164

[2022-12-14T11:20:24] Child[11733]:
Total write time: 153.358189 seconds; average write time: 30.671638 seconds.
Total read time: 1252.479688; average read time: 250.495938
Total time: 1405.837877, total average time: 140.583788

[2022-12-14T11:20:24] Child[11832]:
Total write time: 382.033960 seconds; average write time: 95.508490 seconds.
Total read time: 1021.079111; average read time: 170.179852
Total time: 1403.113071, total average time: 140.311307

[2022-12-14T11:20:24] Child[11810]:
Total write time: 316.453595 seconds; average write time: 105.484532 seconds.
Total read time: 1085.479104; average read time: 155.068443
Total time: 1401.932699, total average time: 140.193270

[2022-12-14T11:20:24] Child[12004]:
Total write time: 682.831214 seconds; average write time: 97.547316 seconds.
Total read time: 718.651448; average read time: 239.550483
Total time: 1401.482662, total average time: 140.148266

[2022-12-14T11:20:24] Child[10526]:
Total write time: 418.948432 seconds; average write time: 69.824739 seconds.
Total read time: 984.010117; average read time: 246.002529
Total time: 1402.958549, total average time: 140.295855

[2022-12-14T11:20:24] Child[10741]:
Total write time: 485.784993 seconds; average write time: 80.964165 seconds.
Total read time: 919.281927; average read time: 229.820482
Total time: 1405.066920, total average time: 140.506692

[2022-12-14T11:20:25] Child[11509]:
Total write time: 475.388984 seconds; average write time: 79.231497 seconds.
Total read time: 932.602663; average read time: 233.150666
Total time: 1407.991647, total average time: 140.799165

[2022-12-14T11:20:25] Child[10918]:
Total write time: 747.506393 seconds; average write time: 106.786628 seconds.
Total read time: 655.283575; average read time: 218.427858
Total time: 1402.789968, total average time: 140.278997

[2022-12-14T11:20:25] Child[9995]:
Total write time: 506.400010 seconds; average write time: 72.342859 seconds.
Total read time: 898.210288; average read time: 299.403429
Total time: 1404.610298, total average time: 140.461030

[2022-12-14T11:20:26] Child[11472]:
Total write time: 3.133270 seconds; average write time: 1.044423 seconds.
Total read time: 1399.980111; average read time: 199.997159
Total time: 1403.113381, total average time: 140.311338

[2022-12-14T11:20:26] Child[10583]:
Total write time: 466.714612 seconds; average write time: 155.571537 seconds.
Total read time: 940.554333; average read time: 134.364905
Total time: 1407.268945, total average time: 140.726894

[2022-12-14T11:20:26] Child[10395]:
Total write time: 333.972477 seconds; average write time: 83.493119 seconds.
Total read time: 1072.046397; average read time: 178.674399
Total time: 1406.018874, total average time: 140.601887

[2022-12-14T11:20:27] Child[12102]:
Total write time: 242.205839 seconds; average write time: 121.102919 seconds.
Total read time: 1164.742229; average read time: 145.592779
Total time: 1406.948068, total average time: 140.694807

[2022-12-14T11:20:28] Child[11793]:
Total write time: 179.951979 seconds; average write time: 59.983993 seconds.
Total read time: 1228.324536; average read time: 175.474934
Total time: 1408.276515, total average time: 140.827652

[2022-12-14T11:20:28] Child[10413]:
Total write time: 370.333590 seconds; average write time: 61.722265 seconds.
Total read time: 1040.593326; average read time: 260.148331
Total time: 1410.926916, total average time: 141.092692

[2022-12-14T11:20:28] Child[11020]:
Total write time: 493.529531 seconds; average write time: 98.705906 seconds.
Total read time: 915.655772; average read time: 183.131154
Total time: 1409.185303, total average time: 140.918530

[2022-12-14T11:20:28] Child[10075]:
Total write time: 125.758537 seconds; average write time: 25.151707 seconds.
Total read time: 1284.411152; average read time: 256.882230
Total time: 1410.169689, total average time: 141.016969

[2022-12-14T11:20:28] Child[10147]:
Total write time: 49.704130 seconds; average write time: 9.940826 seconds.
Total read time: 1360.680180; average read time: 272.136036
Total time: 1410.384310, total average time: 141.038431

[2022-12-14T11:20:28] Child[11525]:
Total write time: 480.184948 seconds; average write time: 80.030825 seconds.
Total read time: 931.361101; average read time: 232.840275
Total time: 1411.546049, total average time: 141.154605

[2022-12-14T11:20:28] Child[10323]:
Total write time: 215.754362 seconds; average write time: 43.150872 seconds.
Total read time: 1195.855951; average read time: 239.171190
Total time: 1411.610313, total average time: 141.161031

[2022-12-14T11:20:28] Child[11151]:
Total write time: 134.766156 seconds; average write time: 33.691539 seconds.
Total read time: 1274.964145; average read time: 212.494024
Total time: 1409.730301, total average time: 140.973030

[2022-12-14T11:20:28] Child[10300]:
Total write time: 554.482311 seconds; average write time: 79.211759 seconds.
Total read time: 853.734170; average read time: 284.578057
Total time: 1408.216481, total average time: 140.821648

[2022-12-14T11:20:28] Child[9946]:
Total write time: 96.868369 seconds; average write time: 32.289456 seconds.
Total read time: 1312.616059; average read time: 187.516580
Total time: 1409.484428, total average time: 140.948443

[2022-12-14T11:20:29] Child[10735]:
Total write time: 292.065470 seconds; average write time: 58.413094 seconds.
Total read time: 1114.906567; average read time: 222.981313
Total time: 1406.972037, total average time: 140.697204

[2022-12-14T11:20:29] Child[11000]:
Total write time: 450.346787 seconds; average write time: 90.069357 seconds.
Total read time: 959.639258; average read time: 191.927852
Total time: 1409.986045, total average time: 140.998604

[2022-12-14T11:20:29] Child[10915]:
Total write time: 214.867227 seconds; average write time: 71.622409 seconds.
Total read time: 1194.040683; average read time: 170.577240
Total time: 1408.907910, total average time: 140.890791

[2022-12-14T11:20:29] Child[10252]:
Total write time: 204.382291 seconds; average write time: 68.127430 seconds.
Total read time: 1207.550613; average read time: 172.507230
Total time: 1411.932904, total average time: 141.193290

[2022-12-14T11:20:29] Child[12143]:
Total write time: 431.501578 seconds; average write time: 86.300316 seconds.
Total read time: 978.628886; average read time: 195.725777
Total time: 1410.130464, total average time: 141.013046

[2022-12-14T11:20:30] Child[10358]:
Total write time: 150.629039 seconds; average write time: 30.125808 seconds.
Total read time: 1260.334902; average read time: 252.066980
Total time: 1410.963941, total average time: 141.096394

[2022-12-14T11:20:30] Child[11911]:
Total write time: 576.011816 seconds; average write time: 115.202363 seconds.
Total read time: 835.158156; average read time: 167.031631
Total time: 1411.169972, total average time: 141.116997

[2022-12-14T11:20:30] Child[10535]:
Total write time: 436.052775 seconds; average write time: 72.675462 seconds.
Total read time: 975.661080; average read time: 243.915270
Total time: 1411.713855, total average time: 141.171386

[2022-12-14T11:20:30] Child[10938]:
Total write time: 332.272757 seconds; average write time: 83.068189 seconds.
Total read time: 1080.644027; average read time: 180.107338
Total time: 1412.916784, total average time: 141.291678

[2022-12-14T11:20:30] Child[11435]:
Total write time: 378.151079 seconds; average write time: 94.537770 seconds.
Total read time: 1035.195137; average read time: 172.532523
Total time: 1413.346216, total average time: 141.334622

[2022-12-14T11:20:30] Child[10615]:
Total write time: 171.594928 seconds; average write time: 85.797464 seconds.
Total read time: 1240.150497; average read time: 155.018812
Total time: 1411.745425, total average time: 141.174543

[2022-12-14T11:20:30] Child[11355]:
Total write time: 140.873802 seconds; average write time: 35.218451 seconds.
Total read time: 1269.294863; average read time: 211.549144
Total time: 1410.168665, total average time: 141.016866

[2022-12-14T11:20:30] Child[10171]:
Total write time: 283.598692 seconds; average write time: 56.719738 seconds.
Total read time: 1125.807690; average read time: 225.161538
Total time: 1409.406382, total average time: 140.940638

[2022-12-14T11:20:30] Child[11655]:
Total write time: 212.299615 seconds; average write time: 53.074904 seconds.
Total read time: 1196.610393; average read time: 199.435066
Total time: 1408.910008, total average time: 140.891001

[2022-12-14T11:20:31] Child[12093]:
Total write time: 329.820887 seconds; average write time: 65.964177 seconds.
Total read time: 1080.366475; average read time: 216.073295
Total time: 1410.187362, total average time: 141.018736

[2022-12-14T11:20:31] Child[9890]:
Total write time: 78.037521 seconds; average write time: 26.012507 seconds.
Total read time: 1334.826969; average read time: 190.689567
Total time: 1412.864490, total average time: 141.286449

[2022-12-14T11:20:31] Child[10858]:
Total write time: 277.428706 seconds; average write time: 46.238118 seconds.
Total read time: 1136.461894; average read time: 284.115474
Total time: 1413.890600, total average time: 141.389060

[2022-12-14T11:20:31] Child[10447]:
Total write time: 31.959767 seconds; average write time: 7.989942 seconds.
Total read time: 1377.838415; average read time: 229.639736
Total time: 1409.798182, total average time: 140.979818

[2022-12-14T11:20:32] Child[10083]:
Total write time: 866.269852 seconds; average write time: 123.752836 seconds.
Total read time: 549.646494; average read time: 183.215498
Total time: 1415.916346, total average time: 141.591635

[2022-12-14T11:20:32] Child[11740]:
Total write time: 449.242936 seconds; average write time: 89.848587 seconds.
Total read time: 956.854465; average read time: 191.370893
Total time: 1406.097401, total average time: 140.609740

[2022-12-14T11:20:32] Child[9895]:
Total write time: 220.840313 seconds; average write time: 55.210078 seconds.
Total read time: 1192.585175; average read time: 198.764196
Total time: 1413.425488, total average time: 141.342549

[2022-12-14T11:20:32] Child[10756]:
Total write time: 142.243914 seconds; average write time: 47.414638 seconds.
Total read time: 1271.754589; average read time: 181.679227
Total time: 1413.998503, total average time: 141.399850

[2022-12-14T11:20:33] Child[11841]:
Total write time: 524.374587 seconds; average write time: 104.874917 seconds.
Total read time: 887.778565; average read time: 177.555713
Total time: 1412.153152, total average time: 141.215315

[2022-12-14T11:20:33] Child[9929]:
Total write time: 225.138299 seconds; average write time: 56.284575 seconds.
Total read time: 1186.305884; average read time: 197.717647
Total time: 1411.444183, total average time: 141.144418

[2022-12-14T11:20:33] Child[11949]:
Total write time: 527.927136 seconds; average write time: 105.585427 seconds.
Total read time: 885.617652; average read time: 177.123530
Total time: 1413.544788, total average time: 141.354479

[2022-12-14T11:20:33] Child[10234]:
Total write time: 582.354833 seconds; average write time: 116.470967 seconds.
Total read time: 834.221285; average read time: 166.844257
Total time: 1416.576118, total average time: 141.657612

[2022-12-14T11:20:34] Child[11645]:
Total write time: 267.536144 seconds; average write time: 53.507229 seconds.
Total read time: 1145.667256; average read time: 229.133451
Total time: 1413.203400, total average time: 141.320340

[2022-12-14T11:20:34] Child[10415]:
Total write time: 238.990277 seconds; average write time: 59.747569 seconds.
Total read time: 1173.852071; average read time: 195.642012
Total time: 1412.842348, total average time: 141.284235

[2022-12-14T11:20:34] Child[11404]:
Total write time: 333.457697 seconds; average write time: 83.364424 seconds.
Total read time: 1079.681636; average read time: 179.946939
Total time: 1413.139333, total average time: 141.313933

[2022-12-14T11:20:34] Child[11205]:
Total write time: 721.683312 seconds; average write time: 103.097616 seconds.
Total read time: 692.445409; average read time: 230.815136
Total time: 1414.128721, total average time: 141.412872

[2022-12-14T11:20:35] Child[10620]:
Total write time: 429.864243 seconds; average write time: 71.644041 seconds.
Total read time: 986.111796; average read time: 246.527949
Total time: 1415.976039, total average time: 141.597604

[2022-12-14T11:20:35] Child[12011]:
Total write time: 399.644474 seconds; average write time: 79.928895 seconds.
Total read time: 1013.847970; average read time: 202.769594
Total time: 1413.492444, total average time: 141.349244

[2022-12-14T11:20:35] Child[11386]:
Total write time: 318.744729 seconds; average write time: 79.686182 seconds.
Total read time: 1095.367987; average read time: 182.561331
Total time: 1414.112716, total average time: 141.411272

[2022-12-14T11:20:35] Child[12204]:
Total write time: 700.397367 seconds; average write time: 140.079473 seconds.
Total read time: 713.389987; average read time: 142.677997
Total time: 1413.787354, total average time: 141.378735

[2022-12-14T11:20:35] Child[11610]:
Total write time: 388.726536 seconds; average write time: 77.745307 seconds.
Total read time: 1022.716952; average read time: 204.543390
Total time: 1411.443488, total average time: 141.144349

[2022-12-14T11:20:36] Child[10943]:
Total write time: 265.042378 seconds; average write time: 53.008476 seconds.
Total read time: 1152.860736; average read time: 230.572147
Total time: 1417.903114, total average time: 141.790311

[2022-12-14T11:20:36] Child[10074]:
Total write time: 385.192042 seconds; average write time: 96.298011 seconds.
Total read time: 1032.623057; average read time: 172.103843
Total time: 1417.815099, total average time: 141.781510

[2022-12-14T11:20:36] Child[10037]:
Total write time: 231.134849 seconds; average write time: 57.783712 seconds.
Total read time: 1185.037653; average read time: 197.506275
Total time: 1416.172502, total average time: 141.617250

[2022-12-14T11:20:36] Child[10152]:
Total write time: 531.128854 seconds; average write time: 75.875551 seconds.
Total read time: 883.019310; average read time: 294.339770
Total time: 1414.148164, total average time: 141.414816

[2022-12-14T11:20:36] Child[10763]:
Total write time: 367.454288 seconds; average write time: 61.242381 seconds.
Total read time: 1049.918672; average read time: 262.479668
Total time: 1417.372960, total average time: 141.737296

[2022-12-14T11:20:36] Child[10187]:
Total write time: 251.091666 seconds; average write time: 83.697222 seconds.
Total read time: 1165.997093; average read time: 166.571013
Total time: 1417.088759, total average time: 141.708876

[2022-12-14T11:20:37] Child[9911]:
Total write time: 251.025322 seconds; average write time: 50.205064 seconds.
Total read time: 1165.526891; average read time: 233.105378
Total time: 1416.552213, total average time: 141.655221

[2022-12-14T11:20:37] Child[11670]:
Total write time: 217.338011 seconds; average write time: 54.334503 seconds.
Total read time: 1200.975288; average read time: 200.162548
Total time: 1418.313299, total average time: 141.831330

[2022-12-14T11:20:37] Child[10166]:
Total write time: 290.756404 seconds; average write time: 58.151281 seconds.
Total read time: 1123.947329; average read time: 224.789466
Total time: 1414.703733, total average time: 141.470373

[2022-12-14T11:20:38] Child[9954]:
Total write time: 237.494208 seconds; average write time: 47.498842 seconds.
Total read time: 1179.358598; average read time: 235.871720
Total time: 1416.852806, total average time: 141.685281

[2022-12-14T11:20:38] Child[11880]:
Total write time: 382.813347 seconds; average write time: 63.802225 seconds.
Total read time: 1032.526552; average read time: 258.131638
Total time: 1415.339899, total average time: 141.533990

[2022-12-14T11:20:38] Child[11347]:
Total write time: 117.364438 seconds; average write time: 39.121479 seconds.
Total read time: 1297.138339; average read time: 185.305477
Total time: 1414.502777, total average time: 141.450278

[2022-12-14T11:20:38] Child[11073]:
Total write time: 363.974057 seconds; average write time: 72.794811 seconds.
Total read time: 1055.642699; average read time: 211.128540
Total time: 1419.616756, total average time: 141.961676

[2022-12-14T11:20:38] Child[10221]:
Total write time: 547.952595 seconds; average write time: 109.590519 seconds.
Total read time: 870.872383; average read time: 174.174477
Total time: 1418.824978, total average time: 141.882498

[2022-12-14T11:20:39] Child[11956]:
Total write time: 422.772986 seconds; average write time: 105.693247 seconds.
Total read time: 990.289366; average read time: 165.048228
Total time: 1413.062352, total average time: 141.306235

[2022-12-14T11:20:39] Child[11442]:
Total write time: 904.347971 seconds; average write time: 180.869594 seconds.
Total read time: 515.593426; average read time: 103.118685
Total time: 1419.941397, total average time: 141.994140

[2022-12-14T11:20:39] Child[10509]:
Total write time: 281.877153 seconds; average write time: 93.959051 seconds.
Total read time: 1138.956362; average read time: 162.708052
Total time: 1420.833515, total average time: 142.083351

[2022-12-14T11:20:39] Child[10654]:
Total write time: 295.979496 seconds; average write time: 59.195899 seconds.
Total read time: 1121.887572; average read time: 224.377514
Total time: 1417.867068, total average time: 141.786707

[2022-12-14T11:20:40] Child[11515]:
Total write time: 277.693143 seconds; average write time: 46.282190 seconds.
Total read time: 1142.803328; average read time: 285.700832
Total time: 1420.496471, total average time: 142.049647

[2022-12-14T11:20:40] Child[10134]:
Total write time: 396.238708 seconds; average write time: 99.059677 seconds.
Total read time: 1021.593580; average read time: 170.265597
Total time: 1417.832288, total average time: 141.783229

[2022-12-14T11:20:40] Child[11588]:
Total write time: 205.221168 seconds; average write time: 68.407056 seconds.
Total read time: 1219.115135; average read time: 174.159305
Total time: 1424.336303, total average time: 142.433630

[2022-12-14T11:20:40] Child[10699]:
Total write time: 571.223851 seconds; average write time: 142.805963 seconds.
Total read time: 850.417909; average read time: 141.736318
Total time: 1421.641760, total average time: 142.164176

[2022-12-14T11:20:41] Child[10422]:
Total write time: 105.698994 seconds; average write time: 35.232998 seconds.
Total read time: 1317.907750; average read time: 188.272536
Total time: 1423.606744, total average time: 142.360674

[2022-12-14T11:20:42] Child[11088]:
Total write time: 130.600989 seconds; average write time: 65.300494 seconds.
Total read time: 1291.012855; average read time: 161.376607
Total time: 1421.613844, total average time: 142.161384

[2022-12-14T11:20:42] Child[12104]:
Total write time: 95.547281 seconds; average write time: 31.849094 seconds.
Total read time: 1326.893289; average read time: 189.556184
Total time: 1422.440570, total average time: 142.244057

[2022-12-14T11:20:42] Child[11143]:
Total write time: 134.770315 seconds; average write time: 33.692579 seconds.
Total read time: 1289.015003; average read time: 214.835834
Total time: 1423.785318, total average time: 142.378532

[2022-12-14T11:20:43] Child[11685]:
Total write time: 696.966186 seconds; average write time: 139.393237 seconds.
Total read time: 725.771116; average read time: 145.154223
Total time: 1422.737302, total average time: 142.273730

[2022-12-14T11:20:43] Child[10512]:
Total write time: 223.961815 seconds; average write time: 74.653938 seconds.
Total read time: 1196.565064; average read time: 170.937866
Total time: 1420.526879, total average time: 142.052688

[2022-12-14T11:20:43] Child[11782]:
Total write time: 576.922147 seconds; average write time: 82.417450 seconds.
Total read time: 842.777880; average read time: 280.925960
Total time: 1419.700027, total average time: 141.970003

[2022-12-14T11:20:43] Child[12002]:
Total write time: 243.462147 seconds; average write time: 60.865537 seconds.
Total read time: 1179.475315; average read time: 196.579219
Total time: 1422.937462, total average time: 142.293746

[2022-12-14T11:20:43] Child[11396]:
Total write time: 627.967950 seconds; average write time: 104.661325 seconds.
Total read time: 796.398938; average read time: 199.099735
Total time: 1424.366888, total average time: 142.436689

[2022-12-14T11:20:43] Child[10582]:
Total write time: 214.750036 seconds; average write time: 53.687509 seconds.
Total read time: 1209.759250; average read time: 201.626542
Total time: 1424.509286, total average time: 142.450929

[2022-12-14T11:20:44] Child[11863]:
Total write time: 415.111526 seconds; average write time: 103.777882 seconds.
Total read time: 1009.642506; average read time: 168.273751
Total time: 1424.754032, total average time: 142.475403

[2022-12-14T11:20:44] Child[10173]:
Total write time: 519.945182 seconds; average write time: 103.989036 seconds.
Total read time: 902.742437; average read time: 180.548487
Total time: 1422.687619, total average time: 142.268762

[2022-12-14T11:20:44] Child[11924]:
Total write time: 217.261241 seconds; average write time: 54.315310 seconds.
Total read time: 1208.450445; average read time: 201.408408
Total time: 1425.711686, total average time: 142.571169

[2022-12-14T11:20:44] Child[10069]:
Total write time: 226.748538 seconds; average write time: 56.687134 seconds.
Total read time: 1197.384430; average read time: 199.564072
Total time: 1424.132968, total average time: 142.413297

[2022-12-14T11:20:44] Child[10772]:
Total write time: 485.132710 seconds; average write time: 80.855452 seconds.
Total read time: 941.704465; average read time: 235.426116
Total time: 1426.837175, total average time: 142.683718

[2022-12-14T11:20:44] Child[10714]:
Total write time: 223.492446 seconds; average write time: 55.873112 seconds.
Total read time: 1201.054976; average read time: 200.175829
Total time: 1424.547422, total average time: 142.454742

[2022-12-14T11:20:45] Child[10458]:
Total write time: 322.259965 seconds; average write time: 64.451993 seconds.
Total read time: 1102.036303; average read time: 220.407261
Total time: 1424.296268, total average time: 142.429627

[2022-12-14T11:20:45] Child[11523]:
Total write time: 181.292666 seconds; average write time: 45.323166 seconds.
Total read time: 1241.379552; average read time: 206.896592
Total time: 1422.672218, total average time: 142.267222

[2022-12-14T11:20:45] Child[11587]:
Total write time: 42.886726 seconds; average write time: 14.295575 seconds.
Total read time: 1383.570529; average read time: 197.652933
Total time: 1426.457255, total average time: 142.645725

[2022-12-14T11:20:45] Child[10724]:
Total write time: 218.137114 seconds; average write time: 54.534278 seconds.
Total read time: 1204.223001; average read time: 200.703834
Total time: 1422.360115, total average time: 142.236011

[2022-12-14T11:20:45] Child[10062]:
Total write time: 133.054206 seconds; average write time: 44.351402 seconds.
Total read time: 1291.911650; average read time: 184.558807
Total time: 1424.965856, total average time: 142.496586

[2022-12-14T11:20:46] Child[10805]:
Total write time: 30.579252 seconds; average write time: 15.289626 seconds.
Total read time: 1395.358367; average read time: 174.419796
Total time: 1425.937619, total average time: 142.593762

[2022-12-14T11:20:46] Child[10359]:
Total write time: 330.174246 seconds; average write time: 66.034849 seconds.
Total read time: 1098.683479; average read time: 219.736696
Total time: 1428.857725, total average time: 142.885773

[2022-12-14T11:20:46] Child[11380]:
Total write time: 349.574697 seconds; average write time: 116.524899 seconds.
Total read time: 1071.990481; average read time: 153.141497
Total time: 1421.565178, total average time: 142.156518

[2022-12-14T11:20:46] Child[12015]:
Total write time: 7.507026 seconds; average write time: 7.507026 seconds.
Total read time: 1417.063427; average read time: 157.451492
Total time: 1424.570453, total average time: 142.457045

[2022-12-14T11:20:46] Child[11239]:
Total write time: 214.629035 seconds; average write time: 71.543012 seconds.
Total read time: 1212.451846; average read time: 173.207407
Total time: 1427.080881, total average time: 142.708088

[2022-12-14T11:20:46] Child[10316]:
Total write time: 579.740877 seconds; average write time: 96.623480 seconds.
Total read time: 848.059653; average read time: 212.014913
Total time: 1427.800530, total average time: 142.780053

[2022-12-14T11:20:46] Child[10278]:
Total write time: 389.240628 seconds; average write time: 77.848126 seconds.
Total read time: 1039.980519; average read time: 207.996104
Total time: 1429.221147, total average time: 142.922115

[2022-12-14T11:20:47] Child[12133]:
Total write time: 398.462895 seconds; average write time: 79.692579 seconds.
Total read time: 1026.217866; average read time: 205.243573
Total time: 1424.680761, total average time: 142.468076

[2022-12-14T11:20:47] Child[11571]:
Total write time: 166.970620 seconds; average write time: 41.742655 seconds.
Total read time: 1257.411587; average read time: 209.568598
Total time: 1424.382207, total average time: 142.438221

[2022-12-14T11:20:47] Child[10819]:
Total write time: 39.471141 seconds; average write time: 19.735571 seconds.
Total read time: 1385.494303; average read time: 173.186788
Total time: 1424.965444, total average time: 142.496544

[2022-12-14T11:20:47] Child[10541]:
Total write time: 594.130363 seconds; average write time: 99.021727 seconds.
Total read time: 833.861527; average read time: 208.465382
Total time: 1427.991890, total average time: 142.799189

[2022-12-14T11:20:47] Child[10536]:
Total write time: 104.965947 seconds; average write time: 34.988649 seconds.
Total read time: 1319.655815; average read time: 188.522259
Total time: 1424.621762, total average time: 142.462176

[2022-12-14T11:20:47] Child[10259]:
Total write time: 321.096617 seconds; average write time: 80.274154 seconds.
Total read time: 1105.290725; average read time: 184.215121
Total time: 1426.387342, total average time: 142.638734

[2022-12-14T11:20:48] Child[10691]:
Total write time: 111.243723 seconds; average write time: 27.810931 seconds.
Total read time: 1316.888710; average read time: 219.481452
Total time: 1428.132433, total average time: 142.813243

[2022-12-14T11:20:48] Child[11533]:
Total write time: 234.511989 seconds; average write time: 58.627997 seconds.
Total read time: 1189.413631; average read time: 198.235605
Total time: 1423.925620, total average time: 142.392562

[2022-12-14T11:20:48] Child[11707]:
Total write time: 348.930185 seconds; average write time: 69.786037 seconds.
Total read time: 1079.569026; average read time: 215.913805
Total time: 1428.499211, total average time: 142.849921

[2022-12-14T11:20:48] Child[11800]:
Total write time: 274.066452 seconds; average write time: 54.813290 seconds.
Total read time: 1153.914805; average read time: 230.782961
Total time: 1427.981257, total average time: 142.798126

[2022-12-14T11:20:48] Child[11454]:
Total write time: 643.675807 seconds; average write time: 107.279301 seconds.
Total read time: 785.274821; average read time: 196.318705
Total time: 1428.950628, total average time: 142.895063

[2022-12-14T11:20:48] Child[11892]:
Total write time: 344.286359 seconds; average write time: 86.071590 seconds.
Total read time: 1083.761754; average read time: 180.626959
Total time: 1428.048113, total average time: 142.804811

[2022-12-14T11:20:49] Child[11475]:
Total write time: 229.688145 seconds; average write time: 45.937629 seconds.
Total read time: 1199.650932; average read time: 239.930186
Total time: 1429.339077, total average time: 142.933908

[2022-12-14T11:20:49] Child[11797]:
Total write time: 243.494354 seconds; average write time: 48.698871 seconds.
Total read time: 1185.079100; average read time: 237.015820
Total time: 1428.573454, total average time: 142.857345

[2022-12-14T11:20:49] Child[11879]:
Total write time: 227.481112 seconds; average write time: 75.827037 seconds.
Total read time: 1202.528096; average read time: 171.789728
Total time: 1430.009208, total average time: 143.000921

[2022-12-14T11:20:50] Child[10984]:
Total write time: 350.307243 seconds; average write time: 70.061449 seconds.
Total read time: 1083.862216; average read time: 216.772443
Total time: 1434.169459, total average time: 143.416946

[2022-12-14T11:20:51] Child[11702]:
Total write time: 214.781736 seconds; average write time: 71.593912 seconds.
Total read time: 1215.348336; average read time: 173.621191
Total time: 1430.130072, total average time: 143.013007

[2022-12-14T11:20:51] Child[11771]:
Total write time: 347.472662 seconds; average write time: 86.868166 seconds.
Total read time: 1086.023111; average read time: 181.003852
Total time: 1433.495773, total average time: 143.349577

[2022-12-14T11:20:51] Child[10604]:
Total write time: 546.913732 seconds; average write time: 109.382746 seconds.
Total read time: 883.444096; average read time: 176.688819
Total time: 1430.357828, total average time: 143.035783

[2022-12-14T11:20:51] Child[10449]:
Total write time: 413.922911 seconds; average write time: 137.974304 seconds.
Total read time: 1018.276287; average read time: 145.468041
Total time: 1432.199198, total average time: 143.219920

[2022-12-14T11:20:51] Child[11469]:
Total write time: 428.318300 seconds; average write time: 85.663660 seconds.
Total read time: 1003.194294; average read time: 200.638859
Total time: 1431.512594, total average time: 143.151259

[2022-12-14T11:20:51] Child[10606]:
Total write time: 148.756116 seconds; average write time: 49.585372 seconds.
Total read time: 1285.512222; average read time: 183.644603
Total time: 1434.268338, total average time: 143.426834

[2022-12-14T11:20:51] Child[12184]:
Total write time: 327.921226 seconds; average write time: 109.307075 seconds.
Total read time: 1100.493437; average read time: 157.213348
Total time: 1428.414663, total average time: 142.841466

[2022-12-14T11:20:51] Child[10156]:
Total write time: 272.208596 seconds; average write time: 45.368099 seconds.
Total read time: 1161.189667; average read time: 290.297417
Total time: 1433.398263, total average time: 143.339826

[2022-12-14T11:20:52] Child[10465]:
Total write time: 485.919695 seconds; average write time: 97.183939 seconds.
Total read time: 946.144603; average read time: 189.228921
Total time: 1432.064298, total average time: 143.206430

[2022-12-14T11:20:52] Child[11981]:
Total write time: 372.941854 seconds; average write time: 74.588371 seconds.
Total read time: 1061.055566; average read time: 212.211113
Total time: 1433.997420, total average time: 143.399742

[2022-12-14T11:20:52] Child[11492]:
Total write time: 415.178457 seconds; average write time: 83.035691 seconds.
Total read time: 1016.706595; average read time: 203.341319
Total time: 1431.885052, total average time: 143.188505

[2022-12-14T11:20:52] Child[10092]:
Total write time: 120.394151 seconds; average write time: 40.131384 seconds.
Total read time: 1309.026606; average read time: 187.003801
Total time: 1429.420757, total average time: 142.942076

[2022-12-14T11:20:52] Child[12185]:
Total write time: 475.868267 seconds; average write time: 95.173653 seconds.
Total read time: 959.139642; average read time: 191.827928
Total time: 1435.007909, total average time: 143.500791

[2022-12-14T11:20:53] Child[9961]:
Total write time: 58.262400 seconds; average write time: 19.420800 seconds.
Total read time: 1374.484115; average read time: 196.354874
Total time: 1432.746515, total average time: 143.274652

[2022-12-14T11:20:53] Child[10558]:
Total write time: 465.254293 seconds; average write time: 116.313573 seconds.
Total read time: 969.558711; average read time: 161.593119
Total time: 1434.813004, total average time: 143.481300

[2022-12-14T11:20:53] Child[10020]:
Total write time: 164.174395 seconds; average write time: 54.724798 seconds.
Total read time: 1270.864295; average read time: 181.552042
Total time: 1435.038690, total average time: 143.503869

[2022-12-14T11:20:53] Child[11886]:
Total write time: 310.761081 seconds; average write time: 77.690270 seconds.
Total read time: 1122.636904; average read time: 187.106151
Total time: 1433.397985, total average time: 143.339799

[2022-12-14T11:20:53] Child[10498]:
Total write time: 354.940242 seconds; average write time: 118.313414 seconds.
Total read time: 1076.096420; average read time: 153.728060
Total time: 1431.036662, total average time: 143.103666

[2022-12-14T11:20:53] Child[10695]:
Total write time: 188.621650 seconds; average write time: 47.155412 seconds.
Total read time: 1240.977171; average read time: 206.829529
Total time: 1429.598821, total average time: 142.959882

[2022-12-14T11:20:53] Child[11252]:
Total write time: 292.432415 seconds; average write time: 73.108104 seconds.
Total read time: 1139.928064; average read time: 189.988011
Total time: 1432.360479, total average time: 143.236048

[2022-12-14T11:20:54] Child[10271]:
Total write time: 59.365397 seconds; average write time: 19.788466 seconds.
Total read time: 1376.032108; average read time: 196.576015
Total time: 1435.397505, total average time: 143.539750

[2022-12-14T11:20:54] Child[11446]:
Total write time: 220.488188 seconds; average write time: 73.496063 seconds.
Total read time: 1211.286722; average read time: 173.040960
Total time: 1431.774910, total average time: 143.177491

[2022-12-14T11:20:54] Child[12106]:
Total write time: 210.291414 seconds; average write time: 70.097138 seconds.
Total read time: 1221.452318; average read time: 174.493188
Total time: 1431.743732, total average time: 143.174373

[2022-12-14T11:20:54] Child[11961]:
Total write time: 283.835081 seconds; average write time: 47.305847 seconds.
Total read time: 1149.779297; average read time: 287.444824
Total time: 1433.614378, total average time: 143.361438

[2022-12-14T11:20:55] Child[11414]:
Total write time: 113.687726 seconds; average write time: 28.421931 seconds.
Total read time: 1323.661474; average read time: 220.610246
Total time: 1437.349200, total average time: 143.734920

[2022-12-14T11:20:55] Child[11603]:
Total write time: 185.804225 seconds; average write time: 92.902113 seconds.
Total read time: 1245.691101; average read time: 155.711388
Total time: 1431.495326, total average time: 143.149533

[2022-12-14T11:20:55] Child[10736]:
Total write time: 249.956271 seconds; average write time: 41.659379 seconds.
Total read time: 1183.858757; average read time: 295.964689
Total time: 1433.815028, total average time: 143.381503

[2022-12-14T11:20:56] Child[11960]:
Total write time: 110.506133 seconds; average write time: 36.835378 seconds.
Total read time: 1327.111529; average read time: 189.587361
Total time: 1437.617662, total average time: 143.761766

[2022-12-14T11:20:56] Child[10754]:
Total write time: 686.289243 seconds; average write time: 114.381540 seconds.
Total read time: 745.020016; average read time: 186.255004
Total time: 1431.309259, total average time: 143.130926

[2022-12-14T11:20:56] Child[11264]:
Total write time: 399.884456 seconds; average write time: 79.976891 seconds.
Total read time: 1036.140997; average read time: 207.228199
Total time: 1436.025453, total average time: 143.602545

[2022-12-14T11:20:56] Child[11902]:
Total write time: 455.026414 seconds; average write time: 113.756603 seconds.
Total read time: 978.121861; average read time: 163.020310
Total time: 1433.148275, total average time: 143.314828

[2022-12-14T11:20:56] Child[9914]:
Total write time: 114.488002 seconds; average write time: 57.244001 seconds.
Total read time: 1323.971921; average read time: 165.496490
Total time: 1438.459923, total average time: 143.845992

[2022-12-14T11:20:56] Child[11402]:
Total write time: 179.058086 seconds; average write time: 44.764522 seconds.
Total read time: 1255.650462; average read time: 209.275077
Total time: 1434.708548, total average time: 143.470855

[2022-12-14T11:20:57] Child[11506]:
Total write time: 15.906550 seconds; average write time: 7.953275 seconds.
Total read time: 1424.994630; average read time: 178.124329
Total time: 1440.901180, total average time: 144.090118

[2022-12-14T11:20:57] Child[12135]:
Total write time: 327.919454 seconds; average write time: 65.583891 seconds.
Total read time: 1107.896038; average read time: 221.579208
Total time: 1435.815492, total average time: 143.581549

[2022-12-14T11:20:57] Child[9910]:
Total write time: 444.328307 seconds; average write time: 111.082077 seconds.
Total read time: 991.542862; average read time: 165.257144
Total time: 1435.871169, total average time: 143.587117

[2022-12-14T11:20:57] Child[9880]:
Total write time: 350.889139 seconds; average write time: 70.177828 seconds.
Total read time: 1087.651999; average read time: 217.530400
Total time: 1438.541138, total average time: 143.854114

[2022-12-14T11:20:58] Child[10804]:
Total write time: 354.592078 seconds; average write time: 118.197359 seconds.
Total read time: 1083.946588; average read time: 154.849513
Total time: 1438.538666, total average time: 143.853867

[2022-12-14T11:20:58] Child[11349]:
Total write time: 172.881073 seconds; average write time: 43.220268 seconds.
Total read time: 1258.757756; average read time: 209.792959
Total time: 1431.638829, total average time: 143.163883

[2022-12-14T11:20:59] Child[12203]:
Total write time: 199.283629 seconds; average write time: 49.820907 seconds.
Total read time: 1241.317165; average read time: 206.886194
Total time: 1440.600794, total average time: 144.060079

[2022-12-14T11:20:59] Child[12088]:
Total write time: 268.167986 seconds; average write time: 67.041996 seconds.
Total read time: 1170.496061; average read time: 195.082677
Total time: 1438.664047, total average time: 143.866405

[2022-12-14T11:20:59] Child[10049]:
Total write time: 296.988295 seconds; average write time: 59.397659 seconds.
Total read time: 1140.587577; average read time: 228.117515
Total time: 1437.575872, total average time: 143.757587

[2022-12-14T11:20:59] Child[10163]:
Total write time: 439.014022 seconds; average write time: 109.753506 seconds.
Total read time: 1000.766595; average read time: 166.794432
Total time: 1439.780617, total average time: 143.978062

[2022-12-14T11:20:59] Child[10548]:
Total write time: 429.011963 seconds; average write time: 85.802393 seconds.
Total read time: 1012.480085; average read time: 202.496017
Total time: 1441.492048, total average time: 144.149205

[2022-12-14T11:21:00] Child[11691]:
Total write time: 101.918845 seconds; average write time: 33.972948 seconds.
Total read time: 1339.278599; average read time: 191.325514
Total time: 1441.197444, total average time: 144.119744

[2022-12-14T11:21:01] Child[10789]:
Total write time: 242.269213 seconds; average write time: 48.453843 seconds.
Total read time: 1195.571878; average read time: 239.114376
Total time: 1437.841091, total average time: 143.784109

[2022-12-14T11:21:01] Child[11695]:
Total write time: 360.977497 seconds; average write time: 60.162916 seconds.
Total read time: 1076.520982; average read time: 269.130246
Total time: 1437.498479, total average time: 143.749848

[2022-12-14T11:21:01] Child[10347]:
Total write time: 314.619598 seconds; average write time: 62.923920 seconds.
Total read time: 1125.842434; average read time: 225.168487
Total time: 1440.462032, total average time: 144.046203

[2022-12-14T11:21:01] Child[10080]:
Total write time: 251.050513 seconds; average write time: 41.841752 seconds.
Total read time: 1188.509684; average read time: 297.127421
Total time: 1439.560197, total average time: 143.956020

[2022-12-14T11:21:02] Child[10051]:
Total write time: 329.497137 seconds; average write time: 82.374284 seconds.
Total read time: 1109.042691; average read time: 184.840449
Total time: 1438.539828, total average time: 143.853983

[2022-12-14T11:21:02] Child[12148]:
Total write time: 377.858739 seconds; average write time: 94.464685 seconds.
Total read time: 1061.286393; average read time: 176.881066
Total time: 1439.145132, total average time: 143.914513

[2022-12-14T11:21:03] Child[12108]:
Total write time: 367.765680 seconds; average write time: 73.553136 seconds.
Total read time: 1074.433843; average read time: 214.886769
Total time: 1442.199523, total average time: 144.219952

[2022-12-14T11:21:04] Child[10350]:
Total write time: 416.041810 seconds; average write time: 69.340302 seconds.
Total read time: 1023.112742; average read time: 255.778186
Total time: 1439.154552, total average time: 143.915455

[2022-12-14T11:21:05] Child[11572]:
Total write time: 242.736951 seconds; average write time: 48.547390 seconds.
Total read time: 1200.945566; average read time: 240.189113
Total time: 1443.682517, total average time: 144.368252

[2022-12-14T11:21:06] Child[11006]:
Total write time: 583.399310 seconds; average write time: 116.679862 seconds.
Total read time: 861.242660; average read time: 172.248532
Total time: 1444.641970, total average time: 144.464197

[2022-12-14T11:21:06] Child[11507]:
Total write time: 577.613430 seconds; average write time: 82.516204 seconds.
Total read time: 870.131580; average read time: 290.043860
Total time: 1447.745010, total average time: 144.774501

[2022-12-14T11:21:06] Child[10573]:
Total write time: 204.325824 seconds; average write time: 68.108608 seconds.
Total read time: 1240.118901; average read time: 177.159843
Total time: 1444.444725, total average time: 144.444472

[2022-12-14T11:21:06] Child[12035]:
Total write time: 45.255530 seconds; average write time: 15.085177 seconds.
Total read time: 1401.164093; average read time: 200.166299
Total time: 1446.419623, total average time: 144.641962

[2022-12-14T11:21:07] Child[11277]:
Total write time: 561.726341 seconds; average write time: 140.431585 seconds.
Total read time: 882.874811; average read time: 147.145802
Total time: 1444.601152, total average time: 144.460115

[2022-12-14T11:21:07] Child[10657]:
Total write time: 990.074743 seconds; average write time: 165.012457 seconds.
Total read time: 457.871706; average read time: 114.467927
Total time: 1447.946449, total average time: 144.794645

[2022-12-14T11:21:08] Child[11641]:
Total write time: 179.217279 seconds; average write time: 59.739093 seconds.
Total read time: 1265.140406; average read time: 180.734344
Total time: 1444.357685, total average time: 144.435768

[2022-12-14T11:21:08] Child[11168]:
Total write time: 398.845070 seconds; average write time: 99.711268 seconds.
Total read time: 1045.572051; average read time: 174.262009
Total time: 1444.417121, total average time: 144.441712

[2022-12-14T11:21:08] Child[10567]:
Total write time: 213.971494 seconds; average write time: 53.492874 seconds.
Total read time: 1234.309498; average read time: 205.718250
Total time: 1448.280992, total average time: 144.828099

[2022-12-14T11:21:08] Child[11754]:
Total write time: 210.500314 seconds; average write time: 70.166771 seconds.
Total read time: 1239.225476; average read time: 177.032211
Total time: 1449.725790, total average time: 144.972579

[2022-12-14T11:21:09] Child[9886]:
Total write time: 688.962680 seconds; average write time: 137.792536 seconds.
Total read time: 760.120586; average read time: 152.024117
Total time: 1449.083266, total average time: 144.908327

[2022-12-14T11:21:09] Child[10454]:
Total write time: 185.605780 seconds; average write time: 61.868593 seconds.
Total read time: 1264.508764; average read time: 180.644109
Total time: 1450.114544, total average time: 145.011454

[2022-12-14T11:21:09] Child[10057]:
Total write time: 406.286706 seconds; average write time: 67.714451 seconds.
Total read time: 1040.818134; average read time: 260.204534
Total time: 1447.104840, total average time: 144.710484

[2022-12-14T11:21:09] Child[10731]:
Total write time: 703.958857 seconds; average write time: 140.791771 seconds.
Total read time: 747.696592; average read time: 149.539318
Total time: 1451.655449, total average time: 145.165545

[2022-12-14T11:21:09] Child[10727]:
Total write time: 135.741599 seconds; average write time: 45.247200 seconds.
Total read time: 1318.576657; average read time: 188.368094
Total time: 1454.318256, total average time: 145.431826

[2022-12-14T11:21:09] Child[12092]:
Total write time: 278.412059 seconds; average write time: 69.603015 seconds.
Total read time: 1169.048476; average read time: 194.841413
Total time: 1447.460535, total average time: 144.746053

[2022-12-14T11:21:09] Child[10130]:
Total write time: 705.855980 seconds; average write time: 117.642663 seconds.
Total read time: 743.739458; average read time: 185.934865
Total time: 1449.595438, total average time: 144.959544

[2022-12-14T11:21:10] Child[12058]:
Total write time: 402.465605 seconds; average write time: 100.616401 seconds.
Total read time: 1050.383037; average read time: 175.063840
Total time: 1452.848642, total average time: 145.284864

[2022-12-14T11:21:10] Child[11751]:
Total write time: 135.425321 seconds; average write time: 33.856330 seconds.
Total read time: 1315.608375; average read time: 219.268063
Total time: 1451.033696, total average time: 145.103370

[2022-12-14T11:21:10] Child[12049]:
Total write time: 209.621985 seconds; average write time: 52.405496 seconds.
Total read time: 1244.115260; average read time: 207.352543
Total time: 1453.737245, total average time: 145.373725

[2022-12-14T11:21:10] Child[10817]:
Total write time: 573.853354 seconds; average write time: 81.979051 seconds.
Total read time: 875.436454; average read time: 291.812151
Total time: 1449.289808, total average time: 144.928981

[2022-12-14T11:21:10] Child[10807]:
Total write time: 669.685661 seconds; average write time: 111.614277 seconds.
Total read time: 778.861305; average read time: 194.715326
Total time: 1448.546966, total average time: 144.854697

[2022-12-14T11:21:10] Child[10759]:
Total write time: 110.212453 seconds; average write time: 27.553113 seconds.
Total read time: 1340.655276; average read time: 223.442546
Total time: 1450.867729, total average time: 145.086773

[2022-12-14T11:21:10] Child[10802]:
Total write time: 315.450017 seconds; average write time: 78.862504 seconds.
Total read time: 1135.332708; average read time: 189.222118
Total time: 1450.782725, total average time: 145.078272

[2022-12-14T11:21:10] Child[12189]:
Total write time: 84.317181 seconds; average write time: 21.079295 seconds.
Total read time: 1364.173653; average read time: 227.362276
Total time: 1448.490834, total average time: 144.849083

[2022-12-14T11:21:11] Child[11582]:
Total write time: 421.115491 seconds; average write time: 105.278873 seconds.
Total read time: 1029.631608; average read time: 171.605268
Total time: 1450.747099, total average time: 145.074710

[2022-12-14T11:21:11] Child[10356]:
Total write time: 228.681024 seconds; average write time: 45.736205 seconds.
Total read time: 1218.812656; average read time: 243.762531
Total time: 1447.493680, total average time: 144.749368

[2022-12-14T11:21:11] Child[10274]:
Total write time: 142.854522 seconds; average write time: 47.618174 seconds.
Total read time: 1310.495122; average read time: 187.213589
Total time: 1453.349644, total average time: 145.334964

[2022-12-14T11:21:11] Child[12091]:
Total write time: 493.779098 seconds; average write time: 98.755820 seconds.
Total read time: 957.031010; average read time: 191.406202
Total time: 1450.810108, total average time: 145.081011

[2022-12-14T11:21:11] Child[11692]:
Total write time: 252.898338 seconds; average write time: 63.224584 seconds.
Total read time: 1201.995955; average read time: 200.332659
Total time: 1454.894293, total average time: 145.489429

[2022-12-14T11:21:12] Child[11917]:
Total write time: 426.986147 seconds; average write time: 142.328716 seconds.
Total read time: 1023.210285; average read time: 146.172898
Total time: 1450.196432, total average time: 145.019643

[2022-12-14T11:21:12] Child[11443]:
Total write time: 155.369963 seconds; average write time: 77.684982 seconds.
Total read time: 1295.321416; average read time: 161.915177
Total time: 1450.691379, total average time: 145.069138

[2022-12-14T11:21:12] Child[10343]:
Total write time: 611.166803 seconds; average write time: 101.861134 seconds.
Total read time: 837.727279; average read time: 209.431820
Total time: 1448.894082, total average time: 144.889408

[2022-12-14T11:21:12] Child[10189]:
Total write time: 122.689853 seconds; average write time: 30.672463 seconds.
Total read time: 1328.110989; average read time: 221.351832
Total time: 1450.800842, total average time: 145.080084

[2022-12-14T11:21:12] Child[10150]:
Total write time: 635.405667 seconds; average write time: 90.772238 seconds.
Total read time: 818.488711; average read time: 272.829570
Total time: 1453.894378, total average time: 145.389438

[2022-12-14T11:21:12] Child[11591]:
Total write time: 171.257133 seconds; average write time: 42.814283 seconds.
Total read time: 1281.359364; average read time: 213.559894
Total time: 1452.616497, total average time: 145.261650

[2022-12-14T11:21:12] Child[11216]:
Total write time: 4.358643 seconds; average write time: 2.179321 seconds.
Total read time: 1447.913334; average read time: 180.989167
Total time: 1452.271977, total average time: 145.227198

[2022-12-14T11:21:12] Child[10730]:
Total write time: 145.032222 seconds; average write time: 36.258055 seconds.
Total read time: 1311.979276; average read time: 218.663213
Total time: 1457.011498, total average time: 145.701150

[2022-12-14T11:21:12] Child[10304]:
Total write time: 423.512109 seconds; average write time: 70.585352 seconds.
Total read time: 1033.693024; average read time: 258.423256
Total time: 1457.205133, total average time: 145.720513

[2022-12-14T11:21:12] Child[10314]:
Total write time: 161.055938 seconds; average write time: 32.211188 seconds.
Total read time: 1286.863805; average read time: 257.372761
Total time: 1447.919743, total average time: 144.791974

[2022-12-14T11:21:13] Child[9972]:
Total write time: 356.326561 seconds; average write time: 71.265312 seconds.
Total read time: 1100.871595; average read time: 220.174319
Total time: 1457.198156, total average time: 145.719816

[2022-12-14T11:21:13] Child[12132]:
Total write time: 150.721923 seconds; average write time: 30.144385 seconds.
Total read time: 1305.998761; average read time: 261.199752
Total time: 1456.720684, total average time: 145.672068

[2022-12-14T11:21:13] Child[11760]:
Total write time: 231.393381 seconds; average write time: 57.848345 seconds.
Total read time: 1221.106241; average read time: 203.517707
Total time: 1452.499622, total average time: 145.249962

[2022-12-14T11:21:13] Child[10556]:
Total write time: 564.861365 seconds; average write time: 94.143561 seconds.
Total read time: 891.604179; average read time: 222.901045
Total time: 1456.465544, total average time: 145.646554

[2022-12-14T11:21:13] Child[12046]:
Total write time: 166.419255 seconds; average write time: 41.604814 seconds.
Total read time: 1286.631483; average read time: 214.438581
Total time: 1453.050738, total average time: 145.305074

[2022-12-14T11:21:14] Child[10265]:
Total write time: 771.447213 seconds; average write time: 128.574535 seconds.
Total read time: 681.376701; average read time: 170.344175
Total time: 1452.823914, total average time: 145.282391

[2022-12-14T11:21:14] Child[10015]:
Total write time: 299.679422 seconds; average write time: 74.919855 seconds.
Total read time: 1156.135643; average read time: 192.689274
Total time: 1455.815065, total average time: 145.581506

[2022-12-14T11:21:14] Child[10258]:
Total write time: 437.728008 seconds; average write time: 72.954668 seconds.
Total read time: 1014.802745; average read time: 253.700686
Total time: 1452.530753, total average time: 145.253075

[2022-12-14T11:21:14] Child[11894]:
Total write time: 158.724970 seconds; average write time: 31.744994 seconds.
Total read time: 1295.589961; average read time: 259.117992
Total time: 1454.314931, total average time: 145.431493

[2022-12-14T11:21:14] Child[10887]:
Total write time: 476.649439 seconds; average write time: 95.329888 seconds.
Total read time: 980.083529; average read time: 196.016706
Total time: 1456.732968, total average time: 145.673297

[2022-12-14T11:21:15] Child[11612]:
Total write time: 306.222460 seconds; average write time: 61.244492 seconds.
Total read time: 1150.985100; average read time: 230.197020
Total time: 1457.207560, total average time: 145.720756

[2022-12-14T11:21:16] Child[10060]:
Total write time: 217.779568 seconds; average write time: 72.593189 seconds.
Total read time: 1237.815982; average read time: 176.830855
Total time: 1455.595550, total average time: 145.559555

[2022-12-14T11:21:16] Child[10543]:
Total write time: 120.115198 seconds; average write time: 40.038399 seconds.
Total read time: 1330.931212; average read time: 190.133030
Total time: 1451.046410, total average time: 145.104641

[2022-12-14T11:21:16] Child[10148]:
Total write time: 255.877228 seconds; average write time: 63.969307 seconds.
Total read time: 1199.864411; average read time: 199.977402
Total time: 1455.741639, total average time: 145.574164

[2022-12-14T11:21:16] Child[10421]:
Total write time: 344.212721 seconds; average write time: 68.842544 seconds.
Total read time: 1114.542858; average read time: 222.908572
Total time: 1458.755579, total average time: 145.875558

[2022-12-14T11:21:17] Child[10676]:
Total write time: 428.857874 seconds; average write time: 85.771575 seconds.
Total read time: 1027.243181; average read time: 205.448636
Total time: 1456.101055, total average time: 145.610106

[2022-12-14T11:21:17] Child[10491]:
Total write time: 595.954871 seconds; average write time: 99.325812 seconds.
Total read time: 857.121652; average read time: 214.280413
Total time: 1453.076523, total average time: 145.307652

[2022-12-14T11:21:17] Child[11462]:
Total write time: 214.669153 seconds; average write time: 53.667288 seconds.
Total read time: 1238.065966; average read time: 206.344328
Total time: 1452.735119, total average time: 145.273512

[2022-12-14T11:21:17] Child[10175]:
Total write time: 156.052967 seconds; average write time: 39.013242 seconds.
Total read time: 1301.404401; average read time: 216.900734
Total time: 1457.457368, total average time: 145.745737

[2022-12-14T11:21:18] Child[11622]:
Total write time: 95.113336 seconds; average write time: 31.704445 seconds.
Total read time: 1365.238533; average read time: 195.034076
Total time: 1460.351869, total average time: 146.035187

[2022-12-14T11:21:18] Child[11385]:
Total write time: 165.246882 seconds; average write time: 55.082294 seconds.
Total read time: 1293.904686; average read time: 184.843527
Total time: 1459.151568, total average time: 145.915157

[2022-12-14T11:21:18] Child[11621]:
Total write time: 731.871393 seconds; average write time: 104.553056 seconds.
Total read time: 725.475901; average read time: 241.825300
Total time: 1457.347294, total average time: 145.734729

[2022-12-14T11:21:18] Child[11388]:
Total write time: 252.192712 seconds; average write time: 126.096356 seconds.
Total read time: 1205.489907; average read time: 150.686238
Total time: 1457.682619, total average time: 145.768262

[2022-12-14T11:21:18] Child[10822]:
Total write time: 273.903708 seconds; average write time: 68.475927 seconds.
Total read time: 1183.388181; average read time: 197.231363
Total time: 1457.291889, total average time: 145.729189

[2022-12-14T11:21:18] Child[11213]:
Total write time: 555.055247 seconds; average write time: 92.509208 seconds.
Total read time: 902.343148; average read time: 225.585787
Total time: 1457.398395, total average time: 145.739839

[2022-12-14T11:21:18] Child[11236]:
Total write time: 155.809124 seconds; average write time: 31.161825 seconds.
Total read time: 1302.885018; average read time: 260.577004
Total time: 1458.694142, total average time: 145.869414

[2022-12-14T11:21:19] Child[11738]:
Total write time: 144.359278 seconds; average write time: 48.119759 seconds.
Total read time: 1314.529660; average read time: 187.789951
Total time: 1458.888938, total average time: 145.888894

[2022-12-14T11:21:19] Child[10505]:
Total write time: 241.097233 seconds; average write time: 60.274308 seconds.
Total read time: 1216.485831; average read time: 202.747638
Total time: 1457.583064, total average time: 145.758306

[2022-12-14T11:21:20] Child[10079]:
Total write time: 563.217080 seconds; average write time: 93.869513 seconds.
Total read time: 897.397883; average read time: 224.349471
Total time: 1460.614963, total average time: 146.061496

[2022-12-14T11:21:21] Child[10519]:
Total write time: 220.602858 seconds; average write time: 55.150714 seconds.
Total read time: 1236.123630; average read time: 206.020605
Total time: 1456.726488, total average time: 145.672649

[2022-12-14T11:21:21] Child[10843]:
Total write time: 418.702160 seconds; average write time: 139.567387 seconds.
Total read time: 1045.937265; average read time: 149.419609
Total time: 1464.639425, total average time: 146.463943

[2022-12-14T11:21:21] Child[12013]:
Total write time: 109.797088 seconds; average write time: 36.599029 seconds.
Total read time: 1351.446468; average read time: 193.063781
Total time: 1461.243556, total average time: 146.124356

[2022-12-14T11:21:22] Child[10403]:
Total write time: 7.663307 seconds; average write time: 3.831653 seconds.
Total read time: 1459.557252; average read time: 182.444657
Total time: 1467.220559, total average time: 146.722056

[2022-12-14T11:21:22] Child[11664]:
Total write time: 340.826532 seconds; average write time: 68.165306 seconds.
Total read time: 1120.638025; average read time: 224.127605
Total time: 1461.464557, total average time: 146.146456

[2022-12-14T11:21:22] Child[10970]:
Total write time: 90.185773 seconds; average write time: 45.092886 seconds.
Total read time: 1372.705452; average read time: 171.588181
Total time: 1462.891225, total average time: 146.289122

[2022-12-14T11:21:22] Child[10026]:
Total write time: 116.397021 seconds; average write time: 19.399504 seconds.
Total read time: 1342.106271; average read time: 335.526568
Total time: 1458.503292, total average time: 145.850329

[2022-12-14T11:21:23] Child[10435]:
Total write time: 44.159239 seconds; average write time: 22.079619 seconds.
Total read time: 1419.402106; average read time: 177.425263
Total time: 1463.561345, total average time: 146.356134

[2022-12-14T11:21:23] Child[11871]:
Total write time: 668.320085 seconds; average write time: 95.474298 seconds.
Total read time: 792.347339; average read time: 264.115780
Total time: 1460.667424, total average time: 146.066742

[2022-12-14T11:21:24] Child[10324]:
Total write time: 279.051113 seconds; average write time: 55.810223 seconds.
Total read time: 1183.488873; average read time: 236.697775
Total time: 1462.539986, total average time: 146.253999

[2022-12-14T11:21:24] Child[11211]:
Total write time: 40.088296 seconds; average write time: 40.088296 seconds.
Total read time: 1424.009600; average read time: 158.223289
Total time: 1464.097896, total average time: 146.409790

[2022-12-14T11:21:24] Child[11400]:
Total write time: 150.139350 seconds; average write time: 50.046450 seconds.
Total read time: 1317.495970; average read time: 188.213710
Total time: 1467.635320, total average time: 146.763532

[2022-12-14T11:21:24] Child[11292]:
Total write time: 450.291100 seconds; average write time: 75.048517 seconds.
Total read time: 1011.571617; average read time: 252.892904
Total time: 1461.862717, total average time: 146.186272

[2022-12-14T11:21:24] Child[12179]:
Total write time: 121.258510 seconds; average write time: 30.314628 seconds.
Total read time: 1340.595667; average read time: 223.432611
Total time: 1461.854177, total average time: 146.185418

[2022-12-14T11:21:25] Child[9990]:
Total write time: 163.493258 seconds; average write time: 40.873314 seconds.
Total read time: 1300.368918; average read time: 216.728153
Total time: 1463.862176, total average time: 146.386218

[2022-12-14T11:21:25] Child[10977]:
Total write time: 190.264233 seconds; average write time: 38.052847 seconds.
Total read time: 1276.259213; average read time: 255.251843
Total time: 1466.523446, total average time: 146.652345

[2022-12-14T11:21:25] Child[12086]:
Total write time: 656.039787 seconds; average write time: 109.339964 seconds.
Total read time: 805.572973; average read time: 201.393243
Total time: 1461.612760, total average time: 146.161276

[2022-12-14T11:21:25] Child[11573]:
Total write time: 271.208621 seconds; average write time: 54.241724 seconds.
Total read time: 1194.755947; average read time: 238.951189
Total time: 1465.964568, total average time: 146.596457

[2022-12-14T11:21:25] Child[10591]:
Total write time: 47.858194 seconds; average write time: 9.571639 seconds.
Total read time: 1419.735199; average read time: 283.947040
Total time: 1467.593393, total average time: 146.759339

[2022-12-14T11:21:25] Child[10467]:
Total write time: 450.592939 seconds; average write time: 75.098823 seconds.
Total read time: 1015.923040; average read time: 253.980760
Total time: 1466.515979, total average time: 146.651598

[2022-12-14T11:21:25] Child[12038]:
Total write time: 399.347743 seconds; average write time: 99.836936 seconds.
Total read time: 1066.898836; average read time: 177.816473
Total time: 1466.246579, total average time: 146.624658

[2022-12-14T11:21:26] Child[10589]:
Total write time: 218.266847 seconds; average write time: 72.755616 seconds.
Total read time: 1246.094118; average read time: 178.013445
Total time: 1464.360965, total average time: 146.436096

[2022-12-14T11:21:26] Child[10231]:
Total write time: 449.054163 seconds; average write time: 89.810833 seconds.
Total read time: 1017.202704; average read time: 203.440541
Total time: 1466.256867, total average time: 146.625687

[2022-12-14T11:21:26] Child[11459]:
Total write time: 285.861244 seconds; average write time: 71.465311 seconds.
Total read time: 1181.864728; average read time: 196.977455
Total time: 1467.725972, total average time: 146.772597

[2022-12-14T11:21:27] Child[10718]:
Total write time: 74.453346 seconds; average write time: 37.226673 seconds.
Total read time: 1393.944335; average read time: 174.243042
Total time: 1468.397681, total average time: 146.839768

[2022-12-14T11:21:27] Child[9931]:
Total write time: 127.030656 seconds; average write time: 42.343552 seconds.
Total read time: 1341.085845; average read time: 191.583692
Total time: 1468.116501, total average time: 146.811650

[2022-12-14T11:21:27] Child[11214]:
Total write time: 23.195691 seconds; average write time: 7.731897 seconds.
Total read time: 1444.519696; average read time: 206.359957
Total time: 1467.715387, total average time: 146.771539

[2022-12-14T11:21:27] Child[12145]:
Total write time: 257.530770 seconds; average write time: 85.843590 seconds.
Total read time: 1208.772626; average read time: 172.681804
Total time: 1466.303396, total average time: 146.630340

[2022-12-14T11:21:27] Child[11173]:
Total write time: 13.710051 seconds; average write time: 6.855025 seconds.
Total read time: 1454.557990; average read time: 181.819749
Total time: 1468.268041, total average time: 146.826804

[2022-12-14T11:21:28] Child[11824]:
Total write time: 165.158050 seconds; average write time: 165.158050 seconds.
Total read time: 1299.978137; average read time: 144.442015
Total time: 1465.136187, total average time: 146.513619

[2022-12-14T11:21:28] Child[10959]:
Total write time: 18.014939 seconds; average write time: 9.007469 seconds.
Total read time: 1450.034767; average read time: 181.254346
Total time: 1468.049706, total average time: 146.804971

[2022-12-14T11:21:28] Child[11964]:
Total write time: 100.207034 seconds; average write time: 20.041407 seconds.
Total read time: 1367.001380; average read time: 273.400276
Total time: 1467.208414, total average time: 146.720841

[2022-12-14T11:21:29] Child[10342]:
Total write time: 464.703579 seconds; average write time: 92.940716 seconds.
Total read time: 1001.724726; average read time: 200.344945
Total time: 1466.428305, total average time: 146.642831

[2022-12-14T11:21:30] Child[12062]:
Total write time: 648.737105 seconds; average write time: 129.747421 seconds.
Total read time: 819.862465; average read time: 163.972493
Total time: 1468.599570, total average time: 146.859957

[2022-12-14T11:21:30] Child[11032]:
Total write time: 551.600689 seconds; average write time: 110.320138 seconds.
Total read time: 912.885854; average read time: 182.577171
Total time: 1464.486543, total average time: 146.448654

[2022-12-14T11:21:30] Child[11387]:
Total write time: 447.308854 seconds; average write time: 89.461771 seconds.
Total read time: 1021.646473; average read time: 204.329295
Total time: 1468.955327, total average time: 146.895533

[2022-12-14T11:21:31] Child[10063]:
Total write time: 479.581260 seconds; average write time: 95.916252 seconds.
Total read time: 992.029508; average read time: 198.405902
Total time: 1471.610768, total average time: 147.161077

[2022-12-14T11:21:32] Child[11046]:
Total write time: 472.684131 seconds; average write time: 94.536826 seconds.
Total read time: 999.851852; average read time: 199.970370
Total time: 1472.535983, total average time: 147.253598

[2022-12-14T11:21:32] Child[10283]:
Total write time: 261.979306 seconds; average write time: 52.395861 seconds.
Total read time: 1212.620380; average read time: 242.524076
Total time: 1474.599686, total average time: 147.459969

[2022-12-14T11:21:32] Child[10336]:
Total write time: 391.554884 seconds; average write time: 97.888721 seconds.
Total read time: 1076.528476; average read time: 179.421413
Total time: 1468.083360, total average time: 146.808336

[2022-12-14T11:21:32] Child[11730]:
Total write time: 159.385724 seconds; average write time: 39.846431 seconds.
Total read time: 1309.717600; average read time: 218.286267
Total time: 1469.103324, total average time: 146.910332

[2022-12-14T11:21:32] Child[9998]:
Total write time: 535.156074 seconds; average write time: 89.192679 seconds.
Total read time: 937.154100; average read time: 234.288525
Total time: 1472.310174, total average time: 147.231017

[2022-12-14T11:21:32] Child[11974]:
Total write time: 296.273487 seconds; average write time: 98.757829 seconds.
Total read time: 1175.496134; average read time: 167.928019
Total time: 1471.769621, total average time: 147.176962

[2022-12-14T11:21:32] Child[10409]:
Total write time: 94.746196 seconds; average write time: 47.373098 seconds.
Total read time: 1376.320182; average read time: 172.040023
Total time: 1471.066378, total average time: 147.106638

[2022-12-14T11:21:32] Child[10765]:
Total write time: 267.995149 seconds; average write time: 89.331716 seconds.
Total read time: 1202.843053; average read time: 171.834722
Total time: 1470.838202, total average time: 147.083820

[2022-12-14T11:21:32] Child[10303]:
Total write time: 388.156433 seconds; average write time: 77.631287 seconds.
Total read time: 1084.830118; average read time: 216.966024
Total time: 1472.986551, total average time: 147.298655

[2022-12-14T11:21:33] Child[10102]:
Total write time: 535.844611 seconds; average write time: 133.961153 seconds.
Total read time: 938.147087; average read time: 156.357848
Total time: 1473.991698, total average time: 147.399170

[2022-12-14T11:21:33] Child[12022]:
Total write time: 253.726917 seconds; average write time: 50.745383 seconds.
Total read time: 1216.707160; average read time: 243.341432
Total time: 1470.434077, total average time: 147.043408

[2022-12-14T11:21:33] Child[12043]:
Total write time: 170.595775 seconds; average write time: 42.648944 seconds.
Total read time: 1300.247803; average read time: 216.707967
Total time: 1470.843578, total average time: 147.084358

[2022-12-14T11:21:33] Child[10246]:
Total write time: 735.483256 seconds; average write time: 147.096651 seconds.
Total read time: 735.369834; average read time: 147.073967
Total time: 1470.853090, total average time: 147.085309

[2022-12-14T11:21:33] Child[10217]:
Total write time: 486.705115 seconds; average write time: 121.676279 seconds.
Total read time: 986.569595; average read time: 164.428266
Total time: 1473.274710, total average time: 147.327471

[2022-12-14T11:21:34] Child[10701]:
Total write time: 261.632572 seconds; average write time: 87.210857 seconds.
Total read time: 1210.755204; average read time: 172.965029
Total time: 1472.387776, total average time: 147.238778

[2022-12-14T11:21:34] Child[10696]:
Total write time: 392.463206 seconds; average write time: 78.492641 seconds.
Total read time: 1080.072749; average read time: 216.014550
Total time: 1472.535955, total average time: 147.253595

[2022-12-14T11:21:34] Child[11518]:
Total write time: 485.663508 seconds; average write time: 121.415877 seconds.
Total read time: 991.275716; average read time: 165.212619
Total time: 1476.939224, total average time: 147.693922

[2022-12-14T11:21:34] Child[10658]:
Total write time: 232.780765 seconds; average write time: 58.195191 seconds.
Total read time: 1241.114092; average read time: 206.852349
Total time: 1473.894857, total average time: 147.389486

[2022-12-14T11:21:34] Child[10596]:
Total write time: 381.005171 seconds; average write time: 95.251293 seconds.
Total read time: 1095.959959; average read time: 182.659993
Total time: 1476.965130, total average time: 147.696513

[2022-12-14T11:21:34] Child[10014]:
Total write time: 324.509444 seconds; average write time: 81.127361 seconds.
Total read time: 1150.346703; average read time: 191.724450
Total time: 1474.856147, total average time: 147.485615

[2022-12-14T11:21:34] Child[11266]:
Total write time: 569.971015 seconds; average write time: 94.995169 seconds.
Total read time: 904.492958; average read time: 226.123240
Total time: 1474.463973, total average time: 147.446397

[2022-12-14T11:21:35] Child[10847]:
Total write time: 89.657122 seconds; average write time: 22.414281 seconds.
Total read time: 1387.006799; average read time: 231.167800
Total time: 1476.663921, total average time: 147.666392

[2022-12-14T11:21:35] Child[11999]:
Total write time: 63.264771 seconds; average write time: 12.652954 seconds.
Total read time: 1412.462479; average read time: 282.492496
Total time: 1475.727250, total average time: 147.572725

[2022-12-14T11:21:35] Child[12053]:
Total write time: 312.323165 seconds; average write time: 62.464633 seconds.
Total read time: 1158.874891; average read time: 231.774978
Total time: 1471.198056, total average time: 147.119806

[2022-12-14T11:21:36] Child[11294]:
Total write time: 246.216367 seconds; average write time: 61.554092 seconds.
Total read time: 1229.156493; average read time: 204.859416
Total time: 1475.372860, total average time: 147.537286

[2022-12-14T11:21:36] Child[9926]:
Total write time: 116.641873 seconds; average write time: 29.160468 seconds.
Total read time: 1356.997536; average read time: 226.166256
Total time: 1473.639409, total average time: 147.363941

[2022-12-14T11:21:36] Child[11769]:
Total write time: 114.282130 seconds; average write time: 57.141065 seconds.
Total read time: 1360.291359; average read time: 170.036420
Total time: 1474.573489, total average time: 147.457349

[2022-12-14T11:21:36] Child[11508]:
Total write time: 503.371930 seconds; average write time: 125.842983 seconds.
Total read time: 974.335605; average read time: 162.389267
Total time: 1477.707535, total average time: 147.770754

[2022-12-14T11:21:37] Child[11231]:
Total write time: 33.761553 seconds; average write time: 11.253851 seconds.
Total read time: 1441.677696; average read time: 205.953957
Total time: 1475.439249, total average time: 147.543925

[2022-12-14T11:21:37] Child[12079]:
Total write time: 424.924040 seconds; average write time: 84.984808 seconds.
Total read time: 1050.578430; average read time: 210.115686
Total time: 1475.502470, total average time: 147.550247

[2022-12-14T11:21:37] Child[9923]:
Total write time: 40.623415 seconds; average write time: 13.541138 seconds.
Total read time: 1436.215655; average read time: 205.173665
Total time: 1476.839070, total average time: 147.683907

[2022-12-14T11:21:37] Child[11500]:
Total write time: 352.513280 seconds; average write time: 70.502656 seconds.
Total read time: 1123.158150; average read time: 224.631630
Total time: 1475.671430, total average time: 147.567143

[2022-12-14T11:21:37] Child[11998]:
Total write time: 182.354669 seconds; average write time: 60.784890 seconds.
Total read time: 1297.250189; average read time: 185.321456
Total time: 1479.604858, total average time: 147.960486

[2022-12-14T11:21:37] Child[11301]:
Total write time: 461.336839 seconds; average write time: 76.889473 seconds.
Total read time: 1016.339963; average read time: 254.084991
Total time: 1477.676802, total average time: 147.767680

[2022-12-14T11:21:37] Child[11201]:
Total write time: 274.811381 seconds; average write time: 68.702845 seconds.
Total read time: 1202.097934; average read time: 200.349656
Total time: 1476.909315, total average time: 147.690932

[2022-12-14T11:21:37] Child[10220]:
Total write time: 343.658925 seconds; average write time: 85.914731 seconds.
Total read time: 1137.070397; average read time: 189.511733
Total time: 1480.729322, total average time: 148.072932

[2022-12-14T11:21:38] Child[11345]:
Total write time: 436.397129 seconds; average write time: 109.099282 seconds.
Total read time: 1036.132011; average read time: 172.688669
Total time: 1472.529140, total average time: 147.252914

[2022-12-14T11:21:38] Child[10041]:
Total write time: 482.155338 seconds; average write time: 80.359223 seconds.
Total read time: 995.144483; average read time: 248.786121
Total time: 1477.299821, total average time: 147.729982

[2022-12-14T11:21:38] Child[10009]:
Total write time: 506.597601 seconds; average write time: 72.371086 seconds.
Total read time: 972.110801; average read time: 324.036934
Total time: 1478.708402, total average time: 147.870840

[2022-12-14T11:21:39] Child[11876]:
Total write time: 260.172582 seconds; average write time: 52.034516 seconds.
Total read time: 1218.074831; average read time: 243.614966
Total time: 1478.247413, total average time: 147.824741

[2022-12-14T11:21:39] Child[11732]:
Total write time: 288.867533 seconds; average write time: 57.773507 seconds.
Total read time: 1194.748608; average read time: 238.949722
Total time: 1483.616141, total average time: 148.361614

[2022-12-14T11:21:40] Child[12165]:
Total write time: 266.620657 seconds; average write time: 44.436776 seconds.
Total read time: 1217.161090; average read time: 304.290273
Total time: 1483.781747, total average time: 148.378175

[2022-12-14T11:21:40] Child[10636]:
Total write time: 539.044594 seconds; average write time: 89.840766 seconds.
Total read time: 939.885095; average read time: 234.971274
Total time: 1478.929689, total average time: 147.892969

[2022-12-14T11:21:40] Child[10826]:
Total write time: 555.407358 seconds; average write time: 92.567893 seconds.
Total read time: 926.085122; average read time: 231.521280
Total time: 1481.492480, total average time: 148.149248

[2022-12-14T11:21:41] Child[10530]:
Total write time: 378.589285 seconds; average write time: 75.717857 seconds.
Total read time: 1104.920203; average read time: 220.984041
Total time: 1483.509488, total average time: 148.350949

[2022-12-14T11:21:41] Child[12094]:
Total write time: 659.847407 seconds; average write time: 109.974568 seconds.
Total read time: 820.324825; average read time: 205.081206
Total time: 1480.172232, total average time: 148.017223

[2022-12-14T11:21:41] Child[10086]:
Total write time: 160.208165 seconds; average write time: 53.402722 seconds.
Total read time: 1321.941773; average read time: 188.848825
Total time: 1482.149938, total average time: 148.214994

[2022-12-14T11:21:41] Child[10787]:
Total write time: 304.695586 seconds; average write time: 76.173896 seconds.
Total read time: 1174.521999; average read time: 195.753667
Total time: 1479.217585, total average time: 147.921759

[2022-12-14T11:21:41] Child[10419]:
Total write time: 153.678256 seconds; average write time: 38.419564 seconds.
Total read time: 1326.393440; average read time: 221.065573
Total time: 1480.071696, total average time: 148.007170

[2022-12-14T11:21:41] Child[9968]:
Total write time: 550.651953 seconds; average write time: 91.775325 seconds.
Total read time: 929.226891; average read time: 232.306723
Total time: 1479.878844, total average time: 147.987884

[2022-12-14T11:21:41] Child[10235]:
Total write time: 122.103811 seconds; average write time: 40.701270 seconds.
Total read time: 1359.536266; average read time: 194.219467
Total time: 1481.640077, total average time: 148.164008

[2022-12-14T11:21:42] Child[11777]:
Total write time: 375.998866 seconds; average write time: 62.666478 seconds.
Total read time: 1105.536805; average read time: 276.384201
Total time: 1481.535671, total average time: 148.153567

[2022-12-14T11:21:42] Child[10493]:
Total write time: 305.528066 seconds; average write time: 76.382017 seconds.
Total read time: 1175.672060; average read time: 195.945343
Total time: 1481.200126, total average time: 148.120013

[2022-12-14T11:21:42] Child[11476]:
Total write time: 292.074688 seconds; average write time: 97.358229 seconds.
Total read time: 1188.111916; average read time: 169.730274
Total time: 1480.186604, total average time: 148.018660

[2022-12-14T11:21:42] Child[10764]:
Total write time: 212.634908 seconds; average write time: 70.878303 seconds.
Total read time: 1265.166089; average read time: 180.738013
Total time: 1477.800997, total average time: 147.780100

[2022-12-14T11:21:42] Child[10407]:
Total write time: 330.424605 seconds; average write time: 66.084921 seconds.
Total read time: 1151.567830; average read time: 230.313566
Total time: 1481.992435, total average time: 148.199243

[2022-12-14T11:21:42] Child[11134]:
Total write time: 540.804018 seconds; average write time: 108.160804 seconds.
Total read time: 941.805549; average read time: 188.361110
Total time: 1482.609567, total average time: 148.260957

[2022-12-14T11:21:42] Child[10186]:
Total write time: 616.016012 seconds; average write time: 102.669335 seconds.
Total read time: 866.153722; average read time: 216.538431
Total time: 1482.169734, total average time: 148.216973

[2022-12-14T11:21:43] Child[10662]:
Total write time: 293.667581 seconds; average write time: 58.733516 seconds.
Total read time: 1191.529136; average read time: 238.305827
Total time: 1485.196717, total average time: 148.519672

[2022-12-14T11:21:43] Child[10332]:
Total write time: 145.093858 seconds; average write time: 48.364619 seconds.
Total read time: 1335.057381; average read time: 190.722483
Total time: 1480.151239, total average time: 148.015124

[2022-12-14T11:21:43] Child[10956]:
Total write time: 371.467948 seconds; average write time: 74.293590 seconds.
Total read time: 1111.905103; average read time: 222.381021
Total time: 1483.373051, total average time: 148.337305

[2022-12-14T11:21:44] Child[11193]:
Total write time: 440.682665 seconds; average write time: 88.136533 seconds.
Total read time: 1044.244216; average read time: 208.848843
Total time: 1484.926881, total average time: 148.492688

[2022-12-14T11:21:44] Child[10202]:
Total write time: 236.852084 seconds; average write time: 47.370417 seconds.
Total read time: 1245.683163; average read time: 249.136633
Total time: 1482.535247, total average time: 148.253525

[2022-12-14T11:21:44] Child[10455]:
Total write time: 214.922781 seconds; average write time: 53.730695 seconds.
Total read time: 1271.711549; average read time: 211.951925
Total time: 1486.634330, total average time: 148.663433

[2022-12-14T11:21:44] Child[11948]:
Total write time: 187.490951 seconds; average write time: 46.872738 seconds.
Total read time: 1295.611524; average read time: 215.935254
Total time: 1483.102475, total average time: 148.310248

[2022-12-14T11:21:44] Child[11963]:
Total write time: 682.502929 seconds; average write time: 136.500586 seconds.
Total read time: 802.659478; average read time: 160.531896
Total time: 1485.162407, total average time: 148.516241

[2022-12-14T11:21:44] Child[10577]:
Total write time: 315.276451 seconds; average write time: 63.055290 seconds.
Total read time: 1171.723638; average read time: 234.344728
Total time: 1487.000089, total average time: 148.700009

[2022-12-14T11:21:45] Child[11843]:
Total write time: 229.033060 seconds; average write time: 76.344353 seconds.
Total read time: 1252.667354; average read time: 178.952479
Total time: 1481.700414, total average time: 148.170041

[2022-12-14T11:21:45] Child[10251]:
Total write time: 638.932948 seconds; average write time: 127.786590 seconds.
Total read time: 845.742243; average read time: 169.148449
Total time: 1484.675191, total average time: 148.467519

[2022-12-14T11:21:45] Child[11624]:
Total write time: 419.358109 seconds; average write time: 83.871622 seconds.
Total read time: 1058.377071; average read time: 211.675414
Total time: 1477.735180, total average time: 147.773518

[2022-12-14T11:21:45] Child[10257]:
Total write time: 615.488927 seconds; average write time: 123.097785 seconds.
Total read time: 869.917422; average read time: 173.983484
Total time: 1485.406349, total average time: 148.540635

[2022-12-14T11:21:45] Child[12047]:
Total write time: 303.430132 seconds; average write time: 75.857533 seconds.
Total read time: 1182.218830; average read time: 197.036472
Total time: 1485.648962, total average time: 148.564896

[2022-12-14T11:21:46] Child[10215]:
Total write time: 216.247407 seconds; average write time: 54.061852 seconds.
Total read time: 1269.569439; average read time: 211.594907
Total time: 1485.816846, total average time: 148.581685

[2022-12-14T11:21:46] Child[11487]:
Total write time: 383.652313 seconds; average write time: 63.942052 seconds.
Total read time: 1100.046329; average read time: 275.011582
Total time: 1483.698642, total average time: 148.369864

[2022-12-14T11:21:46] Child[10043]:
Total write time: 42.235319 seconds; average write time: 14.078440 seconds.
Total read time: 1445.440454; average read time: 206.491493
Total time: 1487.675773, total average time: 148.767577

[2022-12-14T11:21:46] Child[10443]:
Total write time: 363.526216 seconds; average write time: 121.175405 seconds.
Total read time: 1126.922961; average read time: 160.988994
Total time: 1490.449177, total average time: 149.044918

[2022-12-14T11:21:47] Child[10272]:
Total write time: 526.354314 seconds; average write time: 105.270863 seconds.
Total read time: 958.283914; average read time: 191.656783
Total time: 1484.638228, total average time: 148.463823

[2022-12-14T11:21:47] Child[11529]:
Total write time: 360.997200 seconds; average write time: 120.332400 seconds.
Total read time: 1121.714856; average read time: 160.244979
Total time: 1482.712056, total average time: 148.271206

[2022-12-14T11:21:47] Child[10095]:
Total write time: 610.676140 seconds; average write time: 152.669035 seconds.
Total read time: 877.470396; average read time: 146.245066
Total time: 1488.146536, total average time: 148.814654

[2022-12-14T11:21:47] Child[11939]:
Total write time: 223.370646 seconds; average write time: 74.456882 seconds.
Total read time: 1263.956841; average read time: 180.565263
Total time: 1487.327487, total average time: 148.732749

[2022-12-14T11:21:47] Child[10834]:
Total write time: 228.569689 seconds; average write time: 45.713938 seconds.
Total read time: 1258.438299; average read time: 251.687660
Total time: 1487.007988, total average time: 148.700799

[2022-12-14T11:21:48] Child[10824]:
Total write time: 96.049598 seconds; average write time: 32.016533 seconds.
Total read time: 1393.030640; average read time: 199.004377
Total time: 1489.080238, total average time: 148.908024

[2022-12-14T11:21:48] Child[12172]:
Total write time: 621.581676 seconds; average write time: 124.316335 seconds.
Total read time: 868.097316; average read time: 173.619463
Total time: 1489.678992, total average time: 148.967899

[2022-12-14T11:21:48] Child[11865]:
Total write time: 283.429700 seconds; average write time: 70.857425 seconds.
Total read time: 1201.871623; average read time: 200.311937
Total time: 1485.301323, total average time: 148.530132

[2022-12-14T11:21:48] Child[10703]:
Total write time: 655.447412 seconds; average write time: 131.089482 seconds.
Total read time: 833.828995; average read time: 166.765799
Total time: 1489.276407, total average time: 148.927641

[2022-12-14T11:21:48] Child[10035]:
Total write time: 402.629559 seconds; average write time: 201.314779 seconds.
Total read time: 1082.030852; average read time: 135.253857
Total time: 1484.660411, total average time: 148.466041

[2022-12-14T11:21:48] Child[10865]:
Total write time: 83.857478 seconds; average write time: 20.964370 seconds.
Total read time: 1403.311884; average read time: 233.885314
Total time: 1487.169362, total average time: 148.716936

[2022-12-14T11:21:49] Child[10133]:
Total write time: 382.220987 seconds; average write time: 76.444197 seconds.
Total read time: 1103.850654; average read time: 220.770131
Total time: 1486.071641, total average time: 148.607164

[2022-12-14T11:21:49] Child[11895]:
Total write time: 562.310618 seconds; average write time: 140.577654 seconds.
Total read time: 926.061071; average read time: 154.343512
Total time: 1488.371689, total average time: 148.837169

[2022-12-14T11:21:49] Child[10363]:
Total write time: 102.803092 seconds; average write time: 25.700773 seconds.
Total read time: 1388.158722; average read time: 231.359787
Total time: 1490.961814, total average time: 149.096181

[2022-12-14T11:21:50] Child[11410]:
Total write time: 338.270904 seconds; average write time: 84.567726 seconds.
Total read time: 1150.431185; average read time: 191.738531
Total time: 1488.702089, total average time: 148.870209

[2022-12-14T11:21:51] Child[11482]:
Total write time: 402.610439 seconds; average write time: 80.522088 seconds.
Total read time: 1087.909129; average read time: 217.581826
Total time: 1490.519568, total average time: 149.051957

[2022-12-14T11:21:51] Child[10385]:
Total write time: 488.319958 seconds; average write time: 69.759994 seconds.
Total read time: 999.797808; average read time: 333.265936
Total time: 1488.117766, total average time: 148.811777

[2022-12-14T11:21:51] Child[11438]:
Total write time: 309.369681 seconds; average write time: 61.873936 seconds.
Total read time: 1180.351393; average read time: 236.070279
Total time: 1489.721074, total average time: 148.972107

[2022-12-14T11:21:52] Child[10953]:
Total write time: 185.335325 seconds; average write time: 46.333831 seconds.
Total read time: 1308.050969; average read time: 218.008495
Total time: 1493.386294, total average time: 149.338629

[2022-12-14T11:21:52] Child[10529]:
Total write time: 346.480943 seconds; average write time: 86.620236 seconds.
Total read time: 1144.611346; average read time: 190.768558
Total time: 1491.092289, total average time: 149.109229

[2022-12-14T11:21:52] Child[12166]:
Total write time: 413.790241 seconds; average write time: 103.447560 seconds.
Total read time: 1075.880871; average read time: 179.313479
Total time: 1489.671112, total average time: 148.967111

[2022-12-14T11:21:52] Child[11649]:
Total write time: 486.338591 seconds; average write time: 97.267718 seconds.
Total read time: 1010.115580; average read time: 202.023116
Total time: 1496.454171, total average time: 149.645417

[2022-12-14T11:21:53] Child[11516]:
Total write time: 105.811678 seconds; average write time: 35.270559 seconds.
Total read time: 1386.967302; average read time: 198.138186
Total time: 1492.778980, total average time: 149.277898

[2022-12-14T11:21:53] Child[10871]:
Total write time: 316.619050 seconds; average write time: 52.769842 seconds.
Total read time: 1176.431389; average read time: 294.107847
Total time: 1493.050439, total average time: 149.305044

[2022-12-14T11:21:53] Child[9903]:
Total write time: 561.595363 seconds; average write time: 112.319073 seconds.
Total read time: 929.685530; average read time: 185.937106
Total time: 1491.280893, total average time: 149.128089

[2022-12-14T11:21:53] Child[11860]:
Total write time: 215.863055 seconds; average write time: 53.965764 seconds.
Total read time: 1274.848400; average read time: 212.474733
Total time: 1490.711455, total average time: 149.071146

[2022-12-14T11:21:54] Child[11970]:
Total write time: 424.679475 seconds; average write time: 70.779912 seconds.
Total read time: 1064.160036; average read time: 266.040009
Total time: 1488.839511, total average time: 148.883951

[2022-12-14T11:21:54] Child[12057]:
Total write time: 381.402144 seconds; average write time: 63.567024 seconds.
Total read time: 1108.059213; average read time: 277.014803
Total time: 1489.461357, total average time: 148.946136

[2022-12-14T11:21:55] Child[11744]:
Total write time: 617.882150 seconds; average write time: 123.576430 seconds.
Total read time: 875.713338; average read time: 175.142668
Total time: 1493.595488, total average time: 149.359549

[2022-12-14T11:21:55] Child[10733]:
Total write time: 342.343973 seconds; average write time: 68.468795 seconds.
Total read time: 1153.510133; average read time: 230.702027
Total time: 1495.854106, total average time: 149.585411

[2022-12-14T11:21:55] Child[11829]:
Total write time: 0.000000 seconds; average write time: 0.000000 seconds.
Total read time: 1493.886420; average read time: 149.388642
Total time: 1493.886420, total average time: 149.388642

[2022-12-14T11:21:55] Child[9949]:
Total write time: 907.492584 seconds; average write time: 129.641798 seconds.
Total read time: 588.027514; average read time: 196.009171
Total time: 1495.520098, total average time: 149.552010

[2022-12-14T11:21:55] Child[11657]:
Total write time: 216.431696 seconds; average write time: 43.286339 seconds.
Total read time: 1279.475716; average read time: 255.895143
Total time: 1495.907412, total average time: 149.590741

[2022-12-14T11:21:55] Child[11725]:
Total write time: 592.980519 seconds; average write time: 148.245130 seconds.
Total read time: 901.209162; average read time: 150.201527
Total time: 1494.189681, total average time: 149.418968

[2022-12-14T11:21:56] Child[12190]:
Total write time: 483.267440 seconds; average write time: 96.653488 seconds.
Total read time: 1010.134004; average read time: 202.026801
Total time: 1493.401444, total average time: 149.340144

[2022-12-14T11:21:56] Child[11458]:
Total write time: 167.206505 seconds; average write time: 55.735502 seconds.
Total read time: 1326.080363; average read time: 189.440052
Total time: 1493.286868, total average time: 149.328687

[2022-12-14T11:21:57] Child[11320]:
Total write time: 505.963864 seconds; average write time: 126.490966 seconds.
Total read time: 991.596907; average read time: 165.266151
Total time: 1497.560771, total average time: 149.756077

[2022-12-14T11:21:57] Child[12024]:
Total write time: 128.929443 seconds; average write time: 25.785889 seconds.
Total read time: 1369.230870; average read time: 273.846174
Total time: 1498.160313, total average time: 149.816031

[2022-12-14T11:21:57] Child[10441]:
Total write time: 282.604887 seconds; average write time: 70.651222 seconds.
Total read time: 1215.562792; average read time: 202.593799
Total time: 1498.167679, total average time: 149.816768

[2022-12-14T11:21:58] Child[10001]:
Total write time: 89.007332 seconds; average write time: 44.503666 seconds.
Total read time: 1410.085145; average read time: 176.260643
Total time: 1499.092477, total average time: 149.909248

[2022-12-14T11:21:58] Child[11233]:
Total write time: 97.324632 seconds; average write time: 32.441544 seconds.
Total read time: 1400.038692; average read time: 200.005527
Total time: 1497.363324, total average time: 149.736332

[2022-12-14T11:21:58] Child[12149]:
Total write time: 427.044330 seconds; average write time: 85.408866 seconds.
Total read time: 1067.781470; average read time: 213.556294
Total time: 1494.825800, total average time: 149.482580

[2022-12-14T11:21:58] Child[11743]:
Total write time: 615.114475 seconds; average write time: 123.022895 seconds.
Total read time: 885.826707; average read time: 177.165341
Total time: 1500.941182, total average time: 150.094118

[2022-12-14T11:21:58] Child[11633]:
Total write time: 515.228403 seconds; average write time: 103.045681 seconds.
Total read time: 982.518362; average read time: 196.503672
Total time: 1497.746765, total average time: 149.774676

[2022-12-14T11:21:59] Child[10574]:
Total write time: 597.753337 seconds; average write time: 119.550667 seconds.
Total read time: 902.103062; average read time: 180.420612
Total time: 1499.856399, total average time: 149.985640

[2022-12-14T11:21:59] Child[10430]:
Total write time: 277.324447 seconds; average write time: 92.441482 seconds.
Total read time: 1218.258515; average read time: 174.036931
Total time: 1495.582962, total average time: 149.558296

[2022-12-14T11:21:59] Child[12029]:
Total write time: 298.022812 seconds; average write time: 74.505703 seconds.
Total read time: 1200.906025; average read time: 200.151004
Total time: 1498.928837, total average time: 149.892884

[2022-12-14T11:21:59] Child[12144]:
Total write time: 224.775305 seconds; average write time: 74.925102 seconds.
Total read time: 1274.176931; average read time: 182.025276
Total time: 1498.952236, total average time: 149.895224

[2022-12-14T11:21:59] Child[10448]:
Total write time: 310.063051 seconds; average write time: 103.354350 seconds.
Total read time: 1190.373175; average read time: 170.053311
Total time: 1500.436226, total average time: 150.043623

[2022-12-14T11:21:59] Child[11906]:
Total write time: 230.189991 seconds; average write time: 76.729997 seconds.
Total read time: 1267.996059; average read time: 181.142294
Total time: 1498.186050, total average time: 149.818605

[2022-12-14T11:21:59] Child[10652]:
Total write time: 248.570859 seconds; average write time: 62.142715 seconds.
Total read time: 1248.429814; average read time: 208.071636
Total time: 1497.000673, total average time: 149.700067

[2022-12-14T11:21:59] Child[10418]:
Total write time: 218.210434 seconds; average write time: 72.736811 seconds.
Total read time: 1281.694784; average read time: 183.099255
Total time: 1499.905218, total average time: 149.990522

[2022-12-14T11:22:00] Child[10106]:
Total write time: 200.828282 seconds; average write time: 40.165656 seconds.
Total read time: 1299.794961; average read time: 259.958992
Total time: 1500.623243, total average time: 150.062324

[2022-12-14T11:22:00] Child[10352]:
Total write time: 609.632778 seconds; average write time: 121.926556 seconds.
Total read time: 891.604891; average read time: 178.320978
Total time: 1501.237669, total average time: 150.123767

[2022-12-14T11:22:00] Child[11665]:
Total write time: 204.340809 seconds; average write time: 102.170405 seconds.
Total read time: 1294.956988; average read time: 161.869623
Total time: 1499.297797, total average time: 149.929780

[2022-12-14T11:22:01] Child[12077]:
Total write time: 202.583575 seconds; average write time: 40.516715 seconds.
Total read time: 1298.657366; average read time: 259.731473
Total time: 1501.240941, total average time: 150.124094

[2022-12-14T11:22:01] Child[10331]:
Total write time: 19.574554 seconds; average write time: 9.787277 seconds.
Total read time: 1482.492959; average read time: 185.311620
Total time: 1502.067513, total average time: 150.206751

[2022-12-14T11:22:01] Child[10388]:
Total write time: 788.708681 seconds; average write time: 112.672669 seconds.
Total read time: 712.399505; average read time: 237.466502
Total time: 1501.108186, total average time: 150.110819

[2022-12-14T11:22:02] Child[12121]:
Total write time: 0.000000 seconds; average write time: 0.000000 seconds.
Total read time: 1499.381492; average read time: 149.938149
Total time: 1499.381492, total average time: 149.938149

[2022-12-14T11:22:02] Child[10570]:
Total write time: 429.288568 seconds; average write time: 85.857714 seconds.
Total read time: 1070.570480; average read time: 214.114096
Total time: 1499.859048, total average time: 149.985905

[2022-12-14T11:22:02] Child[11859]:
Total write time: 703.689532 seconds; average write time: 117.281589 seconds.
Total read time: 797.198611; average read time: 199.299653
Total time: 1500.888143, total average time: 150.088814

[2022-12-14T11:22:03] Child[11346]:
Total write time: 696.405574 seconds; average write time: 116.067596 seconds.
Total read time: 806.172486; average read time: 201.543122
Total time: 1502.578060, total average time: 150.257806

[2022-12-14T11:22:03] Child[10341]:
Total write time: 161.644897 seconds; average write time: 40.411224 seconds.
Total read time: 1341.171920; average read time: 223.528653
Total time: 1502.816817, total average time: 150.281682

[2022-12-14T11:22:04] Child[12124]:
Total write time: 280.104308 seconds; average write time: 70.026077 seconds.
Total read time: 1222.275581; average read time: 203.712597
Total time: 1502.379889, total average time: 150.237989

[2022-12-14T11:22:04] Child[11004]:
Total write time: 342.028538 seconds; average write time: 68.405708 seconds.
Total read time: 1163.347981; average read time: 232.669596
Total time: 1505.376519, total average time: 150.537652

[2022-12-14T11:22:04] Child[11568]:
Total write time: 251.312746 seconds; average write time: 62.828187 seconds.
Total read time: 1250.419537; average read time: 208.403256
Total time: 1501.732283, total average time: 150.173228

[2022-12-14T11:22:05] Child[10181]:
Total write time: 289.972281 seconds; average write time: 48.328713 seconds.
Total read time: 1219.558151; average read time: 304.889538
Total time: 1509.530432, total average time: 150.953043

[2022-12-14T11:22:05] Child[10179]:
Total write time: 321.534348 seconds; average write time: 64.306870 seconds.
Total read time: 1184.418753; average read time: 236.883751
Total time: 1505.953101, total average time: 150.595310

[2022-12-14T11:22:05] Child[10003]:
Total write time: 430.245839 seconds; average write time: 107.561460 seconds.
Total read time: 1075.098417; average read time: 179.183069
Total time: 1505.344256, total average time: 150.534426

[2022-12-14T11:22:05] Child[10835]:
Total write time: 246.701147 seconds; average write time: 49.340229 seconds.
Total read time: 1260.253768; average read time: 252.050754
Total time: 1506.954915, total average time: 150.695492

[2022-12-14T11:22:05] Child[9906]:
Total write time: 412.019395 seconds; average write time: 103.004849 seconds.
Total read time: 1094.263513; average read time: 182.377252
Total time: 1506.282908, total average time: 150.628291

[2022-12-14T11:22:06] Child[10305]:
Total write time: 445.799684 seconds; average write time: 111.449921 seconds.
Total read time: 1058.601953; average read time: 176.433659
Total time: 1504.401637, total average time: 150.440164

[2022-12-14T11:22:06] Child[11561]:
Total write time: 237.595638 seconds; average write time: 79.198546 seconds.
Total read time: 1268.075245; average read time: 181.153606
Total time: 1505.670883, total average time: 150.567088

[2022-12-14T11:22:06] Child[11490]:
Total write time: 519.995572 seconds; average write time: 86.665929 seconds.
Total read time: 986.521009; average read time: 246.630252
Total time: 1506.516581, total average time: 150.651658

[2022-12-14T11:22:07] Child[11484]:
Total write time: 261.318101 seconds; average write time: 52.263620 seconds.
Total read time: 1243.458480; average read time: 248.691696
Total time: 1504.776581, total average time: 150.477658

[2022-12-14T11:22:08] Child[10740]:
Total write time: 68.759320 seconds; average write time: 17.189830 seconds.
Total read time: 1438.171876; average read time: 239.695313
Total time: 1506.931196, total average time: 150.693120

[2022-12-14T11:22:08] Child[12087]:
Total write time: 209.453969 seconds; average write time: 41.890794 seconds.
Total read time: 1296.137980; average read time: 259.227596
Total time: 1505.591949, total average time: 150.559195

[2022-12-14T11:22:08] Child[11552]:
Total write time: 130.006941 seconds; average write time: 43.335647 seconds.
Total read time: 1373.484679; average read time: 196.212097
Total time: 1503.491620, total average time: 150.349162

[2022-12-14T11:22:09] Child[11575]:
Total write time: 546.352245 seconds; average write time: 91.058707 seconds.
Total read time: 959.524768; average read time: 239.881192
Total time: 1505.877013, total average time: 150.587701

[2022-12-14T11:22:09] Child[11466]:
Total write time: 641.953286 seconds; average write time: 91.707612 seconds.
Total read time: 869.848710; average read time: 289.949570
Total time: 1511.801996, total average time: 151.180200

[2022-12-14T11:22:09] Child[10609]:
Total write time: 123.338079 seconds; average write time: 30.834520 seconds.
Total read time: 1388.427996; average read time: 231.404666
Total time: 1511.766075, total average time: 151.176607

[2022-12-14T11:22:09] Child[11990]:
Total write time: 284.518298 seconds; average write time: 71.129575 seconds.
Total read time: 1224.306482; average read time: 204.051080
Total time: 1508.824780, total average time: 150.882478

[2022-12-14T11:22:09] Child[11934]:
Total write time: 314.691682 seconds; average write time: 104.897227 seconds.
Total read time: 1195.689936; average read time: 170.812848
Total time: 1510.381618, total average time: 151.038162

[2022-12-14T11:22:10] Child[10862]:
Total write time: 219.613082 seconds; average write time: 54.903270 seconds.
Total read time: 1290.691086; average read time: 215.115181
Total time: 1510.304168, total average time: 151.030417

[2022-12-14T11:22:10] Child[11460]:
Total write time: 114.072874 seconds; average write time: 38.024291 seconds.
Total read time: 1398.121114; average read time: 199.731588
Total time: 1512.193988, total average time: 151.219399

[2022-12-14T11:22:10] Child[10964]:
Total write time: 253.399592 seconds; average write time: 63.349898 seconds.
Total read time: 1254.486051; average read time: 209.081008
Total time: 1507.885643, total average time: 150.788564

[2022-12-14T11:22:10] Child[10566]:
Total write time: 433.632165 seconds; average write time: 72.272027 seconds.
Total read time: 1077.457295; average read time: 269.364324
Total time: 1511.089460, total average time: 151.108946

[2022-12-14T11:22:11] Child[10174]:
Total write time: 702.248548 seconds; average write time: 140.449710 seconds.
Total read time: 808.679119; average read time: 161.735824
Total time: 1510.927667, total average time: 151.092767

[2022-12-14T11:22:11] Child[10285]:
Total write time: 482.161034 seconds; average write time: 96.432207 seconds.
Total read time: 1026.760928; average read time: 205.352186
Total time: 1508.921962, total average time: 150.892196

[2022-12-14T11:22:12] Child[10309]:
Total write time: 55.670977 seconds; average write time: 18.556992 seconds.
Total read time: 1460.554272; average read time: 208.650610
Total time: 1516.225249, total average time: 151.622525

[2022-12-14T11:22:12] Child[10568]:
Total write time: 235.381424 seconds; average write time: 117.690712 seconds.
Total read time: 1278.698623; average read time: 159.837328
Total time: 1514.080047, total average time: 151.408005

[2022-12-14T11:22:12] Child[11972]:
Total write time: 199.843278 seconds; average write time: 66.614426 seconds.
Total read time: 1309.003427; average read time: 187.000490
Total time: 1508.846705, total average time: 150.884670

[2022-12-14T11:22:13] Child[10322]:
Total write time: 131.091159 seconds; average write time: 26.218232 seconds.
Total read time: 1382.173951; average read time: 276.434790
Total time: 1513.265110, total average time: 151.326511

[2022-12-14T11:22:13] Child[11514]:
Total write time: 113.172461 seconds; average write time: 28.293115 seconds.
Total read time: 1393.265725; average read time: 232.210954
Total time: 1506.438186, total average time: 150.643819

[2022-12-14T11:22:13] Child[10160]:
Total write time: 22.167818 seconds; average write time: 11.083909 seconds.
Total read time: 1491.003446; average read time: 186.375431
Total time: 1513.171264, total average time: 151.317126

[2022-12-14T11:22:13] Child[11983]:
Total write time: 485.951755 seconds; average write time: 121.487939 seconds.
Total read time: 1026.551651; average read time: 171.091942
Total time: 1512.503406, total average time: 151.250341

[2022-12-14T11:22:14] Child[11672]:
Total write time: 162.842068 seconds; average write time: 32.568414 seconds.
Total read time: 1350.622584; average read time: 270.124517
Total time: 1513.464652, total average time: 151.346465

[2022-12-14T11:22:14] Child[11689]:
Total write time: 339.340673 seconds; average write time: 67.868135 seconds.
Total read time: 1177.177299; average read time: 235.435460
Total time: 1516.517972, total average time: 151.651797

[2022-12-14T11:22:15] Child[10329]:
Total write time: 422.034092 seconds; average write time: 105.508523 seconds.
Total read time: 1092.468335; average read time: 182.078056
Total time: 1514.502427, total average time: 151.450243

[2022-12-14T11:22:15] Child[11642]:
Total write time: 360.419391 seconds; average write time: 120.139797 seconds.
Total read time: 1150.175206; average read time: 164.310744
Total time: 1510.594597, total average time: 151.059460

[2022-12-14T11:22:15] Child[11601]:
Total write time: 352.575972 seconds; average write time: 117.525324 seconds.
Total read time: 1162.831935; average read time: 166.118848
Total time: 1515.407907, total average time: 151.540791

[2022-12-14T11:22:15] Child[9976]:
Total write time: 104.061517 seconds; average write time: 34.687172 seconds.
Total read time: 1410.749354; average read time: 201.535622
Total time: 1514.810871, total average time: 151.481087

[2022-12-14T11:22:15] Child[10618]:
Total write time: 153.180590 seconds; average write time: 51.060197 seconds.
Total read time: 1359.061211; average read time: 194.151602
Total time: 1512.241801, total average time: 151.224180

[2022-12-14T11:22:15] Child[10218]:
Total write time: 194.776624 seconds; average write time: 97.388312 seconds.
Total read time: 1323.408605; average read time: 165.426076
Total time: 1518.185229, total average time: 151.818523

[2022-12-14T11:22:15] Child[10183]:
Total write time: 195.592797 seconds; average write time: 48.898199 seconds.
Total read time: 1316.183425; average read time: 219.363904
Total time: 1511.776222, total average time: 151.177622

[2022-12-14T11:22:16] Child[10859]:
Total write time: 188.549958 seconds; average write time: 62.849986 seconds.
Total read time: 1327.002949; average read time: 189.571850
Total time: 1515.552907, total average time: 151.555291

[2022-12-14T11:22:16] Child[10426]:
Total write time: 32.433078 seconds; average write time: 10.811026 seconds.
Total read time: 1484.257429; average read time: 212.036776
Total time: 1516.690507, total average time: 151.669051

[2022-12-14T11:22:16] Child[11602]:
Total write time: 223.755199 seconds; average write time: 55.938800 seconds.
Total read time: 1295.489457; average read time: 215.914909
Total time: 1519.244656, total average time: 151.924466

[2022-12-14T11:22:16] Child[11184]:
Total write time: 245.405513 seconds; average write time: 49.081103 seconds.
Total read time: 1271.476204; average read time: 254.295241
Total time: 1516.881717, total average time: 151.688172

[2022-12-14T11:22:17] Child[10760]:
Total write time: 353.457209 seconds; average write time: 70.691442 seconds.
Total read time: 1164.067307; average read time: 232.813461
Total time: 1517.524516, total average time: 151.752452

[2022-12-14T11:22:17] Child[10816]:
Total write time: 215.433387 seconds; average write time: 53.858347 seconds.
Total read time: 1302.130311; average read time: 217.021718
Total time: 1517.563698, total average time: 151.756370

[2022-12-14T11:22:17] Child[9977]:
Total write time: 167.901079 seconds; average write time: 55.967026 seconds.
Total read time: 1347.827956; average read time: 192.546851
Total time: 1515.729035, total average time: 151.572903

[2022-12-14T11:22:17] Child[11377]:
Total write time: 502.920791 seconds; average write time: 100.584158 seconds.
Total read time: 1015.365410; average read time: 203.073082
Total time: 1518.286201, total average time: 151.828620

[2022-12-14T11:22:17] Child[10682]:
Total write time: 348.011227 seconds; average write time: 87.002807 seconds.
Total read time: 1170.516091; average read time: 195.086015
Total time: 1518.527318, total average time: 151.852732

[2022-12-14T11:22:17] Child[10545]:
Total write time: 267.818253 seconds; average write time: 66.954563 seconds.
Total read time: 1251.201296; average read time: 208.533549
Total time: 1519.019549, total average time: 151.901955

[2022-12-14T11:22:18] Child[10746]:
Total write time: 172.684258 seconds; average write time: 57.561419 seconds.
Total read time: 1345.653244; average read time: 192.236178
Total time: 1518.337502, total average time: 151.833750

[2022-12-14T11:22:18] Child[11678]:
Total write time: 672.077079 seconds; average write time: 134.415416 seconds.
Total read time: 845.117728; average read time: 169.023546
Total time: 1517.194807, total average time: 151.719481

[2022-12-14T11:22:18] Child[10795]:
Total write time: 194.839067 seconds; average write time: 64.946356 seconds.
Total read time: 1323.659513; average read time: 189.094216
Total time: 1518.498580, total average time: 151.849858

[2022-12-14T11:22:18] Child[12130]:
Total write time: 528.044709 seconds; average write time: 132.011177 seconds.
Total read time: 990.492571; average read time: 165.082095
Total time: 1518.537280, total average time: 151.853728

[2022-12-14T11:22:18] Child[11977]:
Total write time: 360.193181 seconds; average write time: 90.048295 seconds.
Total read time: 1160.021760; average read time: 193.336960
Total time: 1520.214941, total average time: 152.021494

[2022-12-14T11:22:18] Child[11714]:
Total write time: 355.136726 seconds; average write time: 59.189454 seconds.
Total read time: 1162.706122; average read time: 290.676531
Total time: 1517.842848, total average time: 151.784285

[2022-12-14T11:22:18] Child[10216]:
Total write time: 348.756979 seconds; average write time: 58.126163 seconds.
Total read time: 1168.562510; average read time: 292.140627
Total time: 1517.319489, total average time: 151.731949

[2022-12-14T11:22:18] Child[10159]:
Total write time: 467.779014 seconds; average write time: 77.963169 seconds.
Total read time: 1048.994703; average read time: 262.248676
Total time: 1516.773717, total average time: 151.677372

[2022-12-14T11:22:19] Child[10384]:
Total write time: 400.278407 seconds; average write time: 66.713068 seconds.
Total read time: 1117.678812; average read time: 279.419703
Total time: 1517.957219, total average time: 151.795722

[2022-12-14T11:22:19] Child[11941]:
Total write time: 59.882824 seconds; average write time: 19.960941 seconds.
Total read time: 1458.139196; average read time: 208.305599
Total time: 1518.022020, total average time: 151.802202

[2022-12-14T11:22:19] Child[10686]:
Total write time: 249.854440 seconds; average write time: 62.463610 seconds.
Total read time: 1264.178447; average read time: 210.696408
Total time: 1514.032887, total average time: 151.403289

[2022-12-14T11:22:20] Child[11833]:
Total write time: 188.189825 seconds; average write time: 62.729942 seconds.
Total read time: 1331.081370; average read time: 190.154481
Total time: 1519.271195, total average time: 151.927120

[2022-12-14T11:22:20] Child[11433]:
Total write time: 252.648641 seconds; average write time: 63.162160 seconds.
Total read time: 1266.311016; average read time: 211.051836
Total time: 1518.959657, total average time: 151.895966

[2022-12-14T11:22:20] Child[10129]:
Total write time: 301.666094 seconds; average write time: 60.333219 seconds.
Total read time: 1219.567955; average read time: 243.913591
Total time: 1521.234049, total average time: 152.123405

[2022-12-14T11:22:20] Child[10250]:
Total write time: 536.968836 seconds; average write time: 89.494806 seconds.
Total read time: 982.610423; average read time: 245.652606
Total time: 1519.579259, total average time: 151.957926

[2022-12-14T11:22:20] Child[10985]:
Total write time: 277.253742 seconds; average write time: 69.313435 seconds.
Total read time: 1241.918578; average read time: 206.986430
Total time: 1519.172320, total average time: 151.917232

[2022-12-14T11:22:21] Child[12126]:
Total write time: 112.354391 seconds; average write time: 28.088598 seconds.
Total read time: 1411.964392; average read time: 235.327399
Total time: 1524.318783, total average time: 152.431878

[2022-12-14T11:22:21] Child[11753]:
Total write time: 247.962729 seconds; average write time: 49.592546 seconds.
Total read time: 1278.086026; average read time: 255.617205
Total time: 1526.048755, total average time: 152.604875

[2022-12-14T11:22:21] Child[10477]:
Total write time: 379.990619 seconds; average write time: 94.997655 seconds.
Total read time: 1143.661305; average read time: 190.610218
Total time: 1523.651924, total average time: 152.365192

[2022-12-14T11:22:21] Child[11644]:
Total write time: 521.124001 seconds; average write time: 86.854000 seconds.
Total read time: 1000.067918; average read time: 250.016979
Total time: 1521.191919, total average time: 152.119192

[2022-12-14T11:22:22] Child[10680]:
Total write time: 569.342449 seconds; average write time: 94.890408 seconds.
Total read time: 950.526592; average read time: 237.631648
Total time: 1519.869041, total average time: 151.986904

[2022-12-14T11:22:22] Child[10990]:
Total write time: 364.272341 seconds; average write time: 72.854468 seconds.
Total read time: 1156.321956; average read time: 231.264391
Total time: 1520.594297, total average time: 152.059430

[2022-12-14T11:22:22] Child[9950]:
Total write time: 367.431854 seconds; average write time: 91.857963 seconds.
Total read time: 1156.489977; average read time: 192.748330
Total time: 1523.921831, total average time: 152.392183

[2022-12-14T11:22:22] Child[11008]:
Total write time: 442.095587 seconds; average write time: 88.419117 seconds.
Total read time: 1079.710788; average read time: 215.942158
Total time: 1521.806375, total average time: 152.180637

[2022-12-14T11:22:22] Child[11272]:
Total write time: 189.778524 seconds; average write time: 63.259508 seconds.
Total read time: 1333.149033; average read time: 190.449862
Total time: 1522.927557, total average time: 152.292756

[2022-12-14T11:22:22] Child[11383]:
Total write time: 197.304527 seconds; average write time: 49.326132 seconds.
Total read time: 1325.621990; average read time: 220.936998
Total time: 1522.926517, total average time: 152.292652

[2022-12-14T11:22:22] Child[11504]:
Total write time: 488.507925 seconds; average write time: 81.417987 seconds.
Total read time: 1035.098479; average read time: 258.774620
Total time: 1523.606404, total average time: 152.360640

[2022-12-14T11:22:23] Child[11857]:
Total write time: 142.638561 seconds; average write time: 35.659640 seconds.
Total read time: 1381.689043; average read time: 230.281507
Total time: 1524.327604, total average time: 152.432760

[2022-12-14T11:22:24] Child[10749]:
Total write time: 34.248260 seconds; average write time: 11.416087 seconds.
Total read time: 1491.319110; average read time: 213.045587
Total time: 1525.567370, total average time: 152.556737

[2022-12-14T11:22:24] Child[10367]:
Total write time: 101.021283 seconds; average write time: 50.510641 seconds.
Total read time: 1419.316190; average read time: 177.414524
Total time: 1520.337473, total average time: 152.033747

[2022-12-14T11:22:25] Child[9912]:
Total write time: 310.330236 seconds; average write time: 77.582559 seconds.
Total read time: 1209.464967; average read time: 201.577495
Total time: 1519.795203, total average time: 151.979520

[2022-12-14T11:22:25] Child[11259]:
Total write time: 350.825120 seconds; average write time: 87.706280 seconds.
Total read time: 1178.098805; average read time: 196.349801
Total time: 1528.923925, total average time: 152.892392

[2022-12-14T11:22:25] Child[11148]:
Total write time: 412.391562 seconds; average write time: 82.478312 seconds.
Total read time: 1110.982736; average read time: 222.196547
Total time: 1523.374298, total average time: 152.337430

[2022-12-14T11:22:26] Child[11986]:
Total write time: 166.081057 seconds; average write time: 41.520264 seconds.
Total read time: 1357.540924; average read time: 226.256821
Total time: 1523.621981, total average time: 152.362198

[2022-12-14T11:22:26] Child[10538]:
Total write time: 533.806177 seconds; average write time: 133.451544 seconds.
Total read time: 994.377617; average read time: 165.729603
Total time: 1528.183794, total average time: 152.818379

[2022-12-14T11:22:26] Child[12178]:
Total write time: 163.989122 seconds; average write time: 40.997281 seconds.
Total read time: 1363.064886; average read time: 227.177481
Total time: 1527.054008, total average time: 152.705401

[2022-12-14T11:22:27] Child[11319]:
Total write time: 428.544216 seconds; average write time: 142.848072 seconds.
Total read time: 1095.409284; average read time: 156.487041
Total time: 1523.953500, total average time: 152.395350

[2022-12-14T11:22:27] Child[9955]:
Total write time: 199.648137 seconds; average write time: 66.549379 seconds.
Total read time: 1324.096897; average read time: 189.156700
Total time: 1523.745034, total average time: 152.374503

[2022-12-14T11:22:28] Child[10312]:
Total write time: 85.685550 seconds; average write time: 28.561850 seconds.
Total read time: 1443.161472; average read time: 206.165925
Total time: 1528.847022, total average time: 152.884702

[2022-12-14T11:22:28] Child[11196]:
Total write time: 175.886167 seconds; average write time: 43.971542 seconds.
Total read time: 1349.076048; average read time: 224.846008
Total time: 1524.962215, total average time: 152.496221

[2022-12-14T11:22:28] Child[11943]:
Total write time: 134.087829 seconds; average write time: 67.043914 seconds.
Total read time: 1392.333043; average read time: 174.041630
Total time: 1526.420872, total average time: 152.642087

[2022-12-14T11:22:29] Child[11115]:
Total write time: 260.649146 seconds; average write time: 43.441524 seconds.
Total read time: 1269.025042; average read time: 317.256260
Total time: 1529.674188, total average time: 152.967419

[2022-12-14T11:22:29] Child[11564]:
Total write time: 473.819584 seconds; average write time: 157.939861 seconds.
Total read time: 1055.850566; average read time: 150.835795
Total time: 1529.670150, total average time: 152.967015

[2022-12-14T11:22:29] Child[10351]:
Total write time: 53.263246 seconds; average write time: 17.754415 seconds.
Total read time: 1477.015419; average read time: 211.002203
Total time: 1530.278665, total average time: 153.027866

[2022-12-14T11:22:29] Child[10445]:
Total write time: 153.235009 seconds; average write time: 51.078336 seconds.
Total read time: 1373.751977; average read time: 196.250282
Total time: 1526.986986, total average time: 152.698699

[2022-12-14T11:22:29] Child[11618]:
Total write time: 331.255065 seconds; average write time: 82.813766 seconds.
Total read time: 1199.388714; average read time: 199.898119
Total time: 1530.643779, total average time: 153.064378

[2022-12-14T11:22:29] Child[12030]:
Total write time: 143.172771 seconds; average write time: 71.586386 seconds.
Total read time: 1389.286930; average read time: 173.660866
Total time: 1532.459701, total average time: 153.245970

[2022-12-14T11:22:29] Child[10967]:
Total write time: 825.406272 seconds; average write time: 103.175784 seconds.
Total read time: 706.261396; average read time: 353.130698
Total time: 1531.667668, total average time: 153.166767

[2022-12-14T11:22:30] Child[10386]:
Total write time: 9.097517 seconds; average write time: 9.097517 seconds.
Total read time: 1521.502964; average read time: 169.055885
Total time: 1530.600481, total average time: 153.060048

[2022-12-14T11:22:30] Child[10372]:
Total write time: 564.004542 seconds; average write time: 94.000757 seconds.
Total read time: 967.606390; average read time: 241.901598
Total time: 1531.610932, total average time: 153.161093

[2022-12-14T11:22:30] Child[10472]:
Total write time: 465.331480 seconds; average write time: 93.066296 seconds.
Total read time: 1065.313391; average read time: 213.062678
Total time: 1530.644871, total average time: 153.064487

[2022-12-14T11:22:30] Child[11609]:
Total write time: 368.657599 seconds; average write time: 73.731520 seconds.
Total read time: 1159.212177; average read time: 231.842435
Total time: 1527.869776, total average time: 152.786978

[2022-12-14T11:22:30] Child[9888]:
Total write time: 21.820901 seconds; average write time: 10.910450 seconds.
Total read time: 1508.118257; average read time: 188.514782
Total time: 1529.939158, total average time: 152.993916

[2022-12-14T11:22:30] Child[10811]:
Total write time: 54.349347 seconds; average write time: 27.174674 seconds.
Total read time: 1474.126293; average read time: 184.265787
Total time: 1528.475640, total average time: 152.847564

[2022-12-14T11:22:31] Child[11249]:
Total write time: 550.621925 seconds; average write time: 110.124385 seconds.
Total read time: 979.051243; average read time: 195.810249
Total time: 1529.673168, total average time: 152.967317

[2022-12-14T11:22:31] Child[10123]:
Total write time: 169.810170 seconds; average write time: 42.452542 seconds.
Total read time: 1365.225337; average read time: 227.537556
Total time: 1535.035507, total average time: 153.503551

[2022-12-14T11:22:32] Child[11578]:
Total write time: 455.763437 seconds; average write time: 91.152687 seconds.
Total read time: 1075.491088; average read time: 215.098218
Total time: 1531.254525, total average time: 153.125452

[2022-12-14T11:22:32] Child[10211]:
Total write time: 255.835402 seconds; average write time: 51.167080 seconds.
Total read time: 1277.828960; average read time: 255.565792
Total time: 1533.664362, total average time: 153.366436

[2022-12-14T11:22:33] Child[10145]:
Total write time: 342.958191 seconds; average write time: 85.739548 seconds.
Total read time: 1185.642649; average read time: 197.607108
Total time: 1528.600840, total average time: 152.860084

[2022-12-14T11:22:33] Child[10244]:
Total write time: 216.715636 seconds; average write time: 72.238545 seconds.
Total read time: 1311.958147; average read time: 187.422592
Total time: 1528.673783, total average time: 152.867378

[2022-12-14T11:22:33] Child[9992]:
Total write time: 294.740453 seconds; average write time: 58.948091 seconds.
Total read time: 1239.323293; average read time: 247.864659
Total time: 1534.063746, total average time: 153.406375

[2022-12-14T11:22:33] Child[9900]:
Total write time: 126.680302 seconds; average write time: 42.226767 seconds.
Total read time: 1404.824616; average read time: 200.689231
Total time: 1531.504918, total average time: 153.150492

[2022-12-14T11:22:33] Child[11321]:
Total write time: 649.809028 seconds; average write time: 108.301505 seconds.
Total read time: 882.176092; average read time: 220.544023
Total time: 1531.985120, total average time: 153.198512

[2022-12-14T11:22:33] Child[11290]:
Total write time: 685.720049 seconds; average write time: 137.144010 seconds.
Total read time: 849.214456; average read time: 169.842891
Total time: 1534.934505, total average time: 153.493450

[2022-12-14T11:22:33] Child[10597]:
Total write time: 812.602410 seconds; average write time: 135.433735 seconds.
Total read time: 723.226047; average read time: 180.806512
Total time: 1535.828457, total average time: 153.582846

[2022-12-14T11:22:34] Child[10017]:
Total write time: 329.604748 seconds; average write time: 65.920950 seconds.
Total read time: 1205.374422; average read time: 241.074884
Total time: 1534.979170, total average time: 153.497917

[2022-12-14T11:22:34] Child[11528]:
Total write time: 494.343999 seconds; average write time: 98.868800 seconds.
Total read time: 1038.907454; average read time: 207.781491
Total time: 1533.251453, total average time: 153.325145

[2022-12-14T11:22:35] Child[11835]:
Total write time: 65.874103 seconds; average write time: 21.958034 seconds.
Total read time: 1470.014560; average read time: 210.002080
Total time: 1535.888663, total average time: 153.588866

[2022-12-14T11:22:35] Child[10646]:
Total write time: 337.273983 seconds; average write time: 84.318496 seconds.
Total read time: 1195.386472; average read time: 199.231079
Total time: 1532.660455, total average time: 153.266045

[2022-12-14T11:22:35] Child[10797]:
Total write time: 553.175868 seconds; average write time: 92.195978 seconds.
Total read time: 982.224364; average read time: 245.556091
Total time: 1535.400232, total average time: 153.540023

[2022-12-14T11:22:35] Child[10431]:
Total write time: 624.964760 seconds; average write time: 156.241190 seconds.
Total read time: 913.851838; average read time: 152.308640
Total time: 1538.816598, total average time: 153.881660

[2022-12-14T11:22:36] Child[11952]:
Total write time: 349.874917 seconds; average write time: 116.624972 seconds.
Total read time: 1184.279037; average read time: 169.182720
Total time: 1534.153954, total average time: 153.415395

[2022-12-14T11:22:36] Child[10059]:
Total write time: 464.850031 seconds; average write time: 116.212508 seconds.
Total read time: 1071.882568; average read time: 178.647095
Total time: 1536.732599, total average time: 153.673260

[2022-12-14T11:22:36] Child[10924]:
Total write time: 146.435730 seconds; average write time: 36.608933 seconds.
Total read time: 1386.712253; average read time: 231.118709
Total time: 1533.147983, total average time: 153.314798

[2022-12-14T11:22:36] Child[10277]:
Total write time: 525.167843 seconds; average write time: 105.033569 seconds.
Total read time: 1011.605281; average read time: 202.321056
Total time: 1536.773124, total average time: 153.677312

[2022-12-14T11:22:36] Child[10792]:
Total write time: 0.403476 seconds; average write time: 0.201738 seconds.
Total read time: 1536.364587; average read time: 192.045573
Total time: 1536.768063, total average time: 153.676806

[2022-12-14T11:22:37] Child[11715]:
Total write time: 294.571621 seconds; average write time: 98.190540 seconds.
Total read time: 1245.379101; average read time: 177.911300
Total time: 1539.950722, total average time: 153.995072

[2022-12-14T11:22:37] Child[12010]:
Total write time: 413.530595 seconds; average write time: 82.706119 seconds.
Total read time: 1122.549195; average read time: 224.509839
Total time: 1536.079790, total average time: 153.607979

[2022-12-14T11:22:37] Child[11651]:
Total write time: 875.466176 seconds; average write time: 175.093235 seconds.
Total read time: 662.033520; average read time: 132.406704
Total time: 1537.499696, total average time: 153.749970

[2022-12-14T11:22:37] Child[11391]:
Total write time: 376.837931 seconds; average write time: 75.367586 seconds.
Total read time: 1156.510921; average read time: 231.302184
Total time: 1533.348852, total average time: 153.334885

[2022-12-14T11:22:38] Child[11737]:
Total write time: 429.836663 seconds; average write time: 85.967333 seconds.
Total read time: 1103.986171; average read time: 220.797234
Total time: 1533.822834, total average time: 153.382283

[2022-12-14T11:22:38] Child[11017]:
Total write time: 364.284659 seconds; average write time: 91.071165 seconds.
Total read time: 1169.301089; average read time: 194.883515
Total time: 1533.585748, total average time: 153.358575

[2022-12-14T11:22:38] Child[10206]:
Total write time: 294.070724 seconds; average write time: 98.023575 seconds.
Total read time: 1245.219884; average read time: 177.888555
Total time: 1539.290608, total average time: 153.929061

[2022-12-14T11:22:39] Child[9952]:
Total write time: 430.024559 seconds; average write time: 86.004912 seconds.
Total read time: 1107.474572; average read time: 221.494914
Total time: 1537.499131, total average time: 153.749913

[2022-12-14T11:22:39] Child[9999]:
Total write time: 397.546366 seconds; average write time: 79.509273 seconds.
Total read time: 1144.123650; average read time: 228.824730
Total time: 1541.670016, total average time: 154.167002

[2022-12-14T11:22:39] Child[10345]:
Total write time: 388.745232 seconds; average write time: 194.372616 seconds.
Total read time: 1150.648804; average read time: 143.831100
Total time: 1539.394036, total average time: 153.939404

[2022-12-14T11:22:39] Child[10487]:
Total write time: 49.776890 seconds; average write time: 16.592297 seconds.
Total read time: 1487.327054; average read time: 212.475293
Total time: 1537.103944, total average time: 153.710394

[2022-12-14T11:22:39] Child[10090]:
Total write time: 305.042249 seconds; average write time: 76.260562 seconds.
Total read time: 1232.444055; average read time: 205.407342
Total time: 1537.486304, total average time: 153.748630

[2022-12-14T11:22:39] Child[10078]:
Total write time: 192.571048 seconds; average write time: 38.514210 seconds.
Total read time: 1345.851550; average read time: 269.170310
Total time: 1538.422598, total average time: 153.842260

[2022-12-14T11:22:40] Child[10601]:
Total write time: 259.172334 seconds; average write time: 64.793083 seconds.
Total read time: 1281.199394; average read time: 213.533232
Total time: 1540.371728, total average time: 154.037173

[2022-12-14T11:22:40] Child[11182]:
Total write time: 636.119760 seconds; average write time: 106.019960 seconds.
Total read time: 901.338067; average read time: 225.334517
Total time: 1537.457827, total average time: 153.745783

[2022-12-14T11:22:40] Child[11930]:
Total write time: 201.291719 seconds; average write time: 40.258344 seconds.
Total read time: 1334.269013; average read time: 266.853803
Total time: 1535.560732, total average time: 153.556073

[2022-12-14T11:22:41] Child[11683]:
Total write time: 146.691653 seconds; average write time: 36.672913 seconds.
Total read time: 1389.431222; average read time: 231.571870
Total time: 1536.122875, total average time: 153.612288

[2022-12-14T11:22:41] Child[12066]:
Total write time: 290.663666 seconds; average write time: 96.887889 seconds.
Total read time: 1246.220415; average read time: 178.031488
Total time: 1536.884081, total average time: 153.688408

[2022-12-14T11:22:41] Child[11821]:
Total write time: 383.854593 seconds; average write time: 63.975766 seconds.
Total read time: 1153.864689; average read time: 288.466172
Total time: 1537.719282, total average time: 153.771928

[2022-12-14T11:22:41] Child[10103]:
Total write time: 132.581114 seconds; average write time: 66.290557 seconds.
Total read time: 1408.204409; average read time: 176.025551
Total time: 1540.785523, total average time: 154.078552

[2022-12-14T11:22:42] Child[12076]:
Total write time: 127.392227 seconds; average write time: 42.464076 seconds.
Total read time: 1411.535167; average read time: 201.647881
Total time: 1538.927394, total average time: 153.892739

[2022-12-14T11:22:42] Child[10125]:
Total write time: 318.473183 seconds; average write time: 79.618296 seconds.
Total read time: 1226.629338; average read time: 204.438223
Total time: 1545.102521, total average time: 154.510252

[2022-12-14T11:22:42] Child[11889]:
Total write time: 36.769396 seconds; average write time: 12.256465 seconds.
Total read time: 1504.735382; average read time: 214.962197
Total time: 1541.504778, total average time: 154.150478

[2022-12-14T11:22:42] Child[10302]:
Total write time: 466.051628 seconds; average write time: 93.210326 seconds.
Total read time: 1079.371341; average read time: 215.874268
Total time: 1545.422969, total average time: 154.542297

[2022-12-14T11:22:42] Child[12003]:
Total write time: 60.800993 seconds; average write time: 20.266998 seconds.
Total read time: 1481.394222; average read time: 211.627746
Total time: 1542.195215, total average time: 154.219522

[2022-12-14T11:22:43] Child[10067]:
Total write time: 556.089362 seconds; average write time: 111.217872 seconds.
Total read time: 991.510447; average read time: 198.302089
Total time: 1547.599809, total average time: 154.759981

[2022-12-14T11:22:43] Child[12052]:
Total write time: 348.800337 seconds; average write time: 87.200084 seconds.
Total read time: 1192.651351; average read time: 198.775225
Total time: 1541.451688, total average time: 154.145169

[2022-12-14T11:22:44] Child[11669]:
Total write time: 572.590502 seconds; average write time: 114.518100 seconds.
Total read time: 968.701254; average read time: 193.740251
Total time: 1541.291756, total average time: 154.129176

[2022-12-14T11:22:44] Child[11549]:
Total write time: 249.266586 seconds; average write time: 83.088862 seconds.
Total read time: 1295.189577; average read time: 185.027082
Total time: 1544.456163, total average time: 154.445616

[2022-12-14T11:22:44] Child[10000]:
Total write time: 279.584741 seconds; average write time: 69.896185 seconds.
Total read time: 1265.685157; average read time: 210.947526
Total time: 1545.269898, total average time: 154.526990

[2022-12-14T11:22:45] Child[9917]:
Total write time: 682.195790 seconds; average write time: 170.548947 seconds.
Total read time: 861.683293; average read time: 143.613882
Total time: 1543.879083, total average time: 154.387908

[2022-12-14T11:22:45] Child[9979]:
Total write time: 76.508991 seconds; average write time: 25.502997 seconds.
Total read time: 1467.945568; average read time: 209.706510
Total time: 1544.454559, total average time: 154.445456

[2022-12-14T11:22:46] Child[9981]:
Total write time: 536.901777 seconds; average write time: 89.483630 seconds.
Total read time: 1010.134402; average read time: 252.533601
Total time: 1547.036179, total average time: 154.703618

[2022-12-14T11:22:46] Child[11047]:
Total write time: 24.740130 seconds; average write time: 12.370065 seconds.
Total read time: 1523.584180; average read time: 190.448023
Total time: 1548.324310, total average time: 154.832431

[2022-12-14T11:22:46] Child[11619]:
Total write time: 580.387014 seconds; average write time: 145.096754 seconds.
Total read time: 964.603697; average read time: 160.767283
Total time: 1544.990711, total average time: 154.499071

[2022-12-14T11:22:46] Child[11916]:
Total write time: 241.608512 seconds; average write time: 120.804256 seconds.
Total read time: 1304.683817; average read time: 163.085477
Total time: 1546.292329, total average time: 154.629233

[2022-12-14T11:22:47] Child[11563]:
Total write time: 70.449840 seconds; average write time: 23.483280 seconds.
Total read time: 1474.102138; average read time: 210.586020
Total time: 1544.551978, total average time: 154.455198

[2022-12-14T11:22:47] Child[11874]:
Total write time: 81.580363 seconds; average write time: 27.193454 seconds.
Total read time: 1465.149586; average read time: 209.307084
Total time: 1546.729949, total average time: 154.672995

[2022-12-14T11:22:47] Child[10005]:
Total write time: 292.197968 seconds; average write time: 146.098984 seconds.
Total read time: 1252.131995; average read time: 156.516499
Total time: 1544.329963, total average time: 154.432996

[2022-12-14T11:22:47] Child[10663]:
Total write time: 264.903546 seconds; average write time: 66.225887 seconds.
Total read time: 1282.239472; average read time: 213.706579
Total time: 1547.143018, total average time: 154.714302

[2022-12-14T11:22:48] Child[10572]:
Total write time: 117.820551 seconds; average write time: 39.273517 seconds.
Total read time: 1429.837044; average read time: 204.262435
Total time: 1547.657595, total average time: 154.765760

[2022-12-14T11:22:48] Child[11869]:
Total write time: 147.832935 seconds; average write time: 36.958234 seconds.
Total read time: 1397.556661; average read time: 232.926110
Total time: 1545.389596, total average time: 154.538960

[2022-12-14T11:22:48] Child[10416]:
Total write time: 215.859664 seconds; average write time: 53.964916 seconds.
Total read time: 1330.071264; average read time: 221.678544
Total time: 1545.930928, total average time: 154.593093

[2022-12-14T11:22:48] Child[11285]:
Total write time: 76.613558 seconds; average write time: 38.306779 seconds.
Total read time: 1469.174127; average read time: 183.646766
Total time: 1545.787685, total average time: 154.578768

[2022-12-14T11:22:48] Child[10845]:
Total write time: 67.717021 seconds; average write time: 33.858511 seconds.
Total read time: 1482.012133; average read time: 185.251517
Total time: 1549.729154, total average time: 154.972915

[2022-12-14T11:22:48] Child[10204]:
Total write time: 431.765539 seconds; average write time: 86.353108 seconds.
Total read time: 1108.022278; average read time: 221.604456
Total time: 1539.787817, total average time: 153.978782

[2022-12-14T11:22:49] Child[10466]:
Total write time: 901.083552 seconds; average write time: 128.726222 seconds.
Total read time: 648.053534; average read time: 216.017845
Total time: 1549.137086, total average time: 154.913709

[2022-12-14T11:22:49] Child[11643]:
Total write time: 174.046451 seconds; average write time: 34.809290 seconds.
Total read time: 1374.193814; average read time: 274.838763
Total time: 1548.240265, total average time: 154.824027

[2022-12-14T11:22:49] Child[11307]:
Total write time: 254.793649 seconds; average write time: 50.958730 seconds.
Total read time: 1290.964149; average read time: 258.192830
Total time: 1545.757798, total average time: 154.575780

[2022-12-14T11:22:49] Child[10659]:
Total write time: 47.901601 seconds; average write time: 47.901601 seconds.
Total read time: 1501.020666; average read time: 166.780074
Total time: 1548.922267, total average time: 154.892227

[2022-12-14T11:22:50] Child[11975]:
Total write time: 240.732735 seconds; average write time: 80.244245 seconds.
Total read time: 1310.868376; average read time: 187.266911
Total time: 1551.601111, total average time: 155.160111

[2022-12-14T11:22:50] Child[11789]:
Total write time: 142.024228 seconds; average write time: 47.341409 seconds.
Total read time: 1404.527868; average read time: 200.646838
Total time: 1546.552096, total average time: 154.655210

[2022-12-14T11:22:50] Child[10532]:
Total write time: 50.025856 seconds; average write time: 25.012928 seconds.
Total read time: 1495.105195; average read time: 186.888149
Total time: 1545.131051, total average time: 154.513105

[2022-12-14T11:22:50] Child[10065]:
Total write time: 80.096999 seconds; average write time: 26.699000 seconds.
Total read time: 1472.086383; average read time: 210.298055
Total time: 1552.183382, total average time: 155.218338

[2022-12-14T11:22:51] Child[11615]:
Total write time: 247.926522 seconds; average write time: 61.981631 seconds.
Total read time: 1304.694762; average read time: 217.449127
Total time: 1552.621284, total average time: 155.262128

[2022-12-14T11:22:51] Child[11279]:
Total write time: 696.869704 seconds; average write time: 116.144951 seconds.
Total read time: 854.710980; average read time: 213.677745
Total time: 1551.580684, total average time: 155.158068

[2022-12-14T11:22:51] Child[10560]:
Total write time: 236.941060 seconds; average write time: 59.235265 seconds.
Total read time: 1315.534412; average read time: 219.255735
Total time: 1552.475472, total average time: 155.247547

[2022-12-14T11:22:51] Child[10761]:
Total write time: 483.924671 seconds; average write time: 96.784934 seconds.
Total read time: 1063.773871; average read time: 212.754774
Total time: 1547.698542, total average time: 154.769854

[2022-12-14T11:22:51] Child[10369]:
Total write time: 697.432164 seconds; average write time: 174.358041 seconds.
Total read time: 853.407330; average read time: 142.234555
Total time: 1550.839494, total average time: 155.083949

[2022-12-14T11:22:52] Child[11397]:
Total write time: 283.857705 seconds; average write time: 56.771541 seconds.
Total read time: 1269.340608; average read time: 253.868122
Total time: 1553.198313, total average time: 155.319831

[2022-12-14T11:22:52] Child[10715]:
Total write time: 130.081780 seconds; average write time: 43.360593 seconds.
Total read time: 1418.001312; average read time: 202.571616
Total time: 1548.083092, total average time: 154.808309

[2022-12-14T11:22:52] Child[11369]:
Total write time: 610.910401 seconds; average write time: 122.182080 seconds.
Total read time: 941.472333; average read time: 188.294467
Total time: 1552.382734, total average time: 155.238273

[2022-12-14T11:22:52] Child[11335]:
Total write time: 266.087493 seconds; average write time: 53.217499 seconds.
Total read time: 1284.182645; average read time: 256.836529
Total time: 1550.270138, total average time: 155.027014

[2022-12-14T11:22:53] Child[11206]:
Total write time: 277.925855 seconds; average write time: 69.481464 seconds.
Total read time: 1270.711503; average read time: 211.785250
Total time: 1548.637358, total average time: 154.863736

[2022-12-14T11:22:53] Child[11979]:
Total write time: 193.203897 seconds; average write time: 64.401299 seconds.
Total read time: 1356.695519; average read time: 193.813646
Total time: 1549.899416, total average time: 154.989942

[2022-12-14T11:22:53] Child[10177]:
Total write time: 115.244372 seconds; average write time: 38.414791 seconds.
Total read time: 1438.336868; average read time: 205.476695
Total time: 1553.581240, total average time: 155.358124

[2022-12-14T11:22:53] Child[11716]:
Total write time: 240.622601 seconds; average write time: 80.207534 seconds.
Total read time: 1310.431545; average read time: 187.204506
Total time: 1551.054146, total average time: 155.105415

[2022-12-14T11:22:53] Child[10500]:
Total write time: 257.795805 seconds; average write time: 64.448951 seconds.
Total read time: 1298.278183; average read time: 216.379697
Total time: 1556.073988, total average time: 155.607399

[2022-12-14T11:22:53] Child[11505]:
Total write time: 654.149427 seconds; average write time: 109.024905 seconds.
Total read time: 897.434890; average read time: 224.358722
Total time: 1551.584317, total average time: 155.158432

[2022-12-14T11:22:53] Child[10841]:
Total write time: 154.629338 seconds; average write time: 51.543113 seconds.
Total read time: 1401.645760; average read time: 200.235109
Total time: 1556.275098, total average time: 155.627510

[2022-12-14T11:22:53] Child[11187]:
Total write time: 277.907693 seconds; average write time: 55.581539 seconds.
Total read time: 1275.129660; average read time: 255.025932
Total time: 1553.037353, total average time: 155.303735

[2022-12-14T11:22:54] Child[12156]:
Total write time: 144.651199 seconds; average write time: 48.217066 seconds.
Total read time: 1409.335780; average read time: 201.333683
Total time: 1553.986979, total average time: 155.398698

[2022-12-14T11:22:55] Child[10595]:
Total write time: 424.373117 seconds; average write time: 70.728853 seconds.
Total read time: 1130.905293; average read time: 282.726323
Total time: 1555.278410, total average time: 155.527841

[2022-12-14T11:22:55] Child[10084]:
Total write time: 437.156055 seconds; average write time: 109.289014 seconds.
Total read time: 1118.764298; average read time: 186.460716
Total time: 1555.920353, total average time: 155.592035

[2022-12-14T11:22:55] Child[10237]:
Total write time: 455.629006 seconds; average write time: 113.907252 seconds.
Total read time: 1096.988831; average read time: 182.831472
Total time: 1552.617837, total average time: 155.261784

[2022-12-14T11:22:55] Child[10377]:
Total write time: 126.760429 seconds; average write time: 25.352086 seconds.
Total read time: 1424.395345; average read time: 284.879069
Total time: 1551.155774, total average time: 155.115577

[2022-12-14T11:22:55] Child[11001]:
Total write time: 241.653741 seconds; average write time: 60.413435 seconds.
Total read time: 1314.041255; average read time: 219.006876
Total time: 1555.694996, total average time: 155.569500

[2022-12-14T11:22:55] Child[10034]:
Total write time: 843.860886 seconds; average write time: 140.643481 seconds.
Total read time: 712.426123; average read time: 178.106531
Total time: 1556.287009, total average time: 155.628701

[2022-12-14T11:22:55] Child[12122]:
Total write time: 513.956848 seconds; average write time: 85.659475 seconds.
Total read time: 1043.984265; average read time: 260.996066
Total time: 1557.941113, total average time: 155.794111

[2022-12-14T11:22:55] Child[12016]:
Total write time: 190.505899 seconds; average write time: 63.501966 seconds.
Total read time: 1365.265218; average read time: 195.037888
Total time: 1555.771117, total average time: 155.577112

[2022-12-14T11:22:56] Child[10071]:
Total write time: 248.108712 seconds; average write time: 62.027178 seconds.
Total read time: 1307.613455; average read time: 217.935576
Total time: 1555.722167, total average time: 155.572217

[2022-12-14T11:22:57] Child[11530]:
Total write time: 350.504199 seconds; average write time: 70.100840 seconds.
Total read time: 1205.109269; average read time: 241.021854
Total time: 1555.613468, total average time: 155.561347

[2022-12-14T11:22:57] Child[11480]:
Total write time: 796.549718 seconds; average write time: 113.792817 seconds.
Total read time: 762.835870; average read time: 254.278623
Total time: 1559.385588, total average time: 155.938559

[2022-12-14T11:22:57] Child[10488]:
Total write time: 469.717947 seconds; average write time: 117.429487 seconds.
Total read time: 1086.070504; average read time: 181.011751
Total time: 1555.788451, total average time: 155.578845

[2022-12-14T11:22:57] Child[9897]:
Total write time: 621.171146 seconds; average write time: 124.234229 seconds.
Total read time: 936.292560; average read time: 187.258512
Total time: 1557.463706, total average time: 155.746371

[2022-12-14T11:22:57] Child[12032]:
Total write time: 9.053818 seconds; average write time: 4.526909 seconds.
Total read time: 1551.601630; average read time: 193.950204
Total time: 1560.655448, total average time: 156.065545

[2022-12-14T11:22:57] Child[11407]:
Total write time: 220.692782 seconds; average write time: 55.173195 seconds.
Total read time: 1338.797836; average read time: 223.132973
Total time: 1559.490618, total average time: 155.949062

[2022-12-14T11:22:57] Child[10592]:
Total write time: 87.766932 seconds; average write time: 43.883466 seconds.
Total read time: 1464.559973; average read time: 183.069997
Total time: 1552.326905, total average time: 155.232690

[2022-12-14T11:22:57] Child[10144]:
Total write time: 489.236127 seconds; average write time: 122.309032 seconds.
Total read time: 1065.302608; average read time: 177.550435
Total time: 1554.538735, total average time: 155.453873

[2022-12-14T11:22:57] Child[11353]:
Total write time: 166.460093 seconds; average write time: 33.292019 seconds.
Total read time: 1391.184245; average read time: 278.236849
Total time: 1557.644338, total average time: 155.764434

[2022-12-14T11:22:58] Child[10702]:
Total write time: 118.531542 seconds; average write time: 39.510514 seconds.
Total read time: 1436.584310; average read time: 205.226330
Total time: 1555.115852, total average time: 155.511585

[2022-12-14T11:22:58] Child[10874]:
Total write time: 19.591459 seconds; average write time: 6.530486 seconds.
Total read time: 1537.148238; average read time: 219.592605
Total time: 1556.739697, total average time: 155.673970

[2022-12-14T11:22:58] Child[11399]:
Total write time: 346.164823 seconds; average write time: 69.232965 seconds.
Total read time: 1208.982577; average read time: 241.796515
Total time: 1555.147400, total average time: 155.514740

[2022-12-14T11:22:59] Child[10775]:
Total write time: 1.602630 seconds; average write time: 1.602630 seconds.
Total read time: 1554.791917; average read time: 172.754657
Total time: 1556.394547, total average time: 155.639455

[2022-12-14T11:22:59] Child[10806]:
Total write time: 85.177533 seconds; average write time: 28.392511 seconds.
Total read time: 1471.054947; average read time: 210.150707
Total time: 1556.232480, total average time: 155.623248

[2022-12-14T11:23:00] Child[10675]:
Total write time: 368.675446 seconds; average write time: 73.735089 seconds.
Total read time: 1188.812861; average read time: 237.762572
Total time: 1557.488307, total average time: 155.748831

[2022-12-14T11:23:00] Child[10820]:
Total write time: 429.214689 seconds; average write time: 107.303672 seconds.
Total read time: 1130.373864; average read time: 188.395644
Total time: 1559.588553, total average time: 155.958855

[2022-12-14T11:23:00] Child[10778]:
Total write time: 53.077898 seconds; average write time: 17.692633 seconds.
Total read time: 1505.257081; average read time: 215.036726
Total time: 1558.334979, total average time: 155.833498

[2022-12-14T11:23:00] Child[11519]:
Total write time: 46.322637 seconds; average write time: 15.440879 seconds.
Total read time: 1517.541855; average read time: 216.791694
Total time: 1563.864492, total average time: 156.386449

[2022-12-14T11:23:01] Child[9975]:
Total write time: 346.975688 seconds; average write time: 86.743922 seconds.
Total read time: 1215.294720; average read time: 202.549120
Total time: 1562.270408, total average time: 156.227041

[2022-12-14T11:23:01] Child[11544]:
Total write time: 43.652561 seconds; average write time: 14.550854 seconds.
Total read time: 1520.387687; average read time: 217.198241
Total time: 1564.040248, total average time: 156.404025

[2022-12-14T11:23:01] Child[10361]:
Total write time: 401.020928 seconds; average write time: 100.255232 seconds.
Total read time: 1163.131043; average read time: 193.855174
Total time: 1564.151971, total average time: 156.415197

[2022-12-14T11:23:01] Child[10119]:
Total write time: 328.935142 seconds; average write time: 82.233785 seconds.
Total read time: 1229.266045; average read time: 204.877674
Total time: 1558.201187, total average time: 155.820119

[2022-12-14T11:23:01] Child[10464]:
Total write time: 543.537520 seconds; average write time: 135.884380 seconds.
Total read time: 1016.375294; average read time: 169.395882
Total time: 1559.912814, total average time: 155.991281

[2022-12-14T11:23:02] Child[11474]:
Total write time: 210.719069 seconds; average write time: 105.359534 seconds.
Total read time: 1350.225713; average read time: 168.778214
Total time: 1560.944782, total average time: 156.094478

[2022-12-14T11:23:02] Child[10306]:
Total write time: 263.075967 seconds; average write time: 87.691989 seconds.
Total read time: 1300.363502; average read time: 185.766215
Total time: 1563.439469, total average time: 156.343947

[2022-12-14T11:23:02] Child[9994]:
Total write time: 399.836546 seconds; average write time: 99.959136 seconds.
Total read time: 1160.429666; average read time: 193.404944
Total time: 1560.266212, total average time: 156.026621

[2022-12-14T11:23:02] Child[11953]:
Total write time: 743.329531 seconds; average write time: 123.888255 seconds.
Total read time: 822.342442; average read time: 205.585611
Total time: 1565.671973, total average time: 156.567197

[2022-12-14T11:23:03] Child[10264]:
Total write time: 198.446596 seconds; average write time: 66.148865 seconds.
Total read time: 1366.411915; average read time: 195.201702
Total time: 1564.858511, total average time: 156.485851

[2022-12-14T11:23:03] Child[11520]:
Total write time: 614.603767 seconds; average write time: 102.433961 seconds.
Total read time: 949.675475; average read time: 237.418869
Total time: 1564.279242, total average time: 156.427924

[2022-12-14T11:23:03] Child[10203]:
Total write time: 332.950560 seconds; average write time: 110.983520 seconds.
Total read time: 1229.776291; average read time: 175.682327
Total time: 1562.726851, total average time: 156.272685

[2022-12-14T11:23:03] Child[10762]:
Total write time: 662.665432 seconds; average write time: 132.533086 seconds.
Total read time: 902.875703; average read time: 180.575141
Total time: 1565.541135, total average time: 156.554113

[2022-12-14T11:23:03] Child[11788]:
Total write time: 0.553845 seconds; average write time: 0.276923 seconds.
Total read time: 1565.338592; average read time: 195.667324
Total time: 1565.892437, total average time: 156.589244

[2022-12-14T11:23:04] Child[11984]:
Total write time: 210.173105 seconds; average write time: 42.034621 seconds.
Total read time: 1351.934636; average read time: 270.386927
Total time: 1562.107741, total average time: 156.210774

[2022-12-14T11:23:04] Child[10446]:
Total write time: 588.787883 seconds; average write time: 98.131314 seconds.
Total read time: 975.891274; average read time: 243.972818
Total time: 1564.679157, total average time: 156.467916

[2022-12-14T11:23:04] Child[10262]:
Total write time: 362.967847 seconds; average write time: 72.593569 seconds.
Total read time: 1203.204460; average read time: 240.640892
Total time: 1566.172307, total average time: 156.617231

[2022-12-14T11:23:05] Child[9943]:
Total write time: 195.779563 seconds; average write time: 48.944891 seconds.
Total read time: 1371.149119; average read time: 228.524853
Total time: 1566.928682, total average time: 156.692868

[2022-12-14T11:23:05] Child[11632]:
Total write time: 257.485868 seconds; average write time: 85.828623 seconds.
Total read time: 1307.437183; average read time: 186.776740
Total time: 1564.923051, total average time: 156.492305

[2022-12-14T11:23:06] Child[10747]:
Total write time: 309.395234 seconds; average write time: 103.131745 seconds.
Total read time: 1253.688125; average read time: 179.098304
Total time: 1563.083359, total average time: 156.308336

[2022-12-14T11:23:06] Child[11541]:
Total write time: 405.024838 seconds; average write time: 135.008279 seconds.
Total read time: 1158.062638; average read time: 165.437520
Total time: 1563.087476, total average time: 156.308748

[2022-12-14T11:23:06] Child[11532]:
Total write time: 36.632026 seconds; average write time: 12.210675 seconds.
Total read time: 1531.333452; average read time: 218.761922
Total time: 1567.965478, total average time: 156.796548

[2022-12-14T11:23:06] Child[11501]:
Total write time: 440.141823 seconds; average write time: 110.035456 seconds.
Total read time: 1127.540058; average read time: 187.923343
Total time: 1567.681881, total average time: 156.768188

[2022-12-14T11:23:06] Child[9883]:
Total write time: 47.996552 seconds; average write time: 11.999138 seconds.
Total read time: 1518.300481; average read time: 253.050080
Total time: 1566.297033, total average time: 156.629703

[2022-12-14T11:23:06] Child[11931]:
Total write time: 948.383898 seconds; average write time: 135.483414 seconds.
Total read time: 615.698940; average read time: 205.232980
Total time: 1564.082838, total average time: 156.408284

[2022-12-14T11:23:06] Child[10705]:
Total write time: 402.726092 seconds; average write time: 80.545218 seconds.
Total read time: 1164.842068; average read time: 232.968414
Total time: 1567.568160, total average time: 156.756816

[2022-12-14T11:23:07] Child[12078]:
Total write time: 560.849491 seconds; average write time: 112.169898 seconds.
Total read time: 1005.387174; average read time: 201.077435
Total time: 1566.236665, total average time: 156.623667

[2022-12-14T11:23:07] Child[11862]:
Total write time: 256.703199 seconds; average write time: 64.175800 seconds.
Total read time: 1308.484530; average read time: 218.080755
Total time: 1565.187729, total average time: 156.518773

[2022-12-14T11:23:07] Child[11864]:
Total write time: 735.421867 seconds; average write time: 122.570311 seconds.
Total read time: 832.343978; average read time: 208.085994
Total time: 1567.765845, total average time: 156.776585

[2022-12-14T11:23:07] Child[9986]:
Total write time: 22.761585 seconds; average write time: 7.587195 seconds.
Total read time: 1544.677821; average read time: 220.668260
Total time: 1567.439406, total average time: 156.743941

[2022-12-14T11:23:07] Child[10734]:
Total write time: 300.152332 seconds; average write time: 75.038083 seconds.
Total read time: 1270.302322; average read time: 211.717054
Total time: 1570.454654, total average time: 157.045465

[2022-12-14T11:23:07] Child[10587]:
Total write time: 159.397606 seconds; average write time: 79.698803 seconds.
Total read time: 1410.632530; average read time: 176.329066
Total time: 1570.030136, total average time: 157.003014

[2022-12-14T11:23:07] Child[9932]:
Total write time: 522.836393 seconds; average write time: 87.139399 seconds.
Total read time: 1047.467688; average read time: 261.866922
Total time: 1570.304081, total average time: 157.030408

[2022-12-14T11:23:08] Child[10849]:
Total write time: 619.294623 seconds; average write time: 123.858925 seconds.
Total read time: 946.405357; average read time: 189.281071
Total time: 1565.699980, total average time: 156.569998

[2022-12-14T11:23:08] Child[11423]:
Total write time: 404.224830 seconds; average write time: 80.844966 seconds.
Total read time: 1164.650849; average read time: 232.930170
Total time: 1568.875679, total average time: 156.887568

[2022-12-14T11:23:08] Child[10489]:
Total write time: 368.629077 seconds; average write time: 92.157269 seconds.
Total read time: 1198.182917; average read time: 199.697153
Total time: 1566.811994, total average time: 156.681199

[2022-12-14T11:23:08] Child[11728]:
Total write time: 477.445369 seconds; average write time: 119.361342 seconds.
Total read time: 1091.273130; average read time: 181.878855
Total time: 1568.718499, total average time: 156.871850

[2022-12-14T11:23:09] Child[11371]:
Total write time: 66.531617 seconds; average write time: 11.088603 seconds.
Total read time: 1502.847866; average read time: 375.711967
Total time: 1569.379483, total average time: 156.937948

[2022-12-14T11:23:09] Child[10087]:
Total write time: 341.810296 seconds; average write time: 68.362059 seconds.
Total read time: 1228.193434; average read time: 245.638687
Total time: 1570.003730, total average time: 157.000373

[2022-12-14T11:23:09] Child[11801]:
Total write time: 595.200021 seconds; average write time: 99.200003 seconds.
Total read time: 972.242437; average read time: 243.060609
Total time: 1567.442458, total average time: 156.744246

[2022-12-14T11:23:10] Child[10254]:
Total write time: 183.000005 seconds; average write time: 45.750001 seconds.
Total read time: 1384.730865; average read time: 230.788477
Total time: 1567.730870, total average time: 156.773087

[2022-12-14T11:23:10] Child[10501]:
Total write time: 57.549020 seconds; average write time: 14.387255 seconds.
Total read time: 1513.595868; average read time: 252.265978
Total time: 1571.144888, total average time: 157.114489

[2022-12-14T11:23:10] Child[11706]:
Total write time: 145.293044 seconds; average write time: 48.431015 seconds.
Total read time: 1422.104464; average read time: 203.157781
Total time: 1567.397508, total average time: 156.739751

[2022-12-14T11:23:10] Child[11718]:
Total write time: 441.057406 seconds; average write time: 88.211481 seconds.
Total read time: 1126.083305; average read time: 225.216661
Total time: 1567.140711, total average time: 156.714071

[2022-12-14T11:23:10] Child[11538]:
Total write time: 291.130240 seconds; average write time: 58.226048 seconds.
Total read time: 1278.261574; average read time: 255.652315
Total time: 1569.391814, total average time: 156.939181

[2022-12-14T11:23:10] Child[10578]:
Total write time: 282.443751 seconds; average write time: 56.488750 seconds.
Total read time: 1284.839248; average read time: 256.967850
Total time: 1567.282999, total average time: 156.728300

[2022-12-14T11:23:10] Child[10706]:
Total write time: 803.416310 seconds; average write time: 133.902718 seconds.
Total read time: 766.199781; average read time: 191.549945
Total time: 1569.616091, total average time: 156.961609

[2022-12-14T11:23:10] Child[11360]:
Total write time: 335.640967 seconds; average write time: 67.128193 seconds.
Total read time: 1232.868382; average read time: 246.573676
Total time: 1568.509349, total average time: 156.850935

[2022-12-14T11:23:11] Child[11849]:
Total write time: 205.832485 seconds; average write time: 68.610828 seconds.
Total read time: 1365.614134; average read time: 195.087733
Total time: 1571.446619, total average time: 157.144662

[2022-12-14T11:23:12] Child[11888]:
Total write time: 243.891831 seconds; average write time: 48.778366 seconds.
Total read time: 1325.466546; average read time: 265.093309
Total time: 1569.358377, total average time: 156.935838

[2022-12-14T11:23:12] Child[11646]:
Total write time: 96.102974 seconds; average write time: 32.034325 seconds.
Total read time: 1477.951721; average read time: 211.135960
Total time: 1574.054695, total average time: 157.405470

[2022-12-14T11:23:12] Child[11191]:
Total write time: 608.013593 seconds; average write time: 121.602719 seconds.
Total read time: 965.112696; average read time: 193.022539
Total time: 1573.126289, total average time: 157.312629

[2022-12-14T11:23:13] Child[12080]:
Total write time: 193.401834 seconds; average write time: 48.350459 seconds.
Total read time: 1377.181140; average read time: 229.530190
Total time: 1570.582974, total average time: 157.058297

[2022-12-14T11:23:13] Child[10563]:
Total write time: 257.483037 seconds; average write time: 42.913840 seconds.
Total read time: 1311.999653; average read time: 327.999913
Total time: 1569.482690, total average time: 156.948269

[2022-12-14T11:23:13] Child[10679]:
Total write time: 165.965821 seconds; average write time: 41.491455 seconds.
Total read time: 1407.410117; average read time: 234.568353
Total time: 1573.375938, total average time: 157.337594

[2022-12-14T11:23:13] Child[11310]:
Total write time: 347.785583 seconds; average write time: 115.928528 seconds.
Total read time: 1222.316038; average read time: 174.616577
Total time: 1570.101621, total average time: 157.010162

[2022-12-14T11:23:13] Child[10683]:
Total write time: 248.564643 seconds; average write time: 49.712929 seconds.
Total read time: 1327.926535; average read time: 265.585307
Total time: 1576.491178, total average time: 157.649118

[2022-12-14T11:23:14] Child[10200]:
Total write time: 413.197317 seconds; average write time: 82.639463 seconds.
Total read time: 1160.579997; average read time: 232.115999
Total time: 1573.777314, total average time: 157.377731

[2022-12-14T11:23:15] Child[11422]:
Total write time: 209.238659 seconds; average write time: 41.847732 seconds.
Total read time: 1364.975031; average read time: 272.995006
Total time: 1574.213690, total average time: 157.421369

[2022-12-14T11:23:15] Child[11171]:
Total write time: 300.648730 seconds; average write time: 75.162183 seconds.
Total read time: 1273.531145; average read time: 212.255191
Total time: 1574.179875, total average time: 157.417988

[2022-12-14T11:23:15] Child[12089]:
Total write time: 264.097808 seconds; average write time: 88.032603 seconds.
Total read time: 1309.630269; average read time: 187.090038
Total time: 1573.728077, total average time: 157.372808

[2022-12-14T11:23:16] Child[11816]:
Total write time: 39.427372 seconds; average write time: 19.713686 seconds.
Total read time: 1535.707338; average read time: 191.963417
Total time: 1575.134710, total average time: 157.513471

[2022-12-14T11:23:16] Child[10073]:
Total write time: 337.498220 seconds; average write time: 67.499644 seconds.
Total read time: 1238.747751; average read time: 247.749550
Total time: 1576.245971, total average time: 157.624597

[2022-12-14T11:23:16] Child[11110]:
Total write time: 135.346645 seconds; average write time: 45.115548 seconds.
Total read time: 1438.236240; average read time: 205.462320
Total time: 1573.582885, total average time: 157.358288

[2022-12-14T11:23:16] Child[11929]:
Total write time: 240.774691 seconds; average write time: 60.193673 seconds.
Total read time: 1334.018741; average read time: 222.336457
Total time: 1574.793432, total average time: 157.479343

[2022-12-14T11:23:16] Child[10886]:
Total write time: 381.111249 seconds; average write time: 76.222250 seconds.
Total read time: 1192.226438; average read time: 238.445288
Total time: 1573.337687, total average time: 157.333769

[2022-12-14T11:23:16] Child[11222]:
Total write time: 352.904588 seconds; average write time: 70.580918 seconds.
Total read time: 1223.043896; average read time: 244.608779
Total time: 1575.948484, total average time: 157.594848

[2022-12-14T11:23:16] Child[10276]:
Total write time: 268.492310 seconds; average write time: 67.123077 seconds.
Total read time: 1307.906353; average read time: 217.984392
Total time: 1576.398663, total average time: 157.639866

[2022-12-14T11:23:16] Child[10162]:
Total write time: 494.823769 seconds; average write time: 123.705942 seconds.
Total read time: 1079.966201; average read time: 179.994367
Total time: 1574.789970, total average time: 157.478997

[2022-12-14T11:23:16] Child[11491]:
Total write time: 230.800140 seconds; average write time: 115.400070 seconds.
Total read time: 1346.376337; average read time: 168.297042
Total time: 1577.176477, total average time: 157.717648

[2022-12-14T11:23:17] Child[11887]:
Total write time: 325.316791 seconds; average write time: 81.329198 seconds.
Total read time: 1250.218536; average read time: 208.369756
Total time: 1575.535327, total average time: 157.553533

[2022-12-14T11:23:17] Child[11130]:
Total write time: 126.387940 seconds; average write time: 42.129313 seconds.
Total read time: 1450.756620; average read time: 207.250946
Total time: 1577.144560, total average time: 157.714456

[2022-12-14T11:23:17] Child[11848]:
Total write time: 92.751305 seconds; average write time: 46.375653 seconds.
Total read time: 1484.178277; average read time: 185.522285
Total time: 1576.929582, total average time: 157.692958

[2022-12-14T11:23:18] Child[12012]:
Total write time: 403.145159 seconds; average write time: 80.629032 seconds.
Total read time: 1172.508682; average read time: 234.501736
Total time: 1575.653841, total average time: 157.565384

[2022-12-14T11:23:18] Child[10048]:
Total write time: 449.811973 seconds; average write time: 112.452993 seconds.
Total read time: 1129.491271; average read time: 188.248545
Total time: 1579.303244, total average time: 157.930324

[2022-12-14T11:23:18] Child[11336]:
Total write time: 269.804589 seconds; average write time: 67.451147 seconds.
Total read time: 1306.345204; average read time: 217.724201
Total time: 1576.149793, total average time: 157.614979

[2022-12-14T11:23:18] Child[12005]:
Total write time: 81.264701 seconds; average write time: 40.632351 seconds.
Total read time: 1497.110066; average read time: 187.138758
Total time: 1578.374767, total average time: 157.837477

[2022-12-14T11:23:18] Child[10704]:
Total write time: 135.638332 seconds; average write time: 22.606389 seconds.
Total read time: 1445.144693; average read time: 361.286173
Total time: 1580.783025, total average time: 158.078303

[2022-12-14T11:23:18] Child[9951]:
Total write time: 111.912330 seconds; average write time: 37.304110 seconds.
Total read time: 1463.861874; average read time: 209.123125
Total time: 1575.774204, total average time: 157.577420

[2022-12-14T11:23:19] Child[11158]:
Total write time: 243.758745 seconds; average write time: 48.751749 seconds.
Total read time: 1336.704515; average read time: 267.340903
Total time: 1580.463260, total average time: 158.046326

[2022-12-14T11:23:19] Child[10687]:
Total write time: 66.051953 seconds; average write time: 22.017318 seconds.
Total read time: 1517.092335; average read time: 216.727476
Total time: 1583.144288, total average time: 158.314429

[2022-12-14T11:23:20] Child[9918]:
Total write time: 425.757297 seconds; average write time: 85.151459 seconds.
Total read time: 1153.140165; average read time: 230.628033
Total time: 1578.897462, total average time: 157.889746

[2022-12-14T11:23:20] Child[11720]:
Total write time: 152.764052 seconds; average write time: 38.191013 seconds.
Total read time: 1424.476498; average read time: 237.412750
Total time: 1577.240550, total average time: 157.724055

[2022-12-14T11:23:21] Child[10861]:
Total write time: 397.634956 seconds; average write time: 132.544985 seconds.
Total read time: 1182.629756; average read time: 168.947108
Total time: 1580.264712, total average time: 158.026471

[2022-12-14T11:23:21] Child[11927]:
Total write time: 615.441501 seconds; average write time: 76.930188 seconds.
Total read time: 961.961720; average read time: 480.980860
Total time: 1577.403221, total average time: 157.740322

[2022-12-14T11:23:21] Child[11903]:
Total write time: 348.602032 seconds; average write time: 87.150508 seconds.
Total read time: 1232.064952; average read time: 205.344159
Total time: 1580.666984, total average time: 158.066698

[2022-12-14T11:23:21] Child[11104]:
Total write time: 389.219158 seconds; average write time: 97.304789 seconds.
Total read time: 1191.079178; average read time: 198.513196
Total time: 1580.298336, total average time: 158.029834

[2022-12-14T11:23:21] Child[11721]:
Total write time: 420.680046 seconds; average write time: 105.170012 seconds.
Total read time: 1158.604349; average read time: 193.100725
Total time: 1579.284395, total average time: 157.928439

[2022-12-14T11:23:21] Child[11675]:
Total write time: 315.980607 seconds; average write time: 78.995152 seconds.
Total read time: 1266.893663; average read time: 211.148944
Total time: 1582.874270, total average time: 158.287427

[2022-12-14T11:23:22] Child[10088]:
Total write time: 193.877193 seconds; average write time: 32.312866 seconds.
Total read time: 1385.730580; average read time: 346.432645
Total time: 1579.607773, total average time: 157.960777

[2022-12-14T11:23:23] Child[10522]:
Total write time: 131.822293 seconds; average write time: 26.364459 seconds.
Total read time: 1449.424949; average read time: 289.884990
Total time: 1581.247242, total average time: 158.124724

[2022-12-14T11:23:23] Child[9974]:
Total write time: 136.099687 seconds; average write time: 136.099687 seconds.
Total read time: 1448.279004; average read time: 160.919889
Total time: 1584.378691, total average time: 158.437869

[2022-12-14T11:23:23] Child[11495]:
Total write time: 379.211550 seconds; average write time: 75.842310 seconds.
Total read time: 1204.191488; average read time: 240.838298
Total time: 1583.403038, total average time: 158.340304

[2022-12-14T11:23:23] Child[10586]:
Total write time: 188.142029 seconds; average write time: 47.035507 seconds.
Total read time: 1396.470257; average read time: 232.745043
Total time: 1584.612286, total average time: 158.461229

[2022-12-14T11:23:24] Child[10490]:
Total write time: 222.694766 seconds; average write time: 111.347383 seconds.
Total read time: 1358.744050; average read time: 169.843006
Total time: 1581.438816, total average time: 158.143882

[2022-12-14T11:23:24] Child[10773]:
Total write time: 100.676845 seconds; average write time: 100.676845 seconds.
Total read time: 1478.809089; average read time: 164.312121
Total time: 1579.485934, total average time: 157.948593

[2022-12-14T11:23:24] Child[10373]:
Total write time: 340.629431 seconds; average write time: 68.125886 seconds.
Total read time: 1245.067599; average read time: 249.013520
Total time: 1585.697030, total average time: 158.569703

[2022-12-14T11:23:24] Child[11166]:
Total write time: 30.941687 seconds; average write time: 15.470844 seconds.
Total read time: 1553.800443; average read time: 194.225055
Total time: 1584.742130, total average time: 158.474213

[2022-12-14T11:23:24] Child[10818]:
Total write time: 421.668330 seconds; average write time: 105.417083 seconds.
Total read time: 1159.463480; average read time: 193.243913
Total time: 1581.131810, total average time: 158.113181

[2022-12-14T11:23:24] Child[10114]:
Total write time: 473.059148 seconds; average write time: 118.264787 seconds.
Total read time: 1113.880542; average read time: 185.646757
Total time: 1586.939690, total average time: 158.693969

[2022-12-14T11:23:24] Child[10475]:
Total write time: 552.369955 seconds; average write time: 184.123318 seconds.
Total read time: 1033.367604; average read time: 147.623943
Total time: 1585.737559, total average time: 158.573756

[2022-12-14T11:23:25] Child[11704]:
Total write time: 217.625753 seconds; average write time: 54.406438 seconds.
Total read time: 1366.091995; average read time: 227.681999
Total time: 1583.717748, total average time: 158.371775

[2022-12-14T11:23:25] Child[9916]:
Total write time: 2.783060 seconds; average write time: 2.783060 seconds.
Total read time: 1580.565473; average read time: 175.618386
Total time: 1583.348533, total average time: 158.334853

[2022-12-14T11:23:25] Child[10677]:
Total write time: 152.792166 seconds; average write time: 50.930722 seconds.
Total read time: 1431.951876; average read time: 204.564554
Total time: 1584.744042, total average time: 158.474404

[2022-12-14T11:23:26] Child[11228]:
Total write time: 233.830985 seconds; average write time: 58.457746 seconds.
Total read time: 1351.033459; average read time: 225.172243
Total time: 1584.864444, total average time: 158.486444

[2022-12-14T11:23:26] Child[10878]:
Total write time: 123.059592 seconds; average write time: 30.764898 seconds.
Total read time: 1460.855274; average read time: 243.475879
Total time: 1583.914866, total average time: 158.391487

[2022-12-14T11:23:26] Child[11631]:
Total write time: 318.342585 seconds; average write time: 63.668517 seconds.
Total read time: 1264.274493; average read time: 252.854899
Total time: 1582.617078, total average time: 158.261708

[2022-12-14T11:23:26] Child[10325]:
Total write time: 618.689654 seconds; average write time: 103.114942 seconds.
Total read time: 965.851394; average read time: 241.462849
Total time: 1584.541048, total average time: 158.454105

[2022-12-14T11:23:27] Child[11494]:
Total write time: 423.700336 seconds; average write time: 70.616723 seconds.
Total read time: 1158.707165; average read time: 289.676791
Total time: 1582.407501, total average time: 158.240750

[2022-12-14T11:23:27] Child[9907]:
Total write time: 301.992469 seconds; average write time: 75.498117 seconds.
Total read time: 1283.529909; average read time: 213.921651
Total time: 1585.522378, total average time: 158.552238

[2022-12-14T11:23:28] Child[11357]:
Total write time: 306.469889 seconds; average write time: 76.617472 seconds.
Total read time: 1279.539615; average read time: 213.256603
Total time: 1586.009504, total average time: 158.600950

[2022-12-14T11:23:28] Child[11431]:
Total write time: 87.756434 seconds; average write time: 29.252145 seconds.
Total read time: 1497.248301; average read time: 213.892614
Total time: 1585.004735, total average time: 158.500473

[2022-12-14T11:23:28] Child[11735]:
Total write time: 658.072106 seconds; average write time: 164.518026 seconds.
Total read time: 931.610480; average read time: 155.268413
Total time: 1589.682586, total average time: 158.968259

[2022-12-14T11:23:29] Child[9963]:
Total write time: 198.113417 seconds; average write time: 39.622683 seconds.
Total read time: 1391.359550; average read time: 278.271910
Total time: 1589.472967, total average time: 158.947297

[2022-12-14T11:23:30] Child[10855]:
Total write time: 536.834060 seconds; average write time: 107.366812 seconds.
Total read time: 1055.924702; average read time: 211.184940
Total time: 1592.758762, total average time: 159.275876

[2022-12-14T11:23:30] Child[11027]:
Total write time: 232.891127 seconds; average write time: 58.222782 seconds.
Total read time: 1356.670350; average read time: 226.111725
Total time: 1589.561477, total average time: 158.956148

[2022-12-14T11:23:30] Child[11693]:
Total write time: 324.560796 seconds; average write time: 64.912159 seconds.
Total read time: 1266.885739; average read time: 253.377148
Total time: 1591.446535, total average time: 159.144654

[2022-12-14T11:23:30] Child[12085]:
Total write time: 118.755704 seconds; average write time: 59.377852 seconds.
Total read time: 1472.028225; average read time: 184.003528
Total time: 1590.783929, total average time: 159.078393

[2022-12-14T11:23:30] Child[11729]:
Total write time: 105.567842 seconds; average write time: 52.783921 seconds.
Total read time: 1483.658938; average read time: 185.457367
Total time: 1589.226780, total average time: 158.922678

[2022-12-14T11:23:31] Child[10444]:
Total write time: 55.073579 seconds; average write time: 11.014716 seconds.
Total read time: 1537.606273; average read time: 307.521255
Total time: 1592.679852, total average time: 159.267985

[2022-12-14T11:23:31] Child[11219]:
Total write time: 572.854782 seconds; average write time: 114.570956 seconds.
Total read time: 1018.117788; average read time: 203.623558
Total time: 1590.972570, total average time: 159.097257

[2022-12-14T11:23:31] Child[11019]:
Total write time: 221.258218 seconds; average write time: 55.314554 seconds.
Total read time: 1367.657488; average read time: 227.942915
Total time: 1588.915706, total average time: 158.891571

[2022-12-14T11:23:31] Child[10405]:
Total write time: 435.381447 seconds; average write time: 145.127149 seconds.
Total read time: 1155.740880; average read time: 165.105840
Total time: 1591.122327, total average time: 159.112233

[2022-12-14T11:23:32] Child[10232]:
Total write time: 437.337674 seconds; average write time: 145.779225 seconds.
Total read time: 1156.314722; average read time: 165.187817
Total time: 1593.652396, total average time: 159.365240

[2022-12-14T11:23:32] Child[11852]:
Total write time: 173.183639 seconds; average write time: 43.295910 seconds.
Total read time: 1416.133334; average read time: 236.022222
Total time: 1589.316973, total average time: 158.931697

[2022-12-14T11:23:32] Child[11242]:
Total write time: 376.124045 seconds; average write time: 75.224809 seconds.
Total read time: 1218.975478; average read time: 243.795096
Total time: 1595.099523, total average time: 159.509952

[2022-12-14T11:23:33] Child[10551]:
Total write time: 475.215348 seconds; average write time: 118.803837 seconds.
Total read time: 1120.997623; average read time: 186.832937
Total time: 1596.212971, total average time: 159.621297

[2022-12-14T11:23:33] Child[11331]:
Total write time: 559.692238 seconds; average write time: 111.938448 seconds.
Total read time: 1029.153882; average read time: 205.830776
Total time: 1588.846120, total average time: 158.884612

[2022-12-14T11:23:34] Child[11660]:
Total write time: 223.285813 seconds; average write time: 55.821453 seconds.
Total read time: 1370.037825; average read time: 228.339638
Total time: 1593.323638, total average time: 159.332364

[2022-12-14T11:23:34] Child[10207]:
Total write time: 327.849175 seconds; average write time: 65.569835 seconds.
Total read time: 1268.993273; average read time: 253.798655
Total time: 1596.842448, total average time: 159.684245

[2022-12-14T11:23:34] Child[11635]:
Total write time: 483.203766 seconds; average write time: 120.800941 seconds.
Total read time: 1109.608293; average read time: 184.934716
Total time: 1592.812059, total average time: 159.281206

[2022-12-14T11:23:34] Child[12075]:
Total write time: 206.400399 seconds; average write time: 103.200199 seconds.
Total read time: 1385.256084; average read time: 173.157011
Total time: 1591.656483, total average time: 159.165648

[2022-12-14T11:23:35] Child[10143]:
Total write time: 453.111557 seconds; average write time: 113.277889 seconds.
Total read time: 1140.617997; average read time: 190.103000
Total time: 1593.729554, total average time: 159.372955

[2022-12-14T11:23:35] Child[11403]:
Total write time: 177.458995 seconds; average write time: 88.729497 seconds.
Total read time: 1418.069502; average read time: 177.258688
Total time: 1595.528497, total average time: 159.552850

[2022-12-14T11:23:35] Child[10951]:
Total write time: 169.754716 seconds; average write time: 42.438679 seconds.
Total read time: 1425.259338; average read time: 237.543223
Total time: 1595.014054, total average time: 159.501405

[2022-12-14T11:23:35] Child[10473]:
Total write time: 247.575734 seconds; average write time: 82.525245 seconds.
Total read time: 1349.339218; average read time: 192.762745
Total time: 1596.914952, total average time: 159.691495

[2022-12-14T11:23:35] Child[10249]:
Total write time: 55.759013 seconds; average write time: 13.939753 seconds.
Total read time: 1538.206947; average read time: 256.367824
Total time: 1593.965960, total average time: 159.396596

[2022-12-14T11:23:35] Child[12070]:
Total write time: 276.931639 seconds; average write time: 92.310546 seconds.
Total read time: 1317.142863; average read time: 188.163266
Total time: 1594.074502, total average time: 159.407450

[2022-12-14T11:23:35] Child[9988]:
Total write time: 175.722688 seconds; average write time: 58.574229 seconds.
Total read time: 1418.633206; average read time: 202.661887
Total time: 1594.355894, total average time: 159.435589

[2022-12-14T11:23:36] Child[10226]:
Total write time: 222.749631 seconds; average write time: 55.687408 seconds.
Total read time: 1372.688436; average read time: 228.781406
Total time: 1595.438067, total average time: 159.543807

[2022-12-14T11:23:36] Child[10287]:
Total write time: 247.434079 seconds; average write time: 61.858520 seconds.
Total read time: 1344.804822; average read time: 224.134137
Total time: 1592.238901, total average time: 159.223890

[2022-12-14T11:23:36] Child[11132]:
Total write time: 413.623330 seconds; average write time: 68.937222 seconds.
Total read time: 1186.647829; average read time: 296.661957
Total time: 1600.271159, total average time: 160.027116

[2022-12-14T11:23:36] Child[10394]:
Total write time: 459.581886 seconds; average write time: 153.193962 seconds.
Total read time: 1136.372805; average read time: 162.338972
Total time: 1595.954691, total average time: 159.595469

[2022-12-14T11:23:37] Child[11432]:
Total write time: 715.090960 seconds; average write time: 119.181827 seconds.
Total read time: 877.087348; average read time: 219.271837
Total time: 1592.178308, total average time: 159.217831

[2022-12-14T11:23:37] Child[11803]:
Total write time: 264.690896 seconds; average write time: 52.938179 seconds.
Total read time: 1329.533045; average read time: 265.906609
Total time: 1594.223941, total average time: 159.422394

[2022-12-14T11:23:37] Child[11919]:
Total write time: 183.582722 seconds; average write time: 61.194241 seconds.
Total read time: 1414.235414; average read time: 202.033631
Total time: 1597.818136, total average time: 159.781814

[2022-12-14T11:23:37] Child[10673]:
Total write time: 77.918028 seconds; average write time: 19.479507 seconds.
Total read time: 1516.225199; average read time: 252.704200
Total time: 1594.143227, total average time: 159.414323

[2022-12-14T11:23:37] Child[11898]:
Total write time: 346.058875 seconds; average write time: 86.514719 seconds.
Total read time: 1248.872644; average read time: 208.145441
Total time: 1594.931519, total average time: 159.493152

[2022-12-14T11:23:38] Child[12207]:
Total write time: 112.238511 seconds; average write time: 37.412837 seconds.
Total read time: 1482.419422; average read time: 211.774203
Total time: 1594.657933, total average time: 159.465793

[2022-12-14T11:23:38] Child[12134]:
Total write time: 546.590021 seconds; average write time: 109.318004 seconds.
Total read time: 1053.066930; average read time: 210.613386
Total time: 1599.656951, total average time: 159.965695

[2022-12-14T11:23:39] Child[10243]:
Total write time: 66.320915 seconds; average write time: 16.580229 seconds.
Total read time: 1528.642921; average read time: 254.773820
Total time: 1594.963836, total average time: 159.496384

[2022-12-14T11:23:39] Child[10801]:
Total write time: 465.151210 seconds; average write time: 93.030242 seconds.
Total read time: 1135.265998; average read time: 227.053200
Total time: 1600.417208, total average time: 160.041721

[2022-12-14T11:23:39] Child[10292]:
Total write time: 427.585048 seconds; average write time: 106.896262 seconds.
Total read time: 1173.667003; average read time: 195.611167
Total time: 1601.252051, total average time: 160.125205

[2022-12-14T11:23:39] Child[10288]:
Total write time: 592.107848 seconds; average write time: 118.421570 seconds.
Total read time: 1008.749434; average read time: 201.749887
Total time: 1600.857282, total average time: 160.085728

[2022-12-14T11:23:39] Child[10414]:
Total write time: 518.997177 seconds; average write time: 103.799435 seconds.
Total read time: 1084.122002; average read time: 216.824400
Total time: 1603.119179, total average time: 160.311918

[2022-12-14T11:23:40] Child[12186]:
Total write time: 264.055507 seconds; average write time: 66.013877 seconds.
Total read time: 1338.719431; average read time: 223.119905
Total time: 1602.774938, total average time: 160.277494

[2022-12-14T11:23:40] Child[11884]:
Total write time: 54.424279 seconds; average write time: 27.212139 seconds.
Total read time: 1548.936464; average read time: 193.617058
Total time: 1603.360743, total average time: 160.336074

[2022-12-14T11:23:41] Child[11973]:
Total write time: 392.578875 seconds; average write time: 98.144719 seconds.
Total read time: 1205.643839; average read time: 200.940640
Total time: 1598.222714, total average time: 159.822271

[2022-12-14T11:23:41] Child[10420]:
Total write time: 135.910444 seconds; average write time: 67.955222 seconds.
Total read time: 1463.538856; average read time: 182.942357
Total time: 1599.449300, total average time: 159.944930

[2022-12-14T11:23:41] Child[11867]:
Total write time: 512.948820 seconds; average write time: 102.589764 seconds.
Total read time: 1089.528477; average read time: 217.905695
Total time: 1602.477297, total average time: 160.247730

[2022-12-14T11:23:41] Child[10326]:
Total write time: 38.022511 seconds; average write time: 12.674170 seconds.
Total read time: 1560.141499; average read time: 222.877357
Total time: 1598.164010, total average time: 159.816401

[2022-12-14T11:23:41] Child[12140]:
Total write time: 223.976271 seconds; average write time: 55.994068 seconds.
Total read time: 1381.607874; average read time: 230.267979
Total time: 1605.584145, total average time: 160.558414

[2022-12-14T11:23:41] Child[12018]:
Total write time: 395.263485 seconds; average write time: 79.052697 seconds.
Total read time: 1209.465499; average read time: 241.893100
Total time: 1604.728984, total average time: 160.472898

[2022-12-14T11:23:42] Child[11820]:
Total write time: 236.398584 seconds; average write time: 47.279717 seconds.
Total read time: 1362.458054; average read time: 272.491611
Total time: 1598.856638, total average time: 159.885664

[2022-12-14T11:23:42] Child[10392]:
Total write time: 114.840981 seconds; average write time: 57.420490 seconds.
Total read time: 1485.773514; average read time: 185.721689
Total time: 1600.614495, total average time: 160.061450

[2022-12-14T11:23:42] Child[10930]:
Total write time: 226.445984 seconds; average write time: 75.481995 seconds.
Total read time: 1375.424252; average read time: 196.489179
Total time: 1601.870236, total average time: 160.187024

[2022-12-14T11:23:42] Child[10191]:
Total write time: 462.389192 seconds; average write time: 77.064865 seconds.
Total read time: 1138.874452; average read time: 284.718613
Total time: 1601.263644, total average time: 160.126364

[2022-12-14T11:23:43] Child[10623]:
Total write time: 114.633433 seconds; average write time: 28.658358 seconds.
Total read time: 1488.176591; average read time: 248.029432
Total time: 1602.810024, total average time: 160.281002

[2022-12-14T11:23:44] Child[10135]:
Total write time: 628.907599 seconds; average write time: 104.817933 seconds.
Total read time: 978.440794; average read time: 244.610198
Total time: 1607.348393, total average time: 160.734839

[2022-12-14T11:23:45] Child[11291]:
Total write time: 2.813176 seconds; average write time: 1.406588 seconds.
Total read time: 1602.554579; average read time: 200.319322
Total time: 1605.367755, total average time: 160.536776

[2022-12-14T11:23:45] Child[10850]:
Total write time: 366.438057 seconds; average write time: 91.609514 seconds.
Total read time: 1236.278661; average read time: 206.046444
Total time: 1602.716718, total average time: 160.271672

[2022-12-14T11:23:45] Child[10803]:
Total write time: 351.233011 seconds; average write time: 87.808253 seconds.
Total read time: 1255.885680; average read time: 209.314280
Total time: 1607.118691, total average time: 160.711869

[2022-12-14T11:23:45] Child[11807]:
Total write time: 95.232564 seconds; average write time: 31.744188 seconds.
Total read time: 1510.648787; average read time: 215.806970
Total time: 1605.881351, total average time: 160.588135

[2022-12-14T11:23:46] Child[12205]:
Total write time: 30.733703 seconds; average write time: 10.244568 seconds.
Total read time: 1569.968811; average read time: 224.281259
Total time: 1600.702514, total average time: 160.070251

[2022-12-14T11:23:47] Child[9901]:
Total write time: 223.101706 seconds; average write time: 111.550853 seconds.
Total read time: 1384.244165; average read time: 173.030521
Total time: 1607.345871, total average time: 160.734587

[2022-12-14T11:23:48] Child[11873]:
Total write time: 368.633471 seconds; average write time: 92.158368 seconds.
Total read time: 1234.046854; average read time: 205.674476
Total time: 1602.680325, total average time: 160.268033

[2022-12-14T11:23:48] Child[11605]:
Total write time: 325.440383 seconds; average write time: 108.480128 seconds.
Total read time: 1284.779594; average read time: 183.539942
Total time: 1610.219977, total average time: 161.021998

[2022-12-14T11:23:48] Child[12101]:
Total write time: 72.384996 seconds; average write time: 24.128332 seconds.
Total read time: 1533.959525; average read time: 219.137075
Total time: 1606.344521, total average time: 160.634452

[2022-12-14T11:23:49] Child[11844]:
Total write time: 8.717209 seconds; average write time: 8.717209 seconds.
Total read time: 1603.093412; average read time: 178.121490
Total time: 1611.810621, total average time: 161.181062

[2022-12-14T11:23:50] Child[12194]:
Total write time: 102.012898 seconds; average write time: 34.004299 seconds.
Total read time: 1504.650183; average read time: 214.950026
Total time: 1606.663081, total average time: 160.666308

[2022-12-14T11:23:52] Child[11774]:
Total write time: 576.046611 seconds; average write time: 192.015537 seconds.
Total read time: 1033.565133; average read time: 147.652162
Total time: 1609.611744, total average time: 160.961174

[2022-12-14T11:23:52] Child[10228]:
Total write time: 23.187835 seconds; average write time: 11.593917 seconds.
Total read time: 1590.126324; average read time: 198.765791
Total time: 1613.314159, total average time: 161.331416

[2022-12-14T11:23:52] Child[10534]:
Total write time: 166.318148 seconds; average write time: 83.159074 seconds.
Total read time: 1446.774180; average read time: 180.846772
Total time: 1613.092328, total average time: 161.309233

[2022-12-14T11:23:53] Child[11378]:
Total write time: 111.528635 seconds; average write time: 55.764317 seconds.
Total read time: 1498.678328; average read time: 187.334791
Total time: 1610.206963, total average time: 161.020696

[2022-12-14T11:23:53] Child[11330]:
Total write time: 133.990133 seconds; average write time: 44.663378 seconds.
Total read time: 1474.692011; average read time: 210.670287
Total time: 1608.682144, total average time: 160.868214

[2022-12-14T11:23:53] Child[11648]:
Total write time: 1.490658 seconds; average write time: 0.745329 seconds.
Total read time: 1608.406652; average read time: 201.050831
Total time: 1609.897310, total average time: 160.989731

[2022-12-14T11:23:54] Child[11122]:
Total write time: 499.398266 seconds; average write time: 99.879653 seconds.
Total read time: 1116.504712; average read time: 223.300942
Total time: 1615.902978, total average time: 161.590298

[2022-12-14T11:23:54] Child[10346]:
Total write time: 475.987670 seconds; average write time: 118.996917 seconds.
Total read time: 1136.774631; average read time: 189.462438
Total time: 1612.762301, total average time: 161.276230

[2022-12-14T11:23:54] Child[12195]:
Total write time: 283.429766 seconds; average write time: 94.476589 seconds.
Total read time: 1332.854440; average read time: 190.407777
Total time: 1616.284206, total average time: 161.628421

[2022-12-14T11:23:55] Child[10460]:
Total write time: 49.485133 seconds; average write time: 24.742566 seconds.
Total read time: 1565.078013; average read time: 195.634752
Total time: 1614.563146, total average time: 161.456315

[2022-12-14T11:23:55] Child[11527]:
Total write time: 189.894959 seconds; average write time: 47.473740 seconds.
Total read time: 1425.448206; average read time: 237.574701
Total time: 1615.343165, total average time: 161.534316

[2022-12-14T11:23:55] Child[10721]:
Total write time: 108.010022 seconds; average write time: 27.002506 seconds.
Total read time: 1509.686339; average read time: 251.614390
Total time: 1617.696361, total average time: 161.769636

[2022-12-14T11:23:57] Child[10261]:
Total write time: 224.408432 seconds; average write time: 112.204216 seconds.
Total read time: 1390.409030; average read time: 173.801129
Total time: 1614.817462, total average time: 161.481746

[2022-12-14T11:23:57] Child[10719]:
Total write time: 137.878077 seconds; average write time: 45.959359 seconds.
Total read time: 1478.470778; average read time: 211.210111
Total time: 1616.348855, total average time: 161.634885

[2022-12-14T11:23:58] Child[12041]:
Total write time: 139.945236 seconds; average write time: 27.989047 seconds.
Total read time: 1474.536223; average read time: 294.907245
Total time: 1614.481459, total average time: 161.448146

[2022-12-14T11:23:58] Child[10158]:
Total write time: 28.443792 seconds; average write time: 14.221896 seconds.
Total read time: 1594.367414; average read time: 199.295927
Total time: 1622.811206, total average time: 162.281121

[2022-12-14T11:23:59] Child[12163]:
Total write time: 900.671447 seconds; average write time: 150.111908 seconds.
Total read time: 717.996913; average read time: 179.499228
Total time: 1618.668360, total average time: 161.866836

[2022-12-14T11:23:59] Child[10161]:
Total write time: 367.050209 seconds; average write time: 91.762552 seconds.
Total read time: 1254.901996; average read time: 209.150333
Total time: 1621.952205, total average time: 162.195221

[2022-12-14T11:23:59] Child[10590]:
Total write time: 270.424209 seconds; average write time: 90.141403 seconds.
Total read time: 1350.127049; average read time: 192.875293
Total time: 1620.551258, total average time: 162.055126

[2022-12-14T11:24:00] Child[11215]:
Total write time: 484.547254 seconds; average write time: 121.136814 seconds.
Total read time: 1135.084192; average read time: 189.180699
Total time: 1619.631446, total average time: 161.963145

[2022-12-14T11:24:00] Child[10109]:
Total write time: 431.707576 seconds; average write time: 143.902525 seconds.
Total read time: 1191.182377; average read time: 170.168911
Total time: 1622.889953, total average time: 162.288995

[2022-12-14T11:24:00] Child[12116]:
Total write time: 7.485635 seconds; average write time: 3.742818 seconds.
Total read time: 1612.392292; average read time: 201.549036
Total time: 1619.877927, total average time: 161.987793

[2022-12-14T11:24:01] Child[10559]:
Total write time: 260.528093 seconds; average write time: 65.132023 seconds.
Total read time: 1358.944304; average read time: 226.490717
Total time: 1619.472397, total average time: 161.947240

[2022-12-14T11:24:01] Child[12202]:
Total write time: 147.619865 seconds; average write time: 36.904966 seconds.
Total read time: 1471.134219; average read time: 245.189036
Total time: 1618.754084, total average time: 161.875408

[2022-12-14T11:24:01] Child[11661]:
Total write time: 376.655377 seconds; average write time: 125.551792 seconds.
Total read time: 1246.007045; average read time: 178.001006
Total time: 1622.662422, total average time: 162.266242

[2022-12-14T11:24:02] Child[9934]:
Total write time: 411.686232 seconds; average write time: 137.228744 seconds.
Total read time: 1209.351015; average read time: 172.764431
Total time: 1621.037247, total average time: 162.103725

[2022-12-14T11:24:03] Child[10054]:
Total write time: 136.491662 seconds; average write time: 45.497221 seconds.
Total read time: 1486.646241; average read time: 212.378034
Total time: 1623.137903, total average time: 162.313790

[2022-12-14T11:24:04] Child[10139]:
Total write time: 211.322780 seconds; average write time: 70.440927 seconds.
Total read time: 1413.327056; average read time: 201.903865
Total time: 1624.649836, total average time: 162.464984

[2022-12-14T11:24:04] Child[10375]:
Total write time: 158.715172 seconds; average write time: 52.905057 seconds.
Total read time: 1468.380715; average read time: 209.768674
Total time: 1627.095887, total average time: 162.709589

[2022-12-14T11:24:04] Child[10692]:
Total write time: 182.745836 seconds; average write time: 45.686459 seconds.
Total read time: 1443.181108; average read time: 240.530185
Total time: 1625.926944, total average time: 162.592694

[2022-12-14T11:24:04] Child[12175]:
Total write time: 14.874610 seconds; average write time: 7.437305 seconds.
Total read time: 1609.154031; average read time: 201.144254
Total time: 1624.028641, total average time: 162.402864

[2022-12-14T11:24:05] Child[11488]:
Total write time: 127.613622 seconds; average write time: 31.903406 seconds.
Total read time: 1493.225662; average read time: 248.870944
Total time: 1620.839284, total average time: 162.083928

[2022-12-14T11:24:05] Child[10518]:
Total write time: 283.264531 seconds; average write time: 70.816133 seconds.
Total read time: 1343.501694; average read time: 223.916949
Total time: 1626.766225, total average time: 162.676623

[2022-12-14T11:24:05] Child[10528]:
Total write time: 51.349228 seconds; average write time: 17.116409 seconds.
Total read time: 1575.264311; average read time: 225.037759
Total time: 1626.613539, total average time: 162.661354

[2022-12-14T11:24:06] Child[10046]:
Total write time: 0.000054 seconds; average write time: 0.000027 seconds.
Total read time: 1624.409676; average read time: 203.051209
Total time: 1624.409730, total average time: 162.440973

[2022-12-14T11:24:06] Child[10492]:
Total write time: 307.200069 seconds; average write time: 76.800017 seconds.
Total read time: 1320.096319; average read time: 220.016053
Total time: 1627.296388, total average time: 162.729639

[2022-12-14T11:24:07] Child[10138]:
Total write time: 105.793546 seconds; average write time: 52.896773 seconds.
Total read time: 1521.513989; average read time: 190.189249
Total time: 1627.307535, total average time: 162.730753

[2022-12-14T11:24:08] Child[11188]:
Total write time: 168.972564 seconds; average write time: 42.243141 seconds.
Total read time: 1454.348066; average read time: 242.391344
Total time: 1623.320630, total average time: 162.332063

[2022-12-14T11:24:08] Child[12020]:
Total write time: 90.605872 seconds; average write time: 30.201957 seconds.
Total read time: 1540.907227; average read time: 220.129604
Total time: 1631.513099, total average time: 163.151310

[2022-12-14T11:24:09] Child[12021]:
Total write time: 73.109500 seconds; average write time: 36.554750 seconds.
Total read time: 1557.489456; average read time: 194.686182
Total time: 1630.598956, total average time: 163.059896

[2022-12-14T11:24:09] Child[9936]:
Total write time: 110.081317 seconds; average write time: 55.040658 seconds.
Total read time: 1518.018537; average read time: 189.752317
Total time: 1628.099854, total average time: 162.809985

[2022-12-14T11:24:09] Child[12061]:
Total write time: 473.081660 seconds; average write time: 236.540830 seconds.
Total read time: 1157.561723; average read time: 144.695215
Total time: 1630.643383, total average time: 163.064338

[2022-12-14T11:24:10] Child[10172]:
Total write time: 324.394348 seconds; average write time: 64.878870 seconds.
Total read time: 1306.638588; average read time: 261.327718
Total time: 1631.032936, total average time: 163.103294

[2022-12-14T11:24:10] Child[11247]:
Total write time: 214.659026 seconds; average write time: 71.553009 seconds.
Total read time: 1411.998351; average read time: 201.714050
Total time: 1626.657377, total average time: 162.665738

[2022-12-14T11:24:11] Child[9959]:
Total write time: 306.663798 seconds; average write time: 102.221266 seconds.
Total read time: 1325.281851; average read time: 189.325979
Total time: 1631.945649, total average time: 163.194565

[2022-12-14T11:24:11] Child[11461]:
Total write time: 400.048295 seconds; average write time: 100.012074 seconds.
Total read time: 1230.241096; average read time: 205.040183
Total time: 1630.289391, total average time: 163.028939

[2022-12-14T11:24:12] Child[11577]:
Total write time: 190.522804 seconds; average write time: 63.507601 seconds.
Total read time: 1438.048730; average read time: 205.435533
Total time: 1628.571534, total average time: 162.857153

[2022-12-14T11:24:12] Child[11586]:
Total write time: 262.823543 seconds; average write time: 87.607848 seconds.
Total read time: 1367.001648; average read time: 195.285950
Total time: 1629.825191, total average time: 162.982519

[2022-12-14T11:24:12] Child[10058]:
Total write time: 628.305823 seconds; average write time: 125.661165 seconds.
Total read time: 999.420287; average read time: 199.884057
Total time: 1627.726110, total average time: 162.772611

[2022-12-14T11:24:12] Child[11128]:
Total write time: 539.962800 seconds; average write time: 107.992560 seconds.
Total read time: 1092.452977; average read time: 218.490595
Total time: 1632.415777, total average time: 163.241578

[2022-12-14T11:24:13] Child[10800]:
Total write time: 51.977741 seconds; average write time: 17.325914 seconds.
Total read time: 1581.320895; average read time: 225.902985
Total time: 1633.298636, total average time: 163.329864

[2022-12-14T11:24:13] Child[11616]:
Total write time: 121.968643 seconds; average write time: 24.393729 seconds.
Total read time: 1512.539727; average read time: 302.507945
Total time: 1634.508370, total average time: 163.450837

[2022-12-14T11:24:13] Child[10641]:
Total write time: 216.584205 seconds; average write time: 54.146051 seconds.
Total read time: 1419.053916; average read time: 236.508986
Total time: 1635.638121, total average time: 163.563812

[2022-12-14T11:24:13] Child[10321]:
Total write time: 219.580546 seconds; average write time: 73.193515 seconds.
Total read time: 1416.144935; average read time: 202.306419
Total time: 1635.725481, total average time: 163.572548

[2022-12-14T11:24:14] Child[10710]:
Total write time: 551.064039 seconds; average write time: 110.212808 seconds.
Total read time: 1084.353523; average read time: 216.870705
Total time: 1635.417562, total average time: 163.541756

[2022-12-14T11:24:14] Child[11481]:
Total write time: 463.716566 seconds; average write time: 77.286094 seconds.
Total read time: 1168.450301; average read time: 292.112575
Total time: 1632.166867, total average time: 163.216687

[2022-12-14T11:24:14] Child[10549]:
Total write time: 552.307922 seconds; average write time: 138.076980 seconds.
Total read time: 1081.850588; average read time: 180.308431
Total time: 1634.158510, total average time: 163.415851

[2022-12-14T11:24:14] Child[9933]:
Total write time: 0.000022 seconds; average write time: 0.000011 seconds.
Total read time: 1635.620796; average read time: 204.452599
Total time: 1635.620818, total average time: 163.562082

[2022-12-14T11:24:15] Child[11989]:
Total write time: 405.136740 seconds; average write time: 101.284185 seconds.
Total read time: 1230.360245; average read time: 205.060041
Total time: 1635.496985, total average time: 163.549699

[2022-12-14T11:24:15] Child[11393]:
Total write time: 250.393841 seconds; average write time: 62.598460 seconds.
Total read time: 1387.874716; average read time: 231.312453
Total time: 1638.268557, total average time: 163.826856

[2022-12-14T11:24:15] Child[9969]:
Total write time: 69.314899 seconds; average write time: 23.104966 seconds.
Total read time: 1566.953779; average read time: 223.850540
Total time: 1636.268678, total average time: 163.626868

[2022-12-14T11:24:16] Child[10029]:
Total write time: 68.107632 seconds; average write time: 34.053816 seconds.
Total read time: 1567.634826; average read time: 195.954353
Total time: 1635.742458, total average time: 163.574246

[2022-12-14T11:24:17] Child[12161]:
Total write time: 218.545364 seconds; average write time: 109.272682 seconds.
Total read time: 1419.880002; average read time: 177.485000
Total time: 1638.425366, total average time: 163.842537

[2022-12-14T11:24:18] Child[12051]:
Total write time: 551.658572 seconds; average write time: 110.331714 seconds.
Total read time: 1087.129382; average read time: 217.425876
Total time: 1638.787954, total average time: 163.878795

[2022-12-14T11:24:18] Child[11792]:
Total write time: 260.153872 seconds; average write time: 65.038468 seconds.
Total read time: 1378.017633; average read time: 229.669605
Total time: 1638.171505, total average time: 163.817150

[2022-12-14T11:24:18] Child[11815]:
Total write time: 546.262393 seconds; average write time: 136.565598 seconds.
Total read time: 1090.060836; average read time: 181.676806
Total time: 1636.323229, total average time: 163.632323

[2022-12-14T11:24:18] Child[11764]:
Total write time: 67.612174 seconds; average write time: 22.537391 seconds.
Total read time: 1570.451905; average read time: 224.350272
Total time: 1638.064079, total average time: 163.806408

[2022-12-14T11:24:18] Child[10921]:
Total write time: 463.335029 seconds; average write time: 115.833757 seconds.
Total read time: 1171.618187; average read time: 195.269698
Total time: 1634.953216, total average time: 163.495322

[2022-12-14T11:24:19] Child[10024]:
Total write time: 174.462257 seconds; average write time: 87.231128 seconds.
Total read time: 1466.153917; average read time: 183.269240
Total time: 1640.616174, total average time: 164.061617

[2022-12-14T11:24:20] Child[11932]:
Total write time: 41.502955 seconds; average write time: 13.834318 seconds.
Total read time: 1595.949262; average read time: 227.992752
Total time: 1637.452217, total average time: 163.745222

[2022-12-14T11:24:20] Child[10901]:
Total write time: 203.062511 seconds; average write time: 67.687504 seconds.
Total read time: 1435.215687; average read time: 205.030812
Total time: 1638.278198, total average time: 163.827820

[2022-12-14T11:24:20] Child[11962]:
Total write time: 502.435603 seconds; average write time: 125.608901 seconds.
Total read time: 1133.508226; average read time: 188.918038
Total time: 1635.943829, total average time: 163.594383

[2022-12-14T11:24:21] Child[10828]:
Total write time: 51.046795 seconds; average write time: 25.523398 seconds.
Total read time: 1590.176086; average read time: 198.772011
Total time: 1641.222881, total average time: 164.122288

[2022-12-14T11:24:21] Child[11933]:
Total write time: 416.083643 seconds; average write time: 104.020911 seconds.
Total read time: 1225.194801; average read time: 204.199133
Total time: 1641.278444, total average time: 164.127844

[2022-12-14T11:24:22] Child[11761]:
Total write time: 273.797940 seconds; average write time: 91.265980 seconds.
Total read time: 1365.596461; average read time: 195.085209
Total time: 1639.394401, total average time: 163.939440

[2022-12-14T11:24:22] Child[11600]:
Total write time: 489.206726 seconds; average write time: 81.534454 seconds.
Total read time: 1156.029921; average read time: 289.007480
Total time: 1645.236647, total average time: 164.523665

[2022-12-14T11:24:22] Child[10644]:
Total write time: 249.595135 seconds; average write time: 62.398784 seconds.
Total read time: 1393.612302; average read time: 232.268717
Total time: 1643.207437, total average time: 164.320744

[2022-12-14T11:24:22] Child[11992]:
Total write time: 223.378084 seconds; average write time: 111.689042 seconds.
Total read time: 1421.650123; average read time: 177.706265
Total time: 1645.028207, total average time: 164.502821

[2022-12-14T11:24:23] Child[10515]:
Total write time: 0.000000 seconds; average write time: 0.000000 seconds.
Total read time: 1641.247421; average read time: 164.124742
Total time: 1641.247421, total average time: 164.124742

[2022-12-14T11:24:23] Child[11755]:
Total write time: 160.369603 seconds; average write time: 53.456534 seconds.
Total read time: 1481.387496; average read time: 211.626785
Total time: 1641.757099, total average time: 164.175710

[2022-12-14T11:24:23] Child[10751]:
Total write time: 1.511105 seconds; average write time: 0.755552 seconds.
Total read time: 1644.469285; average read time: 205.558661
Total time: 1645.980390, total average time: 164.598039

[2022-12-14T11:24:24] Child[10168]:
Total write time: 448.947606 seconds; average write time: 89.789521 seconds.
Total read time: 1196.572731; average read time: 239.314546
Total time: 1645.520337, total average time: 164.552034

[2022-12-14T11:24:24] Child[10506]:
Total write time: 330.778397 seconds; average write time: 82.694599 seconds.
Total read time: 1315.253441; average read time: 219.208907
Total time: 1646.031838, total average time: 164.603184

[2022-12-14T11:24:25] Child[10633]:
Total write time: 586.430819 seconds; average write time: 117.286164 seconds.
Total read time: 1052.026302; average read time: 210.405260
Total time: 1638.457121, total average time: 163.845712

[2022-12-14T11:24:25] Child[10503]:
Total write time: 453.920248 seconds; average write time: 113.480062 seconds.
Total read time: 1190.103495; average read time: 198.350583
Total time: 1644.023743, total average time: 164.402374

[2022-12-14T11:24:25] Child[11190]:
Total write time: 127.322791 seconds; average write time: 42.440930 seconds.
Total read time: 1518.792944; average read time: 216.970421
Total time: 1646.115735, total average time: 164.611573

[2022-12-14T11:24:26] Child[9991]:
Total write time: 99.876433 seconds; average write time: 99.876433 seconds.
Total read time: 1543.172348; average read time: 171.463594
Total time: 1643.048781, total average time: 164.304878

[2022-12-14T11:24:26] Child[10052]:
Total write time: 12.585577 seconds; average write time: 6.292789 seconds.
Total read time: 1629.618096; average read time: 203.702262
Total time: 1642.203673, total average time: 164.220367

[2022-12-14T11:24:26] Child[11144]:
Total write time: 24.380386 seconds; average write time: 12.190193 seconds.
Total read time: 1621.422090; average read time: 202.677761
Total time: 1645.802476, total average time: 164.580248

[2022-12-14T11:24:28] Child[11420]:
Total write time: 61.619573 seconds; average write time: 30.809787 seconds.
Total read time: 1578.829538; average read time: 197.353692
Total time: 1640.449111, total average time: 164.044911

[2022-12-14T11:24:29] Child[11478]:
Total write time: 229.667627 seconds; average write time: 114.833814 seconds.
Total read time: 1418.601712; average read time: 177.325214
Total time: 1648.269339, total average time: 164.826934

[2022-12-14T11:24:29] Child[11003]:
Total write time: 465.112413 seconds; average write time: 77.518736 seconds.
Total read time: 1180.018911; average read time: 295.004728
Total time: 1645.131324, total average time: 164.513132

[2022-12-14T11:24:29] Child[10672]:
Total write time: 542.456901 seconds; average write time: 135.614225 seconds.
Total read time: 1105.291233; average read time: 184.215205
Total time: 1647.748134, total average time: 164.774813

[2022-12-14T11:24:31] Child[10019]:
Total write time: 423.752865 seconds; average write time: 84.750573 seconds.
Total read time: 1227.811256; average read time: 245.562251
Total time: 1651.564121, total average time: 165.156412

[2022-12-14T11:24:31] Child[11805]:
Total write time: 108.005749 seconds; average write time: 54.002874 seconds.
Total read time: 1542.503874; average read time: 192.812984
Total time: 1650.509623, total average time: 165.050962

[2022-12-14T11:24:31] Child[11697]:
Total write time: 58.191024 seconds; average write time: 29.095512 seconds.
Total read time: 1592.621139; average read time: 199.077642
Total time: 1650.812163, total average time: 165.081216

[2022-12-14T11:24:32] Child[10263]:
Total write time: 213.548003 seconds; average write time: 53.387001 seconds.
Total read time: 1438.212836; average read time: 239.702139
Total time: 1651.760839, total average time: 165.176084

[2022-12-14T11:24:32] Child[12129]:
Total write time: 518.139975 seconds; average write time: 103.627995 seconds.
Total read time: 1135.167861; average read time: 227.033572
Total time: 1653.307836, total average time: 165.330784

[2022-12-14T11:24:32] Child[11920]:
Total write time: 129.173105 seconds; average write time: 43.057702 seconds.
Total read time: 1521.305520; average read time: 217.329360
Total time: 1650.478625, total average time: 165.047863

[2022-12-14T11:24:32] Child[10286]:
Total write time: 190.898374 seconds; average write time: 63.632791 seconds.
Total read time: 1462.167472; average read time: 208.881067
Total time: 1653.065846, total average time: 165.306585

[2022-12-14T11:24:32] Child[11127]:
Total write time: 26.374350 seconds; average write time: 13.187175 seconds.
Total read time: 1623.746889; average read time: 202.968361
Total time: 1650.121239, total average time: 165.012124

[2022-12-14T11:24:34] Child[11517]:
Total write time: 276.850620 seconds; average write time: 55.370124 seconds.
Total read time: 1373.488616; average read time: 274.697723
Total time: 1650.339236, total average time: 165.033924

[2022-12-14T11:24:34] Child[11838]:
Total write time: 20.692910 seconds; average write time: 20.692910 seconds.
Total read time: 1631.569000; average read time: 181.285444
Total time: 1652.261910, total average time: 165.226191

[2022-12-14T11:24:34] Child[10089]:
Total write time: 859.401637 seconds; average write time: 143.233606 seconds.
Total read time: 794.415217; average read time: 198.603804
Total time: 1653.816854, total average time: 165.381685

[2022-12-14T11:24:34] Child[10400]:
Total write time: 150.066744 seconds; average write time: 75.033372 seconds.
Total read time: 1504.032331; average read time: 188.004041
Total time: 1654.099075, total average time: 165.409908

[2022-12-14T11:24:35] Child[11958]:
Total write time: 0.202862 seconds; average write time: 0.101431 seconds.
Total read time: 1653.242359; average read time: 206.655295
Total time: 1653.445221, total average time: 165.344522

[2022-12-14T11:24:36] Child[11566]:
Total write time: 117.357135 seconds; average write time: 39.119045 seconds.
Total read time: 1539.313340; average read time: 219.901906
Total time: 1656.670475, total average time: 165.667047

[2022-12-14T11:24:37] Child[10290]:
Total write time: 29.896605 seconds; average write time: 14.948303 seconds.
Total read time: 1628.041431; average read time: 203.505179
Total time: 1657.938036, total average time: 165.793804

[2022-12-14T11:24:39] Child[10233]:
Total write time: 566.376484 seconds; average write time: 113.275297 seconds.
Total read time: 1087.275681; average read time: 217.455136
Total time: 1653.652165, total average time: 165.365217

[2022-12-14T11:24:39] Child[11687]:
Total write time: 106.114058 seconds; average write time: 53.057029 seconds.
Total read time: 1551.201344; average read time: 193.900168
Total time: 1657.315402, total average time: 165.731540

[2022-12-14T11:24:40] Child[10432]:
Total write time: 41.522768 seconds; average write time: 20.761384 seconds.
Total read time: 1617.983916; average read time: 202.247989
Total time: 1659.506684, total average time: 165.950668

[2022-12-14T11:24:40] Child[10348]:
Total write time: 34.945546 seconds; average write time: 17.472773 seconds.
Total read time: 1622.117819; average read time: 202.764727
Total time: 1657.063365, total average time: 165.706336

[2022-12-14T11:24:40] Child[10732]:
Total write time: 0.000007 seconds; average write time: 0.000007 seconds.
Total read time: 1661.003047; average read time: 184.555894
Total time: 1661.003054, total average time: 166.100305

[2022-12-14T11:24:40] Child[11658]:
Total write time: 257.491237 seconds; average write time: 85.830412 seconds.
Total read time: 1404.508323; average read time: 200.644046
Total time: 1661.999560, total average time: 166.199956

[2022-12-14T11:24:41] Child[11569]:
Total write time: 589.772103 seconds; average write time: 147.443026 seconds.
Total read time: 1068.335050; average read time: 178.055842
Total time: 1658.107153, total average time: 165.810715

[2022-12-14T11:24:41] Child[12162]:
Total write time: 0.510992 seconds; average write time: 0.510992 seconds.
Total read time: 1659.392218; average read time: 184.376913
Total time: 1659.903210, total average time: 165.990321


---------VALIDATING RESULTS---------
shared[0]: readers[1021], writers[986]
shared[1]: readers[1006], writers[1001]
shared[2]: readers[976], writers[1029]
shared[3]: readers[959], writers[1062]
shared[4]: readers[983], writers[1024]
shared[5]: readers[1012], writers[991]
shared[6]: readers[1038], writers[958]
shared[7]: readers[1008], writers[983]
shared[8]: readers[987], writers[976]
shared[9]: readers[997], writers[1003]
--------------------
total: readers[9987], writers[10013]
Total should be equal to (peers * LOOPS)[20000]
Result is right!
