[2022-12-14T11:35:24] Child[84894]:
Total write time: 265.800342 seconds; average write time: 44.300057 seconds.
Total read time: 150.241407; average read time: 37.560352
Total time: 416.041749, total average time: 41.604175

[2022-12-14T11:35:39] Child[85202]:
Total write time: 359.228832 seconds; average write time: 71.845766 seconds.
Total read time: 75.399912; average read time: 15.079982
Total time: 434.628744, total average time: 43.462874

[2022-12-14T11:35:50] Child[85358]:
Total write time: 115.236794 seconds; average write time: 38.412265 seconds.
Total read time: 329.479217; average read time: 47.068460
Total time: 444.716011, total average time: 44.471601

[2022-12-14T11:35:58] Child[85841]:
Total write time: 301.394038 seconds; average write time: 50.232340 seconds.
Total read time: 150.367052; average read time: 37.591763
Total time: 451.761090, total average time: 45.176109

[2022-12-14T11:36:03] Child[85618]:
Total write time: 194.890943 seconds; average write time: 64.963648 seconds.
Total read time: 259.110303; average read time: 37.015758
Total time: 454.001246, total average time: 45.400125

[2022-12-14T11:36:08] Child[85975]:
Total write time: 119.098360 seconds; average write time: 29.774590 seconds.
Total read time: 341.531239; average read time: 56.921873
Total time: 460.629599, total average time: 46.062960

[2022-12-14T11:36:25] Child[85364]:
Total write time: 275.932938 seconds; average write time: 55.186588 seconds.
Total read time: 202.789549; average read time: 40.557910
Total time: 478.722487, total average time: 47.872249

[2022-12-14T11:36:27] Child[84844]:
Total write time: 211.326521 seconds; average write time: 52.831630 seconds.
Total read time: 268.927226; average read time: 44.821204
Total time: 480.253747, total average time: 48.025375

[2022-12-14T11:36:30] Child[85116]:
Total write time: 133.472294 seconds; average write time: 44.490765 seconds.
Total read time: 343.815083; average read time: 49.116440
Total time: 477.287377, total average time: 47.728738

[2022-12-14T11:36:49] Child[84458]:
Total write time: 286.112813 seconds; average write time: 95.370938 seconds.
Total read time: 210.709546; average read time: 30.101364
Total time: 496.822359, total average time: 49.682236

[2022-12-14T11:36:49] Child[84676]:
Total write time: 292.902281 seconds; average write time: 73.225570 seconds.
Total read time: 206.636681; average read time: 34.439447
Total time: 499.538962, total average time: 49.953896

[2022-12-14T11:36:49] Child[84702]:
Total write time: 205.274335 seconds; average write time: 205.274335 seconds.
Total read time: 298.559698; average read time: 33.173300
Total time: 503.834033, total average time: 50.383403

[2022-12-14T11:36:50] Child[86328]:
Total write time: 157.498238 seconds; average write time: 31.499648 seconds.
Total read time: 339.891999; average read time: 67.978400
Total time: 497.390237, total average time: 49.739024

[2022-12-14T11:36:50] Child[85656]:
Total write time: 153.764385 seconds; average write time: 76.882193 seconds.
Total read time: 349.211606; average read time: 43.651451
Total time: 502.975991, total average time: 50.297599

[2022-12-14T11:36:51] Child[86317]:
Total write time: 41.590130 seconds; average write time: 41.590130 seconds.
Total read time: 461.805169; average read time: 51.311685
Total time: 503.395299, total average time: 50.339530

[2022-12-14T11:36:54] Child[84797]:
Total write time: 258.502274 seconds; average write time: 64.625568 seconds.
Total read time: 250.154640; average read time: 41.692440
Total time: 508.656914, total average time: 50.865691

[2022-12-14T11:36:56] Child[86462]:
Total write time: 364.929191 seconds; average write time: 72.985838 seconds.
Total read time: 142.843804; average read time: 28.568761
Total time: 507.772995, total average time: 50.777299

[2022-12-14T11:37:00] Child[85604]:
Total write time: 271.664317 seconds; average write time: 135.832158 seconds.
Total read time: 238.959817; average read time: 29.869977
Total time: 510.624134, total average time: 51.062413

[2022-12-14T11:37:05] Child[84901]:
Total write time: 423.098714 seconds; average write time: 105.774678 seconds.
Total read time: 96.884061; average read time: 16.147344
Total time: 519.982775, total average time: 51.998278

[2022-12-14T11:37:08] Child[85870]:
Total write time: 133.337778 seconds; average write time: 44.445926 seconds.
Total read time: 386.206399; average read time: 55.172343
Total time: 519.544177, total average time: 51.954418

[2022-12-14T11:37:15] Child[85078]:
Total write time: 373.631809 seconds; average write time: 74.726362 seconds.
Total read time: 150.177828; average read time: 30.035566
Total time: 523.809637, total average time: 52.380964

[2022-12-14T11:37:15] Child[84825]:
Total write time: 282.398113 seconds; average write time: 56.479623 seconds.
Total read time: 247.765100; average read time: 49.553020
Total time: 530.163213, total average time: 53.016321

[2022-12-14T11:37:30] Child[84778]:
Total write time: 410.139488 seconds; average write time: 68.356581 seconds.
Total read time: 130.768756; average read time: 32.692189
Total time: 540.908244, total average time: 54.090824

[2022-12-14T11:37:39] Child[85659]:
Total write time: 107.201153 seconds; average write time: 107.201153 seconds.
Total read time: 441.245295; average read time: 49.027255
Total time: 548.446448, total average time: 54.844645

[2022-12-14T11:37:44] Child[86067]:
Total write time: 313.792126 seconds; average write time: 78.448031 seconds.
Total read time: 244.948155; average read time: 40.824692
Total time: 558.740281, total average time: 55.874028

[2022-12-14T11:37:44] Child[85686]:
Total write time: 386.682429 seconds; average write time: 96.670607 seconds.
Total read time: 168.874532; average read time: 28.145755
Total time: 555.556961, total average time: 55.555696

[2022-12-14T11:37:56] Child[84820]:
Total write time: 437.328554 seconds; average write time: 87.465711 seconds.
Total read time: 128.381644; average read time: 25.676329
Total time: 565.710198, total average time: 56.571020

[2022-12-14T11:38:00] Child[84635]:
Total write time: 254.443153 seconds; average write time: 63.610788 seconds.
Total read time: 317.815146; average read time: 52.969191
Total time: 572.258299, total average time: 57.225830

[2022-12-14T11:38:04] Child[85729]:
Total write time: 205.765957 seconds; average write time: 68.588652 seconds.
Total read time: 369.953455; average read time: 52.850494
Total time: 575.719412, total average time: 57.571941

[2022-12-14T11:38:06] Child[84478]:
Total write time: 412.411408 seconds; average write time: 58.915915 seconds.
Total read time: 167.767960; average read time: 55.922653
Total time: 580.179368, total average time: 58.017937

[2022-12-14T11:38:06] Child[85360]:
Total write time: 263.898314 seconds; average write time: 65.974579 seconds.
Total read time: 311.331269; average read time: 51.888545
Total time: 575.229583, total average time: 57.522958

[2022-12-14T11:38:07] Child[86312]:
Total write time: 391.856813 seconds; average write time: 97.964203 seconds.
Total read time: 188.690901; average read time: 31.448483
Total time: 580.547714, total average time: 58.054771

[2022-12-14T11:38:08] Child[84743]:
Total write time: 235.308766 seconds; average write time: 78.436255 seconds.
Total read time: 343.643923; average read time: 49.091989
Total time: 578.952689, total average time: 57.895269

[2022-12-14T11:38:14] Child[85155]:
Total write time: 382.837066 seconds; average write time: 95.709266 seconds.
Total read time: 201.675071; average read time: 33.612512
Total time: 584.512137, total average time: 58.451214

[2022-12-14T11:38:16] Child[84892]:
Total write time: 171.079072 seconds; average write time: 57.026357 seconds.
Total read time: 419.826060; average read time: 59.975151
Total time: 590.905132, total average time: 59.090513

[2022-12-14T11:38:19] Child[84659]:
Total write time: 273.343602 seconds; average write time: 54.668720 seconds.
Total read time: 314.811679; average read time: 62.962336
Total time: 588.155281, total average time: 58.815528

[2022-12-14T11:38:30] Child[85472]:
Total write time: 303.905973 seconds; average write time: 303.905973 seconds.
Total read time: 300.571690; average read time: 33.396854
Total time: 604.477663, total average time: 60.447766

[2022-12-14T11:38:33] Child[85008]:
Total write time: 479.256775 seconds; average write time: 95.851355 seconds.
Total read time: 125.482248; average read time: 25.096450
Total time: 604.739023, total average time: 60.473902

[2022-12-14T11:38:41] Child[85802]:
Total write time: 188.876366 seconds; average write time: 94.438183 seconds.
Total read time: 428.418194; average read time: 53.552274
Total time: 617.294560, total average time: 61.729456

[2022-12-14T11:38:42] Child[85441]:
Total write time: 529.226040 seconds; average write time: 75.603720 seconds.
Total read time: 80.332369; average read time: 26.777456
Total time: 609.558409, total average time: 60.955841

[2022-12-14T11:38:43] Child[84640]:
Total write time: 537.240288 seconds; average write time: 76.748613 seconds.
Total read time: 80.095006; average read time: 26.698335
Total time: 617.335294, total average time: 61.733529

[2022-12-14T11:38:43] Child[85461]:
Total write time: 254.411599 seconds; average write time: 84.803866 seconds.
Total read time: 360.219709; average read time: 51.459958
Total time: 614.631308, total average time: 61.463131

[2022-12-14T11:38:44] Child[85887]:
Total write time: 438.798422 seconds; average write time: 109.699606 seconds.
Total read time: 181.177231; average read time: 30.196205
Total time: 619.975653, total average time: 61.997565

[2022-12-14T11:38:54] Child[84413]:
Total write time: 185.872787 seconds; average write time: 61.957596 seconds.
Total read time: 438.103476; average read time: 62.586211
Total time: 623.976263, total average time: 62.397626

[2022-12-14T11:38:55] Child[84611]:
Total write time: 381.289255 seconds; average write time: 76.257851 seconds.
Total read time: 246.470393; average read time: 49.294079
Total time: 627.759648, total average time: 62.775965

[2022-12-14T11:39:00] Child[86173]:
Total write time: 315.046979 seconds; average write time: 315.046979 seconds.
Total read time: 315.963763; average read time: 35.107085
Total time: 631.010742, total average time: 63.101074

[2022-12-14T11:39:02] Child[84504]:
Total write time: 508.013582 seconds; average write time: 84.668930 seconds.
Total read time: 128.994649; average read time: 32.248662
Total time: 637.008231, total average time: 63.700823

[2022-12-14T11:39:03] Child[85286]:
Total write time: 413.408552 seconds; average write time: 82.681710 seconds.
Total read time: 218.936329; average read time: 43.787266
Total time: 632.344881, total average time: 63.234488

[2022-12-14T11:39:04] Child[86004]:
Total write time: 375.689339 seconds; average write time: 125.229780 seconds.
Total read time: 260.855169; average read time: 37.265024
Total time: 636.544508, total average time: 63.654451

[2022-12-14T11:39:09] Child[84888]:
Total write time: 330.090257 seconds; average write time: 165.045129 seconds.
Total read time: 307.994356; average read time: 38.499294
Total time: 638.084613, total average time: 63.808461

[2022-12-14T11:39:09] Child[85944]:
Total write time: 37.443838 seconds; average write time: 18.721919 seconds.
Total read time: 602.441646; average read time: 75.305206
Total time: 639.885484, total average time: 63.988548

[2022-12-14T11:39:14] Child[84596]:
Total write time: 95.805776 seconds; average write time: 47.902888 seconds.
Total read time: 547.173656; average read time: 68.396707
Total time: 642.979432, total average time: 64.297943

[2022-12-14T11:39:22] Child[84499]:
Total write time: 448.796451 seconds; average write time: 112.199113 seconds.
Total read time: 203.943871; average read time: 33.990645
Total time: 652.740322, total average time: 65.274032

[2022-12-14T11:39:26] Child[86099]:
Total write time: 342.654356 seconds; average write time: 85.663589 seconds.
Total read time: 316.706678; average read time: 52.784446
Total time: 659.361034, total average time: 65.936103

[2022-12-14T11:39:27] Child[84917]:
Total write time: 430.471094 seconds; average write time: 143.490365 seconds.
Total read time: 224.982229; average read time: 32.140318
Total time: 655.453323, total average time: 65.545332

[2022-12-14T11:39:28] Child[84979]:
Total write time: 407.917674 seconds; average write time: 101.979418 seconds.
Total read time: 252.962911; average read time: 42.160485
Total time: 660.880585, total average time: 66.088059

[2022-12-14T11:39:29] Child[85121]:
Total write time: 0.000000 seconds; average write time: 0.000000 seconds.
Total read time: 662.387912; average read time: 66.238791
Total time: 662.387912, total average time: 66.238791

[2022-12-14T11:39:30] Child[84849]:
Total write time: 422.886612 seconds; average write time: 84.577322 seconds.
Total read time: 233.831906; average read time: 46.766381
Total time: 656.718518, total average time: 65.671852

[2022-12-14T11:39:31] Child[85032]:
Total write time: 362.931526 seconds; average write time: 181.465763 seconds.
Total read time: 300.708714; average read time: 37.588589
Total time: 663.640240, total average time: 66.364024

[2022-12-14T11:39:31] Child[84806]:
Total write time: 105.548137 seconds; average write time: 52.774068 seconds.
Total read time: 554.223742; average read time: 69.277968
Total time: 659.771879, total average time: 65.977188

[2022-12-14T11:39:32] Child[85439]:
Total write time: 307.532462 seconds; average write time: 51.255410 seconds.
Total read time: 355.476048; average read time: 88.869012
Total time: 663.008510, total average time: 66.300851

[2022-12-14T11:39:33] Child[85140]:
Total write time: 42.465391 seconds; average write time: 42.465391 seconds.
Total read time: 624.383905; average read time: 69.375989
Total time: 666.849296, total average time: 66.684930

[2022-12-14T11:39:37] Child[85215]:
Total write time: 493.382309 seconds; average write time: 98.676462 seconds.
Total read time: 174.503172; average read time: 34.900634
Total time: 667.885481, total average time: 66.788548

[2022-12-14T11:39:38] Child[85662]:
Total write time: 595.474652 seconds; average write time: 85.067807 seconds.
Total read time: 73.222550; average read time: 24.407517
Total time: 668.697202, total average time: 66.869720

[2022-12-14T11:39:38] Child[84693]:
Total write time: 255.645800 seconds; average write time: 63.911450 seconds.
Total read time: 410.136212; average read time: 68.356035
Total time: 665.782012, total average time: 66.578201

[2022-12-14T11:39:39] Child[85903]:
Total write time: 0.000000 seconds; average write time: 0.000000 seconds.
Total read time: 670.764426; average read time: 67.076443
Total time: 670.764426, total average time: 67.076443

[2022-12-14T11:39:40] Child[85494]:
Total write time: 425.857932 seconds; average write time: 85.171586 seconds.
Total read time: 246.933498; average read time: 49.386700
Total time: 672.791430, total average time: 67.279143

[2022-12-14T11:39:40] Child[84733]:
Total write time: 336.882457 seconds; average write time: 67.376491 seconds.
Total read time: 335.520391; average read time: 67.104078
Total time: 672.402848, total average time: 67.240285

[2022-12-14T11:39:41] Child[86389]:
Total write time: 437.807662 seconds; average write time: 109.451915 seconds.
Total read time: 232.800727; average read time: 38.800121
Total time: 670.608389, total average time: 67.060839

[2022-12-14T11:39:42] Child[85048]:
Total write time: 615.061275 seconds; average write time: 102.510212 seconds.
Total read time: 55.813545; average read time: 13.953386
Total time: 670.874820, total average time: 67.087482

[2022-12-14T11:39:44] Child[84805]:
Total write time: 184.382495 seconds; average write time: 92.191248 seconds.
Total read time: 489.930400; average read time: 61.241300
Total time: 674.312895, total average time: 67.431290

[2022-12-14T11:39:45] Child[86386]:
Total write time: 393.714852 seconds; average write time: 196.857426 seconds.
Total read time: 281.279129; average read time: 35.159891
Total time: 674.993981, total average time: 67.499398

[2022-12-14T11:39:52] Child[85351]:
Total write time: 625.859201 seconds; average write time: 104.309867 seconds.
Total read time: 59.536382; average read time: 14.884096
Total time: 685.395583, total average time: 68.539558

[2022-12-14T11:39:53] Child[85718]:
Total write time: 326.969644 seconds; average write time: 65.393929 seconds.
Total read time: 356.007522; average read time: 71.201504
Total time: 682.977166, total average time: 68.297717

[2022-12-14T11:39:54] Child[86174]:
Total write time: 388.243850 seconds; average write time: 97.060963 seconds.
Total read time: 294.798859; average read time: 49.133143
Total time: 683.042709, total average time: 68.304271

[2022-12-14T11:39:55] Child[85325]:
Total write time: 467.966162 seconds; average write time: 93.593232 seconds.
Total read time: 218.690763; average read time: 43.738153
Total time: 686.656925, total average time: 68.665693

[2022-12-14T11:39:58] Child[86377]:
Total write time: 0.000000 seconds; average write time: 0.000000 seconds.
Total read time: 687.104128; average read time: 68.710413
Total time: 687.104128, total average time: 68.710413

[2022-12-14T11:40:00] Child[85700]:
Total write time: 336.878697 seconds; average write time: 84.219674 seconds.
Total read time: 356.999954; average read time: 59.499992
Total time: 693.878651, total average time: 69.387865

[2022-12-14T11:40:02] Child[85599]:
Total write time: 519.707531 seconds; average write time: 103.941506 seconds.
Total read time: 176.680990; average read time: 35.336198
Total time: 696.388521, total average time: 69.638852

[2022-12-14T11:40:03] Child[86058]:
Total write time: 402.110754 seconds; average write time: 80.422151 seconds.
Total read time: 298.575901; average read time: 59.715180
Total time: 700.686655, total average time: 70.068665

[2022-12-14T11:40:09] Child[85867]:
Total write time: 346.716321 seconds; average write time: 115.572107 seconds.
Total read time: 356.759034; average read time: 50.965576
Total time: 703.475355, total average time: 70.347536

[2022-12-14T11:40:09] Child[84856]:
Total write time: 440.886840 seconds; average write time: 73.481140 seconds.
Total read time: 257.568040; average read time: 64.392010
Total time: 698.454880, total average time: 69.845488

[2022-12-14T11:40:11] Child[86276]:
Total write time: 179.092178 seconds; average write time: 89.546089 seconds.
Total read time: 526.685655; average read time: 65.835707
Total time: 705.777833, total average time: 70.577783

[2022-12-14T11:40:13] Child[86273]:
Total write time: 489.612014 seconds; average write time: 97.922403 seconds.
Total read time: 215.788846; average read time: 43.157769
Total time: 705.400860, total average time: 70.540086

[2022-12-14T11:40:13] Child[85988]:
Total write time: 435.639015 seconds; average write time: 108.909754 seconds.
Total read time: 272.025600; average read time: 45.337600
Total time: 707.664615, total average time: 70.766462

[2022-12-14T11:40:20] Child[86007]:
Total write time: 56.257859 seconds; average write time: 56.257859 seconds.
Total read time: 653.098623; average read time: 72.566514
Total time: 709.356482, total average time: 70.935648

[2022-12-14T11:40:24] Child[85977]:
Total write time: 396.064682 seconds; average write time: 66.010780 seconds.
Total read time: 319.630631; average read time: 79.907658
Total time: 715.695313, total average time: 71.569531

[2022-12-14T11:40:31] Child[85302]:
Total write time: 682.174471 seconds; average write time: 136.434894 seconds.
Total read time: 40.124644; average read time: 8.024929
Total time: 722.299115, total average time: 72.229912

[2022-12-14T11:40:38] Child[85916]:
Total write time: 249.057651 seconds; average write time: 83.019217 seconds.
Total read time: 482.958107; average read time: 68.994015
Total time: 732.015758, total average time: 73.201576

[2022-12-14T11:40:38] Child[85990]:
Total write time: 298.191508 seconds; average write time: 149.095754 seconds.
Total read time: 431.280106; average read time: 53.910013
Total time: 729.471614, total average time: 72.947161

[2022-12-14T11:40:39] Child[85597]:
Total write time: 688.519023 seconds; average write time: 114.753170 seconds.
Total read time: 43.083892; average read time: 10.770973
Total time: 731.602915, total average time: 73.160291

[2022-12-14T11:40:40] Child[85440]:
Total write time: 427.700545 seconds; average write time: 142.566848 seconds.
Total read time: 301.450367; average read time: 43.064338
Total time: 729.150912, total average time: 72.915091

[2022-12-14T11:40:43] Child[84592]:
Total write time: 332.644275 seconds; average write time: 83.161069 seconds.
Total read time: 397.590857; average read time: 66.265143
Total time: 730.235132, total average time: 73.023513

[2022-12-14T11:40:47] Child[85100]:
Total write time: 573.643663 seconds; average write time: 143.410916 seconds.
Total read time: 166.982517; average read time: 27.830420
Total time: 740.626180, total average time: 74.062618

[2022-12-14T11:40:48] Child[85660]:
Total write time: 584.883431 seconds; average write time: 116.976686 seconds.
Total read time: 157.321127; average read time: 31.464225
Total time: 742.204558, total average time: 74.220456

[2022-12-14T11:40:48] Child[85830]:
Total write time: 585.630622 seconds; average write time: 83.661517 seconds.
Total read time: 156.038892; average read time: 52.012964
Total time: 741.669514, total average time: 74.166951

[2022-12-14T11:40:52] Child[86112]:
Total write time: 493.933673 seconds; average write time: 82.322279 seconds.
Total read time: 248.904974; average read time: 62.226244
Total time: 742.838647, total average time: 74.283865

[2022-12-14T11:40:56] Child[84562]:
Total write time: 90.516915 seconds; average write time: 45.258457 seconds.
Total read time: 657.738898; average read time: 82.217362
Total time: 748.255813, total average time: 74.825581

[2022-12-14T11:40:59] Child[85157]:
Total write time: 22.090247 seconds; average write time: 11.045124 seconds.
Total read time: 734.001531; average read time: 91.750191
Total time: 756.091778, total average time: 75.609178

[2022-12-14T11:41:00] Child[84482]:
Total write time: 522.726421 seconds; average write time: 130.681605 seconds.
Total read time: 228.204022; average read time: 38.034004
Total time: 750.930443, total average time: 75.093044

[2022-12-14T11:41:00] Child[85965]:
Total write time: 568.329858 seconds; average write time: 113.665972 seconds.
Total read time: 179.588056; average read time: 35.917611
Total time: 747.917914, total average time: 74.791791

[2022-12-14T11:41:01] Child[85321]:
Total write time: 149.357337 seconds; average write time: 74.678669 seconds.
Total read time: 601.859981; average read time: 75.232498
Total time: 751.217318, total average time: 75.121732

[2022-12-14T11:41:07] Child[85266]:
Total write time: 636.890743 seconds; average write time: 106.148457 seconds.
Total read time: 125.307220; average read time: 31.326805
Total time: 762.197963, total average time: 76.219796

[2022-12-14T11:41:09] Child[86045]:
Total write time: 207.473528 seconds; average write time: 69.157843 seconds.
Total read time: 549.981654; average read time: 78.568808
Total time: 757.455182, total average time: 75.745518

[2022-12-14T11:41:12] Child[84502]:
Total write time: 665.858805 seconds; average write time: 133.171761 seconds.
Total read time: 96.420562; average read time: 19.284112
Total time: 762.279367, total average time: 76.227937

[2022-12-14T11:41:15] Child[86405]:
Total write time: 475.112459 seconds; average write time: 237.556230 seconds.
Total read time: 291.176831; average read time: 36.397104
Total time: 766.289290, total average time: 76.628929

[2022-12-14T11:41:16] Child[86344]:
Total write time: 397.753459 seconds; average write time: 99.438365 seconds.
Total read time: 372.275606; average read time: 62.045934
Total time: 770.029065, total average time: 77.002906

[2022-12-14T11:41:20] Child[85102]:
Total write time: 282.678890 seconds; average write time: 94.226297 seconds.
Total read time: 486.951049; average read time: 69.564436
Total time: 769.629939, total average time: 76.962994

[2022-12-14T11:41:21] Child[86321]:
Total write time: 486.374317 seconds; average write time: 121.593579 seconds.
Total read time: 286.338681; average read time: 47.723113
Total time: 772.712998, total average time: 77.271300

[2022-12-14T11:41:22] Child[86064]:
Total write time: 495.900661 seconds; average write time: 99.180132 seconds.
Total read time: 276.559038; average read time: 55.311808
Total time: 772.459699, total average time: 77.245970

[2022-12-14T11:41:23] Child[86287]:
Total write time: 319.354381 seconds; average write time: 53.225730 seconds.
Total read time: 455.284719; average read time: 113.821180
Total time: 774.639100, total average time: 77.463910

[2022-12-14T11:41:24] Child[85159]:
Total write time: 292.373353 seconds; average write time: 97.457784 seconds.
Total read time: 483.418708; average read time: 69.059815
Total time: 775.792061, total average time: 77.579206

[2022-12-14T11:41:26] Child[86289]:
Total write time: 390.042515 seconds; average write time: 195.021257 seconds.
Total read time: 386.157466; average read time: 48.269683
Total time: 776.199981, total average time: 77.619998

[2022-12-14T11:41:29] Child[86294]:
Total write time: 692.873904 seconds; average write time: 115.478984 seconds.
Total read time: 86.020003; average read time: 21.505001
Total time: 778.893907, total average time: 77.889391

[2022-12-14T11:41:34] Child[85792]:
Total write time: 279.526247 seconds; average write time: 93.175416 seconds.
Total read time: 507.553464; average read time: 72.507638
Total time: 787.079711, total average time: 78.707971

[2022-12-14T11:41:35] Child[84656]:
Total write time: 397.617342 seconds; average write time: 99.404336 seconds.
Total read time: 391.492885; average read time: 65.248814
Total time: 789.110227, total average time: 78.911023

[2022-12-14T11:41:36] Child[85639]:
Total write time: 454.346107 seconds; average write time: 151.448702 seconds.
Total read time: 335.070940; average read time: 47.867277
Total time: 789.417047, total average time: 78.941705

[2022-12-14T11:41:37] Child[86334]:
Total write time: 272.116774 seconds; average write time: 90.705591 seconds.
Total read time: 515.699490; average read time: 73.671356
Total time: 787.816264, total average time: 78.781626

[2022-12-14T11:41:37] Child[85721]:
Total write time: 588.994593 seconds; average write time: 117.798919 seconds.
Total read time: 201.988076; average read time: 40.397615
Total time: 790.982669, total average time: 79.098267

[2022-12-14T11:41:39] Child[85518]:
Total write time: 650.975617 seconds; average write time: 216.991872 seconds.
Total read time: 138.648851; average read time: 19.806979
Total time: 789.624468, total average time: 78.962447

[2022-12-14T11:41:39] Child[85667]:
Total write time: 573.837991 seconds; average write time: 143.459498 seconds.
Total read time: 213.020175; average read time: 35.503363
Total time: 786.858166, total average time: 78.685817

[2022-12-14T11:41:41] Child[86199]:
Total write time: 401.982571 seconds; average write time: 57.426082 seconds.
Total read time: 390.333820; average read time: 130.111273
Total time: 792.316391, total average time: 79.231639

[2022-12-14T11:41:42] Child[86449]:
Total write time: 419.402694 seconds; average write time: 139.800898 seconds.
Total read time: 372.648259; average read time: 53.235466
Total time: 792.050953, total average time: 79.205095

[2022-12-14T11:41:44] Child[85914]:
Total write time: 459.841212 seconds; average write time: 76.640202 seconds.
Total read time: 338.241665; average read time: 84.560416
Total time: 798.082877, total average time: 79.808288

[2022-12-14T11:41:45] Child[84953]:
Total write time: 458.948853 seconds; average write time: 114.737213 seconds.
Total read time: 338.000548; average read time: 56.333425
Total time: 796.949401, total average time: 79.694940

[2022-12-14T11:41:45] Child[85678]:
Total write time: 656.253410 seconds; average write time: 218.751137 seconds.
Total read time: 144.014771; average read time: 20.573539
Total time: 800.268181, total average time: 80.026818

[2022-12-14T11:41:48] Child[84814]:
Total write time: 662.283017 seconds; average write time: 94.611860 seconds.
Total read time: 134.410818; average read time: 44.803606
Total time: 796.693835, total average time: 79.669383

[2022-12-14T11:41:50] Child[86219]:
Total write time: 330.292499 seconds; average write time: 110.097500 seconds.
Total read time: 466.877482; average read time: 66.696783
Total time: 797.169981, total average time: 79.716998

[2022-12-14T11:41:51] Child[85231]:
Total write time: 261.043512 seconds; average write time: 87.014504 seconds.
Total read time: 543.925313; average read time: 77.703616
Total time: 804.968825, total average time: 80.496882

[2022-12-14T11:41:53] Child[85947]:
Total write time: 457.394237 seconds; average write time: 152.464746 seconds.
Total read time: 344.387418; average read time: 49.198203
Total time: 801.781655, total average time: 80.178166

[2022-12-14T11:41:57] Child[85312]:
Total write time: 744.328953 seconds; average write time: 148.865791 seconds.
Total read time: 64.164532; average read time: 12.832906
Total time: 808.493485, total average time: 80.849349

[2022-12-14T11:41:57] Child[84976]:
Total write time: 416.979909 seconds; average write time: 104.244977 seconds.
Total read time: 391.301144; average read time: 65.216857
Total time: 808.281053, total average time: 80.828105

[2022-12-14T11:42:00] Child[85930]:
Total write time: 405.458004 seconds; average write time: 101.364501 seconds.
Total read time: 409.132670; average read time: 68.188778
Total time: 814.590674, total average time: 81.459067

[2022-12-14T11:42:00] Child[84934]:
Total write time: 0.000000 seconds; average write time: 0.000000 seconds.
Total read time: 813.374357; average read time: 81.337436
Total time: 813.374357, total average time: 81.337436

[2022-12-14T11:42:00] Child[85203]:
Total write time: 490.854751 seconds; average write time: 245.427376 seconds.
Total read time: 319.010300; average read time: 39.876287
Total time: 809.865051, total average time: 80.986505

[2022-12-14T11:42:05] Child[84654]:
Total write time: 430.638482 seconds; average write time: 107.659621 seconds.
Total read time: 386.354701; average read time: 64.392450
Total time: 816.993183, total average time: 81.699318

[2022-12-14T11:42:06] Child[84935]:
Total write time: 704.553355 seconds; average write time: 100.650479 seconds.
Total read time: 111.353483; average read time: 37.117828
Total time: 815.906838, total average time: 81.590684

[2022-12-14T11:42:07] Child[85919]:
Total write time: 587.419016 seconds; average write time: 146.854754 seconds.
Total read time: 231.983558; average read time: 38.663926
Total time: 819.402574, total average time: 81.940257

[2022-12-14T11:42:08] Child[85019]:
Total write time: 379.227756 seconds; average write time: 75.845551 seconds.
Total read time: 443.748041; average read time: 88.749608
Total time: 822.975797, total average time: 82.297580

[2022-12-14T11:42:09] Child[84402]:
Total write time: 277.815263 seconds; average write time: 92.605088 seconds.
Total read time: 543.325350; average read time: 77.617907
Total time: 821.140613, total average time: 82.114061

[2022-12-14T11:42:10] Child[86181]:
Total write time: 411.196420 seconds; average write time: 82.239284 seconds.
Total read time: 409.915866; average read time: 81.983173
Total time: 821.112286, total average time: 82.111229

[2022-12-14T11:42:10] Child[86315]:
Total write time: 593.299694 seconds; average write time: 118.659939 seconds.
Total read time: 229.508028; average read time: 45.901606
Total time: 822.807722, total average time: 82.280772

[2022-12-14T11:42:17] Child[84951]:
Total write time: 298.439466 seconds; average write time: 149.219733 seconds.
Total read time: 526.412194; average read time: 65.801524
Total time: 824.851660, total average time: 82.485166

[2022-12-14T11:42:18] Child[85501]:
Total write time: 245.340047 seconds; average write time: 81.780016 seconds.
Total read time: 585.195990; average read time: 83.599427
Total time: 830.536037, total average time: 83.053604

[2022-12-14T11:42:20] Child[85876]:
Total write time: 118.310127 seconds; average write time: 59.155063 seconds.
Total read time: 714.771075; average read time: 89.346384
Total time: 833.081202, total average time: 83.308120

[2022-12-14T11:42:21] Child[85932]:
Total write time: 711.902643 seconds; average write time: 118.650441 seconds.
Total read time: 120.138098; average read time: 30.034524
Total time: 832.040741, total average time: 83.204074

[2022-12-14T11:42:21] Child[85562]:
Total write time: 518.671572 seconds; average write time: 74.095939 seconds.
Total read time: 317.148391; average read time: 105.716130
Total time: 835.819963, total average time: 83.581996

[2022-12-14T11:42:22] Child[86296]:
Total write time: 815.602018 seconds; average write time: 101.950252 seconds.
Total read time: 21.213330; average read time: 10.606665
Total time: 836.815348, total average time: 83.681535

[2022-12-14T11:42:23] Child[85669]:
Total write time: 386.422513 seconds; average write time: 96.605628 seconds.
Total read time: 446.942044; average read time: 74.490341
Total time: 833.364557, total average time: 83.336456

[2022-12-14T11:42:24] Child[84744]:
Total write time: 414.942460 seconds; average write time: 82.988492 seconds.
Total read time: 418.564502; average read time: 83.712900
Total time: 833.506962, total average time: 83.350696

[2022-12-14T11:42:26] Child[84652]:
Total write time: 605.687664 seconds; average write time: 100.947944 seconds.
Total read time: 233.913426; average read time: 58.478356
Total time: 839.601090, total average time: 83.960109

[2022-12-14T11:42:27] Child[84389]:
Total write time: 376.520264 seconds; average write time: 125.506755 seconds.
Total read time: 462.499151; average read time: 66.071307
Total time: 839.019415, total average time: 83.901942

[2022-12-14T11:42:27] Child[85772]:
Total write time: 16.814460 seconds; average write time: 5.604820 seconds.
Total read time: 823.506712; average read time: 117.643816
Total time: 840.321172, total average time: 84.032117

[2022-12-14T11:42:28] Child[84989]:
Total write time: 197.015939 seconds; average write time: 98.507970 seconds.
Total read time: 640.616959; average read time: 80.077120
Total time: 837.632898, total average time: 83.763290

[2022-12-14T11:42:28] Child[85716]:
Total write time: 305.097648 seconds; average write time: 76.274412 seconds.
Total read time: 534.813274; average read time: 89.135546
Total time: 839.910922, total average time: 83.991092

[2022-12-14T11:42:30] Child[84947]:
Total write time: 478.281281 seconds; average write time: 119.570320 seconds.
Total read time: 361.965366; average read time: 60.327561
Total time: 840.246647, total average time: 84.024665

[2022-12-14T11:42:33] Child[84774]:
Total write time: 328.281486 seconds; average write time: 164.140743 seconds.
Total read time: 517.267390; average read time: 64.658424
Total time: 845.548876, total average time: 84.554888

[2022-12-14T11:42:33] Child[85126]:
Total write time: 721.699723 seconds; average write time: 103.099960 seconds.
Total read time: 124.439765; average read time: 41.479922
Total time: 846.139488, total average time: 84.613949

[2022-12-14T11:42:35] Child[85384]:
Total write time: 594.658331 seconds; average write time: 148.664583 seconds.
Total read time: 245.216184; average read time: 40.869364
Total time: 839.874515, total average time: 83.987452

[2022-12-14T11:42:35] Child[84547]:
Total write time: 67.024716 seconds; average write time: 67.024716 seconds.
Total read time: 778.493053; average read time: 86.499228
Total time: 845.517769, total average time: 84.551777

[2022-12-14T11:42:37] Child[85349]:
Total write time: 169.335304 seconds; average write time: 56.445101 seconds.
Total read time: 681.660306; average read time: 97.380044
Total time: 850.995610, total average time: 85.099561

[2022-12-14T11:42:38] Child[84699]:
Total write time: 695.981639 seconds; average write time: 173.995410 seconds.
Total read time: 156.818117; average read time: 26.136353
Total time: 852.799756, total average time: 85.279976

[2022-12-14T11:42:38] Child[85303]:
Total write time: 54.658117 seconds; average write time: 54.658117 seconds.
Total read time: 798.404540; average read time: 88.711616
Total time: 853.062657, total average time: 85.306266

[2022-12-14T11:42:40] Child[84962]:
Total write time: 556.678532 seconds; average write time: 111.335706 seconds.
Total read time: 293.201201; average read time: 58.640240
Total time: 849.879733, total average time: 84.987973

[2022-12-14T11:42:41] Child[84835]:
Total write time: 345.838004 seconds; average write time: 86.459501 seconds.
Total read time: 507.804988; average read time: 84.634165
Total time: 853.642992, total average time: 85.364299

[2022-12-14T11:42:41] Child[85610]:
Total write time: 631.402775 seconds; average write time: 126.280555 seconds.
Total read time: 219.893410; average read time: 43.978682
Total time: 851.296185, total average time: 85.129619

[2022-12-14T11:42:41] Child[84582]:
Total write time: 615.158199 seconds; average write time: 102.526366 seconds.
Total read time: 240.392532; average read time: 60.098133
Total time: 855.550731, total average time: 85.555073

[2022-12-14T11:42:44] Child[84490]:
Total write time: 600.068517 seconds; average write time: 200.022839 seconds.
Total read time: 257.546239; average read time: 36.792320
Total time: 857.614756, total average time: 85.761476

[2022-12-14T11:42:45] Child[85327]:
Total write time: 477.899494 seconds; average write time: 119.474874 seconds.
Total read time: 377.374637; average read time: 62.895773
Total time: 855.274131, total average time: 85.527413

[2022-12-14T11:42:46] Child[85131]:
Total write time: 704.970820 seconds; average write time: 140.994164 seconds.
Total read time: 150.347242; average read time: 30.069448
Total time: 855.318062, total average time: 85.531806

[2022-12-14T11:42:48] Child[85028]:
Total write time: 534.052072 seconds; average write time: 106.810414 seconds.
Total read time: 324.561965; average read time: 64.912393
Total time: 858.614037, total average time: 85.861404

[2022-12-14T11:42:49] Child[84863]:
Total write time: 385.021873 seconds; average write time: 128.340624 seconds.
Total read time: 476.567794; average read time: 68.081113
Total time: 861.589667, total average time: 86.158967

[2022-12-14T11:42:49] Child[85940]:
Total write time: 799.059128 seconds; average write time: 99.882391 seconds.
Total read time: 60.551090; average read time: 30.275545
Total time: 859.610218, total average time: 85.961022

[2022-12-14T11:42:50] Child[85886]:
Total write time: 366.401706 seconds; average write time: 91.600426 seconds.
Total read time: 496.540121; average read time: 82.756687
Total time: 862.941827, total average time: 86.294183

[2022-12-14T11:42:50] Child[84794]:
Total write time: 546.831709 seconds; average write time: 109.366342 seconds.
Total read time: 314.750381; average read time: 62.950076
Total time: 861.582090, total average time: 86.158209

[2022-12-14T11:42:52] Child[84898]:
Total write time: 515.570185 seconds; average write time: 128.892546 seconds.
Total read time: 344.653159; average read time: 57.442193
Total time: 860.223344, total average time: 86.022334

[2022-12-14T11:42:53] Child[85003]:
Total write time: 507.324159 seconds; average write time: 126.831040 seconds.
Total read time: 358.495837; average read time: 59.749306
Total time: 865.819996, total average time: 86.582000

[2022-12-14T11:42:53] Child[86220]:
Total write time: 627.998658 seconds; average write time: 104.666443 seconds.
Total read time: 239.647656; average read time: 59.911914
Total time: 867.646314, total average time: 86.764631

[2022-12-14T11:42:53] Child[85586]:
Total write time: 223.961098 seconds; average write time: 44.792220 seconds.
Total read time: 644.333648; average read time: 128.866730
Total time: 868.294746, total average time: 86.829475

[2022-12-14T11:42:55] Child[85463]:
Total write time: 515.920762 seconds; average write time: 103.184152 seconds.
Total read time: 350.221147; average read time: 70.044229
Total time: 866.141909, total average time: 86.614191

[2022-12-14T11:42:57] Child[86254]:
Total write time: 564.139988 seconds; average write time: 112.827998 seconds.
Total read time: 302.925013; average read time: 60.585003
Total time: 867.065001, total average time: 86.706500

[2022-12-14T11:42:57] Child[86040]:
Total write time: 669.581738 seconds; average write time: 111.596956 seconds.
Total read time: 196.714876; average read time: 49.178719
Total time: 866.296614, total average time: 86.629661

[2022-12-14T11:42:58] Child[86158]:
Total write time: 281.177176 seconds; average write time: 93.725725 seconds.
Total read time: 586.159409; average read time: 83.737058
Total time: 867.336585, total average time: 86.733659

[2022-12-14T11:42:58] Child[86160]:
Total write time: 777.955679 seconds; average write time: 97.244460 seconds.
Total read time: 93.598324; average read time: 46.799162
Total time: 871.554003, total average time: 87.155400

[2022-12-14T11:42:59] Child[85890]:
Total write time: 698.474008 seconds; average write time: 139.694802 seconds.
Total read time: 172.753052; average read time: 34.550610
Total time: 871.227060, total average time: 87.122706

[2022-12-14T11:43:00] Child[85344]:
Total write time: 460.411262 seconds; average write time: 153.470421 seconds.
Total read time: 410.628145; average read time: 58.661164
Total time: 871.039407, total average time: 87.103941

[2022-12-14T11:43:00] Child[86299]:
Total write time: 692.731756 seconds; average write time: 138.546351 seconds.
Total read time: 177.233623; average read time: 35.446725
Total time: 869.965379, total average time: 86.996538

[2022-12-14T11:43:01] Child[85185]:
Total write time: 382.910540 seconds; average write time: 127.636847 seconds.
Total read time: 487.680186; average read time: 69.668598
Total time: 870.590726, total average time: 87.059073

[2022-12-14T11:43:01] Child[85378]:
Total write time: 596.812686 seconds; average write time: 149.203171 seconds.
Total read time: 275.706995; average read time: 45.951166
Total time: 872.519681, total average time: 87.251968

[2022-12-14T11:43:01] Child[85848]:
Total write time: 627.061875 seconds; average write time: 313.530937 seconds.
Total read time: 245.395501; average read time: 30.674438
Total time: 872.457376, total average time: 87.245738

[2022-12-14T11:43:02] Child[85984]:
Total write time: 683.871182 seconds; average write time: 136.774236 seconds.
Total read time: 192.970178; average read time: 38.594036
Total time: 876.841360, total average time: 87.684136

[2022-12-14T11:43:03] Child[84907]:
Total write time: 466.214876 seconds; average write time: 116.553719 seconds.
Total read time: 408.181063; average read time: 68.030177
Total time: 874.395939, total average time: 87.439594

[2022-12-14T11:43:04] Child[85150]:
Total write time: 854.145910 seconds; average write time: 106.768239 seconds.
Total read time: 22.710458; average read time: 11.355229
Total time: 876.856368, total average time: 87.685637

[2022-12-14T11:43:05] Child[84734]:
Total write time: 296.779979 seconds; average write time: 148.389990 seconds.
Total read time: 582.605492; average read time: 72.825687
Total time: 879.385471, total average time: 87.938547

[2022-12-14T11:43:05] Child[85020]:
Total write time: 336.368085 seconds; average write time: 112.122695 seconds.
Total read time: 540.452205; average read time: 77.207458
Total time: 876.820290, total average time: 87.682029

[2022-12-14T11:43:06] Child[84539]:
Total write time: 270.998449 seconds; average write time: 90.332816 seconds.
Total read time: 606.600130; average read time: 86.657161
Total time: 877.598579, total average time: 87.759858

[2022-12-14T11:43:07] Child[85646]:
Total write time: 764.541725 seconds; average write time: 109.220246 seconds.
Total read time: 113.481801; average read time: 37.827267
Total time: 878.023526, total average time: 87.802353

[2022-12-14T11:43:08] Child[86369]:
Total write time: 447.866150 seconds; average write time: 74.644358 seconds.
Total read time: 434.083443; average read time: 108.520861
Total time: 881.949593, total average time: 88.194959

[2022-12-14T11:43:08] Child[85221]:
Total write time: 347.347281 seconds; average write time: 115.782427 seconds.
Total read time: 530.698502; average read time: 75.814072
Total time: 878.045783, total average time: 87.804578

[2022-12-14T11:43:09] Child[86187]:
Total write time: 528.328346 seconds; average write time: 75.475478 seconds.
Total read time: 348.348098; average read time: 116.116033
Total time: 876.676444, total average time: 87.667644

[2022-12-14T11:43:09] Child[86161]:
Total write time: 646.403766 seconds; average write time: 92.343395 seconds.
Total read time: 235.778273; average read time: 78.592758
Total time: 882.182039, total average time: 88.218204

[2022-12-14T11:43:10] Child[85204]:
Total write time: 318.754202 seconds; average write time: 79.688551 seconds.
Total read time: 562.928834; average read time: 93.821472
Total time: 881.683036, total average time: 88.168304

[2022-12-14T11:43:11] Child[85445]:
Total write time: 670.342759 seconds; average write time: 134.068552 seconds.
Total read time: 213.196460; average read time: 42.639292
Total time: 883.539219, total average time: 88.353922

[2022-12-14T11:43:12] Child[84453]:
Total write time: 727.817564 seconds; average write time: 103.973938 seconds.
Total read time: 157.098693; average read time: 52.366231
Total time: 884.916257, total average time: 88.491626

[2022-12-14T11:43:13] Child[84530]:
Total write time: 410.896037 seconds; average write time: 136.965346 seconds.
Total read time: 471.675239; average read time: 67.382177
Total time: 882.571276, total average time: 88.257128

[2022-12-14T11:43:15] Child[84460]:
Total write time: 621.937991 seconds; average write time: 124.387598 seconds.
Total read time: 264.134708; average read time: 52.826942
Total time: 886.072699, total average time: 88.607270

[2022-12-14T11:43:15] Child[84915]:
Total write time: 506.235848 seconds; average write time: 253.117924 seconds.
Total read time: 380.732998; average read time: 47.591625
Total time: 886.968846, total average time: 88.696885

[2022-12-14T11:43:17] Child[85863]:
Total write time: 804.669055 seconds; average write time: 201.167264 seconds.
Total read time: 84.868233; average read time: 14.144706
Total time: 889.537288, total average time: 88.953729

[2022-12-14T11:43:18] Child[84721]:
Total write time: 356.412815 seconds; average write time: 178.206408 seconds.
Total read time: 529.421465; average read time: 66.177683
Total time: 885.834280, total average time: 88.583428

[2022-12-14T11:43:18] Child[85417]:
Total write time: 599.277287 seconds; average write time: 199.759096 seconds.
Total read time: 287.945968; average read time: 41.135138
Total time: 887.223255, total average time: 88.722325

[2022-12-14T11:43:18] Child[84764]:
Total write time: 328.611790 seconds; average write time: 109.537263 seconds.
Total read time: 560.796452; average read time: 80.113779
Total time: 889.408242, total average time: 88.940824

[2022-12-14T11:43:19] Child[84791]:
Total write time: 630.147008 seconds; average write time: 105.024501 seconds.
Total read time: 261.751171; average read time: 65.437793
Total time: 891.898179, total average time: 89.189818

[2022-12-14T11:43:21] Child[85816]:
Total write time: 538.030921 seconds; average write time: 134.507730 seconds.
Total read time: 351.190016; average read time: 58.531669
Total time: 889.220937, total average time: 88.922094

[2022-12-14T11:43:23] Child[85474]:
Total write time: 788.880115 seconds; average write time: 112.697159 seconds.
Total read time: 109.221762; average read time: 36.407254
Total time: 898.101877, total average time: 89.810188

[2022-12-14T11:43:24] Child[85958]:
Total write time: 451.241355 seconds; average write time: 150.413785 seconds.
Total read time: 442.806292; average read time: 63.258042
Total time: 894.047647, total average time: 89.404765

[2022-12-14T11:43:24] Child[85670]:
Total write time: 841.286647 seconds; average write time: 140.214441 seconds.
Total read time: 52.515368; average read time: 13.128842
Total time: 893.802015, total average time: 89.380201

[2022-12-14T11:43:26] Child[86314]:
Total write time: 307.769813 seconds; average write time: 153.884906 seconds.
Total read time: 592.540340; average read time: 74.067543
Total time: 900.310153, total average time: 90.031015

[2022-12-14T11:43:28] Child[86283]:
Total write time: 743.609364 seconds; average write time: 92.951171 seconds.
Total read time: 154.442180; average read time: 77.221090
Total time: 898.051544, total average time: 89.805154

[2022-12-14T11:43:28] Child[85201]:
Total write time: 760.784196 seconds; average write time: 190.196049 seconds.
Total read time: 140.951471; average read time: 23.491912
Total time: 901.735667, total average time: 90.173567

[2022-12-14T11:43:30] Child[85490]:
Total write time: 606.836585 seconds; average write time: 202.278862 seconds.
Total read time: 294.183815; average read time: 42.026259
Total time: 901.020400, total average time: 90.102040

[2022-12-14T11:43:31] Child[84577]:
Total write time: 211.173439 seconds; average write time: 105.586720 seconds.
Total read time: 696.529122; average read time: 87.066140
Total time: 907.702561, total average time: 90.770256

[2022-12-14T11:43:33] Child[85931]:
Total write time: 177.715856 seconds; average write time: 59.238619 seconds.
Total read time: 728.385641; average read time: 104.055092
Total time: 906.101497, total average time: 90.610150

[2022-12-14T11:43:35] Child[84417]:
Total write time: 548.577961 seconds; average write time: 137.144490 seconds.
Total read time: 356.883074; average read time: 59.480512
Total time: 905.461035, total average time: 90.546104

[2022-12-14T11:43:35] Child[85011]:
Total write time: 513.464219 seconds; average write time: 171.154740 seconds.
Total read time: 394.353103; average read time: 56.336158
Total time: 907.817322, total average time: 90.781732

[2022-12-14T11:43:36] Child[85112]:
Total write time: 427.755948 seconds; average write time: 142.585316 seconds.
Total read time: 482.893465; average read time: 68.984781
Total time: 910.649413, total average time: 91.064941

[2022-12-14T11:43:36] Child[84444]:
Total write time: 662.377712 seconds; average write time: 220.792571 seconds.
Total read time: 243.820106; average read time: 34.831444
Total time: 906.197818, total average time: 90.619782

[2022-12-14T11:43:38] Child[86307]:
Total write time: 793.523905 seconds; average write time: 132.253984 seconds.
Total read time: 116.861255; average read time: 29.215314
Total time: 910.385160, total average time: 91.038516

[2022-12-14T11:43:38] Child[84631]:
Total write time: 344.087555 seconds; average write time: 86.021889 seconds.
Total read time: 566.788643; average read time: 94.464774
Total time: 910.876198, total average time: 91.087620

[2022-12-14T11:43:39] Child[84386]:
Total write time: 745.344799 seconds; average write time: 248.448266 seconds.
Total read time: 164.793832; average read time: 23.541976
Total time: 910.138631, total average time: 91.013863

[2022-12-14T11:43:39] Child[85271]:
Total write time: 588.740392 seconds; average write time: 147.185098 seconds.
Total read time: 321.446421; average read time: 53.574404
Total time: 910.186813, total average time: 91.018681

[2022-12-14T11:43:39] Child[84544]:
Total write time: 825.434099 seconds; average write time: 117.919157 seconds.
Total read time: 86.337336; average read time: 28.779112
Total time: 911.771435, total average time: 91.177143

[2022-12-14T11:43:43] Child[86062]:
Total write time: 466.777781 seconds; average write time: 155.592594 seconds.
Total read time: 447.575401; average read time: 63.939343
Total time: 914.353182, total average time: 91.435318

[2022-12-14T11:43:43] Child[84522]:
Total write time: 510.186467 seconds; average write time: 127.546617 seconds.
Total read time: 404.175764; average read time: 67.362627
Total time: 914.362231, total average time: 91.436223

[2022-12-14T11:43:43] Child[85760]:
Total write time: 748.485320 seconds; average write time: 149.697064 seconds.
Total read time: 163.266040; average read time: 32.653208
Total time: 911.751360, total average time: 91.175136

[2022-12-14T11:43:44] Child[84829]:
Total write time: 162.614642 seconds; average write time: 54.204881 seconds.
Total read time: 754.390780; average read time: 107.770111
Total time: 917.005422, total average time: 91.700542

[2022-12-14T11:43:44] Child[84981]:
Total write time: 762.034691 seconds; average write time: 152.406938 seconds.
Total read time: 155.422691; average read time: 31.084538
Total time: 917.457382, total average time: 91.745738

[2022-12-14T11:43:46] Child[84909]:
Total write time: 811.437601 seconds; average write time: 162.287520 seconds.
Total read time: 102.938632; average read time: 20.587726
Total time: 914.376233, total average time: 91.437623

[2022-12-14T11:43:47] Child[84630]:
Total write time: 627.407671 seconds; average write time: 209.135890 seconds.
Total read time: 290.673421; average read time: 41.524774
Total time: 918.081092, total average time: 91.808109

[2022-12-14T11:43:48] Child[85285]:
Total write time: 538.956165 seconds; average write time: 134.739041 seconds.
Total read time: 381.207720; average read time: 63.534620
Total time: 920.163885, total average time: 92.016389

[2022-12-14T11:43:48] Child[85500]:
Total write time: 402.038512 seconds; average write time: 134.012837 seconds.
Total read time: 516.155392; average read time: 73.736485
Total time: 918.193904, total average time: 91.819390

[2022-12-14T11:43:50] Child[84789]:
Total write time: 224.720315 seconds; average write time: 112.360157 seconds.
Total read time: 698.398786; average read time: 87.299848
Total time: 923.119101, total average time: 92.311910

[2022-12-14T11:43:51] Child[86288]:
Total write time: 581.948041 seconds; average write time: 116.389608 seconds.
Total read time: 341.524669; average read time: 68.304934
Total time: 923.472710, total average time: 92.347271

[2022-12-14T11:43:52] Child[84716]:
Total write time: 744.061827 seconds; average write time: 186.015457 seconds.
Total read time: 182.095549; average read time: 30.349258
Total time: 926.157376, total average time: 92.615738

[2022-12-14T11:43:54] Child[84766]:
Total write time: 711.512727 seconds; average write time: 177.878182 seconds.
Total read time: 212.910397; average read time: 35.485066
Total time: 924.423124, total average time: 92.442312

[2022-12-14T11:43:55] Child[85857]:
Total write time: 486.983976 seconds; average write time: 162.327992 seconds.
Total read time: 436.861728; average read time: 62.408818
Total time: 923.845704, total average time: 92.384570

[2022-12-14T11:43:55] Child[85130]:
Total write time: 407.408731 seconds; average write time: 101.852183 seconds.
Total read time: 517.704692; average read time: 86.284115
Total time: 925.113423, total average time: 92.511342

[2022-12-14T11:43:55] Child[85521]:
Total write time: 567.769593 seconds; average write time: 141.942398 seconds.
Total read time: 357.515044; average read time: 59.585841
Total time: 925.284637, total average time: 92.528464

[2022-12-14T11:43:56] Child[84632]:
Total write time: 179.912031 seconds; average write time: 59.970677 seconds.
Total read time: 748.168820; average read time: 106.881260
Total time: 928.080851, total average time: 92.808085

[2022-12-14T11:43:56] Child[85663]:
Total write time: 861.315639 seconds; average write time: 123.045091 seconds.
Total read time: 66.761316; average read time: 22.253772
Total time: 928.076955, total average time: 92.807695

[2022-12-14T11:43:57] Child[84752]:
Total write time: 450.074837 seconds; average write time: 64.296405 seconds.
Total read time: 476.815122; average read time: 158.938374
Total time: 926.889959, total average time: 92.688996

[2022-12-14T11:43:57] Child[85676]:
Total write time: 382.440588 seconds; average write time: 191.220294 seconds.
Total read time: 544.540887; average read time: 68.067611
Total time: 926.981475, total average time: 92.698148

[2022-12-14T11:43:57] Child[85429]:
Total write time: 454.215013 seconds; average write time: 151.405004 seconds.
Total read time: 472.273550; average read time: 67.467650
Total time: 926.488563, total average time: 92.648856

[2022-12-14T11:44:01] Child[86022]:
Total write time: 431.688328 seconds; average write time: 143.896109 seconds.
Total read time: 500.050040; average read time: 71.435720
Total time: 931.738368, total average time: 93.173837

[2022-12-14T11:44:02] Child[85675]:
Total write time: 754.778680 seconds; average write time: 150.955736 seconds.
Total read time: 179.768070; average read time: 35.953614
Total time: 934.546750, total average time: 93.454675

[2022-12-14T11:44:04] Child[84509]:
Total write time: 626.501323 seconds; average write time: 104.416887 seconds.
Total read time: 303.575323; average read time: 75.893831
Total time: 930.076646, total average time: 93.007665

[2022-12-14T11:44:04] Child[84984]:
Total write time: 872.594430 seconds; average write time: 124.656347 seconds.
Total read time: 66.454566; average read time: 22.151522
Total time: 939.048996, total average time: 93.904900

[2022-12-14T11:44:04] Child[86227]:
Total write time: 754.555038 seconds; average write time: 150.911008 seconds.
Total read time: 178.178510; average read time: 35.635702
Total time: 932.733548, total average time: 93.273355

[2022-12-14T11:44:07] Child[85460]:
Total write time: 801.901574 seconds; average write time: 100.237697 seconds.
Total read time: 138.716982; average read time: 69.358491
Total time: 940.618556, total average time: 94.061856

[2022-12-14T11:44:07] Child[84728]:
Total write time: 748.629003 seconds; average write time: 149.725801 seconds.
Total read time: 191.805233; average read time: 38.361047
Total time: 940.434236, total average time: 94.043424

[2022-12-14T11:44:08] Child[86145]:
Total write time: 523.393260 seconds; average write time: 174.464420 seconds.
Total read time: 414.096215; average read time: 59.156602
Total time: 937.489475, total average time: 93.748947

[2022-12-14T11:44:09] Child[85346]:
Total write time: 121.317840 seconds; average write time: 60.658920 seconds.
Total read time: 822.227372; average read time: 102.778421
Total time: 943.545212, total average time: 94.354521

[2022-12-14T11:44:09] Child[85913]:
Total write time: 840.108715 seconds; average write time: 140.018119 seconds.
Total read time: 101.074725; average read time: 25.268681
Total time: 941.183440, total average time: 94.118344

[2022-12-14T11:44:10] Child[86214]:
Total write time: 696.679284 seconds; average write time: 232.226428 seconds.
Total read time: 242.392801; average read time: 34.627543
Total time: 939.072085, total average time: 93.907208

[2022-12-14T11:44:11] Child[84996]:
Total write time: 797.565416 seconds; average write time: 265.855139 seconds.
Total read time: 144.010103; average read time: 20.572872
Total time: 941.575519, total average time: 94.157552

[2022-12-14T11:44:11] Child[84846]:
Total write time: 537.422431 seconds; average write time: 179.140810 seconds.
Total read time: 401.390761; average read time: 57.341537
Total time: 938.813192, total average time: 93.881319

[2022-12-14T11:44:12] Child[85897]:
Total write time: 253.114266 seconds; average write time: 63.278566 seconds.
Total read time: 688.976788; average read time: 114.829465
Total time: 942.091054, total average time: 94.209105

[2022-12-14T11:44:12] Child[85964]:
Total write time: 433.187638 seconds; average write time: 108.296909 seconds.
Total read time: 508.660373; average read time: 84.776729
Total time: 941.848011, total average time: 94.184801

[2022-12-14T11:44:13] Child[85297]:
Total write time: 617.039843 seconds; average write time: 88.148549 seconds.
Total read time: 326.879350; average read time: 108.959783
Total time: 943.919193, total average time: 94.391919

[2022-12-14T11:44:14] Child[86333]:
Total write time: 583.868394 seconds; average write time: 145.967098 seconds.
Total read time: 361.030584; average read time: 60.171764
Total time: 944.898978, total average time: 94.489898

[2022-12-14T11:44:14] Child[85791]:
Total write time: 764.198675 seconds; average write time: 127.366446 seconds.
Total read time: 182.067153; average read time: 45.516788
Total time: 946.265828, total average time: 94.626583

[2022-12-14T11:44:14] Child[84414]:
Total write time: 856.465803 seconds; average write time: 142.744301 seconds.
Total read time: 89.019228; average read time: 22.254807
Total time: 945.485031, total average time: 94.548503

[2022-12-14T11:44:14] Child[85717]:
Total write time: 517.421090 seconds; average write time: 129.355273 seconds.
Total read time: 427.482877; average read time: 71.247146
Total time: 944.903967, total average time: 94.490397

[2022-12-14T11:44:15] Child[86166]:
Total write time: 689.414631 seconds; average write time: 137.882926 seconds.
Total read time: 256.686067; average read time: 51.337213
Total time: 946.100698, total average time: 94.610070

[2022-12-14T11:44:15] Child[84474]:
Total write time: 494.437813 seconds; average write time: 164.812604 seconds.
Total read time: 452.877539; average read time: 64.696791
Total time: 947.315352, total average time: 94.731535

[2022-12-14T11:44:15] Child[84748]:
Total write time: 721.666724 seconds; average write time: 180.416681 seconds.
Total read time: 224.869995; average read time: 37.478333
Total time: 946.536719, total average time: 94.653672

[2022-12-14T11:44:17] Child[85182]:
Total write time: 882.157857 seconds; average write time: 147.026309 seconds.
Total read time: 67.368651; average read time: 16.842163
Total time: 949.526508, total average time: 94.952651

[2022-12-14T11:44:19] Child[86456]:
Total write time: 429.933538 seconds; average write time: 107.483384 seconds.
Total read time: 521.709942; average read time: 86.951657
Total time: 951.643480, total average time: 95.164348

[2022-12-14T11:44:19] Child[84667]:
Total write time: 898.700971 seconds; average write time: 128.385853 seconds.
Total read time: 50.200798; average read time: 16.733599
Total time: 948.901769, total average time: 94.890177

[2022-12-14T11:44:19] Child[85234]:
Total write time: 269.772432 seconds; average write time: 67.443108 seconds.
Total read time: 678.203941; average read time: 113.033990
Total time: 947.976373, total average time: 94.797637

[2022-12-14T11:44:20] Child[86417]:
Total write time: 81.302702 seconds; average write time: 81.302702 seconds.
Total read time: 871.921530; average read time: 96.880170
Total time: 953.224232, total average time: 95.322423

[2022-12-14T11:44:20] Child[86039]:
Total write time: 706.959168 seconds; average write time: 235.653056 seconds.
Total read time: 242.839057; average read time: 34.691294
Total time: 949.798225, total average time: 94.979822

[2022-12-14T11:44:21] Child[85508]:
Total write time: 775.301779 seconds; average write time: 193.825445 seconds.
Total read time: 177.500306; average read time: 29.583384
Total time: 952.802085, total average time: 95.280209

[2022-12-14T11:44:21] Child[85190]:
Total write time: 780.597989 seconds; average write time: 156.119598 seconds.
Total read time: 172.888082; average read time: 34.577616
Total time: 953.486071, total average time: 95.348607

[2022-12-14T11:44:21] Child[85654]:
Total write time: 718.525121 seconds; average write time: 179.631280 seconds.
Total read time: 233.171692; average read time: 38.861949
Total time: 951.696813, total average time: 95.169681

[2022-12-14T11:44:23] Child[84558]:
Total write time: 589.848248 seconds; average write time: 294.924124 seconds.
Total read time: 360.281933; average read time: 45.035242
Total time: 950.130181, total average time: 95.013018

[2022-12-14T11:44:24] Child[86402]:
Total write time: 748.805740 seconds; average write time: 187.201435 seconds.
Total read time: 205.686715; average read time: 34.281119
Total time: 954.492455, total average time: 95.449246

[2022-12-14T11:44:24] Child[84920]:
Total write time: 571.414746 seconds; average write time: 190.471582 seconds.
Total read time: 388.043913; average read time: 55.434845
Total time: 959.458659, total average time: 95.945866

[2022-12-14T11:44:24] Child[85052]:
Total write time: 543.625662 seconds; average write time: 108.725132 seconds.
Total read time: 404.803991; average read time: 80.960798
Total time: 948.429653, total average time: 94.842965

[2022-12-14T11:44:25] Child[85091]:
Total write time: 437.554720 seconds; average write time: 72.925787 seconds.
Total read time: 518.505955; average read time: 129.626489
Total time: 956.060675, total average time: 95.606067

[2022-12-14T11:44:25] Child[84423]:
Total write time: 911.050016 seconds; average write time: 113.881252 seconds.
Total read time: 44.355359; average read time: 22.177679
Total time: 955.405375, total average time: 95.540537

[2022-12-14T11:44:27] Child[85295]:
Total write time: 416.975802 seconds; average write time: 83.395160 seconds.
Total read time: 544.031113; average read time: 108.806223
Total time: 961.006915, total average time: 96.100691

[2022-12-14T11:44:27] Child[85317]:
Total write time: 821.436551 seconds; average write time: 164.287310 seconds.
Total read time: 135.769494; average read time: 27.153899
Total time: 957.206045, total average time: 95.720604

[2022-12-14T11:44:28] Child[85613]:
Total write time: 473.844335 seconds; average write time: 118.461084 seconds.
Total read time: 487.013729; average read time: 81.168955
Total time: 960.858064, total average time: 96.085806

[2022-12-14T11:44:31] Child[85925]:
Total write time: 650.797916 seconds; average write time: 216.932639 seconds.
Total read time: 309.909730; average read time: 44.272819
Total time: 960.707646, total average time: 96.070765

[2022-12-14T11:44:33] Child[85605]:
Total write time: 415.018130 seconds; average write time: 69.169688 seconds.
Total read time: 549.071586; average read time: 137.267897
Total time: 964.089716, total average time: 96.408972

[2022-12-14T11:44:33] Child[85077]:
Total write time: 901.335557 seconds; average write time: 128.762222 seconds.
Total read time: 64.378522; average read time: 21.459507
Total time: 965.714079, total average time: 96.571408

[2022-12-14T11:44:36] Child[86259]:
Total write time: 493.564894 seconds; average write time: 98.712979 seconds.
Total read time: 475.710401; average read time: 95.142080
Total time: 969.275295, total average time: 96.927530

[2022-12-14T11:44:36] Child[85515]:
Total write time: 708.305355 seconds; average write time: 118.050893 seconds.
Total read time: 260.348770; average read time: 65.087193
Total time: 968.654125, total average time: 96.865413

[2022-12-14T11:44:36] Child[84956]:
Total write time: 535.324423 seconds; average write time: 107.064885 seconds.
Total read time: 430.664992; average read time: 86.132998
Total time: 965.989415, total average time: 96.598941

[2022-12-14T11:44:37] Child[85437]:
Total write time: 833.233080 seconds; average write time: 208.308270 seconds.
Total read time: 136.883189; average read time: 22.813865
Total time: 970.116269, total average time: 97.011627

[2022-12-14T11:44:41] Child[84848]:
Total write time: 700.194246 seconds; average write time: 140.038849 seconds.
Total read time: 266.999410; average read time: 53.399882
Total time: 967.193656, total average time: 96.719366

[2022-12-14T11:44:42] Child[85752]:
Total write time: 833.148970 seconds; average write time: 138.858162 seconds.
Total read time: 141.486670; average read time: 35.371668
Total time: 974.635640, total average time: 97.463564

[2022-12-14T11:44:43] Child[86129]:
Total write time: 871.694501 seconds; average write time: 145.282417 seconds.
Total read time: 101.233601; average read time: 25.308400
Total time: 972.928102, total average time: 97.292810

[2022-12-14T11:44:43] Child[86229]:
Total write time: 651.798319 seconds; average write time: 217.266106 seconds.
Total read time: 318.917996; average read time: 45.559714
Total time: 970.716315, total average time: 97.071631

[2022-12-14T11:44:44] Child[84391]:
Total write time: 693.577365 seconds; average write time: 231.192455 seconds.
Total read time: 281.908837; average read time: 40.272691
Total time: 975.486202, total average time: 97.548620

[2022-12-14T11:44:46] Child[85307]:
Total write time: 587.925871 seconds; average write time: 195.975290 seconds.
Total read time: 391.513472; average read time: 55.930496
Total time: 979.439343, total average time: 97.943934

[2022-12-14T11:44:46] Child[86234]:
Total write time: 423.166929 seconds; average write time: 105.791732 seconds.
Total read time: 556.675034; average read time: 92.779172
Total time: 979.841963, total average time: 97.984196

[2022-12-14T11:44:48] Child[85684]:
Total write time: 289.257234 seconds; average write time: 72.314308 seconds.
Total read time: 688.497168; average read time: 114.749528
Total time: 977.754402, total average time: 97.775440

[2022-12-14T11:44:48] Child[86086]:
Total write time: 886.075800 seconds; average write time: 295.358600 seconds.
Total read time: 94.394239; average read time: 13.484891
Total time: 980.470039, total average time: 98.047004

[2022-12-14T11:44:48] Child[85561]:
Total write time: 372.848835 seconds; average write time: 74.569767 seconds.
Total read time: 608.797138; average read time: 121.759428
Total time: 981.645973, total average time: 98.164597

[2022-12-14T11:44:48] Child[85800]:
Total write time: 379.053447 seconds; average write time: 94.763362 seconds.
Total read time: 596.044382; average read time: 99.340730
Total time: 975.097829, total average time: 97.509783

[2022-12-14T11:44:49] Child[86406]:
Total write time: 742.188311 seconds; average write time: 106.026902 seconds.
Total read time: 238.028530; average read time: 79.342843
Total time: 980.216841, total average time: 98.021684

[2022-12-14T11:44:50] Child[84817]:
Total write time: 649.572185 seconds; average write time: 162.393046 seconds.
Total read time: 332.335549; average read time: 55.389258
Total time: 981.907734, total average time: 98.190773

[2022-12-14T11:44:51] Child[85300]:
Total write time: 791.515944 seconds; average write time: 131.919324 seconds.
Total read time: 191.737945; average read time: 47.934486
Total time: 983.253889, total average time: 98.325389

[2022-12-14T11:44:51] Child[84563]:
Total write time: 559.465740 seconds; average write time: 186.488580 seconds.
Total read time: 424.620922; average read time: 60.660132
Total time: 984.086662, total average time: 98.408666

[2022-12-14T11:44:52] Child[84432]:
Total write time: 527.312611 seconds; average write time: 131.828153 seconds.
Total read time: 457.685696; average read time: 76.280949
Total time: 984.998307, total average time: 98.499831

[2022-12-14T11:44:52] Child[85709]:
Total write time: 604.635206 seconds; average write time: 151.158802 seconds.
Total read time: 380.302392; average read time: 63.383732
Total time: 984.937598, total average time: 98.493760

[2022-12-14T11:44:52] Child[85217]:
Total write time: 690.880832 seconds; average write time: 230.293611 seconds.
Total read time: 290.607658; average read time: 41.515380
Total time: 981.488490, total average time: 98.148849

[2022-12-14T11:44:52] Child[86216]:
Total write time: 817.958750 seconds; average write time: 163.591750 seconds.
Total read time: 169.348352; average read time: 33.869670
Total time: 987.307102, total average time: 98.730710

[2022-12-14T11:44:53] Child[85479]:
Total write time: 982.573119 seconds; average write time: 109.174791 seconds.
Total read time: 0.778010; average read time: 0.778010
Total time: 983.351129, total average time: 98.335113

[2022-12-14T11:44:53] Child[85389]:
Total write time: 118.590165 seconds; average write time: 59.295082 seconds.
Total read time: 865.837932; average read time: 108.229742
Total time: 984.428097, total average time: 98.442810

[2022-12-14T11:44:54] Child[85765]:
Total write time: 667.634647 seconds; average write time: 111.272441 seconds.
Total read time: 317.538050; average read time: 79.384512
Total time: 985.172697, total average time: 98.517270

[2022-12-14T11:44:55] Child[85696]:
Total write time: 810.453786 seconds; average write time: 162.090757 seconds.
Total read time: 176.460106; average read time: 35.292021
Total time: 986.913892, total average time: 98.691389

[2022-12-14T11:44:55] Child[85572]:
Total write time: 615.889838 seconds; average write time: 123.177968 seconds.
Total read time: 365.890101; average read time: 73.178020
Total time: 981.779939, total average time: 98.177994

[2022-12-14T11:44:56] Child[85298]:
Total write time: 213.194043 seconds; average write time: 106.597021 seconds.
Total read time: 772.065179; average read time: 96.508147
Total time: 985.259222, total average time: 98.525922

[2022-12-14T11:44:56] Child[85444]:
Total write time: 445.893081 seconds; average write time: 148.631027 seconds.
Total read time: 545.141112; average read time: 77.877302
Total time: 991.034193, total average time: 99.103419

[2022-12-14T11:44:56] Child[85323]:
Total write time: 663.769353 seconds; average write time: 132.753871 seconds.
Total read time: 325.951130; average read time: 65.190226
Total time: 989.720483, total average time: 98.972048

[2022-12-14T11:44:57] Child[84747]:
Total write time: 626.563014 seconds; average write time: 125.312603 seconds.
Total read time: 363.593107; average read time: 72.718621
Total time: 990.156121, total average time: 99.015612

[2022-12-14T11:44:58] Child[86346]:
Total write time: 570.601834 seconds; average write time: 95.100306 seconds.
Total read time: 416.858622; average read time: 104.214656
Total time: 987.460456, total average time: 98.746046

[2022-12-14T11:44:59] Child[84492]:
Total write time: 307.181048 seconds; average write time: 76.795262 seconds.
Total read time: 685.373380; average read time: 114.228897
Total time: 992.554428, total average time: 99.255443

[2022-12-14T11:45:00] Child[84883]:
Total write time: 500.714799 seconds; average write time: 100.142960 seconds.
Total read time: 488.889974; average read time: 97.777995
Total time: 989.604773, total average time: 98.960477

[2022-12-14T11:45:01] Child[85220]:
Total write time: 439.343379 seconds; average write time: 146.447793 seconds.
Total read time: 555.562248; average read time: 79.366035
Total time: 994.905627, total average time: 99.490563

[2022-12-14T11:45:02] Child[85780]:
Total write time: 712.161701 seconds; average write time: 178.040425 seconds.
Total read time: 279.947512; average read time: 46.657919
Total time: 992.109213, total average time: 99.210921

[2022-12-14T11:45:02] Child[86025]:
Total write time: 771.118019 seconds; average write time: 128.519670 seconds.
Total read time: 221.878512; average read time: 55.469628
Total time: 992.996531, total average time: 99.299653

[2022-12-14T11:45:02] Child[85442]:
Total write time: 776.794729 seconds; average write time: 155.358946 seconds.
Total read time: 222.055035; average read time: 44.411007
Total time: 998.849764, total average time: 99.884976

[2022-12-14T11:45:02] Child[84891]:
Total write time: 700.989927 seconds; average write time: 175.247482 seconds.
Total read time: 293.036771; average read time: 48.839462
Total time: 994.026698, total average time: 99.402670

[2022-12-14T11:45:02] Child[85983]:
Total write time: 736.442806 seconds; average write time: 105.206115 seconds.
Total read time: 257.566941; average read time: 85.855647
Total time: 994.009747, total average time: 99.400975

[2022-12-14T11:45:03] Child[85833]:
Total write time: 380.056569 seconds; average write time: 126.685523 seconds.
Total read time: 615.503238; average read time: 87.929034
Total time: 995.559807, total average time: 99.555981

[2022-12-14T11:45:04] Child[85824]:
Total write time: 619.780396 seconds; average write time: 103.296733 seconds.
Total read time: 376.369488; average read time: 94.092372
Total time: 996.149884, total average time: 99.614988

[2022-12-14T11:45:05] Child[84831]:
Total write time: 819.617704 seconds; average write time: 136.602951 seconds.
Total read time: 177.721131; average read time: 44.430283
Total time: 997.338835, total average time: 99.733884

[2022-12-14T11:45:05] Child[85143]:
Total write time: 418.646711 seconds; average write time: 139.548904 seconds.
Total read time: 577.096075; average read time: 82.442296
Total time: 995.742786, total average time: 99.574279

[2022-12-14T11:45:06] Child[84726]:
Total write time: 455.241645 seconds; average write time: 151.747215 seconds.
Total read time: 542.097054; average read time: 77.442436
Total time: 997.338699, total average time: 99.733870

[2022-12-14T11:45:06] Child[84400]:
Total write time: 658.902617 seconds; average write time: 219.634206 seconds.
Total read time: 338.877525; average read time: 48.411075
Total time: 997.780142, total average time: 99.778014

[2022-12-14T11:45:08] Child[85475]:
Total write time: 726.483670 seconds; average write time: 145.296734 seconds.
Total read time: 272.784180; average read time: 54.556836
Total time: 999.267850, total average time: 99.926785

[2022-12-14T11:45:08] Child[85960]:
Total write time: 352.197629 seconds; average write time: 117.399210 seconds.
Total read time: 645.649058; average read time: 92.235580
Total time: 997.846687, total average time: 99.784669

[2022-12-14T11:45:08] Child[85809]:
Total write time: 718.941741 seconds; average write time: 143.788348 seconds.
Total read time: 280.822351; average read time: 56.164470
Total time: 999.764092, total average time: 99.976409

[2022-12-14T11:45:08] Child[85038]:
Total write time: 760.532094 seconds; average write time: 190.133024 seconds.
Total read time: 235.273426; average read time: 39.212238
Total time: 995.805520, total average time: 99.580552

[2022-12-14T11:45:08] Child[86050]:
Total write time: 768.292480 seconds; average write time: 153.658496 seconds.
Total read time: 231.077063; average read time: 46.215413
Total time: 999.369543, total average time: 99.936954

[2022-12-14T11:45:10] Child[85505]:
Total write time: 496.433079 seconds; average write time: 99.286616 seconds.
Total read time: 506.226662; average read time: 101.245332
Total time: 1002.659741, total average time: 100.265974

[2022-12-14T11:45:10] Child[85743]:
Total write time: 768.222368 seconds; average write time: 109.746053 seconds.
Total read time: 230.525662; average read time: 76.841887
Total time: 998.748030, total average time: 99.874803

[2022-12-14T11:45:11] Child[86000]:
Total write time: 704.992660 seconds; average write time: 100.713237 seconds.
Total read time: 297.305217; average read time: 99.101739
Total time: 1002.297877, total average time: 100.229788

[2022-12-14T11:45:12] Child[86101]:
Total write time: 680.990234 seconds; average write time: 136.198047 seconds.
Total read time: 322.844006; average read time: 64.568801
Total time: 1003.834240, total average time: 100.383424

[2022-12-14T11:45:12] Child[84399]:
Total write time: 558.595278 seconds; average write time: 139.648820 seconds.
Total read time: 445.640530; average read time: 74.273422
Total time: 1004.235808, total average time: 100.423581

[2022-12-14T11:45:12] Child[84965]:
Total write time: 720.196435 seconds; average write time: 120.032739 seconds.
Total read time: 285.095443; average read time: 71.273861
Total time: 1005.291878, total average time: 100.529188

[2022-12-14T11:45:13] Child[86392]:
Total write time: 542.224449 seconds; average write time: 180.741483 seconds.
Total read time: 458.525839; average read time: 65.503691
Total time: 1000.750288, total average time: 100.075029

[2022-12-14T11:45:15] Child[85565]:
Total write time: 561.305099 seconds; average write time: 280.652550 seconds.
Total read time: 446.937067; average read time: 55.867133
Total time: 1008.242166, total average time: 100.824217

[2022-12-14T11:45:16] Child[84416]:
Total write time: 318.857946 seconds; average write time: 159.428973 seconds.
Total read time: 684.973980; average read time: 85.621747
Total time: 1003.831926, total average time: 100.383193

[2022-12-14T11:45:16] Child[85209]:
Total write time: 904.862220 seconds; average write time: 180.972444 seconds.
Total read time: 108.253722; average read time: 21.650744
Total time: 1013.115942, total average time: 101.311594

[2022-12-14T11:45:16] Child[86286]:
Total write time: 401.344307 seconds; average write time: 133.781436 seconds.
Total read time: 607.958615; average read time: 86.851231
Total time: 1009.302922, total average time: 100.930292

[2022-12-14T11:45:17] Child[84740]:
Total write time: 691.549296 seconds; average write time: 230.516432 seconds.
Total read time: 318.190911; average read time: 45.455844
Total time: 1009.740207, total average time: 100.974021

[2022-12-14T11:45:18] Child[84393]:
Total write time: 720.376900 seconds; average write time: 180.094225 seconds.
Total read time: 281.599892; average read time: 46.933315
Total time: 1001.976792, total average time: 100.197679

[2022-12-14T11:45:20] Child[85917]:
Total write time: 475.741992 seconds; average write time: 95.148398 seconds.
Total read time: 536.548267; average read time: 107.309653
Total time: 1012.290259, total average time: 101.229026

[2022-12-14T11:45:21] Child[85002]:
Total write time: 752.920624 seconds; average write time: 250.973541 seconds.
Total read time: 263.045873; average read time: 37.577982
Total time: 1015.966497, total average time: 101.596650

[2022-12-14T11:45:22] Child[84606]:
Total write time: 727.585734 seconds; average write time: 145.517147 seconds.
Total read time: 285.071557; average read time: 57.014311
Total time: 1012.657291, total average time: 101.265729

[2022-12-14T11:45:22] Child[85745]:
Total write time: 841.512289 seconds; average write time: 210.378072 seconds.
Total read time: 172.191868; average read time: 28.698645
Total time: 1013.704157, total average time: 101.370416

[2022-12-14T11:45:23] Child[84948]:
Total write time: 505.279913 seconds; average write time: 252.639957 seconds.
Total read time: 510.507458; average read time: 63.813432
Total time: 1015.787371, total average time: 101.578737

[2022-12-14T11:45:23] Child[84711]:
Total write time: 509.416471 seconds; average write time: 127.354118 seconds.
Total read time: 507.454192; average read time: 84.575699
Total time: 1016.870663, total average time: 101.687066

[2022-12-14T11:45:26] Child[84394]:
Total write time: 477.029873 seconds; average write time: 119.257468 seconds.
Total read time: 542.359497; average read time: 90.393249
Total time: 1019.389370, total average time: 101.938937

[2022-12-14T11:45:28] Child[85311]:
Total write time: 907.106102 seconds; average write time: 113.388263 seconds.
Total read time: 115.130537; average read time: 57.565269
Total time: 1022.236639, total average time: 102.223664

[2022-12-14T11:45:28] Child[85901]:
Total write time: 742.087631 seconds; average write time: 148.417526 seconds.
Total read time: 279.017681; average read time: 55.803536
Total time: 1021.105312, total average time: 102.110531

[2022-12-14T11:45:29] Child[86388]:
Total write time: 839.354018 seconds; average write time: 167.870804 seconds.
Total read time: 178.441656; average read time: 35.688331
Total time: 1017.795674, total average time: 101.779567

[2022-12-14T11:45:29] Child[85485]:
Total write time: 647.432411 seconds; average write time: 129.486482 seconds.
Total read time: 374.826871; average read time: 74.965374
Total time: 1022.259282, total average time: 102.225928

[2022-12-14T11:45:30] Child[84580]:
Total write time: 773.470603 seconds; average write time: 193.367651 seconds.
Total read time: 249.274085; average read time: 41.545681
Total time: 1022.744688, total average time: 102.274469

[2022-12-14T11:45:30] Child[84810]:
Total write time: 549.253988 seconds; average write time: 91.542331 seconds.
Total read time: 472.472674; average read time: 118.118168
Total time: 1021.726662, total average time: 102.172666

[2022-12-14T11:45:31] Child[85076]:
Total write time: 735.873478 seconds; average write time: 183.968369 seconds.
Total read time: 288.408191; average read time: 48.068032
Total time: 1024.281669, total average time: 102.428167

[2022-12-14T11:45:31] Child[84585]:
Total write time: 664.462554 seconds; average write time: 221.487518 seconds.
Total read time: 359.304163; average read time: 51.329166
Total time: 1023.766717, total average time: 102.376672

[2022-12-14T11:45:32] Child[85123]:
Total write time: 653.822384 seconds; average write time: 130.764477 seconds.
Total read time: 367.397598; average read time: 73.479520
Total time: 1021.219982, total average time: 102.121998

[2022-12-14T11:45:33] Child[86260]:
Total write time: 842.641729 seconds; average write time: 280.880576 seconds.
Total read time: 182.026856; average read time: 26.003837
Total time: 1024.668585, total average time: 102.466859

[2022-12-14T11:45:34] Child[84642]:
Total write time: 552.857405 seconds; average write time: 138.214351 seconds.
Total read time: 469.851603; average read time: 78.308600
Total time: 1022.709008, total average time: 102.270901

[2022-12-14T11:45:34] Child[86185]:
Total write time: 671.817624 seconds; average write time: 167.954406 seconds.
Total read time: 348.439109; average read time: 58.073185
Total time: 1020.256733, total average time: 102.025673

[2022-12-14T11:45:35] Child[85892]:
Total write time: 522.875242 seconds; average write time: 104.575048 seconds.
Total read time: 504.393194; average read time: 100.878639
Total time: 1027.268436, total average time: 102.726844

[2022-12-14T11:45:36] Child[86358]:
Total write time: 506.468693 seconds; average write time: 126.617173 seconds.
Total read time: 518.267165; average read time: 86.377861
Total time: 1024.735858, total average time: 102.473586

[2022-12-14T11:45:37] Child[85790]:
Total write time: 799.946712 seconds; average write time: 199.986678 seconds.
Total read time: 229.065583; average read time: 38.177597
Total time: 1029.012295, total average time: 102.901229

[2022-12-14T11:45:37] Child[85017]:
Total write time: 604.899041 seconds; average write time: 201.633014 seconds.
Total read time: 424.812163; average read time: 60.687452
Total time: 1029.711204, total average time: 102.971120

[2022-12-14T11:45:37] Child[86372]:
Total write time: 868.027149 seconds; average write time: 289.342383 seconds.
Total read time: 161.419903; average read time: 23.059986
Total time: 1029.447052, total average time: 102.944705

[2022-12-14T11:45:37] Child[85216]:
Total write time: 751.191520 seconds; average write time: 125.198587 seconds.
Total read time: 280.461715; average read time: 70.115429
Total time: 1031.653235, total average time: 103.165323

[2022-12-14T11:45:39] Child[85292]:
Total write time: 622.144346 seconds; average write time: 88.877764 seconds.
Total read time: 408.794259; average read time: 136.264753
Total time: 1030.938605, total average time: 103.093861

[2022-12-14T11:45:40] Child[84874]:
Total write time: 580.234798 seconds; average write time: 290.117399 seconds.
Total read time: 451.957311; average read time: 56.494664
Total time: 1032.192109, total average time: 103.219211

[2022-12-14T11:45:40] Child[85148]:
Total write time: 868.565180 seconds; average write time: 173.713036 seconds.
Total read time: 163.979836; average read time: 32.795967
Total time: 1032.545016, total average time: 103.254502

[2022-12-14T11:45:40] Child[85601]:
Total write time: 402.088154 seconds; average write time: 201.044077 seconds.
Total read time: 628.217750; average read time: 78.527219
Total time: 1030.305904, total average time: 103.030590

[2022-12-14T11:45:40] Child[86441]:
Total write time: 573.574738 seconds; average write time: 191.191579 seconds.
Total read time: 458.032776; average read time: 65.433254
Total time: 1031.607514, total average time: 103.160751

[2022-12-14T11:45:41] Child[84589]:
Total write time: 981.326323 seconds; average write time: 122.665790 seconds.
Total read time: 51.735397; average read time: 25.867698
Total time: 1033.061720, total average time: 103.306172

[2022-12-14T11:45:42] Child[85526]:
Total write time: 790.019945 seconds; average write time: 158.003989 seconds.
Total read time: 243.608201; average read time: 48.721640
Total time: 1033.628146, total average time: 103.362815

[2022-12-14T11:45:42] Child[86119]:
Total write time: 692.473342 seconds; average write time: 138.494668 seconds.
Total read time: 342.553439; average read time: 68.510688
Total time: 1035.026781, total average time: 103.502678

[2022-12-14T11:45:43] Child[85840]:
Total write time: 705.866324 seconds; average write time: 141.173265 seconds.
Total read time: 326.188947; average read time: 65.237789
Total time: 1032.055271, total average time: 103.205527

[2022-12-14T11:45:43] Child[84852]:
Total write time: 679.418947 seconds; average write time: 169.854737 seconds.
Total read time: 356.257935; average read time: 59.376323
Total time: 1035.676882, total average time: 103.567688

[2022-12-14T11:45:44] Child[85081]:
Total write time: 797.642024 seconds; average write time: 132.940337 seconds.
Total read time: 237.156431; average read time: 59.289108
Total time: 1034.798455, total average time: 103.479845

[2022-12-14T11:45:46] Child[84779]:
Total write time: 858.251085 seconds; average write time: 214.562771 seconds.
Total read time: 183.125707; average read time: 30.520951
Total time: 1041.376792, total average time: 104.137679

[2022-12-14T11:45:47] Child[86147]:
Total write time: 515.485339 seconds; average write time: 171.828446 seconds.
Total read time: 519.114886; average read time: 74.159269
Total time: 1034.600225, total average time: 103.460022

[2022-12-14T11:45:47] Child[86048]:
Total write time: 483.025015 seconds; average write time: 241.512507 seconds.
Total read time: 555.614542; average read time: 69.451818
Total time: 1038.639557, total average time: 103.863956

[2022-12-14T11:45:48] Child[85208]:
Total write time: 811.803005 seconds; average write time: 202.950751 seconds.
Total read time: 226.434003; average read time: 37.739001
Total time: 1038.237008, total average time: 103.823701

[2022-12-14T11:45:48] Child[84862]:
Total write time: 498.170988 seconds; average write time: 166.056996 seconds.
Total read time: 539.895730; average read time: 77.127961
Total time: 1038.066718, total average time: 103.806672

[2022-12-14T11:45:49] Child[85348]:
Total write time: 795.939006 seconds; average write time: 198.984751 seconds.
Total read time: 245.196319; average read time: 40.866053
Total time: 1041.135325, total average time: 104.113533

[2022-12-14T11:45:49] Child[85826]:
Total write time: 654.443044 seconds; average write time: 163.610761 seconds.
Total read time: 384.312003; average read time: 64.052001
Total time: 1038.755047, total average time: 103.875505

[2022-12-14T11:45:50] Child[84821]:
Total write time: 811.783337 seconds; average write time: 162.356667 seconds.
Total read time: 233.474478; average read time: 46.694896
Total time: 1045.257815, total average time: 104.525781

[2022-12-14T11:45:51] Child[86454]:
Total write time: 684.175027 seconds; average write time: 114.029171 seconds.
Total read time: 356.251615; average read time: 89.062904
Total time: 1040.426642, total average time: 104.042664

[2022-12-14T11:45:52] Child[86382]:
Total write time: 431.306873 seconds; average write time: 86.261375 seconds.
Total read time: 606.270827; average read time: 121.254165
Total time: 1037.577700, total average time: 103.757770

[2022-12-14T11:45:52] Child[84647]:
Total write time: 329.236701 seconds; average write time: 164.618350 seconds.
Total read time: 716.675237; average read time: 89.584405
Total time: 1045.911938, total average time: 104.591194

[2022-12-14T11:45:52] Child[86085]:
Total write time: 911.801084 seconds; average write time: 303.933695 seconds.
Total read time: 131.222539; average read time: 18.746077
Total time: 1043.023623, total average time: 104.302362

[2022-12-14T11:45:53] Child[85057]:
Total write time: 875.249682 seconds; average write time: 218.812421 seconds.
Total read time: 170.393105; average read time: 28.398851
Total time: 1045.642787, total average time: 104.564279

[2022-12-14T11:45:53] Child[85787]:
Total write time: 602.793508 seconds; average write time: 100.465585 seconds.
Total read time: 440.802331; average read time: 110.200583
Total time: 1043.595839, total average time: 104.359584

[2022-12-14T11:45:54] Child[85976]:
Total write time: 480.303903 seconds; average write time: 240.151951 seconds.
Total read time: 566.319858; average read time: 70.789982
Total time: 1046.623761, total average time: 104.662376

[2022-12-14T11:45:56] Child[86228]:
Total write time: 696.456289 seconds; average write time: 232.152096 seconds.
Total read time: 352.707297; average read time: 50.386757
Total time: 1049.163586, total average time: 104.916359

[2022-12-14T11:45:56] Child[85805]:
Total write time: 971.997929 seconds; average write time: 138.856847 seconds.
Total read time: 75.464613; average read time: 25.154871
Total time: 1047.462542, total average time: 104.746254

[2022-12-14T11:45:57] Child[86322]:
Total write time: 425.889692 seconds; average write time: 141.963231 seconds.
Total read time: 616.950409; average read time: 88.135773
Total time: 1042.840101, total average time: 104.284010

[2022-12-14T11:45:58] Child[85476]:
Total write time: 868.648361 seconds; average write time: 173.729672 seconds.
Total read time: 183.238345; average read time: 36.647669
Total time: 1051.886706, total average time: 105.188671

[2022-12-14T11:45:58] Child[85421]:
Total write time: 603.172574 seconds; average write time: 201.057525 seconds.
Total read time: 443.108978; average read time: 63.301283
Total time: 1046.281552, total average time: 104.628155

[2022-12-14T11:45:58] Child[84513]:
Total write time: 596.145463 seconds; average write time: 149.036366 seconds.
Total read time: 454.736474; average read time: 75.789412
Total time: 1050.881937, total average time: 105.088194

[2022-12-14T11:45:59] Child[86472]:
Total write time: 705.737651 seconds; average write time: 235.245884 seconds.
Total read time: 341.777938; average read time: 48.825420
Total time: 1047.515589, total average time: 104.751559

[2022-12-14T11:45:59] Child[86003]:
Total write time: 533.193532 seconds; average write time: 133.298383 seconds.
Total read time: 516.523778; average read time: 86.087296
Total time: 1049.717310, total average time: 104.971731

[2022-12-14T11:46:00] Child[85269]:
Total write time: 502.296063 seconds; average write time: 125.574016 seconds.
Total read time: 550.935932; average read time: 91.822655
Total time: 1053.231995, total average time: 105.323200

[2022-12-14T11:46:01] Child[84439]:
Total write time: 616.830175 seconds; average write time: 154.207544 seconds.
Total read time: 437.164186; average read time: 72.860698
Total time: 1053.994361, total average time: 105.399436

[2022-12-14T11:46:02] Child[85674]:
Total write time: 438.659684 seconds; average write time: 146.219895 seconds.
Total read time: 614.200897; average read time: 87.742985
Total time: 1052.860581, total average time: 105.286058

[2022-12-14T11:46:03] Child[86194]:
Total write time: 668.746661 seconds; average write time: 167.186665 seconds.
Total read time: 384.740075; average read time: 64.123346
Total time: 1053.486736, total average time: 105.348674

[2022-12-14T11:46:03] Child[85937]:
Total write time: 874.614077 seconds; average write time: 174.922815 seconds.
Total read time: 180.408253; average read time: 36.081651
Total time: 1055.022330, total average time: 105.502233

[2022-12-14T11:46:04] Child[85480]:
Total write time: 906.390964 seconds; average write time: 151.065161 seconds.
Total read time: 153.454636; average read time: 38.363659
Total time: 1059.845600, total average time: 105.984560

[2022-12-14T11:46:06] Child[85094]:
Total write time: 892.984339 seconds; average write time: 148.830723 seconds.
Total read time: 162.016069; average read time: 40.504017
Total time: 1055.000408, total average time: 105.500041

[2022-12-14T11:46:06] Child[84601]:
Total write time: 477.035332 seconds; average write time: 95.407066 seconds.
Total read time: 578.823193; average read time: 115.764639
Total time: 1055.858525, total average time: 105.585853

[2022-12-14T11:46:07] Child[84555]:
Total write time: 780.053228 seconds; average write time: 156.010646 seconds.
Total read time: 278.787401; average read time: 55.757480
Total time: 1058.840629, total average time: 105.884063

[2022-12-14T11:46:07] Child[85543]:
Total write time: 851.129796 seconds; average write time: 121.589971 seconds.
Total read time: 207.884585; average read time: 69.294862
Total time: 1059.014381, total average time: 105.901438

[2022-12-14T11:46:07] Child[85451]:
Total write time: 623.577375 seconds; average write time: 155.894344 seconds.
Total read time: 433.429915; average read time: 72.238319
Total time: 1057.007290, total average time: 105.700729

[2022-12-14T11:46:08] Child[84531]:
Total write time: 802.527097 seconds; average write time: 200.631774 seconds.
Total read time: 259.993297; average read time: 43.332216
Total time: 1062.520394, total average time: 106.252039

[2022-12-14T11:46:10] Child[85962]:
Total write time: 746.593393 seconds; average write time: 149.318679 seconds.
Total read time: 311.212940; average read time: 62.242588
Total time: 1057.806333, total average time: 105.780633

[2022-12-14T11:46:11] Child[86430]:
Total write time: 578.276086 seconds; average write time: 144.569021 seconds.
Total read time: 484.234360; average read time: 80.705727
Total time: 1062.510446, total average time: 106.251045

[2022-12-14T11:46:11] Child[86157]:
Total write time: 771.278501 seconds; average write time: 257.092834 seconds.
Total read time: 292.261242; average read time: 41.751606
Total time: 1063.539743, total average time: 106.353974

[2022-12-14T11:46:11] Child[84625]:
Total write time: 797.937650 seconds; average write time: 199.484412 seconds.
Total read time: 264.716600; average read time: 44.119433
Total time: 1062.654250, total average time: 106.265425

[2022-12-14T11:46:12] Child[85690]:
Total write time: 454.810517 seconds; average write time: 227.405259 seconds.
Total read time: 607.725276; average read time: 75.965660
Total time: 1062.535793, total average time: 106.253579

[2022-12-14T11:46:12] Child[84957]:
Total write time: 662.240311 seconds; average write time: 165.560078 seconds.
Total read time: 397.537587; average read time: 66.256265
Total time: 1059.777898, total average time: 105.977790

[2022-12-14T11:46:13] Child[85070]:
Total write time: 698.321793 seconds; average write time: 139.664359 seconds.
Total read time: 366.041504; average read time: 73.208301
Total time: 1064.363297, total average time: 106.436330

[2022-12-14T11:46:14] Child[85066]:
Total write time: 547.871618 seconds; average write time: 182.623873 seconds.
Total read time: 519.045981; average read time: 74.149426
Total time: 1066.917599, total average time: 106.691760

[2022-12-14T11:46:15] Child[85862]:
Total write time: 708.863692 seconds; average write time: 236.287897 seconds.
Total read time: 358.558476; average read time: 51.222639
Total time: 1067.422168, total average time: 106.742217

[2022-12-14T11:46:16] Child[85506]:
Total write time: 513.677847 seconds; average write time: 128.419462 seconds.
Total read time: 557.465573; average read time: 92.910929
Total time: 1071.143420, total average time: 107.114342

[2022-12-14T11:46:16] Child[84802]:
Total write time: 947.495333 seconds; average write time: 236.873833 seconds.
Total read time: 118.030967; average read time: 19.671828
Total time: 1065.526300, total average time: 106.552630

[2022-12-14T11:46:16] Child[85025]:
Total write time: 603.699560 seconds; average write time: 150.924890 seconds.
Total read time: 461.797914; average read time: 76.966319
Total time: 1065.497474, total average time: 106.549747

[2022-12-14T11:46:16] Child[85740]:
Total write time: 910.054953 seconds; average write time: 130.007850 seconds.
Total read time: 157.344640; average read time: 52.448213
Total time: 1067.399593, total average time: 106.739959

[2022-12-14T11:46:16] Child[86235]:
Total write time: 860.942283 seconds; average write time: 286.980761 seconds.
Total read time: 208.166411; average read time: 29.738059
Total time: 1069.108694, total average time: 106.910869

[2022-12-14T11:46:16] Child[85470]:
Total write time: 718.097620 seconds; average write time: 179.524405 seconds.
Total read time: 346.386544; average read time: 57.731091
Total time: 1064.484164, total average time: 106.448416

[2022-12-14T11:46:17] Child[85374]:
Total write time: 689.008699 seconds; average write time: 172.252175 seconds.
Total read time: 381.869625; average read time: 63.644937
Total time: 1070.878324, total average time: 107.087832

[2022-12-14T11:46:18] Child[85629]:
Total write time: 590.130401 seconds; average write time: 147.532600 seconds.
Total read time: 478.925058; average read time: 79.820843
Total time: 1069.055459, total average time: 106.905546

[2022-12-14T11:46:19] Child[84628]:
Total write time: 449.887892 seconds; average write time: 89.977578 seconds.
Total read time: 623.154675; average read time: 124.630935
Total time: 1073.042567, total average time: 107.304257

[2022-12-14T11:46:19] Child[84427]:
Total write time: 872.654837 seconds; average write time: 174.530967 seconds.
Total read time: 194.363658; average read time: 38.872732
Total time: 1067.018495, total average time: 106.701849

[2022-12-14T11:46:19] Child[85335]:
Total write time: 957.495802 seconds; average write time: 159.582634 seconds.
Total read time: 113.687488; average read time: 28.421872
Total time: 1071.183290, total average time: 107.118329

[2022-12-14T11:46:19] Child[84484]:
Total write time: 949.674824 seconds; average write time: 189.934965 seconds.
Total read time: 122.423614; average read time: 24.484723
Total time: 1072.098438, total average time: 107.209844

[2022-12-14T11:46:20] Child[84650]:
Total write time: 1000.048339 seconds; average write time: 142.864048 seconds.
Total read time: 70.129198; average read time: 23.376399
Total time: 1070.177537, total average time: 107.017754

[2022-12-14T11:46:20] Child[85861]:
Total write time: 1015.092489 seconds; average write time: 253.773122 seconds.
Total read time: 59.648406; average read time: 9.941401
Total time: 1074.740895, total average time: 107.474090

[2022-12-14T11:46:22] Child[84710]:
Total write time: 345.061391 seconds; average write time: 115.020464 seconds.
Total read time: 726.735460; average read time: 103.819351
Total time: 1071.796851, total average time: 107.179685

[2022-12-14T11:46:24] Child[85422]:
Total write time: 698.969779 seconds; average write time: 174.742445 seconds.
Total read time: 374.180940; average read time: 62.363490
Total time: 1073.150719, total average time: 107.315072

[2022-12-14T11:46:24] Child[86465]:
Total write time: 803.201817 seconds; average write time: 133.866970 seconds.
Total read time: 271.196799; average read time: 67.799200
Total time: 1074.398616, total average time: 107.439862

[2022-12-14T11:46:24] Child[84788]:
Total write time: 632.953527 seconds; average write time: 158.238382 seconds.
Total read time: 440.206767; average read time: 73.367795
Total time: 1073.160294, total average time: 107.316029

[2022-12-14T11:46:25] Child[85905]:
Total write time: 678.363652 seconds; average write time: 135.672730 seconds.
Total read time: 398.528468; average read time: 79.705694
Total time: 1076.892120, total average time: 107.689212

[2022-12-14T11:46:26] Child[86047]:
Total write time: 750.953221 seconds; average write time: 250.317740 seconds.
Total read time: 324.442346; average read time: 46.348907
Total time: 1075.395567, total average time: 107.539557

[2022-12-14T11:46:26] Child[86078]:
Total write time: 775.837773 seconds; average write time: 193.959443 seconds.
Total read time: 298.274548; average read time: 49.712425
Total time: 1074.112321, total average time: 107.411232

[2022-12-14T11:46:27] Child[84861]:
Total write time: 661.080799 seconds; average write time: 165.270200 seconds.
Total read time: 421.026931; average read time: 70.171155
Total time: 1082.107730, total average time: 108.210773

[2022-12-14T11:46:27] Child[85873]:
Total write time: 615.979924 seconds; average write time: 205.326641 seconds.
Total read time: 463.304520; average read time: 66.186360
Total time: 1079.284444, total average time: 107.928444

[2022-12-14T11:46:27] Child[84704]:
Total write time: 716.729102 seconds; average write time: 179.182276 seconds.
Total read time: 364.560437; average read time: 60.760073
Total time: 1081.289539, total average time: 108.128954

[2022-12-14T11:46:27] Child[85751]:
Total write time: 856.057583 seconds; average write time: 171.211517 seconds.
Total read time: 223.905429; average read time: 44.781086
Total time: 1079.963012, total average time: 107.996301

[2022-12-14T11:46:27] Child[86016]:
Total write time: 450.540296 seconds; average write time: 225.270148 seconds.
Total read time: 627.997093; average read time: 78.499637
Total time: 1078.537389, total average time: 107.853739

[2022-12-14T11:46:28] Child[84911]:
Total write time: 738.448629 seconds; average write time: 184.612157 seconds.
Total read time: 340.488238; average read time: 56.748040
Total time: 1078.936867, total average time: 107.893687

[2022-12-14T11:46:28] Child[84958]:
Total write time: 761.115193 seconds; average write time: 253.705064 seconds.
Total read time: 318.811600; average read time: 45.544514
Total time: 1079.926793, total average time: 107.992679

[2022-12-14T11:46:29] Child[84598]:
Total write time: 688.221809 seconds; average write time: 137.644362 seconds.
Total read time: 392.681854; average read time: 78.536371
Total time: 1080.903663, total average time: 108.090366

[2022-12-14T11:46:29] Child[84738]:
Total write time: 749.715507 seconds; average write time: 187.428877 seconds.
Total read time: 331.531397; average read time: 55.255233
Total time: 1081.246904, total average time: 108.124690

[2022-12-14T11:46:29] Child[85946]:
Total write time: 918.813209 seconds; average write time: 183.762642 seconds.
Total read time: 161.328160; average read time: 32.265632
Total time: 1080.141369, total average time: 108.014137

[2022-12-14T11:46:30] Child[86176]:
Total write time: 560.737497 seconds; average write time: 140.184374 seconds.
Total read time: 523.299023; average read time: 87.216504
Total time: 1084.036520, total average time: 108.403652

[2022-12-14T11:46:30] Child[85652]:
Total write time: 344.232555 seconds; average write time: 86.058139 seconds.
Total read time: 736.901737; average read time: 122.816956
Total time: 1081.134292, total average time: 108.113429

[2022-12-14T11:46:31] Child[84543]:
Total write time: 155.255469 seconds; average write time: 51.751823 seconds.
Total read time: 930.708408; average read time: 132.958344
Total time: 1085.963877, total average time: 108.596388

[2022-12-14T11:46:31] Child[84661]:
Total write time: 542.908690 seconds; average write time: 180.969563 seconds.
Total read time: 537.456804; average read time: 76.779543
Total time: 1080.365494, total average time: 108.036549

[2022-12-14T11:46:31] Child[86236]:
Total write time: 747.466806 seconds; average write time: 149.493361 seconds.
Total read time: 335.701044; average read time: 67.140209
Total time: 1083.167850, total average time: 108.316785

[2022-12-14T11:46:31] Child[84994]:
Total write time: 493.804422 seconds; average write time: 123.451105 seconds.
Total read time: 588.190542; average read time: 98.031757
Total time: 1081.994964, total average time: 108.199496

[2022-12-14T11:46:32] Child[85819]:
Total write time: 351.571622 seconds; average write time: 87.892905 seconds.
Total read time: 727.497117; average read time: 121.249520
Total time: 1079.068739, total average time: 107.906874

[2022-12-14T11:46:33] Child[85677]:
Total write time: 693.056464 seconds; average write time: 138.611293 seconds.
Total read time: 384.156208; average read time: 76.831242
Total time: 1077.212672, total average time: 107.721267

[2022-12-14T11:46:34] Child[85794]:
Total write time: 639.752783 seconds; average write time: 159.938196 seconds.
Total read time: 445.259248; average read time: 74.209875
Total time: 1085.012031, total average time: 108.501203

[2022-12-14T11:46:34] Child[85356]:
Total write time: 984.109573 seconds; average write time: 123.013697 seconds.
Total read time: 98.491327; average read time: 49.245663
Total time: 1082.600900, total average time: 108.260090

[2022-12-14T11:46:34] Child[86192]:
Total write time: 551.016760 seconds; average write time: 110.203352 seconds.
Total read time: 534.298598; average read time: 106.859720
Total time: 1085.315358, total average time: 108.531536

[2022-12-14T11:46:35] Child[86138]:
Total write time: 982.167641 seconds; average write time: 140.309663 seconds.
Total read time: 102.666211; average read time: 34.222070
Total time: 1084.833852, total average time: 108.483385

[2022-12-14T11:46:35] Child[84784]:
Total write time: 850.889889 seconds; average write time: 212.722472 seconds.
Total read time: 232.610093; average read time: 38.768349
Total time: 1083.499982, total average time: 108.349998

[2022-12-14T11:46:35] Child[85803]:
Total write time: 351.232588 seconds; average write time: 117.077529 seconds.
Total read time: 738.108438; average read time: 105.444063
Total time: 1089.341026, total average time: 108.934103

[2022-12-14T11:46:35] Child[86431]:
Total write time: 581.962457 seconds; average write time: 116.392491 seconds.
Total read time: 505.728872; average read time: 101.145774
Total time: 1087.691329, total average time: 108.769133

[2022-12-14T11:46:37] Child[84410]:
Total write time: 601.992361 seconds; average write time: 150.498090 seconds.
Total read time: 488.269730; average read time: 81.378288
Total time: 1090.262091, total average time: 109.026209

[2022-12-14T11:46:37] Child[84745]:
Total write time: 760.644381 seconds; average write time: 253.548127 seconds.
Total read time: 327.045350; average read time: 46.720764
Total time: 1087.689731, total average time: 108.768973

[2022-12-14T11:46:37] Child[85647]:
Total write time: 832.653555 seconds; average write time: 138.775592 seconds.
Total read time: 256.576664; average read time: 64.144166
Total time: 1089.230219, total average time: 108.923022

[2022-12-14T11:46:37] Child[86211]:
Total write time: 591.800313 seconds; average write time: 147.950078 seconds.
Total read time: 497.194144; average read time: 82.865691
Total time: 1088.994457, total average time: 108.899446

[2022-12-14T11:46:37] Child[84868]:
Total write time: 793.184707 seconds; average write time: 132.197451 seconds.
Total read time: 296.444678; average read time: 74.111170
Total time: 1089.629385, total average time: 108.962939

[2022-12-14T11:46:38] Child[86258]:
Total write time: 574.383118 seconds; average write time: 114.876624 seconds.
Total read time: 519.657218; average read time: 103.931444
Total time: 1094.040336, total average time: 109.404034

[2022-12-14T11:46:38] Child[84533]:
Total write time: 707.968463 seconds; average write time: 176.992116 seconds.
Total read time: 385.729807; average read time: 64.288301
Total time: 1093.698270, total average time: 109.369827

[2022-12-14T11:46:38] Child[86184]:
Total write time: 1074.930831 seconds; average write time: 134.366354 seconds.
Total read time: 15.343113; average read time: 7.671557
Total time: 1090.273944, total average time: 109.027394

[2022-12-14T11:46:39] Child[85673]:
Total write time: 382.751714 seconds; average write time: 127.583905 seconds.
Total read time: 698.750567; average read time: 99.821510
Total time: 1081.502281, total average time: 108.150228

[2022-12-14T11:46:40] Child[85989]:
Total write time: 825.271191 seconds; average write time: 165.054238 seconds.
Total read time: 267.024529; average read time: 53.404906
Total time: 1092.295720, total average time: 109.229572

[2022-12-14T11:46:41] Child[85101]:
Total write time: 672.720751 seconds; average write time: 134.544150 seconds.
Total read time: 418.390415; average read time: 83.678083
Total time: 1091.111166, total average time: 109.111117

[2022-12-14T11:46:41] Child[85859]:
Total write time: 453.294944 seconds; average write time: 151.098315 seconds.
Total read time: 638.956501; average read time: 91.279500
Total time: 1092.251445, total average time: 109.225144

[2022-12-14T11:46:42] Child[85149]:
Total write time: 556.592868 seconds; average write time: 139.148217 seconds.
Total read time: 533.567075; average read time: 88.927846
Total time: 1090.159943, total average time: 109.015994

[2022-12-14T11:46:42] Child[84428]:
Total write time: 922.417592 seconds; average write time: 115.302199 seconds.
Total read time: 174.380295; average read time: 87.190147
Total time: 1096.797887, total average time: 109.679789

[2022-12-14T11:46:42] Child[85281]:
Total write time: 610.184640 seconds; average write time: 152.546160 seconds.
Total read time: 484.385091; average read time: 80.730848
Total time: 1094.569731, total average time: 109.456973

[2022-12-14T11:46:43] Child[85967]:
Total write time: 1047.454801 seconds; average write time: 209.490960 seconds.
Total read time: 45.886737; average read time: 9.177347
Total time: 1093.341538, total average time: 109.334154

[2022-12-14T11:46:43] Child[84769]:
Total write time: 721.165315 seconds; average write time: 144.233063 seconds.
Total read time: 376.007766; average read time: 75.201553
Total time: 1097.173081, total average time: 109.717308

[2022-12-14T11:46:44] Child[86148]:
Total write time: 453.310196 seconds; average write time: 113.327549 seconds.
Total read time: 641.945230; average read time: 106.990872
Total time: 1095.255426, total average time: 109.525543

[2022-12-14T11:46:44] Child[84523]:
Total write time: 678.125096 seconds; average write time: 135.625019 seconds.
Total read time: 417.291646; average read time: 83.458329
Total time: 1095.416742, total average time: 109.541674

[2022-12-14T11:46:45] Child[86200]:
Total write time: 494.550957 seconds; average write time: 98.910191 seconds.
Total read time: 604.053581; average read time: 120.810716
Total time: 1098.604538, total average time: 109.860454

[2022-12-14T11:46:46] Child[84998]:
Total write time: 429.921614 seconds; average write time: 143.307205 seconds.
Total read time: 669.761178; average read time: 95.680168
Total time: 1099.682792, total average time: 109.968279

[2022-12-14T11:46:47] Child[85609]:
Total write time: 550.047856 seconds; average write time: 137.511964 seconds.
Total read time: 547.081676; average read time: 91.180279
Total time: 1097.129532, total average time: 109.712953

[2022-12-14T11:46:47] Child[85366]:
Total write time: 925.731439 seconds; average write time: 154.288573 seconds.
Total read time: 171.107932; average read time: 42.776983
Total time: 1096.839371, total average time: 109.683937

[2022-12-14T11:46:49] Child[86473]:
Total write time: 452.206023 seconds; average write time: 150.735341 seconds.
Total read time: 648.577995; average read time: 92.653999
Total time: 1100.784018, total average time: 110.078402

[2022-12-14T11:46:51] Child[84454]:
Total write time: 341.476817 seconds; average write time: 170.738408 seconds.
Total read time: 762.331382; average read time: 95.291423
Total time: 1103.808199, total average time: 110.380820

[2022-12-14T11:46:51] Child[85547]:
Total write time: 742.687144 seconds; average write time: 185.671786 seconds.
Total read time: 364.553206; average read time: 60.758868
Total time: 1107.240350, total average time: 110.724035

[2022-12-14T11:46:52] Child[85538]:
Total write time: 771.712552 seconds; average write time: 154.342510 seconds.
Total read time: 331.766091; average read time: 66.353218
Total time: 1103.478643, total average time: 110.347864

[2022-12-14T11:46:53] Child[85306]:
Total write time: 815.983804 seconds; average write time: 135.997301 seconds.
Total read time: 288.793959; average read time: 72.198490
Total time: 1104.777763, total average time: 110.477776

[2022-12-14T11:46:53] Child[84938]:
Total write time: 480.992523 seconds; average write time: 120.248131 seconds.
Total read time: 623.293162; average read time: 103.882194
Total time: 1104.285685, total average time: 110.428568

[2022-12-14T11:46:53] Child[85750]:
Total write time: 718.499904 seconds; average write time: 143.699981 seconds.
Total read time: 385.877371; average read time: 77.175474
Total time: 1104.377275, total average time: 110.437727

[2022-12-14T11:46:53] Child[85430]:
Total write time: 537.794825 seconds; average write time: 134.448706 seconds.
Total read time: 567.639036; average read time: 94.606506
Total time: 1105.433861, total average time: 110.543386

[2022-12-14T11:46:54] Child[85991]:
Total write time: 813.790919 seconds; average write time: 162.758184 seconds.
Total read time: 290.642370; average read time: 58.128474
Total time: 1104.433289, total average time: 110.443329

[2022-12-14T11:46:54] Child[86153]:
Total write time: 698.524374 seconds; average write time: 232.841458 seconds.
Total read time: 406.020450; average read time: 58.002921
Total time: 1104.544824, total average time: 110.454482

[2022-12-14T11:46:54] Child[85869]:
Total write time: 1015.085583 seconds; average write time: 145.012226 seconds.
Total read time: 93.219048; average read time: 31.073016
Total time: 1108.304631, total average time: 110.830463

[2022-12-14T11:46:56] Child[86223]:
Total write time: 1033.430022 seconds; average write time: 147.632860 seconds.
Total read time: 76.802596; average read time: 25.600865
Total time: 1110.232618, total average time: 111.023262

[2022-12-14T11:46:58] Child[86427]:
Total write time: 623.720288 seconds; average write time: 103.953381 seconds.
Total read time: 488.864138; average read time: 122.216035
Total time: 1112.584426, total average time: 111.258443

[2022-12-14T11:46:58] Child[85680]:
Total write time: 649.042131 seconds; average write time: 129.808426 seconds.
Total read time: 457.273260; average read time: 91.454652
Total time: 1106.315391, total average time: 110.631539

[2022-12-14T11:46:58] Child[85902]:
Total write time: 782.348320 seconds; average write time: 156.469664 seconds.
Total read time: 322.487405; average read time: 64.497481
Total time: 1104.835725, total average time: 110.483572

[2022-12-14T11:46:59] Child[85929]:
Total write time: 971.075698 seconds; average write time: 161.845950 seconds.
Total read time: 134.952777; average read time: 33.738194
Total time: 1106.028475, total average time: 110.602847

[2022-12-14T11:46:59] Child[86135]:
Total write time: 911.964798 seconds; average write time: 151.994133 seconds.
Total read time: 200.015374; average read time: 50.003844
Total time: 1111.980172, total average time: 111.198017

[2022-12-14T11:47:00] Child[85980]:
Total write time: 977.226640 seconds; average write time: 162.871107 seconds.
Total read time: 136.232790; average read time: 34.058197
Total time: 1113.459430, total average time: 111.345943

[2022-12-14T11:47:00] Child[84949]:
Total write time: 602.354167 seconds; average write time: 150.588542 seconds.
Total read time: 506.414669; average read time: 84.402445
Total time: 1108.768836, total average time: 110.876884

[2022-12-14T11:47:00] Child[86132]:
Total write time: 695.012945 seconds; average write time: 115.835491 seconds.
Total read time: 414.667191; average read time: 103.666798
Total time: 1109.680136, total average time: 110.968014

[2022-12-14T11:47:01] Child[84664]:
Total write time: 328.132763 seconds; average write time: 82.033191 seconds.
Total read time: 785.132998; average read time: 130.855500
Total time: 1113.265761, total average time: 111.326576

[2022-12-14T11:47:01] Child[84685]:
Total write time: 950.735753 seconds; average write time: 190.147151 seconds.
Total read time: 166.718137; average read time: 33.343627
Total time: 1117.453890, total average time: 111.745389

[2022-12-14T11:47:01] Child[85232]:
Total write time: 1006.187783 seconds; average write time: 143.741112 seconds.
Total read time: 104.510488; average read time: 34.836829
Total time: 1110.698271, total average time: 111.069827

[2022-12-14T11:47:02] Child[86123]:
Total write time: 605.475309 seconds; average write time: 121.095062 seconds.
Total read time: 509.381038; average read time: 101.876208
Total time: 1114.856347, total average time: 111.485635

[2022-12-14T11:47:02] Child[84851]:
Total write time: 976.165486 seconds; average write time: 162.694248 seconds.
Total read time: 138.828131; average read time: 34.707033
Total time: 1114.993617, total average time: 111.499362

[2022-12-14T11:47:03] Child[84673]:
Total write time: 499.378375 seconds; average write time: 124.844594 seconds.
Total read time: 616.958367; average read time: 102.826395
Total time: 1116.336742, total average time: 111.633674

[2022-12-14T11:47:03] Child[85922]:
Total write time: 617.687334 seconds; average write time: 154.421833 seconds.
Total read time: 496.056614; average read time: 82.676102
Total time: 1113.743948, total average time: 111.374395

[2022-12-14T11:47:04] Child[84500]:
Total write time: 750.812500 seconds; average write time: 125.135417 seconds.
Total read time: 358.001785; average read time: 89.500446
Total time: 1108.814285, total average time: 110.881428

[2022-12-14T11:47:05] Child[85162]:
Total write time: 532.173154 seconds; average write time: 177.391051 seconds.
Total read time: 581.507686; average read time: 83.072527
Total time: 1113.680840, total average time: 111.368084

[2022-12-14T11:47:06] Child[85361]:
Total write time: 979.456251 seconds; average write time: 195.891250 seconds.
Total read time: 137.810182; average read time: 27.562036
Total time: 1117.266433, total average time: 111.726643

[2022-12-14T11:47:07] Child[85482]:
Total write time: 884.053673 seconds; average write time: 147.342279 seconds.
Total read time: 235.068089; average read time: 58.767022
Total time: 1119.121762, total average time: 111.912176

[2022-12-14T11:47:09] Child[84473]:
Total write time: 880.225574 seconds; average write time: 293.408525 seconds.
Total read time: 243.685593; average read time: 34.812228
Total time: 1123.911167, total average time: 112.391117

[2022-12-14T11:47:09] Child[85291]:
Total write time: 733.910886 seconds; average write time: 146.782177 seconds.
Total read time: 388.213619; average read time: 77.642724
Total time: 1122.124505, total average time: 112.212451

[2022-12-14T11:47:09] Child[84855]:
Total write time: 501.584625 seconds; average write time: 100.316925 seconds.
Total read time: 616.492192; average read time: 123.298438
Total time: 1118.076817, total average time: 111.807682

[2022-12-14T11:47:09] Child[85603]:
Total write time: 786.727891 seconds; average write time: 196.681973 seconds.
Total read time: 335.983196; average read time: 55.997199
Total time: 1122.711087, total average time: 112.271109

[2022-12-14T11:47:09] Child[84398]:
Total write time: 790.556751 seconds; average write time: 158.111350 seconds.
Total read time: 332.883137; average read time: 66.576627
Total time: 1123.439888, total average time: 112.343989

[2022-12-14T11:47:09] Child[84808]:
Total write time: 888.271186 seconds; average write time: 177.654237 seconds.
Total read time: 231.759365; average read time: 46.351873
Total time: 1120.030551, total average time: 112.003055

[2022-12-14T11:47:10] Child[84690]:
Total write time: 538.916290 seconds; average write time: 107.783258 seconds.
Total read time: 585.733375; average read time: 117.146675
Total time: 1124.649665, total average time: 112.464967

[2022-12-14T11:47:10] Child[86031]:
Total write time: 235.095940 seconds; average write time: 117.547970 seconds.
Total read time: 885.143321; average read time: 110.642915
Total time: 1120.239261, total average time: 112.023926

[2022-12-14T11:47:10] Child[84692]:
Total write time: 581.390800 seconds; average write time: 116.278160 seconds.
Total read time: 540.144120; average read time: 108.028824
Total time: 1121.534920, total average time: 112.153492

[2022-12-14T11:47:10] Child[84515]:
Total write time: 851.299608 seconds; average write time: 170.259922 seconds.
Total read time: 271.230158; average read time: 54.246032
Total time: 1122.529766, total average time: 112.252977

[2022-12-14T11:47:10] Child[85033]:
Total write time: 830.749562 seconds; average write time: 138.458260 seconds.
Total read time: 293.360559; average read time: 73.340140
Total time: 1124.110121, total average time: 112.411012

[2022-12-14T11:47:11] Child[84897]:
Total write time: 776.338123 seconds; average write time: 155.267625 seconds.
Total read time: 344.746673; average read time: 68.949335
Total time: 1121.084796, total average time: 112.108480

[2022-12-14T11:47:12] Child[86171]:
Total write time: 855.776475 seconds; average write time: 142.629413 seconds.
Total read time: 269.845770; average read time: 67.461443
Total time: 1125.622245, total average time: 112.562224

[2022-12-14T11:47:12] Child[84429]:
Total write time: 854.142531 seconds; average write time: 284.714177 seconds.
Total read time: 271.872965; average read time: 38.838995
Total time: 1126.015496, total average time: 112.601550

[2022-12-14T11:47:13] Child[85507]:
Total write time: 691.586585 seconds; average write time: 172.896646 seconds.
Total read time: 431.216772; average read time: 71.869462
Total time: 1122.803357, total average time: 112.280336

[2022-12-14T11:47:13] Child[85084]:
Total write time: 962.461601 seconds; average write time: 160.410267 seconds.
Total read time: 162.503733; average read time: 40.625933
Total time: 1124.965334, total average time: 112.496533

[2022-12-14T11:47:13] Child[85998]:
Total write time: 940.531171 seconds; average write time: 156.755195 seconds.
Total read time: 183.184345; average read time: 45.796086
Total time: 1123.715516, total average time: 112.371552

[2022-12-14T11:47:14] Child[85687]:
Total write time: 530.622067 seconds; average write time: 106.124413 seconds.
Total read time: 594.576867; average read time: 118.915373
Total time: 1125.198934, total average time: 112.519893

[2022-12-14T11:47:15] Child[86256]:
Total write time: 683.658412 seconds; average write time: 97.665487 seconds.
Total read time: 442.154407; average read time: 147.384802
Total time: 1125.812819, total average time: 112.581282

[2022-12-14T11:47:15] Child[84629]:
Total write time: 940.295359 seconds; average write time: 134.327908 seconds.
Total read time: 187.618267; average read time: 62.539422
Total time: 1127.913626, total average time: 112.791363

[2022-12-14T11:47:15] Child[86324]:
Total write time: 897.340580 seconds; average write time: 149.556763 seconds.
Total read time: 227.560662; average read time: 56.890166
Total time: 1124.901242, total average time: 112.490124

[2022-12-14T11:47:15] Child[84686]:
Total write time: 739.179776 seconds; average write time: 147.835955 seconds.
Total read time: 389.503974; average read time: 77.900795
Total time: 1128.683750, total average time: 112.868375

[2022-12-14T11:47:15] Child[86151]:
Total write time: 786.982419 seconds; average write time: 157.396484 seconds.
Total read time: 339.515476; average read time: 67.903095
Total time: 1126.497895, total average time: 112.649789

[2022-12-14T11:47:15] Child[85959]:
Total write time: 873.059794 seconds; average write time: 218.264949 seconds.
Total read time: 250.959118; average read time: 41.826520
Total time: 1124.018912, total average time: 112.401891

[2022-12-14T11:47:17] Child[85288]:
Total write time: 383.184639 seconds; average write time: 383.184639 seconds.
Total read time: 745.626574; average read time: 82.847397
Total time: 1128.811213, total average time: 112.881121

[2022-12-14T11:47:18] Child[85672]:
Total write time: 686.900591 seconds; average write time: 114.483432 seconds.
Total read time: 443.721543; average read time: 110.930386
Total time: 1130.622134, total average time: 113.062213

[2022-12-14T11:47:18] Child[84936]:
Total write time: 810.251255 seconds; average write time: 162.050251 seconds.
Total read time: 319.638244; average read time: 63.927649
Total time: 1129.889499, total average time: 112.988950

[2022-12-14T11:47:19] Child[85689]:
Total write time: 1009.705662 seconds; average write time: 201.941132 seconds.
Total read time: 123.177361; average read time: 24.635472
Total time: 1132.883023, total average time: 113.288302

[2022-12-14T11:47:19] Child[86092]:
Total write time: 724.273477 seconds; average write time: 103.467640 seconds.
Total read time: 406.283570; average read time: 135.427857
Total time: 1130.557047, total average time: 113.055705

[2022-12-14T11:47:20] Child[84516]:
Total write time: 793.074139 seconds; average write time: 198.268535 seconds.
Total read time: 335.599629; average read time: 55.933271
Total time: 1128.673768, total average time: 112.867377

[2022-12-14T11:47:21] Child[86162]:
Total write time: 529.124300 seconds; average write time: 176.374767 seconds.
Total read time: 608.349951; average read time: 86.907136
Total time: 1137.474251, total average time: 113.747425

[2022-12-14T11:47:23] Child[85611]:
Total write time: 779.542268 seconds; average write time: 155.908454 seconds.
Total read time: 357.876999; average read time: 71.575400
Total time: 1137.419267, total average time: 113.741927

[2022-12-14T11:47:23] Child[86042]:
Total write time: 769.241245 seconds; average write time: 128.206874 seconds.
Total read time: 362.947610; average read time: 90.736902
Total time: 1132.188855, total average time: 113.218885

[2022-12-14T11:47:24] Child[84792]:
Total write time: 1020.136333 seconds; average write time: 170.022722 seconds.
Total read time: 115.930508; average read time: 28.982627
Total time: 1136.066841, total average time: 113.606684

[2022-12-14T11:47:24] Child[85728]:
Total write time: 351.415107 seconds; average write time: 70.283021 seconds.
Total read time: 785.416600; average read time: 157.083320
Total time: 1136.831707, total average time: 113.683171

[2022-12-14T11:47:24] Child[85213]:
Total write time: 837.369989 seconds; average write time: 139.561665 seconds.
Total read time: 296.186033; average read time: 74.046508
Total time: 1133.556022, total average time: 113.355602

[2022-12-14T11:47:25] Child[85238]:
Total write time: 652.210364 seconds; average write time: 130.442073 seconds.
Total read time: 482.494874; average read time: 96.498975
Total time: 1134.705238, total average time: 113.470524

[2022-12-14T11:47:25] Child[84566]:
Total write time: 896.623187 seconds; average write time: 149.437198 seconds.
Total read time: 238.922206; average read time: 59.730551
Total time: 1135.545393, total average time: 113.554539

[2022-12-14T11:47:25] Child[85763]:
Total write time: 998.058681 seconds; average write time: 142.579812 seconds.
Total read time: 137.821192; average read time: 45.940397
Total time: 1135.879873, total average time: 113.587987

[2022-12-14T11:47:26] Child[85127]:
Total write time: 875.577842 seconds; average write time: 291.859281 seconds.
Total read time: 264.787950; average read time: 37.826850
Total time: 1140.365792, total average time: 114.036579

[2022-12-14T11:47:27] Child[85575]:
Total write time: 472.319025 seconds; average write time: 94.463805 seconds.
Total read time: 666.239072; average read time: 133.247814
Total time: 1138.558097, total average time: 113.855810

[2022-12-14T11:47:27] Child[85230]:
Total write time: 676.163823 seconds; average write time: 169.040956 seconds.
Total read time: 464.456201; average read time: 77.409367
Total time: 1140.620024, total average time: 114.062002

[2022-12-14T11:47:27] Child[84448]:
Total write time: 821.779369 seconds; average write time: 273.926456 seconds.
Total read time: 318.315444; average read time: 45.473635
Total time: 1140.094813, total average time: 114.009481

[2022-12-14T11:47:28] Child[86105]:
Total write time: 964.252730 seconds; average write time: 241.063183 seconds.
Total read time: 176.314519; average read time: 29.385753
Total time: 1140.567249, total average time: 114.056725

[2022-12-14T11:47:29] Child[85966]:
Total write time: 780.061373 seconds; average write time: 195.015343 seconds.
Total read time: 364.008448; average read time: 60.668075
Total time: 1144.069821, total average time: 114.406982

[2022-12-14T11:47:31] Child[86243]:
Total write time: 680.776484 seconds; average write time: 226.925495 seconds.
Total read time: 457.068419; average read time: 65.295488
Total time: 1137.844903, total average time: 113.784490

[2022-12-14T11:47:33] Child[84593]:
Total write time: 796.667003 seconds; average write time: 159.333401 seconds.
Total read time: 347.534832; average read time: 69.506966
Total time: 1144.201835, total average time: 114.420183

[2022-12-14T11:47:33] Child[85642]:
Total write time: 427.835152 seconds; average write time: 106.958788 seconds.
Total read time: 719.763422; average read time: 119.960570
Total time: 1147.598574, total average time: 114.759857

[2022-12-14T11:47:34] Child[85845]:
Total write time: 813.304507 seconds; average write time: 162.660901 seconds.
Total read time: 333.948664; average read time: 66.789733
Total time: 1147.253171, total average time: 114.725317

[2022-12-14T11:47:34] Child[85290]:
Total write time: 375.468221 seconds; average write time: 93.867055 seconds.
Total read time: 771.543608; average read time: 128.590601
Total time: 1147.011829, total average time: 114.701183

[2022-12-14T11:47:34] Child[84839]:
Total write time: 493.900459 seconds; average write time: 123.475115 seconds.
Total read time: 654.864169; average read time: 109.144028
Total time: 1148.764628, total average time: 114.876463

[2022-12-14T11:47:34] Child[85697]:
Total write time: 504.498836 seconds; average write time: 126.124709 seconds.
Total read time: 635.989470; average read time: 105.998245
Total time: 1140.488306, total average time: 114.048831

[2022-12-14T11:47:35] Child[85637]:
Total write time: 665.605939 seconds; average write time: 166.401485 seconds.
Total read time: 482.514711; average read time: 80.419118
Total time: 1148.120650, total average time: 114.812065

[2022-12-14T11:47:36] Child[86088]:
Total write time: 442.355920 seconds; average write time: 110.588980 seconds.
Total read time: 704.620287; average read time: 117.436714
Total time: 1146.976207, total average time: 114.697621

[2022-12-14T11:47:38] Child[85377]:
Total write time: 785.885851 seconds; average write time: 261.961950 seconds.
Total read time: 360.187108; average read time: 51.455301
Total time: 1146.072959, total average time: 114.607296

[2022-12-14T11:47:38] Child[85614]:
Total write time: 576.459351 seconds; average write time: 192.153117 seconds.
Total read time: 574.633020; average read time: 82.090431
Total time: 1151.092371, total average time: 115.109237

[2022-12-14T11:47:39] Child[85512]:
Total write time: 982.267922 seconds; average write time: 196.453584 seconds.
Total read time: 166.849541; average read time: 33.369908
Total time: 1149.117463, total average time: 114.911746

[2022-12-14T11:47:39] Child[85742]:
Total write time: 900.464434 seconds; average write time: 180.092887 seconds.
Total read time: 251.804134; average read time: 50.360827
Total time: 1152.268568, total average time: 115.226857

[2022-12-14T11:47:39] Child[86183]:
Total write time: 714.703043 seconds; average write time: 178.675761 seconds.
Total read time: 438.068998; average read time: 73.011500
Total time: 1152.772041, total average time: 115.277204

[2022-12-14T11:47:39] Child[85812]:
Total write time: 623.294297 seconds; average write time: 124.658859 seconds.
Total read time: 524.036430; average read time: 104.807286
Total time: 1147.330727, total average time: 114.733073

[2022-12-14T11:47:39] Child[85523]:
Total write time: 564.296628 seconds; average write time: 94.049438 seconds.
Total read time: 582.579641; average read time: 145.644910
Total time: 1146.876269, total average time: 114.687627

[2022-12-14T11:47:40] Child[84759]:
Total write time: 434.372390 seconds; average write time: 144.790797 seconds.
Total read time: 716.819753; average read time: 102.402822
Total time: 1151.192143, total average time: 115.119214

[2022-12-14T11:47:40] Child[84546]:
Total write time: 932.126116 seconds; average write time: 186.425223 seconds.
Total read time: 222.407611; average read time: 44.481522
Total time: 1154.533727, total average time: 115.453373

[2022-12-14T11:47:40] Child[84621]:
Total write time: 675.565352 seconds; average write time: 168.891338 seconds.
Total read time: 477.924307; average read time: 79.654051
Total time: 1153.489659, total average time: 115.348966

[2022-12-14T11:47:40] Child[86125]:
Total write time: 561.439781 seconds; average write time: 187.146594 seconds.
Total read time: 590.220483; average read time: 84.317212
Total time: 1151.660264, total average time: 115.166026

[2022-12-14T11:47:40] Child[84850]:
Total write time: 809.880470 seconds; average write time: 161.976094 seconds.
Total read time: 346.670387; average read time: 69.334077
Total time: 1156.550857, total average time: 115.655086

[2022-12-14T11:47:40] Child[86080]:
Total write time: 753.452048 seconds; average write time: 150.690410 seconds.
Total read time: 399.719789; average read time: 79.943958
Total time: 1153.171837, total average time: 115.317184

[2022-12-14T11:47:41] Child[85671]:
Total write time: 723.550497 seconds; average write time: 180.887624 seconds.
Total read time: 428.066377; average read time: 71.344396
Total time: 1151.616874, total average time: 115.161687

[2022-12-14T11:47:41] Child[86023]:
Total write time: 1148.388267 seconds; average write time: 127.598696 seconds.
Total read time: 4.647352; average read time: 4.647352
Total time: 1153.035619, total average time: 115.303562

[2022-12-14T11:47:41] Child[85124]:
Total write time: 916.286141 seconds; average write time: 183.257228 seconds.
Total read time: 234.409038; average read time: 46.881808
Total time: 1150.695179, total average time: 115.069518

[2022-12-14T11:47:42] Child[86046]:
Total write time: 843.185080 seconds; average write time: 140.530847 seconds.
Total read time: 308.513583; average read time: 77.128396
Total time: 1151.698663, total average time: 115.169866

[2022-12-14T11:47:42] Child[85600]:
Total write time: 1032.291321 seconds; average write time: 206.458264 seconds.
Total read time: 124.015319; average read time: 24.803064
Total time: 1156.306640, total average time: 115.630664

[2022-12-14T11:47:43] Child[85172]:
Total write time: 712.447724 seconds; average write time: 142.489545 seconds.
Total read time: 440.871227; average read time: 88.174245
Total time: 1153.318951, total average time: 115.331895

[2022-12-14T11:47:43] Child[85509]:
Total write time: 788.996972 seconds; average write time: 131.499495 seconds.
Total read time: 363.142969; average read time: 90.785742
Total time: 1152.139941, total average time: 115.213994

[2022-12-14T11:47:43] Child[84988]:
Total write time: 811.281712 seconds; average write time: 202.820428 seconds.
Total read time: 341.408857; average read time: 56.901476
Total time: 1152.690569, total average time: 115.269057

[2022-12-14T11:47:43] Child[84762]:
Total write time: 315.423396 seconds; average write time: 105.141132 seconds.
Total read time: 839.279095; average read time: 119.897014
Total time: 1154.702491, total average time: 115.470249

[2022-12-14T11:47:44] Child[85817]:
Total write time: 958.569472 seconds; average write time: 239.642368 seconds.
Total read time: 194.027373; average read time: 32.337896
Total time: 1152.596845, total average time: 115.259685

[2022-12-14T11:47:44] Child[86079]:
Total write time: 960.881834 seconds; average write time: 192.176367 seconds.
Total read time: 197.989520; average read time: 39.597904
Total time: 1158.871354, total average time: 115.887135

[2022-12-14T11:47:45] Child[85051]:
Total write time: 941.164229 seconds; average write time: 235.291057 seconds.
Total read time: 216.172535; average read time: 36.028756
Total time: 1157.336764, total average time: 115.733676

[2022-12-14T11:47:46] Child[85578]:
Total write time: 747.732693 seconds; average write time: 186.933173 seconds.
Total read time: 405.751679; average read time: 67.625280
Total time: 1153.484372, total average time: 115.348437

[2022-12-14T11:47:46] Child[86348]:
Total write time: 1052.261535 seconds; average write time: 150.323076 seconds.
Total read time: 105.438957; average read time: 35.146319
Total time: 1157.700492, total average time: 115.770049

[2022-12-14T11:47:47] Child[86051]:
Total write time: 735.426380 seconds; average write time: 122.571063 seconds.
Total read time: 427.051315; average read time: 106.762829
Total time: 1162.477695, total average time: 116.247770

[2022-12-14T11:47:47] Child[84545]:
Total write time: 402.377622 seconds; average write time: 134.125874 seconds.
Total read time: 754.638347; average read time: 107.805478
Total time: 1157.015969, total average time: 115.701597

[2022-12-14T11:47:47] Child[85258]:
Total write time: 843.523396 seconds; average write time: 210.880849 seconds.
Total read time: 312.911393; average read time: 52.151899
Total time: 1156.434789, total average time: 115.643479

[2022-12-14T11:47:48] Child[84742]:
Total write time: 488.839899 seconds; average write time: 122.209975 seconds.
Total read time: 672.112116; average read time: 112.018686
Total time: 1160.952015, total average time: 116.095202

[2022-12-14T11:47:48] Child[85536]:
Total write time: 803.094458 seconds; average write time: 133.849076 seconds.
Total read time: 356.328650; average read time: 89.082162
Total time: 1159.423108, total average time: 115.942311

[2022-12-14T11:47:49] Child[84677]:
Total write time: 681.115014 seconds; average write time: 170.278753 seconds.
Total read time: 480.908848; average read time: 80.151475
Total time: 1162.023862, total average time: 116.202386

[2022-12-14T11:47:49] Child[84972]:
Total write time: 901.486404 seconds; average write time: 300.495468 seconds.
Total read time: 256.910119; average read time: 36.701446
Total time: 1158.396523, total average time: 115.839652

[2022-12-14T11:47:50] Child[85432]:
Total write time: 608.654380 seconds; average write time: 202.884793 seconds.
Total read time: 552.151011; average read time: 78.878716
Total time: 1160.805391, total average time: 116.080539

[2022-12-14T11:47:50] Child[84608]:
Total write time: 863.290131 seconds; average write time: 143.881688 seconds.
Total read time: 297.595019; average read time: 74.398755
Total time: 1160.885150, total average time: 116.088515

[2022-12-14T11:47:52] Child[85205]:
Total write time: 703.158385 seconds; average write time: 117.193064 seconds.
Total read time: 458.502558; average read time: 114.625640
Total time: 1161.660943, total average time: 116.166094

[2022-12-14T11:47:52] Child[86345]:
Total write time: 709.904071 seconds; average write time: 177.476018 seconds.
Total read time: 455.922410; average read time: 75.987068
Total time: 1165.826481, total average time: 116.582648

[2022-12-14T11:47:52] Child[84465]:
Total write time: 639.189298 seconds; average write time: 159.797325 seconds.
Total read time: 520.945875; average read time: 86.824313
Total time: 1160.135173, total average time: 116.013517

[2022-12-14T11:47:53] Child[85781]:
Total write time: 972.941217 seconds; average write time: 162.156869 seconds.
Total read time: 193.242090; average read time: 48.310522
Total time: 1166.183307, total average time: 116.618331

[2022-12-14T11:47:54] Child[84790]:
Total write time: 1095.853371 seconds; average write time: 219.170674 seconds.
Total read time: 69.738618; average read time: 13.947724
Total time: 1165.591989, total average time: 116.559199

[2022-12-14T11:47:55] Child[84955]:
Total write time: 845.593124 seconds; average write time: 140.932187 seconds.
Total read time: 318.392263; average read time: 79.598066
Total time: 1163.985387, total average time: 116.398539

[2022-12-14T11:47:55] Child[86293]:
Total write time: 1033.238633 seconds; average write time: 172.206439 seconds.
Total read time: 134.067992; average read time: 33.516998
Total time: 1167.306625, total average time: 116.730662

[2022-12-14T11:47:55] Child[86433]:
Total write time: 728.530081 seconds; average write time: 145.706016 seconds.
Total read time: 434.985245; average read time: 86.997049
Total time: 1163.515326, total average time: 116.351533

[2022-12-14T11:47:55] Child[85186]:
Total write time: 1059.966338 seconds; average write time: 151.423763 seconds.
Total read time: 109.305692; average read time: 36.435231
Total time: 1169.272030, total average time: 116.927203

[2022-12-14T11:47:55] Child[85525]:
Total write time: 476.267015 seconds; average write time: 158.755672 seconds.
Total read time: 686.664725; average read time: 98.094961
Total time: 1162.931740, total average time: 116.293174

[2022-12-14T11:47:56] Child[85865]:
Total write time: 429.781166 seconds; average write time: 143.260389 seconds.
Total read time: 738.712183; average read time: 105.530312
Total time: 1168.493349, total average time: 116.849335

[2022-12-14T11:47:57] Child[86142]:
Total write time: 690.753751 seconds; average write time: 138.150750 seconds.
Total read time: 478.677780; average read time: 95.735556
Total time: 1169.431531, total average time: 116.943153

[2022-12-14T11:47:57] Child[86302]:
Total write time: 1096.314823 seconds; average write time: 156.616403 seconds.
Total read time: 72.883020; average read time: 24.294340
Total time: 1169.197843, total average time: 116.919784

[2022-12-14T11:47:58] Child[84655]:
Total write time: 1004.122016 seconds; average write time: 200.824403 seconds.
Total read time: 160.436554; average read time: 32.087311
Total time: 1164.558570, total average time: 116.455857

[2022-12-14T11:47:59] Child[84682]:
Total write time: 861.998671 seconds; average write time: 172.399734 seconds.
Total read time: 311.856258; average read time: 62.371252
Total time: 1173.854929, total average time: 117.385493

[2022-12-14T11:47:59] Child[86439]:
Total write time: 888.075711 seconds; average write time: 222.018928 seconds.
Total read time: 286.128192; average read time: 47.688032
Total time: 1174.203903, total average time: 117.420390

[2022-12-14T11:47:59] Child[85683]:
Total write time: 944.150192 seconds; average write time: 157.358365 seconds.
Total read time: 225.273835; average read time: 56.318459
Total time: 1169.424027, total average time: 116.942403

[2022-12-14T11:48:00] Child[84668]:
Total write time: 910.425238 seconds; average write time: 182.085048 seconds.
Total read time: 258.073052; average read time: 51.614610
Total time: 1168.498290, total average time: 116.849829

[2022-12-14T11:48:00] Child[86263]:
Total write time: 337.086637 seconds; average write time: 112.362212 seconds.
Total read time: 835.906496; average read time: 119.415214
Total time: 1172.993133, total average time: 117.299313

[2022-12-14T11:48:00] Child[86230]:
Total write time: 932.501909 seconds; average write time: 233.125477 seconds.
Total read time: 239.714284; average read time: 39.952381
Total time: 1172.216193, total average time: 117.221619

[2022-12-14T11:48:01] Child[85099]:
Total write time: 871.603673 seconds; average write time: 290.534558 seconds.
Total read time: 300.616611; average read time: 42.945230
Total time: 1172.220284, total average time: 117.222028

[2022-12-14T11:48:01] Child[85535]:
Total write time: 913.026423 seconds; average write time: 228.256606 seconds.
Total read time: 260.966860; average read time: 43.494477
Total time: 1173.993283, total average time: 117.399328

[2022-12-14T11:48:02] Child[85519]:
Total write time: 532.798621 seconds; average write time: 106.559724 seconds.
Total read time: 636.529925; average read time: 127.305985
Total time: 1169.328546, total average time: 116.932855

[2022-12-14T11:48:02] Child[85425]:
Total write time: 1127.594755 seconds; average write time: 140.949344 seconds.
Total read time: 46.368692; average read time: 23.184346
Total time: 1173.963447, total average time: 117.396345

[2022-12-14T11:48:02] Child[84930]:
Total write time: 841.358713 seconds; average write time: 280.452904 seconds.
Total read time: 331.174847; average read time: 47.310692
Total time: 1172.533560, total average time: 117.253356

[2022-12-14T11:48:02] Child[85778]:
Total write time: 661.011481 seconds; average write time: 165.252870 seconds.
Total read time: 515.156892; average read time: 85.859482
Total time: 1176.168373, total average time: 117.616837

[2022-12-14T11:48:03] Child[85936]:
Total write time: 566.863104 seconds; average write time: 188.954368 seconds.
Total read time: 607.814986; average read time: 86.830712
Total time: 1174.678090, total average time: 117.467809

[2022-12-14T11:48:03] Child[84870]:
Total write time: 1112.130290 seconds; average write time: 185.355048 seconds.
Total read time: 63.457154; average read time: 15.864289
Total time: 1175.587444, total average time: 117.558744

[2022-12-14T11:48:03] Child[84822]:
Total write time: 639.265322 seconds; average write time: 159.816330 seconds.
Total read time: 536.891494; average read time: 89.481916
Total time: 1176.156816, total average time: 117.615682

[2022-12-14T11:48:03] Child[86015]:
Total write time: 771.377320 seconds; average write time: 128.562887 seconds.
Total read time: 404.197815; average read time: 101.049454
Total time: 1175.575135, total average time: 117.557513

[2022-12-14T11:48:03] Child[85688]:
Total write time: 129.412912 seconds; average write time: 43.137637 seconds.
Total read time: 1046.041797; average read time: 149.434542
Total time: 1175.454709, total average time: 117.545471

[2022-12-14T11:48:03] Child[85013]:
Total write time: 797.922430 seconds; average write time: 159.584486 seconds.
Total read time: 379.550137; average read time: 75.910027
Total time: 1177.472567, total average time: 117.747257

[2022-12-14T11:48:03] Child[85125]:
Total write time: 791.479833 seconds; average write time: 158.295967 seconds.
Total read time: 382.044606; average read time: 76.408921
Total time: 1173.524439, total average time: 117.352444

[2022-12-14T11:48:03] Child[85651]:
Total write time: 1057.717134 seconds; average write time: 176.286189 seconds.
Total read time: 121.284632; average read time: 30.321158
Total time: 1179.001766, total average time: 117.900177

[2022-12-14T11:48:04] Child[85144]:
Total write time: 900.190661 seconds; average write time: 180.038132 seconds.
Total read time: 273.967290; average read time: 54.793458
Total time: 1174.157951, total average time: 117.415795

[2022-12-14T11:48:04] Child[85783]:
Total write time: 831.232214 seconds; average write time: 207.808053 seconds.
Total read time: 347.241876; average read time: 57.873646
Total time: 1178.474090, total average time: 117.847409

[2022-12-14T11:48:04] Child[84823]:
Total write time: 716.937848 seconds; average write time: 143.387570 seconds.
Total read time: 462.068748; average read time: 92.413750
Total time: 1179.006596, total average time: 117.900660

[2022-12-14T11:48:05] Child[85146]:
Total write time: 669.638804 seconds; average write time: 167.409701 seconds.
Total read time: 511.935301; average read time: 85.322550
Total time: 1181.574105, total average time: 118.157410

[2022-12-14T11:48:06] Child[86373]:
Total write time: 800.629265 seconds; average write time: 133.438211 seconds.
Total read time: 378.088673; average read time: 94.522168
Total time: 1178.717938, total average time: 117.871794

[2022-12-14T11:48:06] Child[86115]:
Total write time: 954.811085 seconds; average write time: 190.962217 seconds.
Total read time: 224.080644; average read time: 44.816129
Total time: 1178.891729, total average time: 117.889173

[2022-12-14T11:48:07] Child[84586]:
Total write time: 749.952628 seconds; average write time: 187.488157 seconds.
Total read time: 430.029713; average read time: 71.671619
Total time: 1179.982341, total average time: 117.998234

[2022-12-14T11:48:07] Child[86255]:
Total write time: 732.605896 seconds; average write time: 104.657985 seconds.
Total read time: 447.405568; average read time: 149.135189
Total time: 1180.011464, total average time: 118.001146

[2022-12-14T11:48:07] Child[84736]:
Total write time: 926.267682 seconds; average write time: 154.377947 seconds.
Total read time: 251.878234; average read time: 62.969558
Total time: 1178.145916, total average time: 117.814592

[2022-12-14T11:48:08] Child[84964]:
Total write time: 1032.089623 seconds; average write time: 147.441375 seconds.
Total read time: 151.418031; average read time: 50.472677
Total time: 1183.507654, total average time: 118.350765

[2022-12-14T11:48:09] Child[85330]:
Total write time: 946.436129 seconds; average write time: 189.287226 seconds.
Total read time: 233.688480; average read time: 46.737696
Total time: 1180.124609, total average time: 118.012461

[2022-12-14T11:48:09] Child[85906]:
Total write time: 437.744739 seconds; average write time: 218.872369 seconds.
Total read time: 740.861792; average read time: 92.607724
Total time: 1178.606531, total average time: 117.860653

[2022-12-14T11:48:09] Child[86471]:
Total write time: 815.887004 seconds; average write time: 135.981167 seconds.
Total read time: 361.585618; average read time: 90.396405
Total time: 1177.472622, total average time: 117.747262

[2022-12-14T11:48:09] Child[85843]:
Total write time: 542.036264 seconds; average write time: 108.407253 seconds.
Total read time: 641.827385; average read time: 128.365477
Total time: 1183.863649, total average time: 118.386365

[2022-12-14T11:48:11] Child[84885]:
Total write time: 970.744937 seconds; average write time: 194.148987 seconds.
Total read time: 213.915422; average read time: 42.783084
Total time: 1184.660359, total average time: 118.466036

[2022-12-14T11:48:11] Child[85138]:
Total write time: 647.308234 seconds; average write time: 215.769411 seconds.
Total read time: 537.380919; average read time: 76.768703
Total time: 1184.689153, total average time: 118.468915

[2022-12-14T11:48:12] Child[85598]:
Total write time: 924.029907 seconds; average write time: 154.004985 seconds.
Total read time: 259.704741; average read time: 64.926185
Total time: 1183.734648, total average time: 118.373465

[2022-12-14T11:48:12] Child[86202]:
Total write time: 907.819405 seconds; average write time: 226.954851 seconds.
Total read time: 277.804843; average read time: 46.300807
Total time: 1185.624248, total average time: 118.562425

[2022-12-14T11:48:13] Child[85770]:
Total write time: 696.936755 seconds; average write time: 232.312252 seconds.
Total read time: 482.977866; average read time: 68.996838
Total time: 1179.914621, total average time: 117.991462

[2022-12-14T11:48:13] Child[84554]:
Total write time: 1102.007998 seconds; average write time: 157.429714 seconds.
Total read time: 84.238540; average read time: 28.079513
Total time: 1186.246538, total average time: 118.624654

[2022-12-14T11:48:13] Child[84403]:
Total write time: 956.802287 seconds; average write time: 191.360457 seconds.
Total read time: 226.909550; average read time: 45.381910
Total time: 1183.711837, total average time: 118.371184

[2022-12-14T11:48:14] Child[85031]:
Total write time: 803.378104 seconds; average write time: 200.844526 seconds.
Total read time: 378.244680; average read time: 63.040780
Total time: 1181.622784, total average time: 118.162278

[2022-12-14T11:48:15] Child[86063]:
Total write time: 638.436163 seconds; average write time: 127.687233 seconds.
Total read time: 550.646574; average read time: 110.129315
Total time: 1189.082737, total average time: 118.908274

[2022-12-14T11:48:16] Child[85154]:
Total write time: 678.393859 seconds; average write time: 135.678772 seconds.
Total read time: 509.036176; average read time: 101.807235
Total time: 1187.430035, total average time: 118.743004

[2022-12-14T11:48:16] Child[85961]:
Total write time: 554.646640 seconds; average write time: 554.646640 seconds.
Total read time: 630.776603; average read time: 70.086289
Total time: 1185.423243, total average time: 118.542324

[2022-12-14T11:48:16] Child[84879]:
Total write time: 415.900952 seconds; average write time: 138.633651 seconds.
Total read time: 771.450794; average read time: 110.207256
Total time: 1187.351746, total average time: 118.735175

[2022-12-14T11:48:17] Child[84678]:
Total write time: 552.086151 seconds; average write time: 138.021538 seconds.
Total read time: 640.653324; average read time: 106.775554
Total time: 1192.739475, total average time: 119.273948

[2022-12-14T11:48:17] Child[84987]:
Total write time: 809.591916 seconds; average write time: 269.863972 seconds.
Total read time: 380.823728; average read time: 54.403390
Total time: 1190.415644, total average time: 119.041564

[2022-12-14T11:48:17] Child[84800]:
Total write time: 393.762524 seconds; average write time: 98.440631 seconds.
Total read time: 794.988969; average read time: 132.498162
Total time: 1188.751493, total average time: 118.875149

[2022-12-14T11:48:17] Child[84754]:
Total write time: 597.312971 seconds; average write time: 119.462594 seconds.
Total read time: 590.161044; average read time: 118.032209
Total time: 1187.474015, total average time: 118.747401

[2022-12-14T11:48:17] Child[86308]:
Total write time: 661.316152 seconds; average write time: 165.329038 seconds.
Total read time: 529.644484; average read time: 88.274081
Total time: 1190.960636, total average time: 119.096064

[2022-12-14T11:48:18] Child[85875]:
Total write time: 981.519199 seconds; average write time: 196.303840 seconds.
Total read time: 213.725041; average read time: 42.745008
Total time: 1195.244240, total average time: 119.524424

[2022-12-14T11:48:18] Child[86396]:
Total write time: 828.965629 seconds; average write time: 207.241407 seconds.
Total read time: 360.513863; average read time: 60.085644
Total time: 1189.479492, total average time: 118.947949

[2022-12-14T11:48:18] Child[86117]:
Total write time: 828.001935 seconds; average write time: 207.000484 seconds.
Total read time: 362.546744; average read time: 60.424457
Total time: 1190.548679, total average time: 119.054868

[2022-12-14T11:48:18] Child[86090]:
Total write time: 926.777898 seconds; average write time: 308.925966 seconds.
Total read time: 259.034161; average read time: 37.004880
Total time: 1185.812059, total average time: 118.581206

[2022-12-14T11:48:19] Child[84576]:
Total write time: 1088.654618 seconds; average write time: 155.522088 seconds.
Total read time: 104.621911; average read time: 34.873970
Total time: 1193.276529, total average time: 119.327653

[2022-12-14T11:48:19] Child[86246]:
Total write time: 848.999143 seconds; average write time: 282.999714 seconds.
Total read time: 340.057394; average read time: 48.579628
Total time: 1189.056537, total average time: 118.905654

[2022-12-14T11:48:19] Child[85813]:
Total write time: 880.664064 seconds; average write time: 176.132813 seconds.
Total read time: 308.411175; average read time: 61.682235
Total time: 1189.075239, total average time: 118.907524

[2022-12-14T11:48:20] Child[85899]:
Total write time: 757.973182 seconds; average write time: 126.328864 seconds.
Total read time: 433.615204; average read time: 108.403801
Total time: 1191.588386, total average time: 119.158839

[2022-12-14T11:48:20] Child[84719]:
Total write time: 656.597567 seconds; average write time: 218.865856 seconds.
Total read time: 536.844335; average read time: 76.692048
Total time: 1193.441902, total average time: 119.344190

[2022-12-14T11:48:21] Child[86116]:
Total write time: 893.088433 seconds; average write time: 178.617687 seconds.
Total read time: 296.439637; average read time: 59.287927
Total time: 1189.528070, total average time: 118.952807

[2022-12-14T11:48:21] Child[84607]:
Total write time: 352.102117 seconds; average write time: 117.367372 seconds.
Total read time: 840.291157; average read time: 120.041594
Total time: 1192.393274, total average time: 119.239327

[2022-12-14T11:48:22] Child[85987]:
Total write time: 869.354528 seconds; average write time: 217.338632 seconds.
Total read time: 323.713643; average read time: 53.952274
Total time: 1193.068171, total average time: 119.306817

[2022-12-14T11:48:22] Child[84966]:
Total write time: 745.005804 seconds; average write time: 186.251451 seconds.
Total read time: 451.680396; average read time: 75.280066
Total time: 1196.686200, total average time: 119.668620

[2022-12-14T11:48:22] Child[85797]:
Total write time: 749.861359 seconds; average write time: 187.465340 seconds.
Total read time: 445.380526; average read time: 74.230088
Total time: 1195.241885, total average time: 119.524188

[2022-12-14T11:48:23] Child[86191]:
Total write time: 968.733476 seconds; average write time: 242.183369 seconds.
Total read time: 224.499020; average read time: 37.416503
Total time: 1193.232496, total average time: 119.323250

[2022-12-14T11:48:23] Child[85170]:
Total write time: 617.805289 seconds; average write time: 154.451322 seconds.
Total read time: 576.729549; average read time: 96.121591
Total time: 1194.534838, total average time: 119.453484

[2022-12-14T11:48:23] Child[85595]:
Total write time: 1012.355681 seconds; average write time: 202.471136 seconds.
Total read time: 185.447496; average read time: 37.089499
Total time: 1197.803177, total average time: 119.780318

[2022-12-14T11:48:23] Child[85920]:
Total write time: 941.122050 seconds; average write time: 470.561025 seconds.
Total read time: 254.961190; average read time: 31.870149
Total time: 1196.083240, total average time: 119.608324

[2022-12-14T11:48:24] Child[85969]:
Total write time: 545.309012 seconds; average write time: 90.884835 seconds.
Total read time: 650.503481; average read time: 162.625870
Total time: 1195.812493, total average time: 119.581249

[2022-12-14T11:48:24] Child[86005]:
Total write time: 912.629336 seconds; average write time: 228.157334 seconds.
Total read time: 274.783167; average read time: 45.797195
Total time: 1187.412503, total average time: 118.741250

[2022-12-14T11:48:24] Child[84674]:
Total write time: 428.347668 seconds; average write time: 142.782556 seconds.
Total read time: 770.963380; average read time: 110.137626
Total time: 1199.311048, total average time: 119.931105

[2022-12-14T11:48:24] Child[86196]:
Total write time: 994.326374 seconds; average write time: 142.046625 seconds.
Total read time: 203.161261; average read time: 67.720420
Total time: 1197.487635, total average time: 119.748763

[2022-12-14T11:48:25] Child[85229]:
Total write time: 914.370685 seconds; average write time: 152.395114 seconds.
Total read time: 279.814108; average read time: 69.953527
Total time: 1194.184793, total average time: 119.418479

[2022-12-14T11:48:25] Child[86420]:
Total write time: 603.291459 seconds; average write time: 201.097153 seconds.
Total read time: 592.411296; average read time: 84.630185
Total time: 1195.702755, total average time: 119.570275

[2022-12-14T11:48:25] Child[85889]:
Total write time: 1054.987495 seconds; average write time: 210.997499 seconds.
Total read time: 143.783437; average read time: 28.756687
Total time: 1198.770932, total average time: 119.877093

[2022-12-14T11:48:26] Child[86030]:
Total write time: 916.113879 seconds; average write time: 229.028470 seconds.
Total read time: 283.300301; average read time: 47.216717
Total time: 1199.414180, total average time: 119.941418

[2022-12-14T11:48:26] Child[84706]:
Total write time: 871.554112 seconds; average write time: 217.888528 seconds.
Total read time: 322.884530; average read time: 53.814088
Total time: 1194.438642, total average time: 119.443864

[2022-12-14T11:48:27] Child[84605]:
Total write time: 892.124120 seconds; average write time: 297.374707 seconds.
Total read time: 308.484692; average read time: 44.069242
Total time: 1200.608812, total average time: 120.060881

[2022-12-14T11:48:27] Child[86379]:
Total write time: 927.792359 seconds; average write time: 154.632060 seconds.
Total read time: 269.469115; average read time: 67.367279
Total time: 1197.261474, total average time: 119.726147

[2022-12-14T11:48:27] Child[85495]:
Total write time: 851.314526 seconds; average write time: 283.771509 seconds.
Total read time: 349.454027; average read time: 49.922004
Total time: 1200.768553, total average time: 120.076855

[2022-12-14T11:48:28] Child[85779]:
Total write time: 977.156457 seconds; average write time: 162.859409 seconds.
Total read time: 219.706701; average read time: 54.926675
Total time: 1196.863158, total average time: 119.686316

[2022-12-14T11:48:28] Child[85502]:
Total write time: 965.463997 seconds; average write time: 160.910666 seconds.
Total read time: 235.286283; average read time: 58.821571
Total time: 1200.750280, total average time: 120.075028

[2022-12-14T11:48:28] Child[84725]:
Total write time: 1125.534306 seconds; average write time: 225.106861 seconds.
Total read time: 77.182804; average read time: 15.436561
Total time: 1202.717110, total average time: 120.271711

[2022-12-14T11:48:28] Child[84751]:
Total write time: 377.099348 seconds; average write time: 188.549674 seconds.
Total read time: 824.874040; average read time: 103.109255
Total time: 1201.973388, total average time: 120.197339

[2022-12-14T11:48:29] Child[86460]:
Total write time: 828.016687 seconds; average write time: 276.005562 seconds.
Total read time: 373.270561; average read time: 53.324366
Total time: 1201.287248, total average time: 120.128725

[2022-12-14T11:48:29] Child[86356]:
Total write time: 1019.588276 seconds; average write time: 169.931379 seconds.
Total read time: 179.985575; average read time: 44.996394
Total time: 1199.573851, total average time: 119.957385

[2022-12-14T11:48:30] Child[85723]:
Total write time: 615.060933 seconds; average write time: 153.765233 seconds.
Total read time: 586.982565; average read time: 97.830427
Total time: 1202.043498, total average time: 120.204350

[2022-12-14T11:48:30] Child[84940]:
Total write time: 868.902842 seconds; average write time: 124.128977 seconds.
Total read time: 335.214527; average read time: 111.738176
Total time: 1204.117369, total average time: 120.411737

[2022-12-14T11:48:30] Child[85359]:
Total write time: 915.599690 seconds; average write time: 228.899923 seconds.
Total read time: 286.841444; average read time: 47.806907
Total time: 1202.441134, total average time: 120.244113

[2022-12-14T11:48:31] Child[86164]:
Total write time: 598.704151 seconds; average write time: 149.676038 seconds.
Total read time: 605.370632; average read time: 100.895105
Total time: 1204.074783, total average time: 120.407478

[2022-12-14T11:48:31] Child[85353]:
Total write time: 705.487021 seconds; average write time: 352.743511 seconds.
Total read time: 497.646730; average read time: 62.205841
Total time: 1203.133751, total average time: 120.313375

[2022-12-14T11:48:31] Child[85768]:
Total write time: 949.649568 seconds; average write time: 189.929914 seconds.
Total read time: 252.719884; average read time: 50.543977
Total time: 1202.369452, total average time: 120.236945

[2022-12-14T11:48:31] Child[85945]:
Total write time: 995.289178 seconds; average write time: 165.881530 seconds.
Total read time: 209.314877; average read time: 52.328719
Total time: 1204.604055, total average time: 120.460405

[2022-12-14T11:48:32] Child[86446]:
Total write time: 526.248448 seconds; average write time: 105.249690 seconds.
Total read time: 679.031905; average read time: 135.806381
Total time: 1205.280353, total average time: 120.528035

[2022-12-14T11:48:32] Child[86055]:
Total write time: 1097.882252 seconds; average write time: 156.840322 seconds.
Total read time: 107.707969; average read time: 35.902656
Total time: 1205.590221, total average time: 120.559022

[2022-12-14T11:48:32] Child[86278]:
Total write time: 786.623429 seconds; average write time: 131.103905 seconds.
Total read time: 414.594081; average read time: 103.648520
Total time: 1201.217510, total average time: 120.121751

[2022-12-14T11:48:33] Child[85888]:
Total write time: 822.602027 seconds; average write time: 164.520405 seconds.
Total read time: 383.898709; average read time: 76.779742
Total time: 1206.500736, total average time: 120.650074

[2022-12-14T11:48:33] Child[85948]:
Total write time: 992.030499 seconds; average write time: 330.676833 seconds.
Total read time: 211.478821; average read time: 30.211260
Total time: 1203.509320, total average time: 120.350932

[2022-12-14T11:48:33] Child[84694]:
Total write time: 1065.688183 seconds; average write time: 213.137637 seconds.
Total read time: 140.336036; average read time: 28.067207
Total time: 1206.024219, total average time: 120.602422

[2022-12-14T11:48:33] Child[86253]:
Total write time: 708.296708 seconds; average write time: 236.098903 seconds.
Total read time: 497.475540; average read time: 71.067934
Total time: 1205.772248, total average time: 120.577225

[2022-12-14T11:48:34] Child[85762]:
Total write time: 479.875632 seconds; average write time: 159.958544 seconds.
Total read time: 729.387101; average read time: 104.198157
Total time: 1209.262733, total average time: 120.926273

[2022-12-14T11:48:35] Child[84903]:
Total write time: 605.510684 seconds; average write time: 151.377671 seconds.
Total read time: 602.748493; average read time: 100.458082
Total time: 1208.259177, total average time: 120.825918

[2022-12-14T11:48:35] Child[86143]:
Total write time: 907.616567 seconds; average write time: 302.538856 seconds.
Total read time: 300.854535; average read time: 42.979219
Total time: 1208.471102, total average time: 120.847110

[2022-12-14T11:48:35] Child[85864]:
Total write time: 571.533588 seconds; average write time: 142.883397 seconds.
Total read time: 637.756777; average read time: 106.292796
Total time: 1209.290365, total average time: 120.929036

[2022-12-14T11:48:35] Child[86418]:
Total write time: 929.537418 seconds; average write time: 232.384355 seconds.
Total read time: 279.185912; average read time: 46.530985
Total time: 1208.723330, total average time: 120.872333

[2022-12-14T11:48:35] Child[84770]:
Total write time: 876.374126 seconds; average write time: 175.274825 seconds.
Total read time: 330.710101; average read time: 66.142020
Total time: 1207.084227, total average time: 120.708423

[2022-12-14T11:48:35] Child[85764]:
Total write time: 898.661108 seconds; average write time: 224.665277 seconds.
Total read time: 309.833620; average read time: 51.638937
Total time: 1208.494728, total average time: 120.849473

[2022-12-14T11:48:35] Child[85620]:
Total write time: 665.183197 seconds; average write time: 332.591598 seconds.
Total read time: 541.609594; average read time: 67.701199
Total time: 1206.792791, total average time: 120.679279

[2022-12-14T11:48:35] Child[84412]:
Total write time: 1137.028378 seconds; average write time: 142.128547 seconds.
Total read time: 68.054275; average read time: 34.027138
Total time: 1205.082653, total average time: 120.508265

[2022-12-14T11:48:36] Child[85986]:
Total write time: 808.173482 seconds; average write time: 202.043371 seconds.
Total read time: 399.457389; average read time: 66.576232
Total time: 1207.630871, total average time: 120.763087

[2022-12-14T11:48:36] Child[85195]:
Total write time: 679.490093 seconds; average write time: 226.496698 seconds.
Total read time: 529.624096; average read time: 75.660585
Total time: 1209.114189, total average time: 120.911419

[2022-12-14T11:48:37] Child[85022]:
Total write time: 1089.280772 seconds; average write time: 155.611539 seconds.
Total read time: 117.707455; average read time: 39.235818
Total time: 1206.988227, total average time: 120.698823

[2022-12-14T11:48:37] Child[85491]:
Total write time: 417.196624 seconds; average write time: 139.065541 seconds.
Total read time: 790.098317; average read time: 112.871188
Total time: 1207.294941, total average time: 120.729494

[2022-12-14T11:48:37] Child[84775]:
Total write time: 1170.517681 seconds; average write time: 195.086280 seconds.
Total read time: 37.431729; average read time: 9.357932
Total time: 1207.949410, total average time: 120.794941

[2022-12-14T11:48:38] Child[85626]:
Total write time: 418.469146 seconds; average write time: 139.489715 seconds.
Total read time: 791.617000; average read time: 113.088143
Total time: 1210.086146, total average time: 121.008615

[2022-12-14T11:48:38] Child[84467]:
Total write time: 918.998208 seconds; average write time: 183.799642 seconds.
Total read time: 289.269440; average read time: 57.853888
Total time: 1208.267648, total average time: 120.826765

[2022-12-14T11:48:39] Child[85241]:
Total write time: 1103.115046 seconds; average write time: 220.623009 seconds.
Total read time: 105.891064; average read time: 21.178213
Total time: 1209.006110, total average time: 120.900611

[2022-12-14T11:48:39] Child[84943]:
Total write time: 466.051689 seconds; average write time: 155.350563 seconds.
Total read time: 745.537295; average read time: 106.505328
Total time: 1211.588984, total average time: 121.158898

[2022-12-14T11:48:40] Child[86292]:
Total write time: 694.354312 seconds; average write time: 231.451437 seconds.
Total read time: 512.864619; average read time: 73.266374
Total time: 1207.218931, total average time: 120.721893

[2022-12-14T11:48:40] Child[84524]:
Total write time: 984.849539 seconds; average write time: 164.141590 seconds.
Total read time: 223.309792; average read time: 55.827448
Total time: 1208.159331, total average time: 120.815933

[2022-12-14T11:48:40] Child[85214]:
Total write time: 683.019162 seconds; average write time: 170.754791 seconds.
Total read time: 529.126970; average read time: 88.187828
Total time: 1212.146132, total average time: 121.214613

[2022-12-14T11:48:40] Child[86069]:
Total write time: 767.527860 seconds; average write time: 153.505572 seconds.
Total read time: 445.358477; average read time: 89.071695
Total time: 1212.886337, total average time: 121.288634

[2022-12-14T11:48:40] Child[84783]:
Total write time: 527.753967 seconds; average write time: 175.917989 seconds.
Total read time: 687.046911; average read time: 98.149559
Total time: 1214.800878, total average time: 121.480088

[2022-12-14T11:48:41] Child[84626]:
Total write time: 1036.471754 seconds; average write time: 207.294351 seconds.
Total read time: 179.297594; average read time: 35.859519
Total time: 1215.769348, total average time: 121.576935

[2022-12-14T11:48:41] Child[86316]:
Total write time: 789.489709 seconds; average write time: 131.581618 seconds.
Total read time: 425.449554; average read time: 106.362388
Total time: 1214.939263, total average time: 121.493926

[2022-12-14T11:48:41] Child[85997]:
Total write time: 582.955837 seconds; average write time: 97.159306 seconds.
Total read time: 629.877820; average read time: 157.469455
Total time: 1212.833657, total average time: 121.283366

[2022-12-14T11:48:42] Child[84705]:
Total write time: 849.420896 seconds; average write time: 212.355224 seconds.
Total read time: 364.995316; average read time: 60.832553
Total time: 1214.416212, total average time: 121.441621

[2022-12-14T11:48:43] Child[86272]:
Total write time: 787.130518 seconds; average write time: 262.376839 seconds.
Total read time: 427.186838; average read time: 61.026691
Total time: 1214.317356, total average time: 121.431736

[2022-12-14T11:48:43] Child[85516]:
Total write time: 863.919610 seconds; average write time: 215.979903 seconds.
Total read time: 353.047407; average read time: 58.841234
Total time: 1216.967017, total average time: 121.696702

[2022-12-14T11:48:43] Child[84619]:
Total write time: 844.626490 seconds; average write time: 211.156622 seconds.
Total read time: 368.818354; average read time: 61.469726
Total time: 1213.444844, total average time: 121.344484

[2022-12-14T11:48:44] Child[86170]:
Total write time: 825.109651 seconds; average write time: 165.021930 seconds.
Total read time: 388.111588; average read time: 77.622318
Total time: 1213.221239, total average time: 121.322124

[2022-12-14T11:48:45] Child[86336]:
Total write time: 496.761824 seconds; average write time: 124.190456 seconds.
Total read time: 717.187866; average read time: 119.531311
Total time: 1213.949690, total average time: 121.394969

[2022-12-14T11:48:45] Child[86303]:
Total write time: 753.996165 seconds; average write time: 251.332055 seconds.
Total read time: 464.219667; average read time: 66.317095
Total time: 1218.215832, total average time: 121.821583

[2022-12-14T11:48:45] Child[84561]:
Total write time: 341.978514 seconds; average write time: 170.989257 seconds.
Total read time: 876.485034; average read time: 109.560629
Total time: 1218.463548, total average time: 121.846355

[2022-12-14T11:48:46] Child[84494]:
Total write time: 1031.167244 seconds; average write time: 171.861207 seconds.
Total read time: 188.261916; average read time: 47.065479
Total time: 1219.429160, total average time: 121.942916

[2022-12-14T11:48:46] Child[84609]:
Total write time: 903.294349 seconds; average write time: 129.042050 seconds.
Total read time: 314.548894; average read time: 104.849631
Total time: 1217.843243, total average time: 121.784324

[2022-12-14T11:48:47] Child[84696]:
Total write time: 797.687305 seconds; average write time: 159.537461 seconds.
Total read time: 420.529205; average read time: 84.105841
Total time: 1218.216510, total average time: 121.821651

[2022-12-14T11:48:47] Child[84486]:
Total write time: 784.350263 seconds; average write time: 196.087566 seconds.
Total read time: 430.571427; average read time: 71.761904
Total time: 1214.921690, total average time: 121.492169

[2022-12-14T11:48:47] Child[85136]:
Total write time: 1174.110975 seconds; average write time: 195.685162 seconds.
Total read time: 46.051117; average read time: 11.512779
Total time: 1220.162092, total average time: 122.016209

[2022-12-14T11:48:47] Child[86395]:
Total write time: 582.762739 seconds; average write time: 194.254246 seconds.
Total read time: 634.434479; average read time: 90.633497
Total time: 1217.197218, total average time: 121.719722

[2022-12-14T11:48:47] Child[84615]:
Total write time: 321.492482 seconds; average write time: 107.164161 seconds.
Total read time: 898.037107; average read time: 128.291015
Total time: 1219.529589, total average time: 121.952959

[2022-12-14T11:48:47] Child[86109]:
Total write time: 906.854578 seconds; average write time: 181.370916 seconds.
Total read time: 313.953605; average read time: 62.790721
Total time: 1220.808183, total average time: 122.080818

[2022-12-14T11:48:48] Child[84481]:
Total write time: 1112.102719 seconds; average write time: 123.566969 seconds.
Total read time: 109.255270; average read time: 109.255270
Total time: 1221.357989, total average time: 122.135799

[2022-12-14T11:48:48] Child[86128]:
Total write time: 672.521656 seconds; average write time: 168.130414 seconds.
Total read time: 546.236706; average read time: 91.039451
Total time: 1218.758362, total average time: 121.875836

[2022-12-14T11:48:48] Child[84970]:
Total write time: 864.293314 seconds; average write time: 216.073329 seconds.
Total read time: 355.448015; average read time: 59.241336
Total time: 1219.741329, total average time: 121.974133

[2022-12-14T11:48:49] Child[84858]:
Total write time: 1018.805161 seconds; average write time: 169.800860 seconds.
Total read time: 201.054129; average read time: 50.263532
Total time: 1219.859290, total average time: 121.985929

[2022-12-14T11:48:49] Child[85928]:
Total write time: 755.463735 seconds; average write time: 151.092747 seconds.
Total read time: 467.649430; average read time: 93.529886
Total time: 1223.113165, total average time: 122.311317

[2022-12-14T11:48:49] Child[85831]:
Total write time: 939.511785 seconds; average write time: 156.585297 seconds.
Total read time: 280.581079; average read time: 70.145270
Total time: 1220.092864, total average time: 122.009286

[2022-12-14T11:48:49] Child[85793]:
Total write time: 1002.936609 seconds; average write time: 334.312203 seconds.
Total read time: 215.985680; average read time: 30.855097
Total time: 1218.922289, total average time: 121.892229

[2022-12-14T11:48:49] Child[84931]:
Total write time: 591.678282 seconds; average write time: 147.919570 seconds.
Total read time: 629.382929; average read time: 104.897155
Total time: 1221.061211, total average time: 122.106121

[2022-12-14T11:48:49] Child[86020]:
Total write time: 692.986829 seconds; average write time: 173.246707 seconds.
Total read time: 526.605703; average read time: 87.767617
Total time: 1219.592532, total average time: 121.959253

[2022-12-14T11:48:49] Child[85343]:
Total write time: 828.536934 seconds; average write time: 414.268467 seconds.
Total read time: 396.248101; average read time: 49.531013
Total time: 1224.785035, total average time: 122.478504

[2022-12-14T11:48:49] Child[85896]:
Total write time: 717.266262 seconds; average write time: 179.316565 seconds.
Total read time: 505.309967; average read time: 84.218328
Total time: 1222.576229, total average time: 122.257623

[2022-12-14T11:48:50] Child[85282]:
Total write time: 859.843019 seconds; average write time: 214.960755 seconds.
Total read time: 362.764303; average read time: 60.460717
Total time: 1222.607322, total average time: 122.260732

[2022-12-14T11:48:51] Child[85197]:
Total write time: 892.315520 seconds; average write time: 178.463104 seconds.
Total read time: 331.435786; average read time: 66.287157
Total time: 1223.751306, total average time: 122.375131

[2022-12-14T11:48:52] Child[85839]:
Total write time: 704.382666 seconds; average write time: 140.876533 seconds.
Total read time: 517.179611; average read time: 103.435922
Total time: 1221.562277, total average time: 122.156228

[2022-12-14T11:48:52] Child[85373]:
Total write time: 989.795332 seconds; average write time: 197.959066 seconds.
Total read time: 233.481422; average read time: 46.696284
Total time: 1223.276754, total average time: 122.327675

[2022-12-14T11:48:53] Child[86434]:
Total write time: 652.531610 seconds; average write time: 163.132903 seconds.
Total read time: 570.766760; average read time: 95.127793
Total time: 1223.298370, total average time: 122.329837

[2022-12-14T11:48:53] Child[85748]:
Total write time: 738.354569 seconds; average write time: 184.588642 seconds.
Total read time: 488.466248; average read time: 81.411041
Total time: 1226.820817, total average time: 122.682082

[2022-12-14T11:48:53] Child[85450]:
Total write time: 1015.252802 seconds; average write time: 253.813200 seconds.
Total read time: 208.143652; average read time: 34.690609
Total time: 1223.396454, total average time: 122.339645

[2022-12-14T11:48:53] Child[85129]:
Total write time: 778.889884 seconds; average write time: 194.722471 seconds.
Total read time: 450.057925; average read time: 75.009654
Total time: 1228.947809, total average time: 122.894781

[2022-12-14T11:48:53] Child[86108]:
Total write time: 785.910877 seconds; average write time: 157.182175 seconds.
Total read time: 438.549607; average read time: 87.709921
Total time: 1224.460484, total average time: 122.446048

[2022-12-14T11:48:53] Child[84799]:
Total write time: 1139.614125 seconds; average write time: 189.935688 seconds.
Total read time: 86.386944; average read time: 21.596736
Total time: 1226.001069, total average time: 122.600107

[2022-12-14T11:48:53] Child[86172]:
Total write time: 672.652711 seconds; average write time: 224.217570 seconds.
Total read time: 551.417725; average read time: 78.773961
Total time: 1224.070436, total average time: 122.407044

[2022-12-14T11:48:54] Child[84517]:
Total write time: 1019.418578 seconds; average write time: 169.903096 seconds.
Total read time: 205.415243; average read time: 51.353811
Total time: 1224.833821, total average time: 122.483382

[2022-12-14T11:48:55] Child[85338]:
Total write time: 643.412829 seconds; average write time: 160.853207 seconds.
Total read time: 581.783133; average read time: 96.963855
Total time: 1225.195962, total average time: 122.519596

[2022-12-14T11:48:55] Child[84918]:
Total write time: 931.098442 seconds; average write time: 232.774610 seconds.
Total read time: 295.237896; average read time: 49.206316
Total time: 1226.336338, total average time: 122.633634

[2022-12-14T11:48:55] Child[85657]:
Total write time: 887.843129 seconds; average write time: 147.973855 seconds.
Total read time: 340.517782; average read time: 85.129446
Total time: 1228.360911, total average time: 122.836091

[2022-12-14T11:48:55] Child[84816]:
Total write time: 974.880704 seconds; average write time: 194.976141 seconds.
Total read time: 252.677301; average read time: 50.535460
Total time: 1227.558005, total average time: 122.755801

[2022-12-14T11:48:56] Child[85747]:
Total write time: 756.188703 seconds; average write time: 252.062901 seconds.
Total read time: 472.274777; average read time: 67.467825
Total time: 1228.463480, total average time: 122.846348

[2022-12-14T11:48:56] Child[85316]:
Total write time: 1111.303066 seconds; average write time: 158.757581 seconds.
Total read time: 113.367294; average read time: 37.789098
Total time: 1224.670360, total average time: 122.467036

[2022-12-14T11:48:56] Child[84750]:
Total write time: 562.289500 seconds; average write time: 187.429833 seconds.
Total read time: 660.989464; average read time: 94.427066
Total time: 1223.278964, total average time: 122.327896

[2022-12-14T11:48:56] Child[86295]:
Total write time: 779.168982 seconds; average write time: 155.833796 seconds.
Total read time: 448.365145; average read time: 89.673029
Total time: 1227.534127, total average time: 122.753413

[2022-12-14T11:48:57] Child[85423]:
Total write time: 600.365698 seconds; average write time: 150.091424 seconds.
Total read time: 629.349593; average read time: 104.891599
Total time: 1229.715291, total average time: 122.971529

[2022-12-14T11:48:58] Child[85027]:
Total write time: 870.030490 seconds; average write time: 174.006098 seconds.
Total read time: 360.347279; average read time: 72.069456
Total time: 1230.377769, total average time: 123.037777

[2022-12-14T11:48:58] Child[85557]:
Total write time: 885.399066 seconds; average write time: 177.079813 seconds.
Total read time: 344.700609; average read time: 68.940122
Total time: 1230.099675, total average time: 123.009968

[2022-12-14T11:48:58] Child[85105]:
Total write time: 973.136408 seconds; average write time: 162.189401 seconds.
Total read time: 255.152350; average read time: 63.788088
Total time: 1228.288758, total average time: 122.828876

[2022-12-14T11:48:58] Child[85585]:
Total write time: 709.663619 seconds; average write time: 177.415905 seconds.
Total read time: 523.462722; average read time: 87.243787
Total time: 1233.126341, total average time: 123.312634

[2022-12-14T11:48:58] Child[86466]:
Total write time: 1016.740387 seconds; average write time: 203.348077 seconds.
Total read time: 214.468193; average read time: 42.893639
Total time: 1231.208580, total average time: 123.120858

[2022-12-14T11:48:58] Child[84477]:
Total write time: 383.208559 seconds; average write time: 76.641712 seconds.
Total read time: 849.891823; average read time: 169.978365
Total time: 1233.100382, total average time: 123.310038

[2022-12-14T11:48:58] Child[85644]:
Total write time: 863.804333 seconds; average write time: 172.760867 seconds.
Total read time: 365.638754; average read time: 73.127751
Total time: 1229.443087, total average time: 122.944309

[2022-12-14T11:48:59] Child[84815]:
Total write time: 697.040176 seconds; average write time: 174.260044 seconds.
Total read time: 535.641782; average read time: 89.273630
Total time: 1232.681958, total average time: 123.268196

[2022-12-14T11:49:00] Child[86320]:
Total write time: 835.362185 seconds; average write time: 167.072437 seconds.
Total read time: 395.571953; average read time: 79.114391
Total time: 1230.934138, total average time: 123.093414

[2022-12-14T11:49:00] Child[86222]:
Total write time: 779.617711 seconds; average write time: 129.936285 seconds.
Total read time: 451.926271; average read time: 112.981568
Total time: 1231.543982, total average time: 123.154398

[2022-12-14T11:49:00] Child[84873]:
Total write time: 978.826945 seconds; average write time: 195.765389 seconds.
Total read time: 254.861737; average read time: 50.972347
Total time: 1233.688682, total average time: 123.368868

[2022-12-14T11:49:00] Child[85849]:
Total write time: 1044.297468 seconds; average write time: 130.537183 seconds.
Total read time: 188.790870; average read time: 94.395435
Total time: 1233.088338, total average time: 123.308834

[2022-12-14T11:49:01] Child[84435]:
Total write time: 971.836910 seconds; average write time: 323.945637 seconds.
Total read time: 257.396687; average read time: 36.770955
Total time: 1229.233597, total average time: 122.923360

[2022-12-14T11:49:01] Child[84446]:
Total write time: 658.642161 seconds; average write time: 164.660540 seconds.
Total read time: 575.960874; average read time: 95.993479
Total time: 1234.603035, total average time: 123.460303

[2022-12-14T11:49:01] Child[85661]:
Total write time: 650.609709 seconds; average write time: 325.304854 seconds.
Total read time: 579.996092; average read time: 72.499511
Total time: 1230.605801, total average time: 123.060580

[2022-12-14T11:49:01] Child[85272]:
Total write time: 715.056869 seconds; average write time: 119.176145 seconds.
Total read time: 520.689364; average read time: 130.172341
Total time: 1235.746233, total average time: 123.574623

[2022-12-14T11:49:01] Child[84709]:
Total write time: 885.542093 seconds; average write time: 177.108419 seconds.
Total read time: 348.979795; average read time: 69.795959
Total time: 1234.521888, total average time: 123.452189

[2022-12-14T11:49:01] Child[84974]:
Total write time: 744.267863 seconds; average write time: 186.066966 seconds.
Total read time: 491.251970; average read time: 81.875328
Total time: 1235.519833, total average time: 123.551983

[2022-12-14T11:49:01] Child[86110]:
Total write time: 1132.634764 seconds; average write time: 188.772461 seconds.
Total read time: 103.861769; average read time: 25.965442
Total time: 1236.496533, total average time: 123.649653

[2022-12-14T11:49:02] Child[84572]:
Total write time: 1043.847335 seconds; average write time: 173.974556 seconds.
Total read time: 192.677043; average read time: 48.169261
Total time: 1236.524378, total average time: 123.652438

[2022-12-14T11:49:03] Child[85118]:
Total write time: 835.091248 seconds; average write time: 167.018250 seconds.
Total read time: 403.162638; average read time: 80.632528
Total time: 1238.253886, total average time: 123.825389

[2022-12-14T11:49:03] Child[85370]:
Total write time: 1008.580690 seconds; average write time: 168.096782 seconds.
Total read time: 222.798593; average read time: 55.699648
Total time: 1231.379283, total average time: 123.137928

[2022-12-14T11:49:03] Child[84602]:
Total write time: 367.850434 seconds; average write time: 367.850434 seconds.
Total read time: 866.313568; average read time: 96.257063
Total time: 1234.164002, total average time: 123.416400

[2022-12-14T11:49:04] Child[84893]:
Total write time: 342.916451 seconds; average write time: 171.458225 seconds.
Total read time: 891.477162; average read time: 111.434645
Total time: 1234.393613, total average time: 123.439361

[2022-12-14T11:49:05] Child[84890]:
Total write time: 796.456216 seconds; average write time: 398.228108 seconds.
Total read time: 440.502879; average read time: 55.062860
Total time: 1236.959095, total average time: 123.695909

[2022-12-14T11:49:05] Child[86426]:
Total write time: 991.431389 seconds; average write time: 165.238565 seconds.
Total read time: 243.491201; average read time: 60.872800
Total time: 1234.922590, total average time: 123.492259

[2022-12-14T11:49:05] Child[85898]:
Total write time: 987.102950 seconds; average write time: 197.420590 seconds.
Total read time: 248.651466; average read time: 49.730293
Total time: 1235.754416, total average time: 123.575442

[2022-12-14T11:49:06] Child[84838]:
Total write time: 576.091966 seconds; average write time: 144.022991 seconds.
Total read time: 661.727632; average read time: 110.287939
Total time: 1237.819598, total average time: 123.781960

[2022-12-14T11:49:06] Child[85632]:
Total write time: 1085.574704 seconds; average write time: 155.082101 seconds.
Total read time: 152.970040; average read time: 50.990013
Total time: 1238.544744, total average time: 123.854474

[2022-12-14T11:49:06] Child[84470]:
Total write time: 1044.512904 seconds; average write time: 174.085484 seconds.
Total read time: 193.592381; average read time: 48.398095
Total time: 1238.105285, total average time: 123.810529

[2022-12-14T11:49:06] Child[85774]:
Total write time: 963.670631 seconds; average write time: 192.734126 seconds.
Total read time: 275.792237; average read time: 55.158447
Total time: 1239.462868, total average time: 123.946287

[2022-12-14T11:49:07] Child[85807]:
Total write time: 496.282897 seconds; average write time: 165.427632 seconds.
Total read time: 739.442781; average read time: 105.634683
Total time: 1235.725678, total average time: 123.572568

[2022-12-14T11:49:07] Child[85934]:
Total write time: 769.875269 seconds; average write time: 192.468817 seconds.
Total read time: 468.233231; average read time: 78.038872
Total time: 1238.108500, total average time: 123.810850

[2022-12-14T11:49:07] Child[85722]:
Total write time: 1040.483616 seconds; average write time: 208.096723 seconds.
Total read time: 198.210926; average read time: 39.642185
Total time: 1238.694542, total average time: 123.869454

[2022-12-14T11:49:07] Child[84908]:
Total write time: 925.015557 seconds; average write time: 154.169260 seconds.
Total read time: 316.124381; average read time: 79.031095
Total time: 1241.139938, total average time: 124.113994

[2022-12-14T11:49:07] Child[86076]:
Total write time: 973.620706 seconds; average write time: 243.405177 seconds.
Total read time: 265.012085; average read time: 44.168681
Total time: 1238.632791, total average time: 123.863279

[2022-12-14T11:49:07] Child[84538]:
Total write time: 1145.982053 seconds; average write time: 229.196411 seconds.
Total read time: 91.390875; average read time: 18.278175
Total time: 1237.372928, total average time: 123.737293

[2022-12-14T11:49:08] Child[85219]:
Total write time: 1063.237247 seconds; average write time: 177.206208 seconds.
Total read time: 177.279769; average read time: 44.319942
Total time: 1240.517016, total average time: 124.051702

[2022-12-14T11:49:10] Child[86081]:
Total write time: 1106.609652 seconds; average write time: 158.087093 seconds.
Total read time: 135.949780; average read time: 45.316593
Total time: 1242.559432, total average time: 124.255943

[2022-12-14T11:49:10] Child[84519]:
Total write time: 984.558933 seconds; average write time: 246.139733 seconds.
Total read time: 257.461192; average read time: 42.910199
Total time: 1242.020125, total average time: 124.202012

[2022-12-14T11:49:11] Child[84505]:
Total write time: 492.790921 seconds; average write time: 164.263640 seconds.
Total read time: 752.037217; average read time: 107.433888
Total time: 1244.828138, total average time: 124.482814

[2022-12-14T11:49:12] Child[84658]:
Total write time: 688.927377 seconds; average write time: 137.785475 seconds.
Total read time: 554.325225; average read time: 110.865045
Total time: 1243.252602, total average time: 124.325260

[2022-12-14T11:49:12] Child[84967]:
Total write time: 1048.252034 seconds; average write time: 131.031504 seconds.
Total read time: 197.724918; average read time: 98.862459
Total time: 1245.976952, total average time: 124.597695

[2022-12-14T11:49:12] Child[86354]:
Total write time: 1057.192835 seconds; average write time: 176.198806 seconds.
Total read time: 189.366732; average read time: 47.341683
Total time: 1246.559567, total average time: 124.655957

[2022-12-14T11:49:13] Child[85593]:
Total write time: 1028.407009 seconds; average write time: 171.401168 seconds.
Total read time: 216.716543; average read time: 54.179136
Total time: 1245.123552, total average time: 124.512355

[2022-12-14T11:49:13] Child[84826]:
Total write time: 1215.104593 seconds; average write time: 151.888074 seconds.
Total read time: 27.362824; average read time: 13.681412
Total time: 1242.467417, total average time: 124.246742

[2022-12-14T11:49:13] Child[84643]:
Total write time: 863.609642 seconds; average write time: 172.721928 seconds.
Total read time: 379.702592; average read time: 75.940518
Total time: 1243.312234, total average time: 124.331223

[2022-12-14T11:49:13] Child[84443]:
Total write time: 559.930038 seconds; average write time: 186.643346 seconds.
Total read time: 686.945626; average read time: 98.135089
Total time: 1246.875664, total average time: 124.687566

[2022-12-14T11:49:14] Child[84637]:
Total write time: 401.351642 seconds; average write time: 100.337911 seconds.
Total read time: 842.377772; average read time: 140.396295
Total time: 1243.729414, total average time: 124.372941

[2022-12-14T11:49:14] Child[85943]:
Total write time: 883.566562 seconds; average write time: 176.713312 seconds.
Total read time: 359.895336; average read time: 71.979067
Total time: 1243.461898, total average time: 124.346190

[2022-12-14T11:49:14] Child[85489]:
Total write time: 816.594078 seconds; average write time: 408.297039 seconds.
Total read time: 431.156044; average read time: 53.894506
Total time: 1247.750122, total average time: 124.775012

[2022-12-14T11:49:14] Child[85446]:
Total write time: 600.846662 seconds; average write time: 150.211666 seconds.
Total read time: 650.482853; average read time: 108.413809
Total time: 1251.329515, total average time: 125.132952

[2022-12-14T11:49:15] Child[84549]:
Total write time: 973.450255 seconds; average write time: 162.241709 seconds.
Total read time: 272.622874; average read time: 68.155719
Total time: 1246.073129, total average time: 124.607313

[2022-12-14T11:49:15] Child[86167]:
Total write time: 932.840867 seconds; average write time: 233.210217 seconds.
Total read time: 313.781445; average read time: 52.296908
Total time: 1246.622312, total average time: 124.662231

[2022-12-14T11:49:16] Child[84557]:
Total write time: 842.319791 seconds; average write time: 120.331399 seconds.
Total read time: 406.511093; average read time: 135.503698
Total time: 1248.830884, total average time: 124.883088

[2022-12-14T11:49:16] Child[85268]:
Total write time: 1127.733959 seconds; average write time: 225.546792 seconds.
Total read time: 119.043006; average read time: 23.808601
Total time: 1246.776965, total average time: 124.677696

[2022-12-14T11:49:17] Child[86325]:
Total write time: 735.224796 seconds; average write time: 183.806199 seconds.
Total read time: 514.123878; average read time: 85.687313
Total time: 1249.348674, total average time: 124.934867

[2022-12-14T11:49:17] Child[84803]:
Total write time: 846.317688 seconds; average write time: 169.263538 seconds.
Total read time: 396.576266; average read time: 79.315253
Total time: 1242.893954, total average time: 124.289395

[2022-12-14T11:49:18] Child[86140]:
Total write time: 635.368490 seconds; average write time: 211.789497 seconds.
Total read time: 612.169861; average read time: 87.452837
Total time: 1247.538351, total average time: 124.753835

[2022-12-14T11:49:20] Child[85403]:
Total write time: 1114.974124 seconds; average write time: 159.282018 seconds.
Total read time: 139.603164; average read time: 46.534388
Total time: 1254.577288, total average time: 125.457729

[2022-12-14T11:49:21] Child[86309]:
Total write time: 773.345396 seconds; average write time: 154.669079 seconds.
Total read time: 478.370036; average read time: 95.674007
Total time: 1251.715432, total average time: 125.171543

[2022-12-14T11:49:21] Child[85621]:
Total write time: 882.249820 seconds; average write time: 176.449964 seconds.
Total read time: 372.593842; average read time: 74.518768
Total time: 1254.843662, total average time: 125.484366

[2022-12-14T11:49:21] Child[84450]:
Total write time: 1215.466155 seconds; average write time: 173.638022 seconds.
Total read time: 36.339896; average read time: 12.113299
Total time: 1251.806051, total average time: 125.180605

[2022-12-14T11:49:22] Child[85293]:
Total write time: 897.142625 seconds; average write time: 224.285656 seconds.
Total read time: 355.948549; average read time: 59.324758
Total time: 1253.091174, total average time: 125.309117

[2022-12-14T11:49:23] Child[85175]:
Total write time: 825.027340 seconds; average write time: 206.256835 seconds.
Total read time: 428.881352; average read time: 71.480225
Total time: 1253.908692, total average time: 125.390869

[2022-12-14T11:49:23] Child[84732]:
Total write time: 782.030286 seconds; average write time: 156.406057 seconds.
Total read time: 470.695083; average read time: 94.139017
Total time: 1252.725369, total average time: 125.272537

[2022-12-14T11:49:23] Child[86120]:
Total write time: 1010.469083 seconds; average write time: 202.093817 seconds.
Total read time: 245.911028; average read time: 49.182206
Total time: 1256.380111, total average time: 125.638011

[2022-12-14T11:49:24] Child[84541]:
Total write time: 927.999394 seconds; average write time: 231.999849 seconds.
Total read time: 328.189956; average read time: 54.698326
Total time: 1256.189350, total average time: 125.618935

[2022-12-14T11:49:24] Child[86203]:
Total write time: 826.839858 seconds; average write time: 275.613286 seconds.
Total read time: 429.037529; average read time: 61.291076
Total time: 1255.877387, total average time: 125.587739

[2022-12-14T11:49:24] Child[84906]:
Total write time: 930.573587 seconds; average write time: 155.095598 seconds.
Total read time: 328.602739; average read time: 82.150685
Total time: 1259.176326, total average time: 125.917633

[2022-12-14T11:49:24] Child[86212]:
Total write time: 756.027712 seconds; average write time: 151.205542 seconds.
Total read time: 498.958449; average read time: 99.791690
Total time: 1254.986161, total average time: 125.498616

[2022-12-14T11:49:25] Child[86335]:
Total write time: 799.996641 seconds; average write time: 159.999328 seconds.
Total read time: 454.861076; average read time: 90.972215
Total time: 1254.857717, total average time: 125.485772

[2022-12-14T11:49:25] Child[86359]:
Total write time: 703.216830 seconds; average write time: 175.804207 seconds.
Total read time: 554.749907; average read time: 92.458318
Total time: 1257.966737, total average time: 125.796674

[2022-12-14T11:49:25] Child[85145]:
Total write time: 887.148059 seconds; average write time: 147.858010 seconds.
Total read time: 367.707556; average read time: 91.926889
Total time: 1254.855615, total average time: 125.485562

[2022-12-14T11:49:26] Child[84867]:
Total write time: 1134.254594 seconds; average write time: 189.042432 seconds.
Total read time: 122.471483; average read time: 30.617871
Total time: 1256.726077, total average time: 125.672608

[2022-12-14T11:49:26] Child[84578]:
Total write time: 964.838784 seconds; average write time: 192.967757 seconds.
Total read time: 295.574541; average read time: 59.114908
Total time: 1260.413325, total average time: 126.041332

[2022-12-14T11:49:26] Child[84795]:
Total write time: 1165.647920 seconds; average write time: 145.705990 seconds.
Total read time: 94.819037; average read time: 47.409518
Total time: 1260.466957, total average time: 126.046696

[2022-12-14T11:49:26] Child[84497]:
Total write time: 811.935023 seconds; average write time: 162.387005 seconds.
Total read time: 447.728961; average read time: 89.545792
Total time: 1259.663984, total average time: 125.966398

[2022-12-14T11:49:26] Child[86010]:
Total write time: 970.174927 seconds; average write time: 138.596418 seconds.
Total read time: 290.975699; average read time: 96.991900
Total time: 1261.150626, total average time: 126.115063

[2022-12-14T11:49:27] Child[85142]:
Total write time: 987.936007 seconds; average write time: 141.133715 seconds.
Total read time: 267.610398; average read time: 89.203466
Total time: 1255.546405, total average time: 125.554641

[2022-12-14T11:49:27] Child[84441]:
Total write time: 1035.898042 seconds; average write time: 172.649674 seconds.
Total read time: 227.186547; average read time: 56.796637
Total time: 1263.084589, total average time: 126.308459

[2022-12-14T11:49:28] Child[84649]:
Total write time: 603.414710 seconds; average write time: 150.853678 seconds.
Total read time: 651.605040; average read time: 108.600840
Total time: 1255.019750, total average time: 125.501975

[2022-12-14T11:49:28] Child[86409]:
Total write time: 682.096570 seconds; average write time: 170.524143 seconds.
Total read time: 576.762038; average read time: 96.127006
Total time: 1258.858608, total average time: 125.885861

[2022-12-14T11:49:28] Child[84466]:
Total write time: 1043.105246 seconds; average write time: 149.015035 seconds.
Total read time: 220.595433; average read time: 73.531811
Total time: 1263.700679, total average time: 126.370068

[2022-12-14T11:49:28] Child[86165]:
Total write time: 1156.451138 seconds; average write time: 144.556392 seconds.
Total read time: 104.252399; average read time: 52.126199
Total time: 1260.703537, total average time: 126.070354

[2022-12-14T11:49:29] Child[86339]:
Total write time: 709.638662 seconds; average write time: 177.409665 seconds.
Total read time: 547.228844; average read time: 91.204807
Total time: 1256.867506, total average time: 125.686751

[2022-12-14T11:49:29] Child[86122]:
Total write time: 715.986889 seconds; average write time: 143.197378 seconds.
Total read time: 547.446485; average read time: 109.489297
Total time: 1263.433374, total average time: 126.343337

[2022-12-14T11:49:29] Child[86318]:
Total write time: 906.794801 seconds; average write time: 181.358960 seconds.
Total read time: 354.604279; average read time: 70.920856
Total time: 1261.399080, total average time: 126.139908

[2022-12-14T11:49:30] Child[85594]:
Total write time: 1033.666045 seconds; average write time: 172.277674 seconds.
Total read time: 225.270652; average read time: 56.317663
Total time: 1258.936697, total average time: 125.893670

[2022-12-14T11:49:30] Child[86107]:
Total write time: 817.418013 seconds; average write time: 204.354503 seconds.
Total read time: 444.511423; average read time: 74.085237
Total time: 1261.929436, total average time: 126.192944

[2022-12-14T11:49:30] Child[84622]:
Total write time: 773.942241 seconds; average write time: 128.990374 seconds.
Total read time: 488.605426; average read time: 122.151357
Total time: 1262.547667, total average time: 126.254767

[2022-12-14T11:49:30] Child[86177]:
Total write time: 973.748336 seconds; average write time: 139.106905 seconds.
Total read time: 287.057754; average read time: 95.685918
Total time: 1260.806090, total average time: 126.080609

[2022-12-14T11:49:31] Child[84617]:
Total write time: 882.758575 seconds; average write time: 176.551715 seconds.
Total read time: 382.618271; average read time: 76.523654
Total time: 1265.376846, total average time: 126.537685

[2022-12-14T11:49:32] Child[85012]:
Total write time: 952.214544 seconds; average write time: 190.442909 seconds.
Total read time: 310.504025; average read time: 62.100805
Total time: 1262.718569, total average time: 126.271857

[2022-12-14T11:49:32] Child[85418]:
Total write time: 680.401887 seconds; average write time: 170.100472 seconds.
Total read time: 581.635677; average read time: 96.939279
Total time: 1262.037564, total average time: 126.203756

[2022-12-14T11:49:32] Child[84614]:
Total write time: 1261.623213 seconds; average write time: 157.702902 seconds.
Total read time: 5.757456; average read time: 2.878728
Total time: 1267.380669, total average time: 126.738067

[2022-12-14T11:49:32] Child[85363]:
Total write time: 790.411369 seconds; average write time: 197.602842 seconds.
Total read time: 473.053551; average read time: 78.842258
Total time: 1263.464920, total average time: 126.346492

[2022-12-14T11:49:33] Child[85354]:
Total write time: 990.144831 seconds; average write time: 141.449262 seconds.
Total read time: 275.360608; average read time: 91.786869
Total time: 1265.505439, total average time: 126.550544

[2022-12-14T11:49:34] Child[86305]:
Total write time: 747.698708 seconds; average write time: 186.924677 seconds.
Total read time: 519.207433; average read time: 86.534572
Total time: 1266.906141, total average time: 126.690614

[2022-12-14T11:49:34] Child[85095]:
Total write time: 950.565793 seconds; average write time: 158.427632 seconds.
Total read time: 310.519569; average read time: 77.629892
Total time: 1261.085362, total average time: 126.108536

[2022-12-14T11:49:34] Child[85591]:
Total write time: 1134.923198 seconds; average write time: 189.153866 seconds.
Total read time: 128.539767; average read time: 32.134942
Total time: 1263.462965, total average time: 126.346296

[2022-12-14T11:49:35] Child[86368]:
Total write time: 682.077408 seconds; average write time: 97.439630 seconds.
Total read time: 583.159628; average read time: 194.386543
Total time: 1265.237036, total average time: 126.523704

[2022-12-14T11:49:36] Child[86370]:
Total write time: 1136.724933 seconds; average write time: 142.090617 seconds.
Total read time: 128.509037; average read time: 64.254519
Total time: 1265.233970, total average time: 126.523397

[2022-12-14T11:49:37] Child[85773]:
Total write time: 1008.262545 seconds; average write time: 201.652509 seconds.
Total read time: 263.645164; average read time: 52.729033
Total time: 1271.907709, total average time: 127.190771

[2022-12-14T11:49:37] Child[85806]:
Total write time: 1086.996148 seconds; average write time: 181.166025 seconds.
Total read time: 184.361397; average read time: 46.090349
Total time: 1271.357545, total average time: 127.135755

[2022-12-14T11:49:37] Child[86029]:
Total write time: 1145.377295 seconds; average write time: 286.344324 seconds.
Total read time: 122.801965; average read time: 20.466994
Total time: 1268.179260, total average time: 126.817926

[2022-12-14T11:49:38] Child[84843]:
Total write time: 703.045374 seconds; average write time: 234.348458 seconds.
Total read time: 569.275879; average read time: 81.325126
Total time: 1272.321253, total average time: 127.232125

[2022-12-14T11:49:38] Child[85304]:
Total write time: 722.494787 seconds; average write time: 240.831596 seconds.
Total read time: 544.017699; average read time: 77.716814
Total time: 1266.512486, total average time: 126.651249

[2022-12-14T11:49:38] Child[84641]:
Total write time: 847.922337 seconds; average write time: 169.584467 seconds.
Total read time: 420.701666; average read time: 84.140333
Total time: 1268.624003, total average time: 126.862400

[2022-12-14T11:49:39] Child[84985]:
Total write time: 967.936266 seconds; average write time: 161.322711 seconds.
Total read time: 300.592452; average read time: 75.148113
Total time: 1268.528718, total average time: 126.852872

[2022-12-14T11:49:39] Child[85634]:
Total write time: 766.315209 seconds; average write time: 191.578802 seconds.
Total read time: 504.921709; average read time: 84.153618
Total time: 1271.236918, total average time: 127.123692

[2022-12-14T11:49:40] Child[86068]:
Total write time: 914.613486 seconds; average write time: 130.659069 seconds.
Total read time: 356.304447; average read time: 118.768149
Total time: 1270.917933, total average time: 127.091793

[2022-12-14T11:49:40] Child[85486]:
Total write time: 544.199797 seconds; average write time: 136.049949 seconds.
Total read time: 730.728355; average read time: 121.788059
Total time: 1274.928152, total average time: 127.492815

[2022-12-14T11:49:40] Child[84946]:
Total write time: 1012.250697 seconds; average write time: 202.450139 seconds.
Total read time: 259.831566; average read time: 51.966313
Total time: 1272.082263, total average time: 127.208226

[2022-12-14T11:49:41] Child[85788]:
Total write time: 847.085689 seconds; average write time: 169.417138 seconds.
Total read time: 430.378237; average read time: 86.075647
Total time: 1277.463926, total average time: 127.746393

[2022-12-14T11:49:41] Child[85589]:
Total write time: 752.526936 seconds; average write time: 188.131734 seconds.
Total read time: 522.081921; average read time: 87.013654
Total time: 1274.608857, total average time: 127.460886

[2022-12-14T11:49:41] Child[86102]:
Total write time: 793.826080 seconds; average write time: 198.456520 seconds.
Total read time: 475.001457; average read time: 79.166910
Total time: 1268.827537, total average time: 126.882754

[2022-12-14T11:49:42] Child[85706]:
Total write time: 1098.678017 seconds; average write time: 219.735603 seconds.
Total read time: 172.057896; average read time: 34.411579
Total time: 1270.735913, total average time: 127.073591

[2022-12-14T11:49:42] Child[85267]:
Total write time: 947.012834 seconds; average write time: 135.287548 seconds.
Total read time: 325.661657; average read time: 108.553886
Total time: 1272.674491, total average time: 127.267449

[2022-12-14T11:49:42] Child[85284]:
Total write time: 1149.829632 seconds; average write time: 229.965926 seconds.
Total read time: 121.661199; average read time: 24.332240
Total time: 1271.490831, total average time: 127.149083

[2022-12-14T11:49:42] Child[84663]:
Total write time: 531.227021 seconds; average write time: 177.075674 seconds.
Total read time: 739.820342; average read time: 105.688620
Total time: 1271.047363, total average time: 127.104736

[2022-12-14T11:49:42] Child[86284]:
Total write time: 1046.304269 seconds; average write time: 174.384045 seconds.
Total read time: 225.402439; average read time: 56.350610
Total time: 1271.706708, total average time: 127.170671

[2022-12-14T11:49:43] Child[85369]:
Total write time: 1197.213653 seconds; average write time: 171.030522 seconds.
Total read time: 75.072071; average read time: 25.024024
Total time: 1272.285724, total average time: 127.228572

[2022-12-14T11:49:43] Child[85362]:
Total write time: 759.398045 seconds; average write time: 253.132682 seconds.
Total read time: 517.782530; average read time: 73.968933
Total time: 1277.180575, total average time: 127.718058

[2022-12-14T11:49:43] Child[85638]:
Total write time: 1133.151977 seconds; average write time: 188.858663 seconds.
Total read time: 142.032094; average read time: 35.508024
Total time: 1275.184071, total average time: 127.518407

[2022-12-14T11:49:44] Child[86436]:
Total write time: 825.873607 seconds; average write time: 165.174721 seconds.
Total read time: 449.260473; average read time: 89.852095
Total time: 1275.134080, total average time: 127.513408

[2022-12-14T11:49:46] Child[86347]:
Total write time: 969.983260 seconds; average write time: 161.663877 seconds.
Total read time: 307.341607; average read time: 76.835402
Total time: 1277.324867, total average time: 127.732487

[2022-12-14T11:49:46] Child[86280]:
Total write time: 976.951936 seconds; average write time: 162.825323 seconds.
Total read time: 300.081961; average read time: 75.020490
Total time: 1277.033897, total average time: 127.703390

[2022-12-14T11:49:46] Child[86385]:
Total write time: 723.656437 seconds; average write time: 120.609406 seconds.
Total read time: 550.841206; average read time: 137.710302
Total time: 1274.497643, total average time: 127.449764

[2022-12-14T11:49:46] Child[85279]:
Total write time: 1091.125767 seconds; average write time: 218.225153 seconds.
Total read time: 185.208825; average read time: 37.041765
Total time: 1276.334592, total average time: 127.633459

[2022-12-14T11:49:47] Child[84514]:
Total write time: 1016.822567 seconds; average write time: 169.470428 seconds.
Total read time: 257.267240; average read time: 64.316810
Total time: 1274.089807, total average time: 127.408981

[2022-12-14T11:49:47] Child[85248]:
Total write time: 925.749204 seconds; average write time: 231.437301 seconds.
Total read time: 353.335574; average read time: 58.889262
Total time: 1279.084778, total average time: 127.908478

[2022-12-14T11:49:48] Child[84983]:
Total write time: 1039.966955 seconds; average write time: 207.993391 seconds.
Total read time: 240.495587; average read time: 48.099117
Total time: 1280.462542, total average time: 128.046254

[2022-12-14T11:49:49] Child[86401]:
Total write time: 943.615065 seconds; average write time: 235.903766 seconds.
Total read time: 340.188207; average read time: 56.698034
Total time: 1283.803272, total average time: 128.380327

[2022-12-14T11:49:49] Child[86188]:
Total write time: 866.748138 seconds; average write time: 216.687035 seconds.
Total read time: 410.053324; average read time: 68.342221
Total time: 1276.801462, total average time: 127.680146

[2022-12-14T11:49:49] Child[84878]:
Total write time: 993.317460 seconds; average write time: 198.663492 seconds.
Total read time: 289.906522; average read time: 57.981304
Total time: 1283.223982, total average time: 128.322398

[2022-12-14T11:49:50] Child[84552]:
Total write time: 735.975752 seconds; average write time: 147.195150 seconds.
Total read time: 544.306347; average read time: 108.861269
Total time: 1280.282099, total average time: 128.028210

[2022-12-14T11:49:50] Child[85212]:
Total write time: 1109.909632 seconds; average write time: 277.477408 seconds.
Total read time: 174.008253; average read time: 29.001376
Total time: 1283.917885, total average time: 128.391788

[2022-12-14T11:49:50] Child[85838]:
Total write time: 1115.692201 seconds; average write time: 278.923050 seconds.
Total read time: 163.377778; average read time: 27.229630
Total time: 1279.069979, total average time: 127.906998

[2022-12-14T11:49:51] Child[86306]:
Total write time: 1007.747711 seconds; average write time: 251.936928 seconds.
Total read time: 276.824558; average read time: 46.137426
Total time: 1284.572269, total average time: 128.457227

[2022-12-14T11:49:51] Child[86269]:
Total write time: 900.361577 seconds; average write time: 128.623082 seconds.
Total read time: 381.182333; average read time: 127.060778
Total time: 1281.543910, total average time: 128.154391

[2022-12-14T11:49:51] Child[85633]:
Total write time: 496.751980 seconds; average write time: 248.375990 seconds.
Total read time: 785.583709; average read time: 98.197964
Total time: 1282.335689, total average time: 128.233569

[2022-12-14T11:49:51] Child[84672]:
Total write time: 1257.924796 seconds; average write time: 179.703542 seconds.
Total read time: 21.529631; average read time: 7.176544
Total time: 1279.454427, total average time: 127.945443

[2022-12-14T11:49:52] Child[84683]:
Total write time: 942.523751 seconds; average write time: 235.630938 seconds.
Total read time: 339.647732; average read time: 56.607955
Total time: 1282.171483, total average time: 128.217148

[2022-12-14T11:49:52] Child[84832]:
Total write time: 1089.786939 seconds; average write time: 181.631157 seconds.
Total read time: 196.436981; average read time: 49.109245
Total time: 1286.223920, total average time: 128.622392

[2022-12-14T11:49:52] Child[86445]:
Total write time: 848.944834 seconds; average write time: 169.788967 seconds.
Total read time: 434.527555; average read time: 86.905511
Total time: 1283.472389, total average time: 128.347239

[2022-12-14T11:49:52] Child[85178]:
Total write time: 971.024312 seconds; average write time: 242.756078 seconds.
Total read time: 314.377074; average read time: 52.396179
Total time: 1285.401386, total average time: 128.540139

[2022-12-14T11:49:52] Child[86279]:
Total write time: 1110.062477 seconds; average write time: 222.012495 seconds.
Total read time: 175.176013; average read time: 35.035203
Total time: 1285.238490, total average time: 128.523849

[2022-12-14T11:49:52] Child[84579]:
Total write time: 669.786944 seconds; average write time: 167.446736 seconds.
Total read time: 616.018807; average read time: 102.669801
Total time: 1285.805751, total average time: 128.580575

[2022-12-14T11:49:52] Child[86274]:
Total write time: 985.936872 seconds; average write time: 246.484218 seconds.
Total read time: 301.980298; average read time: 50.330050
Total time: 1287.917170, total average time: 128.791717

[2022-12-14T11:49:53] Child[86447]:
Total write time: 1160.795271 seconds; average write time: 232.159054 seconds.
Total read time: 122.495567; average read time: 24.499113
Total time: 1283.290838, total average time: 128.329084

[2022-12-14T11:49:53] Child[85866]:
Total write time: 1169.361587 seconds; average write time: 167.051655 seconds.
Total read time: 115.541587; average read time: 38.513862
Total time: 1284.903174, total average time: 128.490317

[2022-12-14T11:49:53] Child[86041]:
Total write time: 1025.705208 seconds; average write time: 146.529315 seconds.
Total read time: 260.767758; average read time: 86.922586
Total time: 1286.472966, total average time: 128.647297

[2022-12-14T11:49:53] Child[86053]:
Total write time: 922.130780 seconds; average write time: 153.688463 seconds.
Total read time: 362.900629; average read time: 90.725157
Total time: 1285.031409, total average time: 128.503141

[2022-12-14T11:49:53] Child[84488]:
Total write time: 820.731767 seconds; average write time: 205.182942 seconds.
Total read time: 461.632036; average read time: 76.938673
Total time: 1282.363803, total average time: 128.236380

[2022-12-14T11:49:55] Child[86277]:
Total write time: 1065.576568 seconds; average write time: 213.115314 seconds.
Total read time: 222.298820; average read time: 44.459764
Total time: 1287.875388, total average time: 128.787539

[2022-12-14T11:49:55] Child[84670]:
Total write time: 714.798023 seconds; average write time: 178.699506 seconds.
Total read time: 573.503079; average read time: 95.583847
Total time: 1288.301102, total average time: 128.830110

[2022-12-14T11:49:55] Child[84583]:
Total write time: 622.307866 seconds; average write time: 207.435955 seconds.
Total read time: 665.334493; average read time: 95.047785
Total time: 1287.642359, total average time: 128.764236

[2022-12-14T11:49:56] Child[86133]:
Total write time: 994.415351 seconds; average write time: 248.603838 seconds.
Total read time: 291.876593; average read time: 48.646099
Total time: 1286.291944, total average time: 128.629194

[2022-12-14T11:49:56] Child[84961]:
Total write time: 1164.290714 seconds; average write time: 166.327245 seconds.
Total read time: 123.422863; average read time: 41.140954
Total time: 1287.713577, total average time: 128.771358

[2022-12-14T11:49:57] Child[86376]:
Total write time: 882.517034 seconds; average write time: 220.629258 seconds.
Total read time: 406.758051; average read time: 67.793008
Total time: 1289.275085, total average time: 128.927508

[2022-12-14T11:49:57] Child[85200]:
Total write time: 1126.115736 seconds; average write time: 187.685956 seconds.
Total read time: 163.455392; average read time: 40.863848
Total time: 1289.571128, total average time: 128.957113

[2022-12-14T11:49:57] Child[85994]:
Total write time: 765.882540 seconds; average write time: 153.176508 seconds.
Total read time: 523.352208; average read time: 104.670442
Total time: 1289.234748, total average time: 128.923475

[2022-12-14T11:49:57] Child[85884]:
Total write time: 895.665786 seconds; average write time: 223.916447 seconds.
Total read time: 391.947682; average read time: 65.324614
Total time: 1287.613468, total average time: 128.761347

[2022-12-14T11:49:57] Child[84691]:
Total write time: 1035.917162 seconds; average write time: 207.183432 seconds.
Total read time: 253.378258; average read time: 50.675652
Total time: 1289.295420, total average time: 128.929542

[2022-12-14T11:49:58] Child[86231]:
Total write time: 630.687007 seconds; average write time: 210.229002 seconds.
Total read time: 659.009273; average read time: 94.144182
Total time: 1289.696280, total average time: 128.969628

[2022-12-14T11:49:58] Child[85574]:
Total write time: 977.088065 seconds; average write time: 195.417613 seconds.
Total read time: 309.965109; average read time: 61.993022
Total time: 1287.053174, total average time: 128.705317

[2022-12-14T11:49:58] Child[85264]:
Total write time: 1199.861618 seconds; average write time: 239.972324 seconds.
Total read time: 90.647198; average read time: 18.129440
Total time: 1290.508816, total average time: 129.050882

[2022-12-14T11:49:58] Child[84971]:
Total write time: 975.550703 seconds; average write time: 195.110141 seconds.
Total read time: 313.276812; average read time: 62.655362
Total time: 1288.827515, total average time: 128.882752

[2022-12-14T11:49:58] Child[85419]:
Total write time: 1100.706840 seconds; average write time: 157.243834 seconds.
Total read time: 189.502090; average read time: 63.167363
Total time: 1290.208930, total average time: 129.020893

[2022-12-14T11:49:59] Child[85880]:
Total write time: 1153.648520 seconds; average write time: 288.412130 seconds.
Total read time: 134.808397; average read time: 22.468066
Total time: 1288.456917, total average time: 128.845692

[2022-12-14T11:49:59] Child[86190]:
Total write time: 751.297223 seconds; average write time: 250.432408 seconds.
Total read time: 541.482910; average read time: 77.354701
Total time: 1292.780133, total average time: 129.278013

[2022-12-14T11:50:00] Child[84857]:
Total write time: 1017.282412 seconds; average write time: 254.320603 seconds.
Total read time: 272.999615; average read time: 45.499936
Total time: 1290.282027, total average time: 129.028203

[2022-12-14T11:50:00] Child[85193]:
Total write time: 1096.467429 seconds; average write time: 182.744572 seconds.
Total read time: 197.501949; average read time: 49.375487
Total time: 1293.969378, total average time: 129.396938

[2022-12-14T11:50:00] Child[84518]:
Total write time: 1109.849541 seconds; average write time: 221.969908 seconds.
Total read time: 175.943061; average read time: 35.188612
Total time: 1285.792602, total average time: 128.579260

[2022-12-14T11:50:01] Child[85587]:
Total write time: 1070.518578 seconds; average write time: 356.839526 seconds.
Total read time: 221.709007; average read time: 31.672715
Total time: 1292.227585, total average time: 129.222758

[2022-12-14T11:50:01] Child[86375]:
Total write time: 1024.760340 seconds; average write time: 256.190085 seconds.
Total read time: 267.001354; average read time: 44.500226
Total time: 1291.761694, total average time: 129.176169

[2022-12-14T11:50:01] Child[85836]:
Total write time: 1140.870429 seconds; average write time: 162.981490 seconds.
Total read time: 149.912080; average read time: 49.970693
Total time: 1290.782509, total average time: 129.078251

[2022-12-14T11:50:01] Child[85710]:
Total write time: 823.757125 seconds; average write time: 164.751425 seconds.
Total read time: 472.442550; average read time: 94.488510
Total time: 1296.199675, total average time: 129.619968

[2022-12-14T11:50:01] Child[85827]:
Total write time: 1097.417080 seconds; average write time: 182.902847 seconds.
Total read time: 194.255331; average read time: 48.563833
Total time: 1291.672411, total average time: 129.167241

[2022-12-14T11:50:01] Child[85115]:
Total write time: 973.979538 seconds; average write time: 243.494885 seconds.
Total read time: 321.996227; average read time: 53.666038
Total time: 1295.975765, total average time: 129.597577

[2022-12-14T11:50:03] Child[84648]:
Total write time: 868.319950 seconds; average write time: 173.663990 seconds.
Total read time: 425.834104; average read time: 85.166821
Total time: 1294.154054, total average time: 129.415405

[2022-12-14T11:50:04] Child[86014]:
Total write time: 991.227312 seconds; average write time: 165.204552 seconds.
Total read time: 306.816974; average read time: 76.704244
Total time: 1298.044286, total average time: 129.804429

[2022-12-14T11:50:05] Child[86225]:
Total write time: 1188.950198 seconds; average write time: 169.850028 seconds.
Total read time: 105.656266; average read time: 35.218755
Total time: 1294.606464, total average time: 129.460646

[2022-12-14T11:50:05] Child[85941]:
Total write time: 1009.920526 seconds; average write time: 168.320088 seconds.
Total read time: 284.668369; average read time: 71.167092
Total time: 1294.588895, total average time: 129.458889

[2022-12-14T11:50:05] Child[85622]:
Total write time: 1253.484363 seconds; average write time: 156.685545 seconds.
Total read time: 42.130038; average read time: 21.065019
Total time: 1295.614401, total average time: 129.561440

[2022-12-14T11:50:06] Child[85784]:
Total write time: 820.159300 seconds; average write time: 205.039825 seconds.
Total read time: 477.038746; average read time: 79.506458
Total time: 1297.198046, total average time: 129.719805

[2022-12-14T11:50:06] Child[86363]:
Total write time: 1037.814846 seconds; average write time: 207.562969 seconds.
Total read time: 261.926503; average read time: 52.385301
Total time: 1299.741349, total average time: 129.974135

[2022-12-14T11:50:06] Child[86464]:
Total write time: 996.840521 seconds; average write time: 249.210130 seconds.
Total read time: 299.201312; average read time: 49.866885
Total time: 1296.041833, total average time: 129.604183

[2022-12-14T11:50:06] Child[86221]:
Total write time: 1001.922805 seconds; average write time: 200.384561 seconds.
Total read time: 294.825987; average read time: 58.965197
Total time: 1296.748792, total average time: 129.674879

[2022-12-14T11:50:07] Child[85546]:
Total write time: 1088.285979 seconds; average write time: 544.142989 seconds.
Total read time: 210.031958; average read time: 26.253995
Total time: 1298.317937, total average time: 129.831794

[2022-12-14T11:50:07] Child[84724]:
Total write time: 1180.251045 seconds; average write time: 236.050209 seconds.
Total read time: 118.858373; average read time: 23.771675
Total time: 1299.109418, total average time: 129.910942

[2022-12-14T11:50:08] Child[85596]:
Total write time: 935.231621 seconds; average write time: 233.807905 seconds.
Total read time: 365.981524; average read time: 60.996921
Total time: 1301.213145, total average time: 130.121315

[2022-12-14T11:50:08] Child[85856]:
Total write time: 886.589954 seconds; average write time: 295.529985 seconds.
Total read time: 413.699313; average read time: 59.099902
Total time: 1300.289267, total average time: 130.028927

[2022-12-14T11:50:09] Child[84463]:
Total write time: 887.361910 seconds; average write time: 221.840477 seconds.
Total read time: 417.569310; average read time: 69.594885
Total time: 1304.931220, total average time: 130.493122

[2022-12-14T11:50:09] Child[84568]:
Total write time: 919.304938 seconds; average write time: 183.860988 seconds.
Total read time: 383.135577; average read time: 76.627115
Total time: 1302.440515, total average time: 130.244052

[2022-12-14T11:50:09] Child[84731]:
Total write time: 693.587784 seconds; average write time: 231.195928 seconds.
Total read time: 608.361703; average read time: 86.908815
Total time: 1301.949487, total average time: 130.194949

[2022-12-14T11:50:09] Child[84902]:
Total write time: 1043.582602 seconds; average write time: 260.895650 seconds.
Total read time: 259.490958; average read time: 43.248493
Total time: 1303.073560, total average time: 130.307356

[2022-12-14T11:50:09] Child[84604]:
Total write time: 1192.305576 seconds; average write time: 170.329368 seconds.
Total read time: 109.092835; average read time: 36.364278
Total time: 1301.398411, total average time: 130.139841

[2022-12-14T11:50:10] Child[85541]:
Total write time: 1108.948054 seconds; average write time: 221.789611 seconds.
Total read time: 197.882465; average read time: 39.576493
Total time: 1306.830519, total average time: 130.683052

[2022-12-14T11:50:11] Child[85927]:
Total write time: 1020.024452 seconds; average write time: 170.004075 seconds.
Total read time: 286.399902; average read time: 71.599975
Total time: 1306.424354, total average time: 130.642435

[2022-12-14T11:50:11] Child[86134]:
Total write time: 721.918281 seconds; average write time: 240.639427 seconds.
Total read time: 581.631181; average read time: 83.090169
Total time: 1303.549462, total average time: 130.354946

[2022-12-14T11:50:12] Child[85606]:
Total write time: 912.583658 seconds; average write time: 228.145915 seconds.
Total read time: 385.433648; average read time: 64.238941
Total time: 1298.017306, total average time: 129.801731

[2022-12-14T11:50:12] Child[85854]:
Total write time: 1101.530706 seconds; average write time: 137.691338 seconds.
Total read time: 200.229174; average read time: 100.114587
Total time: 1301.759880, total average time: 130.175988

[2022-12-14T11:50:12] Child[84707]:
Total write time: 1061.901655 seconds; average write time: 265.475414 seconds.
Total read time: 240.187338; average read time: 40.031223
Total time: 1302.088993, total average time: 130.208899

[2022-12-14T11:50:13] Child[85274]:
Total write time: 713.997158 seconds; average write time: 237.999053 seconds.
Total read time: 587.401820; average read time: 83.914546
Total time: 1301.398978, total average time: 130.139898

[2022-12-14T11:50:13] Child[85188]:
Total write time: 1088.621755 seconds; average write time: 181.436959 seconds.
Total read time: 219.194128; average read time: 54.798532
Total time: 1307.815883, total average time: 130.781588

[2022-12-14T11:50:13] Child[84767]:
Total write time: 827.628368 seconds; average write time: 137.938061 seconds.
Total read time: 479.623397; average read time: 119.905849
Total time: 1307.251765, total average time: 130.725177

[2022-12-14T11:50:14] Child[84591]:
Total write time: 864.566765 seconds; average write time: 172.913353 seconds.
Total read time: 443.986488; average read time: 88.797298
Total time: 1308.553253, total average time: 130.855325

[2022-12-14T11:50:14] Child[86070]:
Total write time: 1022.263416 seconds; average write time: 204.452683 seconds.
Total read time: 284.517096; average read time: 56.903419
Total time: 1306.780512, total average time: 130.678051

[2022-12-14T11:50:15] Child[84785]:
Total write time: 858.331395 seconds; average write time: 143.055232 seconds.
Total read time: 448.662072; average read time: 112.165518
Total time: 1306.993467, total average time: 130.699347

[2022-12-14T11:50:15] Child[85096]:
Total write time: 1044.643114 seconds; average write time: 149.234731 seconds.
Total read time: 262.629001; average read time: 87.543000
Total time: 1307.272115, total average time: 130.727212

[2022-12-14T11:50:16] Child[85287]:
Total write time: 1209.528543 seconds; average write time: 172.789792 seconds.
Total read time: 95.383758; average read time: 31.794586
Total time: 1304.912301, total average time: 130.491230

[2022-12-14T11:50:16] Child[85071]:
Total write time: 693.859992 seconds; average write time: 138.771998 seconds.
Total read time: 615.108716; average read time: 123.021743
Total time: 1308.968708, total average time: 130.896871

[2022-12-14T11:50:16] Child[85972]:
Total write time: 1012.302159 seconds; average write time: 202.460432 seconds.
Total read time: 296.612557; average read time: 59.322511
Total time: 1308.914716, total average time: 130.891472

[2022-12-14T11:50:16] Child[86114]:
Total write time: 706.578678 seconds; average write time: 117.763113 seconds.
Total read time: 601.850604; average read time: 150.462651
Total time: 1308.429282, total average time: 130.842928

[2022-12-14T11:50:16] Child[85235]:
Total write time: 740.689328 seconds; average write time: 246.896443 seconds.
Total read time: 565.325499; average read time: 80.760786
Total time: 1306.014827, total average time: 130.601483

[2022-12-14T11:50:17] Child[86240]:
Total write time: 1135.582855 seconds; average write time: 227.116571 seconds.
Total read time: 171.144615; average read time: 34.228923
Total time: 1306.727470, total average time: 130.672747

[2022-12-14T11:50:17] Child[86393]:
Total write time: 1267.782199 seconds; average write time: 158.472775 seconds.
Total read time: 38.776817; average read time: 19.388409
Total time: 1306.559016, total average time: 130.655902

[2022-12-14T11:50:18] Child[84813]:
Total write time: 1176.333292 seconds; average write time: 196.055549 seconds.
Total read time: 132.942878; average read time: 33.235720
Total time: 1309.276170, total average time: 130.927617

[2022-12-14T11:50:18] Child[86097]:
Total write time: 1106.542591 seconds; average write time: 184.423765 seconds.
Total read time: 204.093086; average read time: 51.023271
Total time: 1310.635677, total average time: 131.063568

[2022-12-14T11:50:18] Child[84919]:
Total write time: 906.818045 seconds; average write time: 181.363609 seconds.
Total read time: 401.944464; average read time: 80.388893
Total time: 1308.762509, total average time: 130.876251

[2022-12-14T11:50:18] Child[85725]:
Total write time: 1180.651277 seconds; average write time: 168.664468 seconds.
Total read time: 127.008644; average read time: 42.336215
Total time: 1307.659921, total average time: 130.765992

[2022-12-14T11:50:18] Child[85691]:
Total write time: 1119.102310 seconds; average write time: 279.775577 seconds.
Total read time: 189.163128; average read time: 31.527188
Total time: 1308.265438, total average time: 130.826544

[2022-12-14T11:50:19] Child[85152]:
Total write time: 1009.457723 seconds; average write time: 201.891545 seconds.
Total read time: 302.488171; average read time: 60.497634
Total time: 1311.945894, total average time: 131.194589

[2022-12-14T11:50:19] Child[86027]:
Total write time: 951.141758 seconds; average write time: 158.523626 seconds.
Total read time: 362.581354; average read time: 90.645338
Total time: 1313.723112, total average time: 131.372311

[2022-12-14T11:50:19] Child[84715]:
Total write time: 883.278552 seconds; average write time: 176.655710 seconds.
Total read time: 429.266780; average read time: 85.853356
Total time: 1312.545332, total average time: 131.254533

[2022-12-14T11:50:19] Child[85004]:
Total write time: 1003.893475 seconds; average write time: 200.778695 seconds.
Total read time: 309.313393; average read time: 61.862679
Total time: 1313.206868, total average time: 131.320687

[2022-12-14T11:50:21] Child[85664]:
Total write time: 333.495182 seconds; average write time: 66.699036 seconds.
Total read time: 977.320592; average read time: 195.464118
Total time: 1310.815774, total average time: 131.081577

[2022-12-14T11:50:21] Child[86071]:
Total write time: 739.432883 seconds; average write time: 184.858221 seconds.
Total read time: 570.147413; average read time: 95.024569
Total time: 1309.580296, total average time: 130.958030

[2022-12-14T11:50:21] Child[86009]:
Total write time: 1179.195755 seconds; average write time: 393.065252 seconds.
Total read time: 136.615401; average read time: 19.516486
Total time: 1315.811156, total average time: 131.581116

[2022-12-14T11:50:21] Child[85746]:
Total write time: 845.235223 seconds; average write time: 140.872537 seconds.
Total read time: 469.461136; average read time: 117.365284
Total time: 1314.696359, total average time: 131.469636

[2022-12-14T11:50:22] Child[85590]:
Total write time: 598.699076 seconds; average write time: 598.699076 seconds.
Total read time: 713.841456; average read time: 79.315717
Total time: 1312.540532, total average time: 131.254053

[2022-12-14T11:50:22] Child[85567]:
Total write time: 1089.621302 seconds; average write time: 155.660186 seconds.
Total read time: 222.298506; average read time: 74.099502
Total time: 1311.919808, total average time: 131.191981

[2022-12-14T11:50:22] Child[85455]:
Total write time: 1133.711098 seconds; average write time: 188.951850 seconds.
Total read time: 182.459617; average read time: 45.614904
Total time: 1316.170715, total average time: 131.617072

[2022-12-14T11:50:23] Child[84671]:
Total write time: 1113.926901 seconds; average write time: 278.481725 seconds.
Total read time: 202.085230; average read time: 33.680872
Total time: 1316.012131, total average time: 131.601213

[2022-12-14T11:50:23] Child[84995]:
Total write time: 1301.278414 seconds; average write time: 144.586490 seconds.
Total read time: 12.012620; average read time: 12.012620
Total time: 1313.291034, total average time: 131.329103

[2022-12-14T11:50:23] Child[86432]:
Total write time: 997.656769 seconds; average write time: 199.531354 seconds.
Total read time: 314.741707; average read time: 62.948341
Total time: 1312.398476, total average time: 131.239848

[2022-12-14T11:50:23] Child[85367]:
Total write time: 1167.595854 seconds; average write time: 233.519171 seconds.
Total read time: 149.899835; average read time: 29.979967
Total time: 1317.495689, total average time: 131.749569

[2022-12-14T11:50:24] Child[85837]:
Total write time: 1034.384186 seconds; average write time: 206.876837 seconds.
Total read time: 280.907773; average read time: 56.181555
Total time: 1315.291959, total average time: 131.529196

[2022-12-14T11:50:24] Child[86209]:
Total write time: 753.910955 seconds; average write time: 150.782191 seconds.
Total read time: 560.056192; average read time: 112.011238
Total time: 1313.967147, total average time: 131.396715

[2022-12-14T11:50:24] Child[85524]:
Total write time: 1071.983459 seconds; average write time: 153.140494 seconds.
Total read time: 240.821127; average read time: 80.273709
Total time: 1312.804586, total average time: 131.280459

[2022-12-14T11:50:25] Child[85939]:
Total write time: 1138.151956 seconds; average write time: 227.630391 seconds.
Total read time: 175.979782; average read time: 35.195956
Total time: 1314.131738, total average time: 131.413174

[2022-12-14T11:50:25] Child[85719]:
Total write time: 907.132184 seconds; average write time: 181.426437 seconds.
Total read time: 406.418672; average read time: 81.283734
Total time: 1313.550856, total average time: 131.355086

[2022-12-14T11:50:25] Child[86049]:
Total write time: 783.793011 seconds; average write time: 156.758602 seconds.
Total read time: 529.699650; average read time: 105.939930
Total time: 1313.492661, total average time: 131.349266

[2022-12-14T11:50:25] Child[84952]:
Total write time: 1248.319660 seconds; average write time: 208.053277 seconds.
Total read time: 69.730990; average read time: 17.432748
Total time: 1318.050650, total average time: 131.805065

[2022-12-14T11:50:26] Child[84419]:
Total write time: 1136.292908 seconds; average write time: 568.146454 seconds.
Total read time: 180.103802; average read time: 22.512975
Total time: 1316.396710, total average time: 131.639671

[2022-12-14T11:50:28] Child[84912]:
Total write time: 847.417393 seconds; average write time: 282.472464 seconds.
Total read time: 471.333027; average read time: 67.333290
Total time: 1318.750420, total average time: 131.875042

[2022-12-14T11:50:28] Child[86400]:
Total write time: 960.678946 seconds; average write time: 240.169736 seconds.
Total read time: 357.947693; average read time: 59.657949
Total time: 1318.626639, total average time: 131.862664

[2022-12-14T11:50:28] Child[84495]:
Total write time: 1218.242980 seconds; average write time: 174.034711 seconds.
Total read time: 102.362774; average read time: 34.120925
Total time: 1320.605754, total average time: 132.060575

[2022-12-14T11:50:28] Child[86131]:
Total write time: 984.230076 seconds; average write time: 140.604297 seconds.
Total read time: 339.899297; average read time: 113.299766
Total time: 1324.129373, total average time: 132.412937

[2022-12-14T11:50:28] Child[84618]:
Total write time: 1130.513622 seconds; average write time: 188.418937 seconds.
Total read time: 192.748002; average read time: 48.187001
Total time: 1323.261624, total average time: 132.326162

[2022-12-14T11:50:31] Child[85336]:
Total write time: 995.711365 seconds; average write time: 248.927841 seconds.
Total read time: 329.460779; average read time: 54.910130
Total time: 1325.172144, total average time: 132.517214

[2022-12-14T11:50:32] Child[85218]:
Total write time: 1038.581511 seconds; average write time: 346.193837 seconds.
Total read time: 283.995482; average read time: 40.570783
Total time: 1322.576993, total average time: 132.257699

[2022-12-14T11:50:32] Child[86323]:
Total write time: 1128.663499 seconds; average write time: 225.732700 seconds.
Total read time: 196.767267; average read time: 39.353453
Total time: 1325.430766, total average time: 132.543077

[2022-12-14T11:50:32] Child[85734]:
Total write time: 1012.037067 seconds; average write time: 337.345689 seconds.
Total read time: 314.746076; average read time: 44.963725
Total time: 1326.783143, total average time: 132.678314

[2022-12-14T11:50:32] Child[85010]:
Total write time: 917.748219 seconds; average write time: 114.718527 seconds.
Total read time: 405.168228; average read time: 202.584114
Total time: 1322.916447, total average time: 132.291645

[2022-12-14T11:50:32] Child[85329]:
Total write time: 990.417657 seconds; average write time: 247.604414 seconds.
Total read time: 336.340769; average read time: 56.056795
Total time: 1326.758426, total average time: 132.675843

[2022-12-14T11:50:32] Child[85301]:
Total write time: 1002.128248 seconds; average write time: 200.425650 seconds.
Total read time: 322.074803; average read time: 64.414961
Total time: 1324.203051, total average time: 132.420305

[2022-12-14T11:50:33] Child[86082]:
Total write time: 943.775552 seconds; average write time: 188.755110 seconds.
Total read time: 379.176840; average read time: 75.835368
Total time: 1322.952392, total average time: 132.295239

[2022-12-14T11:50:33] Child[84760]:
Total write time: 1147.918740 seconds; average write time: 229.583748 seconds.
Total read time: 178.591352; average read time: 35.718270
Total time: 1326.510092, total average time: 132.651009

[2022-12-14T11:50:33] Child[84657]:
Total write time: 871.782120 seconds; average write time: 124.540303 seconds.
Total read time: 449.832369; average read time: 149.944123
Total time: 1321.614489, total average time: 132.161449

[2022-12-14T11:50:33] Child[85449]:
Total write time: 959.782795 seconds; average write time: 191.956559 seconds.
Total read time: 365.963847; average read time: 73.192769
Total time: 1325.746642, total average time: 132.574664

[2022-12-14T11:50:35] Child[86250]:
Total write time: 1213.980770 seconds; average write time: 202.330128 seconds.
Total read time: 110.161483; average read time: 27.540371
Total time: 1324.142253, total average time: 132.414225

[2022-12-14T11:50:35] Child[85630]:
Total write time: 750.479192 seconds; average write time: 150.095838 seconds.
Total read time: 577.543294; average read time: 115.508659
Total time: 1328.022486, total average time: 132.802249

[2022-12-14T11:50:36] Child[85847]:
Total write time: 851.744016 seconds; average write time: 141.957336 seconds.
Total read time: 476.273838; average read time: 119.068460
Total time: 1328.017854, total average time: 132.801785

[2022-12-14T11:50:36] Child[84963]:
Total write time: 939.838991 seconds; average write time: 234.959748 seconds.
Total read time: 390.196480; average read time: 65.032747
Total time: 1330.035471, total average time: 133.003547

[2022-12-14T11:50:36] Child[86178]:
Total write time: 1113.083460 seconds; average write time: 222.616692 seconds.
Total read time: 214.676856; average read time: 42.935371
Total time: 1327.760316, total average time: 132.776032

[2022-12-14T11:50:37] Child[85198]:
Total write time: 836.076238 seconds; average write time: 418.038119 seconds.
Total read time: 495.503691; average read time: 61.937961
Total time: 1331.579929, total average time: 133.157993

[2022-12-14T11:50:37] Child[85063]:
Total write time: 1024.167985 seconds; average write time: 256.041996 seconds.
Total read time: 303.123877; average read time: 50.520646
Total time: 1327.291862, total average time: 132.729186

[2022-12-14T11:50:38] Child[84772]:
Total write time: 1222.497441 seconds; average write time: 244.499488 seconds.
Total read time: 107.616357; average read time: 21.523271
Total time: 1330.113798, total average time: 133.011380

[2022-12-14T11:50:38] Child[84969]:
Total write time: 1212.234594 seconds; average write time: 173.176371 seconds.
Total read time: 118.346753; average read time: 39.448918
Total time: 1330.581347, total average time: 133.058135

[2022-12-14T11:50:38] Child[85086]:
Total write time: 1071.012239 seconds; average write time: 178.502040 seconds.
Total read time: 259.375306; average read time: 64.843827
Total time: 1330.387545, total average time: 133.038755

[2022-12-14T11:50:38] Child[85388]:
Total write time: 1085.608949 seconds; average write time: 155.086993 seconds.
Total read time: 244.759255; average read time: 81.586418
Total time: 1330.368204, total average time: 133.036820

[2022-12-14T11:50:39] Child[85582]:
Total write time: 1118.574096 seconds; average write time: 279.643524 seconds.
Total read time: 214.425088; average read time: 35.737515
Total time: 1332.999184, total average time: 133.299918

[2022-12-14T11:50:39] Child[86330]:
Total write time: 936.125026 seconds; average write time: 187.225005 seconds.
Total read time: 395.766821; average read time: 79.153364
Total time: 1331.891847, total average time: 133.189185

[2022-12-14T11:50:39] Child[86245]:
Total write time: 617.499430 seconds; average write time: 123.499886 seconds.
Total read time: 711.986779; average read time: 142.397356
Total time: 1329.486209, total average time: 132.948621

[2022-12-14T11:50:39] Child[85153]:
Total write time: 941.209368 seconds; average write time: 156.868228 seconds.
Total read time: 388.932836; average read time: 97.233209
Total time: 1330.142204, total average time: 133.014220

[2022-12-14T11:50:39] Child[84411]:
Total write time: 802.873832 seconds; average write time: 160.574766 seconds.
Total read time: 531.343927; average read time: 106.268785
Total time: 1334.217759, total average time: 133.421776

[2022-12-14T11:50:40] Child[85640]:
Total write time: 1288.657470 seconds; average write time: 184.093924 seconds.
Total read time: 44.284881; average read time: 14.761627
Total time: 1332.942351, total average time: 133.294235

[2022-12-14T11:50:40] Child[84390]:
Total write time: 970.208571 seconds; average write time: 194.041714 seconds.
Total read time: 362.713355; average read time: 72.542671
Total time: 1332.921926, total average time: 133.292193

[2022-12-14T11:50:40] Child[84437]:
Total write time: 1168.576424 seconds; average write time: 194.762737 seconds.
Total read time: 164.881409; average read time: 41.220352
Total time: 1333.457833, total average time: 133.345783

[2022-12-14T11:50:41] Child[86077]:
Total write time: 1020.256619 seconds; average write time: 255.064155 seconds.
Total read time: 311.553966; average read time: 51.925661
Total time: 1331.810585, total average time: 133.181059

[2022-12-14T11:50:41] Child[84749]:
Total write time: 1065.436910 seconds; average write time: 266.359227 seconds.
Total read time: 264.348050; average read time: 44.058008
Total time: 1329.784960, total average time: 132.978496

[2022-12-14T11:50:41] Child[84681]:
Total write time: 1242.576752 seconds; average write time: 207.096125 seconds.
Total read time: 91.325876; average read time: 22.831469
Total time: 1333.902628, total average time: 133.390263

[2022-12-14T11:50:43] Child[85636]:
Total write time: 879.422826 seconds; average write time: 219.855706 seconds.
Total read time: 453.248824; average read time: 75.541471
Total time: 1332.671650, total average time: 133.267165

[2022-12-14T11:50:43] Child[85488]:
Total write time: 1149.186249 seconds; average write time: 191.531041 seconds.
Total read time: 189.294274; average read time: 47.323569
Total time: 1338.480523, total average time: 133.848052

[2022-12-14T11:50:44] Child[85452]:
Total write time: 1052.459128 seconds; average write time: 210.491826 seconds.
Total read time: 285.502723; average read time: 57.100545
Total time: 1337.961851, total average time: 133.796185

[2022-12-14T11:50:44] Child[86035]:
Total write time: 798.355825 seconds; average write time: 159.671165 seconds.
Total read time: 537.751852; average read time: 107.550370
Total time: 1336.107677, total average time: 133.610768

[2022-12-14T11:50:45] Child[85380]:
Total write time: 1217.439720 seconds; average write time: 173.919960 seconds.
Total read time: 114.749097; average read time: 38.249699
Total time: 1332.188817, total average time: 133.218882

[2022-12-14T11:50:45] Child[84610]:
Total write time: 967.818262 seconds; average write time: 138.259752 seconds.
Total read time: 369.530139; average read time: 123.176713
Total time: 1337.348401, total average time: 133.734840

[2022-12-14T11:50:46] Child[85607]:
Total write time: 1197.922938 seconds; average write time: 199.653823 seconds.
Total read time: 139.392457; average read time: 34.848114
Total time: 1337.315395, total average time: 133.731539

[2022-12-14T11:50:46] Child[84620]:
Total write time: 1040.017955 seconds; average write time: 260.004489 seconds.
Total read time: 300.370654; average read time: 50.061776
Total time: 1340.388609, total average time: 134.038861

[2022-12-14T11:50:47] Child[85993]:
Total write time: 907.425584 seconds; average write time: 151.237597 seconds.
Total read time: 427.572404; average read time: 106.893101
Total time: 1334.997988, total average time: 133.499799

[2022-12-14T11:50:48] Child[85708]:
Total write time: 1066.287321 seconds; average write time: 152.326760 seconds.
Total read time: 274.637927; average read time: 91.545976
Total time: 1340.925248, total average time: 134.092525

[2022-12-14T11:50:48] Child[85953]:
Total write time: 860.803464 seconds; average write time: 172.160693 seconds.
Total read time: 473.681747; average read time: 94.736349
Total time: 1334.485211, total average time: 133.448521

[2022-12-14T11:50:48] Child[84392]:
Total write time: 890.217901 seconds; average write time: 148.369650 seconds.
Total read time: 451.371257; average read time: 112.842814
Total time: 1341.589158, total average time: 134.158916

[2022-12-14T11:50:49] Child[85355]:
Total write time: 970.021453 seconds; average write time: 194.004291 seconds.
Total read time: 374.110311; average read time: 74.822062
Total time: 1344.131764, total average time: 134.413176

[2022-12-14T11:50:49] Child[86353]:
Total write time: 994.742842 seconds; average write time: 198.948568 seconds.
Total read time: 346.027676; average read time: 69.205535
Total time: 1340.770518, total average time: 134.077052

[2022-12-14T11:50:49] Child[85276]:
Total write time: 738.819412 seconds; average write time: 184.704853 seconds.
Total read time: 598.529115; average read time: 99.754852
Total time: 1337.348527, total average time: 133.734853

[2022-12-14T11:50:49] Child[84475]:
Total write time: 989.374552 seconds; average write time: 247.343638 seconds.
Total read time: 354.898417; average read time: 59.149736
Total time: 1344.272969, total average time: 134.427297

[2022-12-14T11:50:50] Child[84720]:
Total write time: 1194.560958 seconds; average write time: 199.093493 seconds.
Total read time: 147.106274; average read time: 36.776569
Total time: 1341.667232, total average time: 134.166723

[2022-12-14T11:50:50] Child[84819]:
Total write time: 672.693549 seconds; average write time: 336.346774 seconds.
Total read time: 670.895343; average read time: 83.861918
Total time: 1343.588892, total average time: 134.358889

[2022-12-14T11:50:50] Child[84945]:
Total write time: 1087.223530 seconds; average write time: 155.317647 seconds.
Total read time: 255.097701; average read time: 85.032567
Total time: 1342.321231, total average time: 134.232123

[2022-12-14T11:50:52] Child[84501]:
Total write time: 1084.236736 seconds; average write time: 216.847347 seconds.
Total read time: 261.434701; average read time: 52.286940
Total time: 1345.671437, total average time: 134.567144

[2022-12-14T11:50:52] Child[84889]:
Total write time: 1140.253882 seconds; average write time: 190.042314 seconds.
Total read time: 203.694968; average read time: 50.923742
Total time: 1343.948850, total average time: 134.394885

[2022-12-14T11:50:52] Child[86111]:
Total write time: 1054.234418 seconds; average write time: 210.846884 seconds.
Total read time: 292.737829; average read time: 58.547566
Total time: 1346.972247, total average time: 134.697225

[2022-12-14T11:50:52] Child[85453]:
Total write time: 1180.577641 seconds; average write time: 236.115528 seconds.
Total read time: 161.865305; average read time: 32.373061
Total time: 1342.442946, total average time: 134.244295

[2022-12-14T11:50:52] Child[85310]:
Total write time: 643.061552 seconds; average write time: 107.176925 seconds.
Total read time: 698.423620; average read time: 174.605905
Total time: 1341.485172, total average time: 134.148517

[2022-12-14T11:50:52] Child[86021]:
Total write time: 799.103376 seconds; average write time: 199.775844 seconds.
Total read time: 547.335660; average read time: 91.222610
Total time: 1346.439036, total average time: 134.643904

[2022-12-14T11:50:52] Child[84746]:
Total write time: 920.100852 seconds; average write time: 153.350142 seconds.
Total read time: 423.042933; average read time: 105.760733
Total time: 1343.143785, total average time: 134.314379

[2022-12-14T11:50:53] Child[85007]:
Total write time: 1040.004188 seconds; average write time: 260.001047 seconds.
Total read time: 306.223309; average read time: 51.037218
Total time: 1346.227497, total average time: 134.622750

[2022-12-14T11:50:53] Child[86195]:
Total write time: 1042.060724 seconds; average write time: 208.412145 seconds.
Total read time: 304.061477; average read time: 60.812295
Total time: 1346.122201, total average time: 134.612220

[2022-12-14T11:50:54] Child[86182]:
Total write time: 1274.528175 seconds; average write time: 141.614242 seconds.
Total read time: 69.636975; average read time: 69.636975
Total time: 1344.165150, total average time: 134.416515

[2022-12-14T11:50:55] Child[85324]:
Total write time: 1228.213914 seconds; average write time: 204.702319 seconds.
Total read time: 117.809876; average read time: 29.452469
Total time: 1346.023790, total average time: 134.602379

[2022-12-14T11:50:55] Child[84804]:
Total write time: 1188.720665 seconds; average write time: 198.120111 seconds.
Total read time: 156.495842; average read time: 39.123961
Total time: 1345.216507, total average time: 134.521651

[2022-12-14T11:50:55] Child[86419]:
Total write time: 1171.093618 seconds; average write time: 234.218724 seconds.
Total read time: 175.218885; average read time: 35.043777
Total time: 1346.312503, total average time: 134.631250

[2022-12-14T11:50:56] Child[86098]:
Total write time: 1100.012383 seconds; average write time: 183.335397 seconds.
Total read time: 245.079322; average read time: 61.269830
Total time: 1345.091705, total average time: 134.509171

[2022-12-14T11:50:56] Child[85682]:
Total write time: 1316.005885 seconds; average write time: 164.500736 seconds.
Total read time: 35.258049; average read time: 17.629024
Total time: 1351.263934, total average time: 135.126393

[2022-12-14T11:50:57] Child[86056]:
Total write time: 893.237072 seconds; average write time: 148.872845 seconds.
Total read time: 455.085541; average read time: 113.771385
Total time: 1348.322613, total average time: 134.832261

[2022-12-14T11:50:57] Child[84921]:
Total write time: 1134.764318 seconds; average write time: 226.952864 seconds.
Total read time: 212.499206; average read time: 42.499841
Total time: 1347.263524, total average time: 134.726352

[2022-12-14T11:50:58] Child[84847]:
Total write time: 935.817349 seconds; average write time: 233.954337 seconds.
Total read time: 415.536336; average read time: 69.256056
Total time: 1351.353685, total average time: 135.135368

[2022-12-14T11:50:58] Child[86394]:
Total write time: 1034.249997 seconds; average write time: 344.749999 seconds.
Total read time: 312.944445; average read time: 44.706349
Total time: 1347.194442, total average time: 134.719444

[2022-12-14T11:50:58] Child[84887]:
Total write time: 1316.243837 seconds; average write time: 188.034834 seconds.
Total read time: 32.311403; average read time: 10.770468
Total time: 1348.555240, total average time: 134.855524

[2022-12-14T11:50:58] Child[85133]:
Total write time: 1112.496632 seconds; average write time: 158.928090 seconds.
Total read time: 238.046964; average read time: 79.348988
Total time: 1350.543596, total average time: 135.054360

[2022-12-14T11:50:58] Child[86072]:
Total write time: 1207.205521 seconds; average write time: 172.457932 seconds.
Total read time: 141.735946; average read time: 47.245315
Total time: 1348.941467, total average time: 134.894147

[2022-12-14T11:50:59] Child[86033]:
Total write time: 649.887003 seconds; average write time: 162.471751 seconds.
Total read time: 699.179558; average read time: 116.529926
Total time: 1349.066561, total average time: 134.906656

[2022-12-14T11:51:00] Child[85628]:
Total write time: 881.699588 seconds; average write time: 146.949931 seconds.
Total read time: 472.920988; average read time: 118.230247
Total time: 1354.620576, total average time: 135.462058

[2022-12-14T11:51:00] Child[84462]:
Total write time: 929.417153 seconds; average write time: 154.902859 seconds.
Total read time: 425.007129; average read time: 106.251782
Total time: 1354.424282, total average time: 135.442428

[2022-12-14T11:51:00] Child[85744]:
Total write time: 840.351636 seconds; average write time: 168.070327 seconds.
Total read time: 508.989788; average read time: 101.797958
Total time: 1349.341424, total average time: 134.934142

[2022-12-14T11:51:00] Child[85951]:
Total write time: 854.710637 seconds; average write time: 213.677659 seconds.
Total read time: 495.636788; average read time: 82.606131
Total time: 1350.347425, total average time: 135.034742

[2022-12-14T11:51:00] Child[85176]:
Total write time: 849.496773 seconds; average write time: 283.165591 seconds.
Total read time: 502.124013; average read time: 71.732002
Total time: 1351.620786, total average time: 135.162079

[2022-12-14T11:51:01] Child[86469]:
Total write time: 795.801620 seconds; average write time: 159.160324 seconds.
Total read time: 558.506176; average read time: 111.701235
Total time: 1354.307796, total average time: 135.430780

[2022-12-14T11:51:02] Child[85954]:
Total write time: 1058.072758 seconds; average write time: 211.614552 seconds.
Total read time: 294.979059; average read time: 58.995812
Total time: 1353.051817, total average time: 135.305182

[2022-12-14T11:51:03] Child[85724]:
Total write time: 1197.272941 seconds; average write time: 199.545490 seconds.
Total read time: 159.647914; average read time: 39.911978
Total time: 1356.920855, total average time: 135.692085

[2022-12-14T11:51:03] Child[85921]:
Total write time: 1283.097217 seconds; average write time: 213.849536 seconds.
Total read time: 72.648986; average read time: 18.162246
Total time: 1355.746203, total average time: 135.574620

[2022-12-14T11:51:03] Child[85375]:
Total write time: 798.686485 seconds; average write time: 266.228828 seconds.
Total read time: 556.622051; average read time: 79.517436
Total time: 1355.308536, total average time: 135.530854

[2022-12-14T11:51:03] Child[84980]:
Total write time: 1112.737685 seconds; average write time: 158.962526 seconds.
Total read time: 239.827145; average read time: 79.942382
Total time: 1352.564830, total average time: 135.256483

[2022-12-14T11:51:04] Child[85117]:
Total write time: 648.758856 seconds; average write time: 324.379428 seconds.
Total read time: 710.305930; average read time: 88.788241
Total time: 1359.064786, total average time: 135.906479

[2022-12-14T11:51:04] Child[85942]:
Total write time: 400.310596 seconds; average write time: 133.436865 seconds.
Total read time: 954.545650; average read time: 136.363664
Total time: 1354.856246, total average time: 135.485625

[2022-12-14T11:51:04] Child[85097]:
Total write time: 936.081454 seconds; average write time: 234.020364 seconds.
Total read time: 420.906285; average read time: 70.151048
Total time: 1356.987739, total average time: 135.698774

[2022-12-14T11:51:04] Child[84695]:
Total write time: 1302.736239 seconds; average write time: 162.842030 seconds.
Total read time: 55.659148; average read time: 27.829574
Total time: 1358.395387, total average time: 135.839539

[2022-12-14T11:51:05] Child[85544]:
Total write time: 1271.633215 seconds; average write time: 317.908304 seconds.
Total read time: 86.248947; average read time: 14.374825
Total time: 1357.882162, total average time: 135.788216

[2022-12-14T11:51:05] Child[86103]:
Total write time: 883.621012 seconds; average write time: 294.540337 seconds.
Total read time: 471.087449; average read time: 67.298207
Total time: 1354.708461, total average time: 135.470846

[2022-12-14T11:51:06] Child[85206]:
Total write time: 822.473743 seconds; average write time: 164.494749 seconds.
Total read time: 536.341752; average read time: 107.268350
Total time: 1358.815495, total average time: 135.881550

[2022-12-14T11:51:06] Child[84511]:
Total write time: 989.082709 seconds; average write time: 197.816542 seconds.
Total read time: 370.407592; average read time: 74.081518
Total time: 1359.490301, total average time: 135.949030

[2022-12-14T11:51:06] Child[85024]:
Total write time: 1183.605126 seconds; average write time: 236.721025 seconds.
Total read time: 173.299817; average read time: 34.659963
Total time: 1356.904943, total average time: 135.690494

[2022-12-14T11:51:06] Child[84525]:
Total write time: 1102.961169 seconds; average write time: 220.592234 seconds.
Total read time: 256.900194; average read time: 51.380039
Total time: 1359.861363, total average time: 135.986136

[2022-12-14T11:51:07] Child[85568]:
Total write time: 1235.750084 seconds; average write time: 247.150017 seconds.
Total read time: 123.959598; average read time: 24.791920
Total time: 1359.709682, total average time: 135.970968

[2022-12-14T11:51:07] Child[85537]:
Total write time: 1010.017815 seconds; average write time: 144.288259 seconds.
Total read time: 348.097545; average read time: 116.032515
Total time: 1358.115360, total average time: 135.811536

[2022-12-14T11:51:07] Child[85493]:
Total write time: 1142.073617 seconds; average write time: 228.414723 seconds.
Total read time: 215.424551; average read time: 43.084910
Total time: 1357.498168, total average time: 135.749817

[2022-12-14T11:51:07] Child[85731]:
Total write time: 1041.561365 seconds; average write time: 173.593561 seconds.
Total read time: 319.046503; average read time: 79.761626
Total time: 1360.607868, total average time: 136.060787

[2022-12-14T11:51:08] Child[84910]:
Total write time: 1210.016292 seconds; average write time: 201.669382 seconds.
Total read time: 153.366547; average read time: 38.341637
Total time: 1363.382839, total average time: 136.338284

[2022-12-14T11:51:08] Child[84688]:
Total write time: 875.368843 seconds; average write time: 291.789614 seconds.
Total read time: 486.932030; average read time: 69.561719
Total time: 1362.300873, total average time: 136.230087

[2022-12-14T11:51:08] Child[85624]:
Total write time: 1233.222601 seconds; average write time: 154.152825 seconds.
Total read time: 126.730861; average read time: 63.365431
Total time: 1359.953462, total average time: 135.995346

[2022-12-14T11:51:09] Child[85911]:
Total write time: 978.590829 seconds; average write time: 163.098471 seconds.
Total read time: 380.421419; average read time: 95.105355
Total time: 1359.012248, total average time: 135.901225

[2022-12-14T11:51:09] Child[85755]:
Total write time: 911.363309 seconds; average write time: 182.272662 seconds.
Total read time: 450.128866; average read time: 90.025773
Total time: 1361.492175, total average time: 136.149217

[2022-12-14T11:51:09] Child[84960]:
Total write time: 931.404045 seconds; average write time: 310.468015 seconds.
Total read time: 434.827025; average read time: 62.118146
Total time: 1366.231070, total average time: 136.623107

[2022-12-14T11:51:09] Child[84866]:
Total write time: 1262.525630 seconds; average write time: 210.420938 seconds.
Total read time: 98.815385; average read time: 24.703846
Total time: 1361.341015, total average time: 136.134102

[2022-12-14T11:51:10] Child[85853]:
Total write time: 1089.850624 seconds; average write time: 181.641771 seconds.
Total read time: 271.132941; average read time: 67.783235
Total time: 1360.983565, total average time: 136.098356

[2022-12-14T11:51:10] Child[85164]:
Total write time: 1297.716976 seconds; average write time: 185.388139 seconds.
Total read time: 65.672843; average read time: 21.890948
Total time: 1363.389819, total average time: 136.338982

[2022-12-14T11:51:11] Child[84431]:
Total write time: 1249.971831 seconds; average write time: 178.567404 seconds.
Total read time: 111.374922; average read time: 37.124974
Total time: 1361.346753, total average time: 136.134675

[2022-12-14T11:51:11] Child[85104]:
Total write time: 1131.993663 seconds; average write time: 226.398733 seconds.
Total read time: 229.633959; average read time: 45.926792
Total time: 1361.627622, total average time: 136.162762

[2022-12-14T11:51:11] Child[85952]:
Total write time: 1223.059821 seconds; average write time: 244.611964 seconds.
Total read time: 135.055381; average read time: 27.011076
Total time: 1358.115202, total average time: 135.811520

[2022-12-14T11:51:12] Child[85093]:
Total write time: 910.944394 seconds; average write time: 182.188879 seconds.
Total read time: 454.040813; average read time: 90.808163
Total time: 1364.985207, total average time: 136.498521

[2022-12-14T11:51:12] Child[85749]:
Total write time: 1162.841559 seconds; average write time: 193.806927 seconds.
Total read time: 198.857743; average read time: 49.714436
Total time: 1361.699302, total average time: 136.169930

[2022-12-14T11:51:13] Child[85627]:
Total write time: 997.701829 seconds; average write time: 142.528833 seconds.
Total read time: 365.613091; average read time: 121.871030
Total time: 1363.314920, total average time: 136.331492

[2022-12-14T11:51:13] Child[85497]:
Total write time: 771.225134 seconds; average write time: 154.245027 seconds.
Total read time: 594.601461; average read time: 118.920292
Total time: 1365.826595, total average time: 136.582660

[2022-12-14T11:51:13] Child[84623]:
Total write time: 949.639413 seconds; average write time: 237.409853 seconds.
Total read time: 412.011753; average read time: 68.668626
Total time: 1361.651166, total average time: 136.165117

[2022-12-14T11:51:13] Child[84679]:
Total write time: 1153.373897 seconds; average write time: 164.767700 seconds.
Total read time: 211.694642; average read time: 70.564881
Total time: 1365.068539, total average time: 136.506854

[2022-12-14T11:51:14] Child[86443]:
Total write time: 1262.669120 seconds; average write time: 180.381303 seconds.
Total read time: 104.252626; average read time: 34.750875
Total time: 1366.921746, total average time: 136.692175

[2022-12-14T11:51:14] Child[86475]:
Total write time: 711.357957 seconds; average write time: 355.678979 seconds.
Total read time: 647.690407; average read time: 80.961301
Total time: 1359.048364, total average time: 135.904836

[2022-12-14T11:51:14] Child[85171]:
Total write time: 1081.208310 seconds; average write time: 180.201385 seconds.
Total read time: 286.250653; average read time: 71.562663
Total time: 1367.458963, total average time: 136.745896

[2022-12-14T11:51:14] Child[86247]:
Total write time: 1111.759836 seconds; average write time: 277.939959 seconds.
Total read time: 253.365598; average read time: 42.227600
Total time: 1365.125434, total average time: 136.512543

[2022-12-14T11:51:15] Child[85981]:
Total write time: 1293.758356 seconds; average write time: 184.822622 seconds.
Total read time: 68.436822; average read time: 22.812274
Total time: 1362.195178, total average time: 136.219518

[2022-12-14T11:51:15] Child[84763]:
Total write time: 1267.425874 seconds; average write time: 140.825097 seconds.
Total read time: 95.733157; average read time: 95.733157
Total time: 1363.159031, total average time: 136.315903

[2022-12-14T11:51:15] Child[85447]:
Total write time: 1274.643337 seconds; average write time: 254.928667 seconds.
Total read time: 91.260677; average read time: 18.252135
Total time: 1365.904014, total average time: 136.590401

[2022-12-14T11:51:15] Child[86383]:
Total write time: 1007.553958 seconds; average write time: 143.936280 seconds.
Total read time: 361.734902; average read time: 120.578301
Total time: 1369.288860, total average time: 136.928886

[2022-12-14T11:51:16] Child[85564]:
Total write time: 893.431541 seconds; average write time: 148.905257 seconds.
Total read time: 470.162288; average read time: 117.540572
Total time: 1363.593829, total average time: 136.359383

[2022-12-14T11:51:16] Child[85878]:
Total write time: 1120.819276 seconds; average write time: 280.204819 seconds.
Total read time: 247.398386; average read time: 41.233064
Total time: 1368.217662, total average time: 136.821766

[2022-12-14T11:51:16] Child[85643]:
Total write time: 1139.733148 seconds; average write time: 227.946630 seconds.
Total read time: 228.568665; average read time: 45.713733
Total time: 1368.301813, total average time: 136.830181

[2022-12-14T11:51:16] Child[85999]:
Total write time: 878.460117 seconds; average write time: 219.615029 seconds.
Total read time: 488.542044; average read time: 81.423674
Total time: 1367.002161, total average time: 136.700216

[2022-12-14T11:51:16] Child[85730]:
Total write time: 1049.048904 seconds; average write time: 209.809781 seconds.
Total read time: 322.385685; average read time: 64.477137
Total time: 1371.434589, total average time: 137.143459

[2022-12-14T11:51:16] Child[84999]:
Total write time: 1359.556725 seconds; average write time: 151.061858 seconds.
Total read time: 7.171429; average read time: 7.171429
Total time: 1366.728154, total average time: 136.672815

[2022-12-14T11:51:16] Child[85308]:
Total write time: 1289.857584 seconds; average write time: 322.464396 seconds.
Total read time: 73.101749; average read time: 12.183625
Total time: 1362.959333, total average time: 136.295933

[2022-12-14T11:51:17] Child[84882]:
Total write time: 1181.565599 seconds; average write time: 196.927600 seconds.
Total read time: 192.074863; average read time: 48.018716
Total time: 1373.640462, total average time: 137.364046

[2022-12-14T11:51:18] Child[85685]:
Total write time: 1369.028951 seconds; average write time: 152.114328 seconds.
Total read time: 0.129912; average read time: 0.129912
Total time: 1369.158863, total average time: 136.915886

[2022-12-14T11:51:18] Child[84651]:
Total write time: 1166.365913 seconds; average write time: 291.591478 seconds.
Total read time: 202.595707; average read time: 33.765951
Total time: 1368.961620, total average time: 136.896162

[2022-12-14T11:51:19] Child[85852]:
Total write time: 1135.476957 seconds; average write time: 227.095391 seconds.
Total read time: 233.265986; average read time: 46.653197
Total time: 1368.742943, total average time: 136.874294

[2022-12-14T11:51:19] Child[86224]:
Total write time: 711.064822 seconds; average write time: 118.510804 seconds.
Total read time: 661.526312; average read time: 165.381578
Total time: 1372.591134, total average time: 137.259113

[2022-12-14T11:51:19] Child[85584]:
Total write time: 907.138704 seconds; average write time: 181.427741 seconds.
Total read time: 460.963904; average read time: 92.192781
Total time: 1368.102608, total average time: 136.810261

[2022-12-14T11:51:20] Child[84532]:
Total write time: 705.274810 seconds; average write time: 176.318703 seconds.
Total read time: 666.466222; average read time: 111.077704
Total time: 1371.741032, total average time: 137.174103

[2022-12-14T11:51:20] Child[85881]:
Total write time: 1124.080084 seconds; average write time: 374.693361 seconds.
Total read time: 248.611319; average read time: 35.515903
Total time: 1372.691403, total average time: 137.269140

[2022-12-14T11:51:20] Child[85036]:
Total write time: 1272.200113 seconds; average write time: 212.033352 seconds.
Total read time: 98.527286; average read time: 24.631822
Total time: 1370.727399, total average time: 137.072740

[2022-12-14T11:51:20] Child[84941]:
Total write time: 1363.664842 seconds; average write time: 151.518316 seconds.
Total read time: 7.291561; average read time: 7.291561
Total time: 1370.956403, total average time: 137.095640

[2022-12-14T11:51:21] Child[86428]:
Total write time: 1188.831875 seconds; average write time: 237.766375 seconds.
Total read time: 184.711406; average read time: 36.942281
Total time: 1373.543281, total average time: 137.354328

[2022-12-14T11:51:21] Child[86281]:
Total write time: 928.504660 seconds; average write time: 185.700932 seconds.
Total read time: 440.834837; average read time: 88.166967
Total time: 1369.339497, total average time: 136.933950

[2022-12-14T11:51:21] Child[85492]:
Total write time: 1156.879593 seconds; average write time: 192.813265 seconds.
Total read time: 216.412576; average read time: 54.103144
Total time: 1373.292169, total average time: 137.329217

[2022-12-14T11:51:22] Child[85850]:
Total write time: 948.740242 seconds; average write time: 189.748048 seconds.
Total read time: 420.373234; average read time: 84.074647
Total time: 1369.113476, total average time: 136.911348

[2022-12-14T11:51:22] Child[86350]:
Total write time: 1268.010350 seconds; average write time: 211.335058 seconds.
Total read time: 104.927205; average read time: 26.231801
Total time: 1372.937555, total average time: 137.293756

[2022-12-14T11:51:23] Child[84717]:
Total write time: 1137.920536 seconds; average write time: 189.653423 seconds.
Total read time: 237.290964; average read time: 59.322741
Total time: 1375.211500, total average time: 137.521150

[2022-12-14T11:51:23] Child[86282]:
Total write time: 733.032536 seconds; average write time: 244.344179 seconds.
Total read time: 634.069376; average read time: 90.581339
Total time: 1367.101912, total average time: 136.710191

[2022-12-14T11:51:23] Child[85098]:
Total write time: 1227.628235 seconds; average write time: 204.604706 seconds.
Total read time: 144.413396; average read time: 36.103349
Total time: 1372.041631, total average time: 137.204163

[2022-12-14T11:51:23] Child[84396]:
Total write time: 981.948750 seconds; average write time: 327.316250 seconds.
Total read time: 393.699320; average read time: 56.242760
Total time: 1375.648070, total average time: 137.564807

[2022-12-14T11:51:23] Child[85761]:
Total write time: 742.409130 seconds; average write time: 185.602283 seconds.
Total read time: 632.238893; average read time: 105.373149
Total time: 1374.648023, total average time: 137.464802

[2022-12-14T11:51:23] Child[85168]:
Total write time: 1040.367942 seconds; average write time: 173.394657 seconds.
Total read time: 334.559617; average read time: 83.639904
Total time: 1374.927559, total average time: 137.492756

[2022-12-14T11:51:23] Child[84675]:
Total write time: 1202.393659 seconds; average write time: 200.398943 seconds.
Total read time: 173.845130; average read time: 43.461283
Total time: 1376.238789, total average time: 137.623879

[2022-12-14T11:51:23] Child[85320]:
Total write time: 1250.457919 seconds; average write time: 208.409653 seconds.
Total read time: 126.185242; average read time: 31.546311
Total time: 1376.643161, total average time: 137.664316

[2022-12-14T11:51:24] Child[85777]:
Total write time: 1202.243461 seconds; average write time: 400.747820 seconds.
Total read time: 172.720052; average read time: 24.674293
Total time: 1374.963513, total average time: 137.496351

[2022-12-14T11:51:24] Child[85228]:
Total write time: 1047.478886 seconds; average write time: 209.495777 seconds.
Total read time: 329.249003; average read time: 65.849801
Total time: 1376.727889, total average time: 137.672789

[2022-12-14T11:51:24] Child[86100]:
Total write time: 687.513930 seconds; average write time: 171.878482 seconds.
Total read time: 687.056679; average read time: 114.509446
Total time: 1374.570609, total average time: 137.457061

[2022-12-14T11:51:25] Child[84687]:
Total write time: 816.018851 seconds; average write time: 163.203770 seconds.
Total read time: 560.696361; average read time: 112.139272
Total time: 1376.715212, total average time: 137.671521

[2022-12-14T11:51:25] Child[85280]:
Total write time: 1063.150076 seconds; average write time: 212.630015 seconds.
Total read time: 313.874285; average read time: 62.774857
Total time: 1377.024361, total average time: 137.702436

[2022-12-14T11:51:25] Child[85000]:
Total write time: 1195.540898 seconds; average write time: 170.791557 seconds.
Total read time: 177.293893; average read time: 59.097964
Total time: 1372.834791, total average time: 137.283479

[2022-12-14T11:51:26] Child[86304]:
Total write time: 887.083530 seconds; average write time: 177.416706 seconds.
Total read time: 492.729282; average read time: 98.545856
Total time: 1379.812812, total average time: 137.981281

[2022-12-14T11:51:26] Child[86093]:
Total write time: 1157.419474 seconds; average write time: 165.345639 seconds.
Total read time: 223.614785; average read time: 74.538262
Total time: 1381.034259, total average time: 138.103426

[2022-12-14T11:51:26] Child[85532]:
Total write time: 1265.417778 seconds; average write time: 253.083556 seconds.
Total read time: 107.900576; average read time: 21.580115
Total time: 1373.318354, total average time: 137.331835

[2022-12-14T11:51:27] Child[85141]:
Total write time: 1057.307095 seconds; average write time: 151.043871 seconds.
Total read time: 322.511111; average read time: 107.503704
Total time: 1379.818206, total average time: 137.981821

[2022-12-14T11:51:28] Child[86265]:
Total write time: 954.998126 seconds; average write time: 190.999625 seconds.
Total read time: 426.754266; average read time: 85.350853
Total time: 1381.752392, total average time: 138.175239

[2022-12-14T11:51:28] Child[84445]:
Total write time: 1167.841751 seconds; average write time: 166.834536 seconds.
Total read time: 210.005797; average read time: 70.001932
Total time: 1377.847548, total average time: 137.784755

[2022-12-14T11:51:29] Child[85177]:
Total write time: 1169.073701 seconds; average write time: 167.010529 seconds.
Total read time: 207.095419; average read time: 69.031806
Total time: 1376.169120, total average time: 137.616912

[2022-12-14T11:51:29] Child[84773]:
Total write time: 1106.935207 seconds; average write time: 184.489201 seconds.
Total read time: 272.885677; average read time: 68.221419
Total time: 1379.820884, total average time: 137.982088

[2022-12-14T11:51:29] Child[85907]:
Total write time: 896.264429 seconds; average write time: 149.377405 seconds.
Total read time: 486.511808; average read time: 121.627952
Total time: 1382.776237, total average time: 138.277624

[2022-12-14T11:51:29] Child[84590]:
Total write time: 1204.891235 seconds; average write time: 301.222809 seconds.
Total read time: 178.346180; average read time: 29.724363
Total time: 1383.237415, total average time: 138.323742

[2022-12-14T11:51:30] Child[86422]:
Total write time: 1149.293611 seconds; average write time: 287.323403 seconds.
Total read time: 232.331442; average read time: 38.721907
Total time: 1381.625053, total average time: 138.162505

[2022-12-14T11:51:31] Child[86054]:
Total write time: 897.294828 seconds; average write time: 224.323707 seconds.
Total read time: 481.920888; average read time: 80.320148
Total time: 1379.215716, total average time: 137.921572

[2022-12-14T11:51:31] Child[85712]:
Total write time: 1134.324915 seconds; average write time: 189.054152 seconds.
Total read time: 245.141509; average read time: 61.285377
Total time: 1379.466424, total average time: 137.946642

[2022-12-14T11:51:31] Child[86226]:
Total write time: 1089.243603 seconds; average write time: 217.848721 seconds.
Total read time: 291.992922; average read time: 58.398584
Total time: 1381.236525, total average time: 138.123652

[2022-12-14T11:51:32] Child[85529]:
Total write time: 1059.551092 seconds; average write time: 264.887773 seconds.
Total read time: 323.646992; average read time: 53.941165
Total time: 1383.198084, total average time: 138.319808

[2022-12-14T11:51:32] Child[85711]:
Total write time: 1131.841128 seconds; average write time: 161.691590 seconds.
Total read time: 249.592821; average read time: 83.197607
Total time: 1381.433949, total average time: 138.143395

[2022-12-14T11:51:32] Child[86327]:
Total write time: 1211.801883 seconds; average write time: 201.966981 seconds.
Total read time: 169.132887; average read time: 42.283222
Total time: 1380.934770, total average time: 138.093477

[2022-12-14T11:51:33] Child[85179]:
Total write time: 804.037430 seconds; average write time: 268.012477 seconds.
Total read time: 574.696452; average read time: 82.099493
Total time: 1378.733882, total average time: 137.873388

[2022-12-14T11:51:33] Child[84535]:
Total write time: 997.462303 seconds; average write time: 199.492461 seconds.
Total read time: 387.129079; average read time: 77.425816
Total time: 1384.591382, total average time: 138.459138

[2022-12-14T11:51:34] Child[86357]:
Total write time: 740.754017 seconds; average write time: 123.459003 seconds.
Total read time: 645.036586; average read time: 161.259147
Total time: 1385.790603, total average time: 138.579060

[2022-12-14T11:51:35] Child[84914]:
Total write time: 1308.715792 seconds; average write time: 186.959399 seconds.
Total read time: 78.405615; average read time: 26.135205
Total time: 1387.121407, total average time: 138.712141

[2022-12-14T11:51:35] Child[85504]:
Total write time: 857.588083 seconds; average write time: 214.397021 seconds.
Total read time: 525.794229; average read time: 87.632372
Total time: 1383.382312, total average time: 138.338231

[2022-12-14T11:51:35] Child[84864]:
Total write time: 1312.114002 seconds; average write time: 187.444857 seconds.
Total read time: 76.921695; average read time: 25.640565
Total time: 1389.035697, total average time: 138.903570

[2022-12-14T11:51:36] Child[85305]:
Total write time: 1183.389932 seconds; average write time: 236.677986 seconds.
Total read time: 202.857135; average read time: 40.571427
Total time: 1386.247067, total average time: 138.624707

[2022-12-14T11:51:36] Child[84698]:
Total write time: 982.160752 seconds; average write time: 163.693459 seconds.
Total read time: 407.765447; average read time: 101.941362
Total time: 1389.926199, total average time: 138.992620

[2022-12-14T11:51:36] Child[85385]:
Total write time: 1323.724777 seconds; average write time: 189.103540 seconds.
Total read time: 65.364669; average read time: 21.788223
Total time: 1389.089446, total average time: 138.908945

[2022-12-14T11:51:36] Child[86121]:
Total write time: 768.739877 seconds; average write time: 153.747975 seconds.
Total read time: 619.645529; average read time: 123.929106
Total time: 1388.385406, total average time: 138.838541

[2022-12-14T11:51:37] Child[86470]:
Total write time: 1157.034530 seconds; average write time: 231.406906 seconds.
Total read time: 231.261190; average read time: 46.252238
Total time: 1388.295720, total average time: 138.829572

[2022-12-14T11:51:37] Child[86313]:
Total write time: 1074.521584 seconds; average write time: 179.086931 seconds.
Total read time: 314.813863; average read time: 78.703466
Total time: 1389.335447, total average time: 138.933545

[2022-12-14T11:51:37] Child[85735]:
Total write time: 1150.262285 seconds; average write time: 191.710381 seconds.
Total read time: 239.747169; average read time: 59.936792
Total time: 1390.009454, total average time: 139.000945

[2022-12-14T11:51:38] Child[85334]:
Total write time: 1027.992554 seconds; average write time: 342.664185 seconds.
Total read time: 363.875714; average read time: 51.982245
Total time: 1391.868268, total average time: 139.186827

[2022-12-14T11:51:39] Child[84534]:
Total write time: 1246.179380 seconds; average write time: 207.696563 seconds.
Total read time: 145.839720; average read time: 36.459930
Total time: 1392.019100, total average time: 139.201910

[2022-12-14T11:51:40] Child[85533]:
Total write time: 1059.111649 seconds; average write time: 176.518608 seconds.
Total read time: 330.690353; average read time: 82.672588
Total time: 1389.802002, total average time: 138.980200

[2022-12-14T11:51:40] Child[85692]:
Total write time: 1282.631309 seconds; average write time: 213.771885 seconds.
Total read time: 110.788093; average read time: 27.697023
Total time: 1393.419402, total average time: 139.341940

[2022-12-14T11:51:40] Child[86450]:
Total write time: 917.021532 seconds; average write time: 229.255383 seconds.
Total read time: 474.322285; average read time: 79.053714
Total time: 1391.343817, total average time: 139.134382

[2022-12-14T11:51:40] Child[86043]:
Total write time: 1074.020823 seconds; average write time: 153.431546 seconds.
Total read time: 314.250830; average read time: 104.750277
Total time: 1388.271653, total average time: 138.827165

[2022-12-14T11:51:41] Child[85009]:
Total write time: 1109.184332 seconds; average write time: 184.864055 seconds.
Total read time: 284.493057; average read time: 71.123264
Total time: 1393.677389, total average time: 139.367739

[2022-12-14T11:51:41] Child[86012]:
Total write time: 1345.416335 seconds; average write time: 224.236056 seconds.
Total read time: 47.943999; average read time: 11.986000
Total time: 1393.360334, total average time: 139.336033

[2022-12-14T11:51:41] Child[85365]:
Total write time: 1155.813977 seconds; average write time: 165.116282 seconds.
Total read time: 238.267149; average read time: 79.422383
Total time: 1394.081126, total average time: 139.408113

[2022-12-14T11:51:42] Child[84833]:
Total write time: 1095.717466 seconds; average write time: 273.929367 seconds.
Total read time: 300.595007; average read time: 50.099168
Total time: 1396.312473, total average time: 139.631247

[2022-12-14T11:51:42] Child[85427]:
Total write time: 968.591353 seconds; average write time: 193.718271 seconds.
Total read time: 422.055590; average read time: 84.411118
Total time: 1390.646943, total average time: 139.064694

[2022-12-14T11:51:42] Child[85569]:
Total write time: 1145.457203 seconds; average write time: 163.636743 seconds.
Total read time: 249.076632; average read time: 83.025544
Total time: 1394.533835, total average time: 139.453384

[2022-12-14T11:51:43] Child[84489]:
Total write time: 886.595168 seconds; average write time: 177.319034 seconds.
Total read time: 506.934348; average read time: 101.386870
Total time: 1393.529516, total average time: 139.352952

[2022-12-14T11:51:44] Child[86404]:
Total write time: 1329.900105 seconds; average write time: 221.650017 seconds.
Total read time: 65.427192; average read time: 16.356798
Total time: 1395.327297, total average time: 139.532730

[2022-12-14T11:51:44] Child[85616]:
Total write time: 1005.317904 seconds; average write time: 201.063581 seconds.
Total read time: 385.882170; average read time: 77.176434
Total time: 1391.200074, total average time: 139.120007

[2022-12-14T11:51:45] Child[86355]:
Total write time: 935.534071 seconds; average write time: 233.883518 seconds.
Total read time: 462.977334; average read time: 77.162889
Total time: 1398.511405, total average time: 139.851141

[2022-12-14T11:51:45] Child[85371]:
Total write time: 1106.061096 seconds; average write time: 158.008728 seconds.
Total read time: 290.963098; average read time: 96.987699
Total time: 1397.024194, total average time: 139.702419

[2022-12-14T11:51:45] Child[84550]:
Total write time: 1108.943872 seconds; average write time: 221.788774 seconds.
Total read time: 287.092769; average read time: 57.418554
Total time: 1396.036641, total average time: 139.603664

[2022-12-14T11:51:46] Child[86343]:
Total write time: 1291.431147 seconds; average write time: 215.238525 seconds.
Total read time: 107.785787; average read time: 26.946447
Total time: 1399.216934, total average time: 139.921693

[2022-12-14T11:51:46] Child[86459]:
Total write time: 1104.466338 seconds; average write time: 184.077723 seconds.
Total read time: 294.193252; average read time: 73.548313
Total time: 1398.659590, total average time: 139.865959

[2022-12-14T11:51:46] Child[84697]:
Total write time: 1200.084338 seconds; average write time: 240.016868 seconds.
Total read time: 199.427262; average read time: 39.885452
Total time: 1399.511600, total average time: 139.951160

[2022-12-14T11:51:47] Child[85383]:
Total write time: 1254.930169 seconds; average write time: 209.155028 seconds.
Total read time: 142.231142; average read time: 35.557786
Total time: 1397.161311, total average time: 139.716131

[2022-12-14T11:51:47] Child[86268]:
Total write time: 1047.865650 seconds; average write time: 261.966412 seconds.
Total read time: 350.016209; average read time: 58.336035
Total time: 1397.881859, total average time: 139.788186

[2022-12-14T11:51:48] Child[85431]:
Total write time: 1307.750385 seconds; average write time: 435.916795 seconds.
Total read time: 92.836028; average read time: 13.262290
Total time: 1400.586413, total average time: 140.058641

[2022-12-14T11:51:48] Child[85483]:
Total write time: 1082.806787 seconds; average write time: 135.350848 seconds.
Total read time: 313.519976; average read time: 156.759988
Total time: 1396.326763, total average time: 139.632676

[2022-12-14T11:51:48] Child[84415]:
Total write time: 805.335096 seconds; average write time: 201.333774 seconds.
Total read time: 593.342582; average read time: 98.890430
Total time: 1398.677678, total average time: 139.867768

[2022-12-14T11:51:49] Child[86149]:
Total write time: 1000.486693 seconds; average write time: 200.097339 seconds.
Total read time: 400.226845; average read time: 80.045369
Total time: 1400.713538, total average time: 140.071354

[2022-12-14T11:51:49] Child[84842]:
Total write time: 1303.248132 seconds; average write time: 217.208022 seconds.
Total read time: 97.758972; average read time: 24.439743
Total time: 1401.007104, total average time: 140.100710

[2022-12-14T11:51:49] Child[86291]:
Total write time: 859.055494 seconds; average write time: 214.763873 seconds.
Total read time: 541.781202; average read time: 90.296867
Total time: 1400.836696, total average time: 140.083670

[2022-12-14T11:51:49] Child[84807]:
Total write time: 916.907842 seconds; average write time: 229.226960 seconds.
Total read time: 480.822080; average read time: 80.137013
Total time: 1397.729922, total average time: 139.772992

[2022-12-14T11:51:50] Child[85894]:
Total write time: 1398.665471 seconds; average write time: 174.833184 seconds.
Total read time: 4.432223; average read time: 2.216111
Total time: 1403.097694, total average time: 140.309769

[2022-12-14T11:51:50] Child[85342]:
Total write time: 1205.584519 seconds; average write time: 172.226360 seconds.
Total read time: 195.587197; average read time: 65.195732
Total time: 1401.171716, total average time: 140.117172

[2022-12-14T11:51:51] Child[84521]:
Total write time: 1351.141142 seconds; average write time: 225.190190 seconds.
Total read time: 48.146678; average read time: 12.036670
Total time: 1399.287820, total average time: 139.928782

[2022-12-14T11:51:51] Child[86106]:
Total write time: 1121.332291 seconds; average write time: 280.333073 seconds.
Total read time: 276.505734; average read time: 46.084289
Total time: 1397.838025, total average time: 139.783803

[2022-12-14T11:51:52] Child[85798]:
Total write time: 1368.386292 seconds; average write time: 195.483756 seconds.
Total read time: 28.904039; average read time: 9.634680
Total time: 1397.290331, total average time: 139.729033

[2022-12-14T11:51:52] Child[84409]:
Total write time: 1061.410355 seconds; average write time: 176.901726 seconds.
Total read time: 344.466986; average read time: 86.116747
Total time: 1405.877341, total average time: 140.587734

[2022-12-14T11:51:53] Child[86374]:
Total write time: 1182.783053 seconds; average write time: 168.969008 seconds.
Total read time: 222.149931; average read time: 74.049977
Total time: 1404.932984, total average time: 140.493298

[2022-12-14T11:51:53] Child[85726]:
Total write time: 913.523511 seconds; average write time: 182.704702 seconds.
Total read time: 487.592466; average read time: 97.518493
Total time: 1401.115977, total average time: 140.111598

[2022-12-14T11:51:53] Child[86468]:
Total write time: 672.677154 seconds; average write time: 134.535431 seconds.
Total read time: 730.561173; average read time: 146.112235
Total time: 1403.238327, total average time: 140.323833

[2022-12-14T11:51:53] Child[86059]:
Total write time: 836.212206 seconds; average write time: 209.053052 seconds.
Total read time: 569.648855; average read time: 94.941476
Total time: 1405.861061, total average time: 140.586106

[2022-12-14T11:51:53] Child[84932]:
Total write time: 998.115273 seconds; average write time: 249.528818 seconds.
Total read time: 408.845937; average read time: 68.140990
Total time: 1406.961210, total average time: 140.696121

[2022-12-14T11:51:53] Child[85754]:
Total write time: 1167.333090 seconds; average write time: 194.555515 seconds.
Total read time: 236.619386; average read time: 59.154846
Total time: 1403.952476, total average time: 140.395248

[2022-12-14T11:51:53] Child[84405]:
Total write time: 1189.481558 seconds; average write time: 237.896312 seconds.
Total read time: 214.745064; average read time: 42.949013
Total time: 1404.226622, total average time: 140.422662

[2022-12-14T11:51:54] Child[86034]:
Total write time: 1133.900210 seconds; average write time: 188.983368 seconds.
Total read time: 271.993828; average read time: 67.998457
Total time: 1405.894038, total average time: 140.589404

[2022-12-14T11:51:54] Child[85693]:
Total write time: 1307.466010 seconds; average write time: 326.866503 seconds.
Total read time: 101.286789; average read time: 16.881131
Total time: 1408.752799, total average time: 140.875280

[2022-12-14T11:51:54] Child[86249]:
Total write time: 1173.674504 seconds; average write time: 293.418626 seconds.
Total read time: 229.432045; average read time: 38.238674
Total time: 1403.106549, total average time: 140.310655

[2022-12-14T11:51:55] Child[84434]:
Total write time: 994.491125 seconds; average write time: 248.622781 seconds.
Total read time: 415.632958; average read time: 69.272160
Total time: 1410.124083, total average time: 141.012408

[2022-12-14T11:51:55] Child[85087]:
Total write time: 1156.860280 seconds; average write time: 192.810047 seconds.
Total read time: 250.836070; average read time: 62.709018
Total time: 1407.696350, total average time: 140.769635

[2022-12-14T11:51:56] Child[84644]:
Total write time: 1128.545260 seconds; average write time: 161.220751 seconds.
Total read time: 281.216234; average read time: 93.738745
Total time: 1409.761494, total average time: 140.976149

[2022-12-14T11:51:57] Child[85023]:
Total write time: 1352.536185 seconds; average write time: 193.219455 seconds.
Total read time: 58.192312; average read time: 19.397437
Total time: 1410.728497, total average time: 141.072850

[2022-12-14T11:51:57] Child[86352]:
Total write time: 999.507057 seconds; average write time: 199.901411 seconds.
Total read time: 405.308528; average read time: 81.061706
Total time: 1404.815585, total average time: 140.481559

[2022-12-14T11:51:57] Child[85653]:
Total write time: 812.538425 seconds; average write time: 162.507685 seconds.
Total read time: 598.151507; average read time: 119.630301
Total time: 1410.689932, total average time: 141.068993

[2022-12-14T11:51:57] Child[85534]:
Total write time: 1092.335162 seconds; average write time: 182.055860 seconds.
Total read time: 316.811660; average read time: 79.202915
Total time: 1409.146822, total average time: 140.914682

[2022-12-14T11:51:57] Child[86130]:
Total write time: 697.470394 seconds; average write time: 348.735197 seconds.
Total read time: 707.907767; average read time: 88.488471
Total time: 1405.378161, total average time: 140.537816

[2022-12-14T11:51:57] Child[86019]:
Total write time: 1131.350821 seconds; average write time: 161.621546 seconds.
Total read time: 273.839250; average read time: 91.279750
Total time: 1405.190071, total average time: 140.519007

[2022-12-14T11:51:58] Child[84758]:
Total write time: 1251.693624 seconds; average write time: 156.461703 seconds.
Total read time: 159.724060; average read time: 79.862030
Total time: 1411.417684, total average time: 141.141768

[2022-12-14T11:51:58] Child[85559]:
Total write time: 1048.265792 seconds; average write time: 209.653158 seconds.
Total read time: 362.474476; average read time: 72.494895
Total time: 1410.740268, total average time: 141.074027

[2022-12-14T11:51:58] Child[85147]:
Total write time: 1120.161157 seconds; average write time: 186.693526 seconds.
Total read time: 289.780112; average read time: 72.445028
Total time: 1409.941269, total average time: 140.994127

[2022-12-14T11:51:58] Child[85350]:
Total write time: 1383.450142 seconds; average write time: 153.716682 seconds.
Total read time: 26.258087; average read time: 26.258087
Total time: 1409.708229, total average time: 140.970823

[2022-12-14T11:51:58] Child[84787]:
Total write time: 1264.363109 seconds; average write time: 252.872622 seconds.
Total read time: 147.917560; average read time: 29.583512
Total time: 1412.280669, total average time: 141.228067

[2022-12-14T11:51:59] Child[85655]:
Total write time: 1050.799906 seconds; average write time: 175.133318 seconds.
Total read time: 357.960574; average read time: 89.490144
Total time: 1408.760480, total average time: 140.876048

[2022-12-14T11:52:00] Child[85273]:
Total write time: 1227.354063 seconds; average write time: 153.419258 seconds.
Total read time: 185.046464; average read time: 92.523232
Total time: 1412.400527, total average time: 141.240053

[2022-12-14T11:52:00] Child[84479]:
Total write time: 1176.551903 seconds; average write time: 235.310381 seconds.
Total read time: 233.327047; average read time: 46.665409
Total time: 1409.878950, total average time: 140.987895

[2022-12-14T11:52:00] Child[84556]:
Total write time: 1192.295813 seconds; average write time: 238.459163 seconds.
Total read time: 220.183392; average read time: 44.036678
Total time: 1412.479205, total average time: 141.247920

[2022-12-14T11:52:00] Child[85658]:
Total write time: 1186.082909 seconds; average write time: 296.520727 seconds.
Total read time: 226.890693; average read time: 37.815115
Total time: 1412.973602, total average time: 141.297360

[2022-12-14T11:52:01] Child[85556]:
Total write time: 1036.691763 seconds; average write time: 207.338353 seconds.
Total read time: 376.655313; average read time: 75.331063
Total time: 1413.347076, total average time: 141.334708

[2022-12-14T11:52:01] Child[85393]:
Total write time: 1164.624399 seconds; average write time: 194.104066 seconds.
Total read time: 251.620527; average read time: 62.905132
Total time: 1416.244926, total average time: 141.624493

[2022-12-14T11:52:02] Child[85278]:
Total write time: 979.218594 seconds; average write time: 244.804649 seconds.
Total read time: 429.410120; average read time: 71.568353
Total time: 1408.628714, total average time: 140.862871

[2022-12-14T11:52:02] Child[85703]:
Total write time: 1044.902029 seconds; average write time: 174.150338 seconds.
Total read time: 362.781157; average read time: 90.695289
Total time: 1407.683186, total average time: 140.768319

[2022-12-14T11:52:02] Child[84526]:
Total write time: 1207.870618 seconds; average write time: 172.552945 seconds.
Total read time: 203.755200; average read time: 67.918400
Total time: 1411.625818, total average time: 141.162582

[2022-12-14T11:52:03] Child[85527]:
Total write time: 926.917559 seconds; average write time: 463.458779 seconds.
Total read time: 488.876352; average read time: 61.109544
Total time: 1415.793911, total average time: 141.579391

[2022-12-14T11:52:03] Child[86060]:
Total write time: 1237.929645 seconds; average write time: 247.585929 seconds.
Total read time: 172.418086; average read time: 34.483617
Total time: 1410.347731, total average time: 141.034773

[2022-12-14T11:52:03] Child[85381]:
Total write time: 1000.743687 seconds; average write time: 166.790615 seconds.
Total read time: 413.105677; average read time: 103.276419
Total time: 1413.849364, total average time: 141.384936

[2022-12-14T11:52:03] Child[85566]:
Total write time: 983.738338 seconds; average write time: 163.956390 seconds.
Total read time: 427.865824; average read time: 106.966456
Total time: 1411.604162, total average time: 141.160416

[2022-12-14T11:52:04] Child[84430]:
Total write time: 901.909075 seconds; average write time: 150.318179 seconds.
Total read time: 516.284921; average read time: 129.071230
Total time: 1418.193996, total average time: 141.819400

[2022-12-14T11:52:04] Child[84876]:
Total write time: 843.567474 seconds; average write time: 210.891868 seconds.
Total read time: 571.712250; average read time: 95.285375
Total time: 1415.279724, total average time: 141.527972

[2022-12-14T11:52:04] Child[84551]:
Total write time: 1379.651834 seconds; average write time: 197.093119 seconds.
Total read time: 39.022182; average read time: 13.007394
Total time: 1418.674016, total average time: 141.867402

[2022-12-14T11:52:05] Child[86399]:
Total write time: 1092.531109 seconds; average write time: 273.132777 seconds.
Total read time: 325.353795; average read time: 54.225633
Total time: 1417.884904, total average time: 141.788490

[2022-12-14T11:52:05] Child[86186]:
Total write time: 1160.797024 seconds; average write time: 386.932341 seconds.
Total read time: 255.418836; average read time: 36.488405
Total time: 1416.215860, total average time: 141.621586

[2022-12-14T11:52:06] Child[86452]:
Total write time: 1245.464843 seconds; average write time: 177.923549 seconds.
Total read time: 172.599614; average read time: 57.533205
Total time: 1418.064457, total average time: 141.806446

[2022-12-14T11:52:06] Child[86197]:
Total write time: 890.743085 seconds; average write time: 178.148617 seconds.
Total read time: 524.768576; average read time: 104.953715
Total time: 1415.511661, total average time: 141.551166

[2022-12-14T11:52:06] Child[84926]:
Total write time: 1366.961867 seconds; average write time: 227.826978 seconds.
Total read time: 52.919387; average read time: 13.229847
Total time: 1419.881254, total average time: 141.988125

[2022-12-14T11:52:07] Child[84737]:
Total write time: 1364.848932 seconds; average write time: 170.606117 seconds.
Total read time: 56.589441; average read time: 28.294721
Total time: 1421.438373, total average time: 142.143837

[2022-12-14T11:52:07] Child[84600]:
Total write time: 576.425115 seconds; average write time: 192.141705 seconds.
Total read time: 840.773291; average read time: 120.110470
Total time: 1417.198406, total average time: 141.719841

[2022-12-14T11:52:08] Child[85871]:
Total write time: 1328.427931 seconds; average write time: 189.775419 seconds.
Total read time: 90.046273; average read time: 30.015424
Total time: 1418.474204, total average time: 141.847420

[2022-12-14T11:52:08] Child[84433]:
Total write time: 1017.394970 seconds; average write time: 339.131657 seconds.
Total read time: 402.217786; average read time: 57.459684
Total time: 1419.612756, total average time: 141.961276

[2022-12-14T11:52:08] Child[85473]:
Total write time: 1194.536560 seconds; average write time: 238.907312 seconds.
Total read time: 226.287925; average read time: 45.257585
Total time: 1420.824485, total average time: 142.082448

[2022-12-14T11:52:09] Child[85631]:
Total write time: 1004.249981 seconds; average write time: 334.749994 seconds.
Total read time: 418.283442; average read time: 59.754777
Total time: 1422.533423, total average time: 142.253342

[2022-12-14T11:52:09] Child[84418]:
Total write time: 776.460224 seconds; average write time: 194.115056 seconds.
Total read time: 645.050149; average read time: 107.508358
Total time: 1421.510373, total average time: 142.151037

[2022-12-14T11:52:09] Child[85522]:
Total write time: 1264.919480 seconds; average write time: 210.819913 seconds.
Total read time: 153.520242; average read time: 38.380060
Total time: 1418.439722, total average time: 141.843972

[2022-12-14T11:52:09] Child[85484]:
Total write time: 1179.096329 seconds; average write time: 294.774082 seconds.
Total read time: 242.733253; average read time: 40.455542
Total time: 1421.829582, total average time: 142.182958

[2022-12-14T11:52:09] Child[85448]:
Total write time: 1056.065302 seconds; average write time: 264.016325 seconds.
Total read time: 365.321750; average read time: 60.886958
Total time: 1421.387052, total average time: 142.138705

[2022-12-14T11:52:09] Child[85006]:
Total write time: 833.664598 seconds; average write time: 416.832299 seconds.
Total read time: 589.243966; average read time: 73.655496
Total time: 1422.908564, total average time: 142.290856

[2022-12-14T11:52:09] Child[84714]:
Total write time: 1129.905518 seconds; average write time: 188.317586 seconds.
Total read time: 288.088168; average read time: 72.022042
Total time: 1417.993686, total average time: 141.799369

[2022-12-14T11:52:09] Child[84939]:
Total write time: 1247.389166 seconds; average write time: 155.923646 seconds.
Total read time: 173.548286; average read time: 86.774143
Total time: 1420.937452, total average time: 142.093745

[2022-12-14T11:52:10] Child[85996]:
Total write time: 1175.724715 seconds; average write time: 146.965589 seconds.
Total read time: 244.947436; average read time: 122.473718
Total time: 1420.672151, total average time: 142.067215

[2022-12-14T11:52:10] Child[84485]:
Total write time: 1339.085153 seconds; average write time: 191.297879 seconds.
Total read time: 84.218700; average read time: 28.072900
Total time: 1423.303853, total average time: 142.330385

[2022-12-14T11:52:10] Child[84978]:
Total write time: 1224.677361 seconds; average write time: 174.953909 seconds.
Total read time: 198.674626; average read time: 66.224875
Total time: 1423.351987, total average time: 142.335199

[2022-12-14T11:52:10] Child[86052]:
Total write time: 677.962951 seconds; average write time: 135.592590 seconds.
Total read time: 747.414546; average read time: 149.482909
Total time: 1425.377497, total average time: 142.537750

[2022-12-14T11:52:11] Child[85938]:
Total write time: 1419.654246 seconds; average write time: 202.807749 seconds.
Total read time: 3.505130; average read time: 1.168377
Total time: 1423.159376, total average time: 142.315938

[2022-12-14T11:52:12] Child[85270]:
Total write time: 1193.613474 seconds; average write time: 170.516211 seconds.
Total read time: 225.767767; average read time: 75.255922
Total time: 1419.381241, total average time: 141.938124

[2022-12-14T11:52:12] Child[86437]:
Total write time: 603.353840 seconds; average write time: 120.670768 seconds.
Total read time: 820.795443; average read time: 164.159089
Total time: 1424.149283, total average time: 142.414928

[2022-12-14T11:52:14] Child[85695]:
Total write time: 1177.417958 seconds; average write time: 294.354489 seconds.
Total read time: 250.376809; average read time: 41.729468
Total time: 1427.794767, total average time: 142.779477

[2022-12-14T11:52:14] Child[85299]:
Total write time: 1172.196464 seconds; average write time: 234.439293 seconds.
Total read time: 252.489743; average read time: 50.497949
Total time: 1424.686207, total average time: 142.468621

[2022-12-14T11:52:14] Child[84660]:
Total write time: 808.492535 seconds; average write time: 202.123134 seconds.
Total read time: 617.691576; average read time: 102.948596
Total time: 1426.184111, total average time: 142.618411

[2022-12-14T11:52:14] Child[84913]:
Total write time: 1086.782051 seconds; average write time: 155.254579 seconds.
Total read time: 340.292156; average read time: 113.430719
Total time: 1427.074207, total average time: 142.707421

[2022-12-14T11:52:14] Child[85092]:
Total write time: 1157.819260 seconds; average write time: 289.454815 seconds.
Total read time: 266.038146; average read time: 44.339691
Total time: 1423.857406, total average time: 142.385741

[2022-12-14T11:52:15] Child[85858]:
Total write time: 1111.945831 seconds; average write time: 277.986458 seconds.
Total read time: 315.689821; average read time: 52.614970
Total time: 1427.635652, total average time: 142.763565

[2022-12-14T11:52:15] Child[85481]:
Total write time: 1346.620886 seconds; average write time: 224.436814 seconds.
Total read time: 77.432295; average read time: 19.358074
Total time: 1424.053181, total average time: 142.405318

[2022-12-14T11:52:15] Child[86127]:
Total write time: 1401.352423 seconds; average write time: 200.193203 seconds.
Total read time: 24.989861; average read time: 8.329954
Total time: 1426.342284, total average time: 142.634228

[2022-12-14T11:52:15] Child[85974]:
Total write time: 1005.833738 seconds; average write time: 201.166748 seconds.
Total read time: 423.269054; average read time: 84.653811
Total time: 1429.102792, total average time: 142.910279

[2022-12-14T11:52:16] Child[86349]:
Total write time: 502.372227 seconds; average write time: 167.457409 seconds.
Total read time: 926.137218; average read time: 132.305317
Total time: 1428.509445, total average time: 142.850944

[2022-12-14T11:52:16] Child[86094]:
Total write time: 1109.507836 seconds; average write time: 277.376959 seconds.
Total read time: 313.601332; average read time: 52.266889
Total time: 1423.109168, total average time: 142.310917

[2022-12-14T11:52:16] Child[86126]:
Total write time: 1245.604681 seconds; average write time: 311.401170 seconds.
Total read time: 182.536792; average read time: 30.422799
Total time: 1428.141473, total average time: 142.814147

[2022-12-14T11:52:16] Child[84449]:
Total write time: 882.277981 seconds; average write time: 220.569495 seconds.
Total read time: 548.957483; average read time: 91.492914
Total time: 1431.235464, total average time: 143.123546

[2022-12-14T11:52:17] Child[84899]:
Total write time: 865.857932 seconds; average write time: 123.693990 seconds.
Total read time: 561.854022; average read time: 187.284674
Total time: 1427.711954, total average time: 142.771195

[2022-12-14T11:52:17] Child[85821]:
Total write time: 880.734494 seconds; average write time: 220.183624 seconds.
Total read time: 546.342220; average read time: 91.057037
Total time: 1427.076714, total average time: 142.707671

[2022-12-14T11:52:17] Child[85625]:
Total write time: 1241.242598 seconds; average write time: 248.248520 seconds.
Total read time: 189.014674; average read time: 37.802935
Total time: 1430.257272, total average time: 143.025727

[2022-12-14T11:52:17] Child[85192]:
Total write time: 708.957910 seconds; average write time: 236.319303 seconds.
Total read time: 719.801641; average read time: 102.828806
Total time: 1428.759551, total average time: 142.875955

[2022-12-14T11:52:18] Child[85963]:
Total write time: 1141.879025 seconds; average write time: 285.469756 seconds.
Total read time: 282.416533; average read time: 47.069422
Total time: 1424.295558, total average time: 142.429556

[2022-12-14T11:52:18] Child[86340]:
Total write time: 1398.927738 seconds; average write time: 233.154623 seconds.
Total read time: 27.060674; average read time: 6.765168
Total time: 1425.988412, total average time: 142.598841

[2022-12-14T11:52:18] Child[84599]:
Total write time: 989.918872 seconds; average write time: 197.983774 seconds.
Total read time: 440.225269; average read time: 88.045054
Total time: 1430.144141, total average time: 143.014414

[2022-12-14T11:52:18] Child[86290]:
Total write time: 1082.476768 seconds; average write time: 216.495354 seconds.
Total read time: 346.769588; average read time: 69.353918
Total time: 1429.246356, total average time: 142.924636

[2022-12-14T11:52:18] Child[85211]:
Total write time: 867.752772 seconds; average write time: 173.550554 seconds.
Total read time: 562.772252; average read time: 112.554450
Total time: 1430.525024, total average time: 143.052502

[2022-12-14T11:52:19] Child[85433]:
Total write time: 1009.598527 seconds; average write time: 201.919705 seconds.
Total read time: 419.398763; average read time: 83.879753
Total time: 1428.997290, total average time: 142.899729

[2022-12-14T11:52:19] Child[86298]:
Total write time: 851.868782 seconds; average write time: 212.967196 seconds.
Total read time: 577.966682; average read time: 96.327780
Total time: 1429.835464, total average time: 142.983546

[2022-12-14T11:52:19] Child[86455]:
Total write time: 821.746705 seconds; average write time: 273.915568 seconds.
Total read time: 605.076408; average read time: 86.439487
Total time: 1426.823113, total average time: 142.682311

[2022-12-14T11:52:19] Child[85571]:
Total write time: 998.626162 seconds; average write time: 199.725232 seconds.
Total read time: 432.805420; average read time: 86.561084
Total time: 1431.431582, total average time: 143.143158

[2022-12-14T11:52:20] Child[84703]:
Total write time: 1268.200972 seconds; average write time: 158.525122 seconds.
Total read time: 162.266319; average read time: 81.133160
Total time: 1430.467291, total average time: 143.046729

[2022-12-14T11:52:20] Child[85352]:
Total write time: 1176.781167 seconds; average write time: 168.111595 seconds.
Total read time: 257.186297; average read time: 85.728766
Total time: 1433.967464, total average time: 143.396746

[2022-12-14T11:52:20] Child[85436]:
Total write time: 1358.332141 seconds; average write time: 169.791518 seconds.
Total read time: 74.170368; average read time: 37.085184
Total time: 1432.502509, total average time: 143.250251

[2022-12-14T11:52:20] Child[85458]:
Total write time: 1060.470502 seconds; average write time: 151.495786 seconds.
Total read time: 371.274371; average read time: 123.758124
Total time: 1431.744873, total average time: 143.174487

[2022-12-14T11:52:21] Child[84782]:
Total write time: 1199.150418 seconds; average write time: 171.307203 seconds.
Total read time: 231.547951; average read time: 77.182650
Total time: 1430.698369, total average time: 143.069837

[2022-12-14T11:52:21] Child[86232]:
Total write time: 1227.212284 seconds; average write time: 204.535381 seconds.
Total read time: 207.000460; average read time: 51.750115
Total time: 1434.212744, total average time: 143.421274

[2022-12-14T11:52:21] Child[85612]:
Total write time: 1138.153106 seconds; average write time: 189.692184 seconds.
Total read time: 292.378629; average read time: 73.094657
Total time: 1430.531735, total average time: 143.053174

[2022-12-14T11:52:21] Child[84895]:
Total write time: 980.459833 seconds; average write time: 140.065690 seconds.
Total read time: 452.797914; average read time: 150.932638
Total time: 1433.257747, total average time: 143.325775

[2022-12-14T11:52:21] Child[84438]:
Total write time: 1319.979050 seconds; average write time: 263.995810 seconds.
Total read time: 114.505269; average read time: 22.901054
Total time: 1434.484319, total average time: 143.448432

[2022-12-14T11:52:23] Child[86407]:
Total write time: 1420.398527 seconds; average write time: 236.733088 seconds.
Total read time: 14.879725; average read time: 3.719931
Total time: 1435.278252, total average time: 143.527825

[2022-12-14T11:52:23] Child[84507]:
Total write time: 1079.602943 seconds; average write time: 359.867648 seconds.
Total read time: 351.456069; average read time: 50.208010
Total time: 1431.059012, total average time: 143.105901

[2022-12-14T11:52:24] Child[86467]:
Total write time: 1289.290697 seconds; average write time: 161.161337 seconds.
Total read time: 145.598380; average read time: 72.799190
Total time: 1434.889077, total average time: 143.488908

[2022-12-14T11:52:24] Child[84459]:
Total write time: 973.779076 seconds; average write time: 243.444769 seconds.
Total read time: 463.226561; average read time: 77.204427
Total time: 1437.005637, total average time: 143.700564

[2022-12-14T11:52:24] Child[84588]:
Total write time: 1178.169715 seconds; average write time: 235.633943 seconds.
Total read time: 262.064228; average read time: 52.412846
Total time: 1440.233943, total average time: 144.023394

[2022-12-14T11:52:24] Child[84793]:
Total write time: 897.063177 seconds; average write time: 149.510529 seconds.
Total read time: 538.679053; average read time: 134.669763
Total time: 1435.742230, total average time: 143.574223

[2022-12-14T11:52:25] Child[85345]:
Total write time: 1314.189260 seconds; average write time: 262.837852 seconds.
Total read time: 124.008616; average read time: 24.801723
Total time: 1438.197876, total average time: 143.819788

[2022-12-14T11:52:25] Child[85167]:
Total write time: 1127.232216 seconds; average write time: 225.446443 seconds.
Total read time: 313.881628; average read time: 62.776326
Total time: 1441.113844, total average time: 144.111384

[2022-12-14T11:52:25] Child[85738]:
Total write time: 1165.712221 seconds; average write time: 233.142444 seconds.
Total read time: 273.906233; average read time: 54.781247
Total time: 1439.618454, total average time: 143.961845

[2022-12-14T11:52:26] Child[86451]:
Total write time: 1321.895703 seconds; average write time: 220.315951 seconds.
Total read time: 119.425041; average read time: 29.856260
Total time: 1441.320744, total average time: 144.132074

[2022-12-14T11:52:26] Child[84877]:
Total write time: 763.167086 seconds; average write time: 190.791772 seconds.
Total read time: 673.407948; average read time: 112.234658
Total time: 1436.575034, total average time: 143.657503

[2022-12-14T11:52:27] Child[85187]:
Total write time: 1106.583764 seconds; average write time: 221.316753 seconds.
Total read time: 328.635928; average read time: 65.727186
Total time: 1435.219692, total average time: 143.521969

[2022-12-14T11:52:27] Child[84560]:
Total write time: 1025.533041 seconds; average write time: 512.766520 seconds.
Total read time: 411.652362; average read time: 51.456545
Total time: 1437.185403, total average time: 143.718540

[2022-12-14T11:52:27] Child[86367]:
Total write time: 863.080285 seconds; average write time: 172.616057 seconds.
Total read time: 575.606213; average read time: 115.121243
Total time: 1438.686498, total average time: 143.868650

[2022-12-14T11:52:27] Child[85090]:
Total write time: 1224.215316 seconds; average write time: 174.887902 seconds.
Total read time: 213.179691; average read time: 71.059897
Total time: 1437.395007, total average time: 143.739501

[2022-12-14T11:52:27] Child[84503]:
Total write time: 1172.512922 seconds; average write time: 293.128230 seconds.
Total read time: 264.241588; average read time: 44.040265
Total time: 1436.754510, total average time: 143.675451

[2022-12-14T11:52:28] Child[85549]:
Total write time: 698.902889 seconds; average write time: 349.451444 seconds.
Total read time: 735.937060; average read time: 91.992132
Total time: 1434.839949, total average time: 143.483995

[2022-12-14T11:52:28] Child[85459]:
Total write time: 858.252954 seconds; average write time: 214.563239 seconds.
Total read time: 583.087309; average read time: 97.181218
Total time: 1441.340263, total average time: 144.134026

[2022-12-14T11:52:28] Child[85804]:
Total write time: 966.473899 seconds; average write time: 161.078983 seconds.
Total read time: 473.085524; average read time: 118.271381
Total time: 1439.559423, total average time: 143.955942

[2022-12-14T11:52:28] Child[86087]:
Total write time: 814.096917 seconds; average write time: 135.682819 seconds.
Total read time: 624.860463; average read time: 156.215116
Total time: 1438.957380, total average time: 143.895738

[2022-12-14T11:52:29] Child[85222]:
Total write time: 1336.309228 seconds; average write time: 190.901318 seconds.
Total read time: 105.402965; average read time: 35.134322
Total time: 1441.712193, total average time: 144.171219

[2022-12-14T11:52:29] Child[85456]:
Total write time: 1240.064354 seconds; average write time: 177.152051 seconds.
Total read time: 200.013948; average read time: 66.671316
Total time: 1440.078302, total average time: 144.007830

[2022-12-14T11:52:29] Child[86423]:
Total write time: 1336.093480 seconds; average write time: 190.870497 seconds.
Total read time: 105.345340; average read time: 35.115113
Total time: 1441.438820, total average time: 144.143882

[2022-12-14T11:52:29] Child[84937]:
Total write time: 1068.422806 seconds; average write time: 213.684561 seconds.
Total read time: 373.765809; average read time: 74.753162
Total time: 1442.188615, total average time: 144.218862

[2022-12-14T11:52:30] Child[85531]:
Total write time: 1219.302744 seconds; average write time: 203.217124 seconds.
Total read time: 220.403110; average read time: 55.100777
Total time: 1439.705854, total average time: 143.970585

[2022-12-14T11:52:30] Child[85645]:
Total write time: 1087.393372 seconds; average write time: 362.464457 seconds.
Total read time: 353.385490; average read time: 50.483641
Total time: 1440.778862, total average time: 144.077886

[2022-12-14T11:52:30] Child[84700]:
Total write time: 1126.229442 seconds; average write time: 225.245888 seconds.
Total read time: 315.591701; average read time: 63.118340
Total time: 1441.821143, total average time: 144.182114

[2022-12-14T11:52:30] Child[84854]:
Total write time: 1417.222111 seconds; average write time: 236.203685 seconds.
Total read time: 24.285877; average read time: 6.071469
Total time: 1441.507988, total average time: 144.150799

[2022-12-14T11:52:30] Child[85083]:
Total write time: 1158.456075 seconds; average write time: 193.076012 seconds.
Total read time: 286.730516; average read time: 71.682629
Total time: 1445.186591, total average time: 144.518659

[2022-12-14T11:52:31] Child[85039]:
Total write time: 1020.930874 seconds; average write time: 170.155146 seconds.
Total read time: 420.880033; average read time: 105.220008
Total time: 1441.810907, total average time: 144.181091

[2022-12-14T11:52:31] Child[85666]:
Total write time: 1328.294264 seconds; average write time: 189.756323 seconds.
Total read time: 113.055043; average read time: 37.685014
Total time: 1441.349307, total average time: 144.134931

[2022-12-14T11:52:32] Child[86168]:
Total write time: 1099.074052 seconds; average write time: 274.768513 seconds.
Total read time: 342.665893; average read time: 57.110982
Total time: 1441.739945, total average time: 144.173994

[2022-12-14T11:52:32] Child[85782]:
Total write time: 1040.656147 seconds; average write time: 173.442691 seconds.
Total read time: 404.389719; average read time: 101.097430
Total time: 1445.045866, total average time: 144.504587

[2022-12-14T11:52:33] Child[84869]:
Total write time: 929.982107 seconds; average write time: 185.996421 seconds.
Total read time: 510.339341; average read time: 102.067868
Total time: 1440.321448, total average time: 144.032145

[2022-12-14T11:52:33] Child[86156]:
Total write time: 1055.344947 seconds; average write time: 211.068989 seconds.
Total read time: 386.034637; average read time: 77.206927
Total time: 1441.379584, total average time: 144.137958

[2022-12-14T11:52:33] Child[85973]:
Total write time: 1246.137821 seconds; average write time: 311.534455 seconds.
Total read time: 197.071430; average read time: 32.845238
Total time: 1443.209251, total average time: 144.320925

[2022-12-14T11:52:33] Child[85251]:
Total write time: 1401.148643 seconds; average write time: 155.683183 seconds.
Total read time: 44.875040; average read time: 44.875040
Total time: 1446.023683, total average time: 144.602368

[2022-12-14T11:52:34] Child[84841]:
Total write time: 1142.305197 seconds; average write time: 228.461039 seconds.
Total read time: 300.827931; average read time: 60.165586
Total time: 1443.133128, total average time: 144.313313

[2022-12-14T11:52:34] Child[85438]:
Total write time: 1393.331183 seconds; average write time: 174.166398 seconds.
Total read time: 53.438864; average read time: 26.719432
Total time: 1446.770047, total average time: 144.677005

[2022-12-14T11:52:35] Child[86310]:
Total write time: 979.745421 seconds; average write time: 139.963632 seconds.
Total read time: 463.939614; average read time: 154.646538
Total time: 1443.685035, total average time: 144.368504

[2022-12-14T11:52:35] Child[86137]:
Total write time: 1251.999328 seconds; average write time: 178.857047 seconds.
Total read time: 195.583259; average read time: 65.194420
Total time: 1447.582587, total average time: 144.758259

[2022-12-14T11:52:35] Child[86384]:
Total write time: 1185.120859 seconds; average write time: 197.520143 seconds.
Total read time: 258.058267; average read time: 64.514567
Total time: 1443.179126, total average time: 144.317913

[2022-12-14T11:52:35] Child[85128]:
Total write time: 1015.878857 seconds; average write time: 126.984857 seconds.
Total read time: 430.992077; average read time: 215.496038
Total time: 1446.870934, total average time: 144.687093

[2022-12-14T11:52:35] Child[86331]:
Total write time: 959.847440 seconds; average write time: 239.961860 seconds.
Total read time: 488.806451; average read time: 81.467742
Total time: 1448.653891, total average time: 144.865389

[2022-12-14T11:52:35] Child[84421]:
Total write time: 1364.184805 seconds; average write time: 194.883544 seconds.
Total read time: 81.997368; average read time: 27.332456
Total time: 1446.182173, total average time: 144.618217

[2022-12-14T11:52:35] Child[85331]:
Total write time: 980.342430 seconds; average write time: 196.068486 seconds.
Total read time: 463.540122; average read time: 92.708024
Total time: 1443.882552, total average time: 144.388255

[2022-12-14T11:52:36] Child[86297]:
Total write time: 1236.374573 seconds; average write time: 206.062429 seconds.
Total read time: 213.500244; average read time: 53.375061
Total time: 1449.874817, total average time: 144.987482

[2022-12-14T11:52:36] Child[86311]:
Total write time: 1324.482237 seconds; average write time: 220.747039 seconds.
Total read time: 122.250811; average read time: 30.562703
Total time: 1446.733048, total average time: 144.673305

[2022-12-14T11:52:36] Child[86207]:
Total write time: 1295.737360 seconds; average write time: 259.147472 seconds.
Total read time: 152.530823; average read time: 30.506165
Total time: 1448.268183, total average time: 144.826818

[2022-12-14T11:52:36] Child[85114]:
Total write time: 1321.580892 seconds; average write time: 220.263482 seconds.
Total read time: 127.821559; average read time: 31.955390
Total time: 1449.402451, total average time: 144.940245

[2022-12-14T11:52:36] Child[85545]:
Total write time: 1343.597351 seconds; average write time: 268.719470 seconds.
Total read time: 106.255356; average read time: 21.251071
Total time: 1449.852707, total average time: 144.985271

[2022-12-14T11:52:37] Child[86319]:
Total write time: 1012.002796 seconds; average write time: 202.400559 seconds.
Total read time: 437.470191; average read time: 87.494038
Total time: 1449.472987, total average time: 144.947299

[2022-12-14T11:52:38] Child[86179]:
Total write time: 1349.100409 seconds; average write time: 192.728630 seconds.
Total read time: 97.528256; average read time: 32.509419
Total time: 1446.628665, total average time: 144.662867

[2022-12-14T11:52:38] Child[85163]:
Total write time: 1085.681707 seconds; average write time: 271.420427 seconds.
Total read time: 362.250991; average read time: 60.375165
Total time: 1447.932698, total average time: 144.793270

[2022-12-14T11:52:38] Child[86362]:
Total write time: 746.712267 seconds; average write time: 186.678067 seconds.
Total read time: 700.207865; average read time: 116.701311
Total time: 1446.920132, total average time: 144.692013

[2022-12-14T11:52:39] Child[85137]:
Total write time: 1048.863661 seconds; average write time: 174.810610 seconds.
Total read time: 398.775211; average read time: 99.693803
Total time: 1447.638872, total average time: 144.763887

[2022-12-14T11:52:39] Child[86204]:
Total write time: 1310.553116 seconds; average write time: 163.819140 seconds.
Total read time: 140.728877; average read time: 70.364439
Total time: 1451.281993, total average time: 145.128199

[2022-12-14T11:52:39] Child[84780]:
Total write time: 1332.376582 seconds; average write time: 190.339512 seconds.
Total read time: 119.220983; average read time: 39.740328
Total time: 1451.597565, total average time: 145.159756

[2022-12-14T11:52:40] Child[84666]:
Total write time: 710.277984 seconds; average write time: 236.759328 seconds.
Total read time: 738.753952; average read time: 105.536279
Total time: 1449.031936, total average time: 144.903194

[2022-12-14T11:52:40] Child[84408]:
Total write time: 1405.313653 seconds; average write time: 175.664207 seconds.
Total read time: 49.052266; average read time: 24.526133
Total time: 1454.365919, total average time: 145.436592

[2022-12-14T11:52:41] Child[85832]:
Total write time: 1208.773231 seconds; average write time: 201.462205 seconds.
Total read time: 244.783228; average read time: 61.195807
Total time: 1453.556459, total average time: 145.355646

[2022-12-14T11:52:42] Child[84973]:
Total write time: 1415.370312 seconds; average write time: 283.074062 seconds.
Total read time: 39.034079; average read time: 7.806816
Total time: 1454.404391, total average time: 145.440439

[2022-12-14T11:52:42] Child[84520]:
Total write time: 808.441364 seconds; average write time: 202.110341 seconds.
Total read time: 644.056853; average read time: 107.342809
Total time: 1452.498217, total average time: 145.249822

[2022-12-14T11:52:42] Child[85935]:
Total write time: 925.606630 seconds; average write time: 185.121326 seconds.
Total read time: 527.865091; average read time: 105.573018
Total time: 1453.471721, total average time: 145.347172

[2022-12-14T11:52:42] Child[84771]:
Total write time: 992.963394 seconds; average write time: 141.851913 seconds.
Total read time: 461.837876; average read time: 153.945959
Total time: 1454.801270, total average time: 145.480127

[2022-12-14T11:52:43] Child[85406]:
Total write time: 1096.738823 seconds; average write time: 365.579608 seconds.
Total read time: 359.091783; average read time: 51.298826
Total time: 1455.830606, total average time: 145.583061

[2022-12-14T11:52:43] Child[84537]:
Total write time: 1309.973371 seconds; average write time: 218.328895 seconds.
Total read time: 145.405764; average read time: 36.351441
Total time: 1455.379135, total average time: 145.537914

[2022-12-14T11:52:43] Child[85513]:
Total write time: 1073.765444 seconds; average write time: 268.441361 seconds.
Total read time: 381.269590; average read time: 63.544932
Total time: 1455.035034, total average time: 145.503503

[2022-12-14T11:52:43] Child[84653]:
Total write time: 1334.340637 seconds; average write time: 222.390106 seconds.
Total read time: 117.145756; average read time: 29.286439
Total time: 1451.486393, total average time: 145.148639

[2022-12-14T11:52:43] Child[86381]:
Total write time: 1218.710541 seconds; average write time: 243.742108 seconds.
Total read time: 232.555091; average read time: 46.511018
Total time: 1451.265632, total average time: 145.126563

[2022-12-14T11:52:45] Child[85912]:
Total write time: 983.455822 seconds; average write time: 245.863956 seconds.
Total read time: 470.371032; average read time: 78.395172
Total time: 1453.826854, total average time: 145.382685

[2022-12-14T11:52:46] Child[85713]:
Total write time: 1411.090916 seconds; average write time: 282.218183 seconds.
Total read time: 47.469711; average read time: 9.493942
Total time: 1458.560627, total average time: 145.856063

[2022-12-14T11:52:46] Child[85030]:
Total write time: 774.198213 seconds; average write time: 154.839643 seconds.
Total read time: 684.747950; average read time: 136.949590
Total time: 1458.946163, total average time: 145.894616

[2022-12-14T11:52:47] Child[85326]:
Total write time: 863.942598 seconds; average write time: 215.985649 seconds.
Total read time: 594.732412; average read time: 99.122069
Total time: 1458.675010, total average time: 145.867501

[2022-12-14T11:52:47] Child[85955]:
Total write time: 1087.605700 seconds; average write time: 135.950713 seconds.
Total read time: 368.327785; average read time: 184.163893
Total time: 1455.933485, total average time: 145.593348

[2022-12-14T11:52:48] Child[85615]:
Total write time: 1189.954076 seconds; average write time: 198.325679 seconds.
Total read time: 270.182473; average read time: 67.545618
Total time: 1460.136549, total average time: 146.013655

[2022-12-14T11:52:48] Child[86474]:
Total write time: 1135.332919 seconds; average write time: 283.833230 seconds.
Total read time: 321.965271; average read time: 53.660879
Total time: 1457.298190, total average time: 145.729819

[2022-12-14T11:52:48] Child[84491]:
Total write time: 1381.729242 seconds; average write time: 276.345848 seconds.
Total read time: 81.502770; average read time: 16.300554
Total time: 1463.232012, total average time: 146.323201

[2022-12-14T11:52:49] Child[85694]:
Total write time: 1169.302917 seconds; average write time: 233.860583 seconds.
Total read time: 287.072730; average read time: 57.414546
Total time: 1456.375647, total average time: 145.637565

[2022-12-14T11:52:49] Child[84801]:
Total write time: 1311.405330 seconds; average write time: 218.567555 seconds.
Total read time: 149.039469; average read time: 37.259867
Total time: 1460.444799, total average time: 146.044480

[2022-12-14T11:52:49] Child[85313]:
Total write time: 1136.924034 seconds; average write time: 162.417719 seconds.
Total read time: 324.356063; average read time: 108.118688
Total time: 1461.280097, total average time: 146.128010

[2022-12-14T11:52:49] Child[85923]:
Total write time: 1392.127158 seconds; average write time: 174.015895 seconds.
Total read time: 63.944274; average read time: 31.972137
Total time: 1456.071432, total average time: 145.607143

[2022-12-14T11:52:50] Child[85169]:
Total write time: 954.026977 seconds; average write time: 136.289568 seconds.
Total read time: 510.330912; average read time: 170.110304
Total time: 1464.357889, total average time: 146.435789

[2022-12-14T11:52:51] Child[84397]:
Total write time: 1381.154947 seconds; average write time: 276.230989 seconds.
Total read time: 79.944709; average read time: 15.988942
Total time: 1461.099656, total average time: 146.109966

[2022-12-14T11:52:51] Child[85487]:
Total write time: 1091.860811 seconds; average write time: 363.953604 seconds.
Total read time: 373.846304; average read time: 53.406615
Total time: 1465.707115, total average time: 146.570711

[2022-12-14T11:52:51] Child[84768]:
Total write time: 964.227485 seconds; average write time: 241.056871 seconds.
Total read time: 500.703281; average read time: 83.450547
Total time: 1464.930766, total average time: 146.493077

[2022-12-14T11:52:51] Child[86104]:
Total write time: 1289.803361 seconds; average write time: 257.960672 seconds.
Total read time: 170.711275; average read time: 34.142255
Total time: 1460.514636, total average time: 146.051464

[2022-12-14T11:52:51] Child[86248]:
Total write time: 949.703489 seconds; average write time: 474.851744 seconds.
Total read time: 512.698713; average read time: 64.087339
Total time: 1462.402202, total average time: 146.240220

[2022-12-14T11:52:52] Child[86410]:
Total write time: 1326.715779 seconds; average write time: 221.119296 seconds.
Total read time: 137.303961; average read time: 34.325990
Total time: 1464.019740, total average time: 146.401974

[2022-12-14T11:52:52] Child[85520]:
Total write time: 1284.882399 seconds; average write time: 214.147066 seconds.
Total read time: 178.651119; average read time: 44.662780
Total time: 1463.533518, total average time: 146.353352

[2022-12-14T11:52:53] Child[84986]:
Total write time: 862.833533 seconds; average write time: 143.805589 seconds.
Total read time: 604.832757; average read time: 151.208189
Total time: 1467.666290, total average time: 146.766629

[2022-12-14T11:52:54] Child[85926]:
Total write time: 1320.174171 seconds; average write time: 188.596310 seconds.
Total read time: 142.833444; average read time: 47.611148
Total time: 1463.007615, total average time: 146.300761

[2022-12-14T11:52:54] Child[85814]:
Total write time: 1385.838952 seconds; average write time: 173.229869 seconds.
Total read time: 79.006667; average read time: 39.503333
Total time: 1464.845619, total average time: 146.484562

[2022-12-14T11:52:54] Child[84727]:
Total write time: 1067.984629 seconds; average write time: 213.596926 seconds.
Total read time: 400.773486; average read time: 80.154697
Total time: 1468.758115, total average time: 146.875811

[2022-12-14T11:52:54] Child[84575]:
Total write time: 888.653401 seconds; average write time: 222.163350 seconds.
Total read time: 579.508484; average read time: 96.584747
Total time: 1468.161885, total average time: 146.816189

[2022-12-14T11:52:54] Child[86341]:
Total write time: 1087.924674 seconds; average write time: 217.584935 seconds.
Total read time: 376.959206; average read time: 75.391841
Total time: 1464.883880, total average time: 146.488388

[2022-12-14T11:52:54] Child[85184]:
Total write time: 1346.892183 seconds; average write time: 336.723046 seconds.
Total read time: 114.670677; average read time: 19.111780
Total time: 1461.562860, total average time: 146.156286

[2022-12-14T11:52:55] Child[85891]:
Total write time: 1175.797718 seconds; average write time: 235.159544 seconds.
Total read time: 285.353556; average read time: 57.070711
Total time: 1461.151274, total average time: 146.115127

[2022-12-14T11:52:55] Child[86380]:
Total write time: 1129.677106 seconds; average write time: 225.935421 seconds.
Total read time: 337.038857; average read time: 67.407771
Total time: 1466.715963, total average time: 146.671596

[2022-12-14T11:52:55] Child[84395]:
Total write time: 1290.059568 seconds; average write time: 184.294224 seconds.
Total read time: 178.474200; average read time: 59.491400
Total time: 1468.533768, total average time: 146.853377

[2022-12-14T11:52:56] Child[86457]:
Total write time: 1112.234823 seconds; average write time: 222.446965 seconds.
Total read time: 356.142323; average read time: 71.228465
Total time: 1468.377146, total average time: 146.837715

[2022-12-14T11:52:56] Child[86461]:
Total write time: 1268.570427 seconds; average write time: 181.224347 seconds.
Total read time: 197.040917; average read time: 65.680306
Total time: 1465.611344, total average time: 146.561134

[2022-12-14T11:52:57] Child[85225]:
Total write time: 1171.622561 seconds; average write time: 292.905640 seconds.
Total read time: 296.731661; average read time: 49.455277
Total time: 1468.354222, total average time: 146.835422

[2022-12-14T11:52:57] Child[85224]:
Total write time: 1326.912912 seconds; average write time: 221.152152 seconds.
Total read time: 145.908350; average read time: 36.477088
Total time: 1472.821262, total average time: 147.282126

[2022-12-14T11:52:57] Child[85207]:
Total write time: 1032.844816 seconds; average write time: 258.211204 seconds.
Total read time: 436.207149; average read time: 72.701191
Total time: 1469.051965, total average time: 146.905196

[2022-12-14T11:52:57] Child[85477]:
Total write time: 1126.604385 seconds; average write time: 225.320877 seconds.
Total read time: 345.178444; average read time: 69.035689
Total time: 1471.782829, total average time: 147.178283

[2022-12-14T11:52:57] Child[85882]:
Total write time: 1282.879030 seconds; average write time: 256.575806 seconds.
Total read time: 186.969414; average read time: 37.393883
Total time: 1469.848444, total average time: 146.984844

[2022-12-14T11:52:58] Child[86155]:
Total write time: 1146.314000 seconds; average write time: 163.759143 seconds.
Total read time: 323.894344; average read time: 107.964781
Total time: 1470.208344, total average time: 147.020834

[2022-12-14T11:52:58] Child[85872]:
Total write time: 1212.685861 seconds; average write time: 202.114310 seconds.
Total read time: 256.805061; average read time: 64.201265
Total time: 1469.490922, total average time: 146.949092

[2022-12-14T11:52:59] Child[85785]:
Total write time: 1203.253699 seconds; average write time: 240.650740 seconds.
Total read time: 269.589141; average read time: 53.917828
Total time: 1472.842840, total average time: 147.284284

[2022-12-14T11:52:59] Child[85580]:
Total write time: 954.126118 seconds; average write time: 318.042039 seconds.
Total read time: 514.190145; average read time: 73.455735
Total time: 1468.316263, total average time: 146.831626

[2022-12-14T11:52:59] Child[84860]:
Total write time: 629.866556 seconds; average write time: 209.955519 seconds.
Total read time: 838.869224; average read time: 119.838461
Total time: 1468.735780, total average time: 146.873578

[2022-12-14T11:52:59] Child[86163]:
Total write time: 899.764629 seconds; average write time: 224.941157 seconds.
Total read time: 574.277847; average read time: 95.712975
Total time: 1474.042476, total average time: 147.404248

[2022-12-14T11:52:59] Child[85699]:
Total write time: 900.980387 seconds; average write time: 225.245097 seconds.
Total read time: 570.216847; average read time: 95.036141
Total time: 1471.197234, total average time: 147.119723

[2022-12-14T11:53:00] Child[84452]:
Total write time: 1137.689461 seconds; average write time: 227.537892 seconds.
Total read time: 338.435475; average read time: 67.687095
Total time: 1476.124936, total average time: 147.612494

[2022-12-14T11:53:01] Child[86414]:
Total write time: 993.471952 seconds; average write time: 165.578659 seconds.
Total read time: 475.879773; average read time: 118.969943
Total time: 1469.351725, total average time: 146.935172

[2022-12-14T11:53:01] Child[86073]:
Total write time: 1203.452083 seconds; average write time: 240.690417 seconds.
Total read time: 267.442947; average read time: 53.488589
Total time: 1470.895030, total average time: 147.089503

[2022-12-14T11:53:01] Child[86075]:
Total write time: 1119.313960 seconds; average write time: 223.862792 seconds.
Total read time: 353.294766; average read time: 70.658953
Total time: 1472.608726, total average time: 147.260873

[2022-12-14T11:53:01] Child[86001]:
Total write time: 1009.481299 seconds; average write time: 252.370325 seconds.
Total read time: 464.362784; average read time: 77.393797
Total time: 1473.844083, total average time: 147.384408

[2022-12-14T11:53:01] Child[84404]:
Total write time: 1176.351603 seconds; average write time: 235.270321 seconds.
Total read time: 294.101677; average read time: 58.820335
Total time: 1470.453280, total average time: 147.045328

[2022-12-14T11:53:01] Child[85468]:
Total write time: 1116.303200 seconds; average write time: 223.260640 seconds.
Total read time: 359.070241; average read time: 71.814048
Total time: 1475.373441, total average time: 147.537344

[2022-12-14T11:53:02] Child[85883]:
Total write time: 1407.088438 seconds; average write time: 201.012634 seconds.
Total read time: 65.899611; average read time: 21.966537
Total time: 1472.988049, total average time: 147.298805

[2022-12-14T11:53:03] Child[85714]:
Total write time: 1044.470862 seconds; average write time: 261.117715 seconds.
Total read time: 430.433510; average read time: 71.738918
Total time: 1474.904372, total average time: 147.490437

[2022-12-14T11:53:03] Child[85846]:
Total write time: 1040.572829 seconds; average write time: 173.428805 seconds.
Total read time: 433.090143; average read time: 108.272536
Total time: 1473.662972, total average time: 147.366297

[2022-12-14T11:53:04] Child[86152]:
Total write time: 1131.969539 seconds; average write time: 188.661590 seconds.
Total read time: 346.025857; average read time: 86.506464
Total time: 1477.995396, total average time: 147.799540

[2022-12-14T11:53:04] Child[85322]:
Total write time: 1360.955133 seconds; average write time: 226.825855 seconds.
Total read time: 113.338592; average read time: 28.334648
Total time: 1474.293725, total average time: 147.429372

[2022-12-14T11:53:04] Child[86242]:
Total write time: 1298.335951 seconds; average write time: 144.259550 seconds.
Total read time: 178.003524; average read time: 178.003524
Total time: 1476.339475, total average time: 147.633948

[2022-12-14T11:53:05] Child[85026]:
Total write time: 705.718275 seconds; average write time: 235.239425 seconds.
Total read time: 774.390289; average read time: 110.627184
Total time: 1480.108564, total average time: 148.010856

[2022-12-14T11:53:05] Child[85553]:
Total write time: 1360.215259 seconds; average write time: 194.316466 seconds.
Total read time: 113.170468; average read time: 37.723489
Total time: 1473.385727, total average time: 147.338573

[2022-12-14T11:53:05] Child[85811]:
Total write time: 1351.948684 seconds; average write time: 168.993585 seconds.
Total read time: 124.313138; average read time: 62.156569
Total time: 1476.261822, total average time: 147.626182

[2022-12-14T11:53:05] Child[84761]:
Total write time: 1310.408394 seconds; average write time: 262.081679 seconds.
Total read time: 167.259450; average read time: 33.451890
Total time: 1477.667844, total average time: 147.766784

[2022-12-14T11:53:06] Child[84447]:
Total write time: 1138.887920 seconds; average write time: 189.814653 seconds.
Total read time: 338.143310; average read time: 84.535827
Total time: 1477.031230, total average time: 147.703123

[2022-12-14T11:53:06] Child[85641]:
Total write time: 1216.055796 seconds; average write time: 243.211159 seconds.
Total read time: 262.222182; average read time: 52.444436
Total time: 1478.277978, total average time: 147.827798

[2022-12-14T11:53:06] Child[84977]:
Total write time: 781.825236 seconds; average write time: 260.608412 seconds.
Total read time: 697.719332; average read time: 99.674190
Total time: 1479.544568, total average time: 147.954457

[2022-12-14T11:53:07] Child[84776]:
Total write time: 1274.383775 seconds; average write time: 182.054825 seconds.
Total read time: 203.954660; average read time: 67.984887
Total time: 1478.338435, total average time: 147.833844

[2022-12-14T11:53:07] Child[86366]:
Total write time: 781.141573 seconds; average write time: 260.380524 seconds.
Total read time: 696.793799; average read time: 99.541971
Total time: 1477.935372, total average time: 147.793537

[2022-12-14T11:53:08] Child[85950]:
Total write time: 1386.502276 seconds; average write time: 198.071754 seconds.
Total read time: 93.172684; average read time: 31.057561
Total time: 1479.674960, total average time: 147.967496

[2022-12-14T11:53:08] Child[85180]:
Total write time: 1330.236728 seconds; average write time: 266.047346 seconds.
Total read time: 149.948654; average read time: 29.989731
Total time: 1480.185382, total average time: 148.018538

[2022-12-14T11:53:08] Child[86089]:
Total write time: 1143.240572 seconds; average write time: 228.648114 seconds.
Total read time: 338.397747; average read time: 67.679549
Total time: 1481.638319, total average time: 148.163832

[2022-12-14T11:53:08] Child[86252]:
Total write time: 722.876523 seconds; average write time: 180.719131 seconds.
Total read time: 755.945326; average read time: 125.990888
Total time: 1478.821849, total average time: 147.882185

[2022-12-14T11:53:08] Child[86038]:
Total write time: 1347.244534 seconds; average write time: 192.463505 seconds.
Total read time: 133.107484; average read time: 44.369161
Total time: 1480.352018, total average time: 148.035202

[2022-12-14T11:53:08] Child[84636]:
Total write time: 1178.653320 seconds; average write time: 235.730664 seconds.
Total read time: 300.885748; average read time: 60.177150
Total time: 1479.539068, total average time: 147.953907

[2022-12-14T11:53:08] Child[85879]:
Total write time: 921.513228 seconds; average write time: 153.585538 seconds.
Total read time: 561.458191; average read time: 140.364548
Total time: 1482.971419, total average time: 148.297142

[2022-12-14T11:53:09] Child[84512]:
Total write time: 760.443419 seconds; average write time: 190.110855 seconds.
Total read time: 721.862787; average read time: 120.310464
Total time: 1482.306206, total average time: 148.230621

[2022-12-14T11:53:09] Child[85318]:
Total write time: 910.453960 seconds; average write time: 303.484653 seconds.
Total read time: 566.633341; average read time: 80.947620
Total time: 1477.087301, total average time: 147.708730

[2022-12-14T11:53:09] Child[85462]:
Total write time: 1287.109785 seconds; average write time: 321.777446 seconds.
Total read time: 191.923684; average read time: 31.987281
Total time: 1479.033469, total average time: 147.903347

[2022-12-14T11:53:09] Child[85842]:
Total write time: 1376.390169 seconds; average write time: 344.097542 seconds.
Total read time: 102.604367; average read time: 17.100728
Total time: 1478.994536, total average time: 147.899454

[2022-12-14T11:53:10] Child[85558]:
Total write time: 1015.013809 seconds; average write time: 253.753452 seconds.
Total read time: 466.109844; average read time: 77.684974
Total time: 1481.123653, total average time: 148.112365

[2022-12-14T11:53:10] Child[85233]:
Total write time: 1276.622962 seconds; average write time: 255.324592 seconds.
Total read time: 205.166032; average read time: 41.033206
Total time: 1481.788994, total average time: 148.178899

[2022-12-14T11:53:10] Child[85992]:
Total write time: 1255.882864 seconds; average write time: 251.176573 seconds.
Total read time: 227.411936; average read time: 45.482387
Total time: 1483.294800, total average time: 148.329480

[2022-12-14T11:53:10] Child[85786]:
Total write time: 900.305401 seconds; average write time: 180.061080 seconds.
Total read time: 576.755139; average read time: 115.351028
Total time: 1477.060540, total average time: 147.706054

[2022-12-14T11:53:10] Child[85552]:
Total write time: 1138.629044 seconds; average write time: 189.771507 seconds.
Total read time: 341.089778; average read time: 85.272445
Total time: 1479.718822, total average time: 147.971882

[2022-12-14T11:53:11] Child[86442]:
Total write time: 1259.549683 seconds; average write time: 139.949965 seconds.
Total read time: 223.649068; average read time: 223.649068
Total time: 1483.198751, total average time: 148.319875

[2022-12-14T11:53:11] Child[86416]:
Total write time: 1320.674806 seconds; average write time: 330.168701 seconds.
Total read time: 164.884998; average read time: 27.480833
Total time: 1485.559804, total average time: 148.555980

[2022-12-14T11:53:11] Child[85034]:
Total write time: 1041.441808 seconds; average write time: 260.360452 seconds.
Total read time: 441.863432; average read time: 73.643905
Total time: 1483.305240, total average time: 148.330524

[2022-12-14T11:53:12] Child[85592]:
Total write time: 1279.746618 seconds; average write time: 255.949324 seconds.
Total read time: 203.935334; average read time: 40.787067
Total time: 1483.681952, total average time: 148.368195

[2022-12-14T11:53:12] Child[85510]:
Total write time: 1006.996384 seconds; average write time: 503.498192 seconds.
Total read time: 479.237146; average read time: 59.904643
Total time: 1486.233530, total average time: 148.623353

[2022-12-14T11:53:12] Child[86458]:
Total write time: 1136.261750 seconds; average write time: 568.130875 seconds.
Total read time: 349.368477; average read time: 43.671060
Total time: 1485.630227, total average time: 148.563023

[2022-12-14T11:53:12] Child[86251]:
Total write time: 1270.284900 seconds; average write time: 211.714150 seconds.
Total read time: 211.782094; average read time: 52.945524
Total time: 1482.066994, total average time: 148.206699

[2022-12-14T11:53:12] Child[85801]:
Total write time: 999.979496 seconds; average write time: 199.995899 seconds.
Total read time: 483.888052; average read time: 96.777610
Total time: 1483.867548, total average time: 148.386755

[2022-12-14T11:53:14] Child[84701]:
Total write time: 1274.542891 seconds; average write time: 254.908578 seconds.
Total read time: 208.338692; average read time: 41.667738
Total time: 1482.881583, total average time: 148.288158

[2022-12-14T11:53:14] Child[84493]:
Total write time: 1207.541708 seconds; average write time: 201.256951 seconds.
Total read time: 279.462123; average read time: 69.865531
Total time: 1487.003831, total average time: 148.700383

[2022-12-14T11:53:15] Child[86411]:
Total write time: 960.222583 seconds; average write time: 192.044517 seconds.
Total read time: 529.006760; average read time: 105.801352
Total time: 1489.229343, total average time: 148.922934

[2022-12-14T11:53:15] Child[86189]:
Total write time: 1250.717620 seconds; average write time: 312.679405 seconds.
Total read time: 236.303479; average read time: 39.383913
Total time: 1487.021099, total average time: 148.702110

[2022-12-14T11:53:15] Child[85120]:
Total write time: 953.952383 seconds; average write time: 190.790477 seconds.
Total read time: 531.857566; average read time: 106.371513
Total time: 1485.809949, total average time: 148.580995

[2022-12-14T11:53:15] Child[84712]:
Total write time: 1462.615675 seconds; average write time: 243.769279 seconds.
Total read time: 24.400207; average read time: 6.100052
Total time: 1487.015882, total average time: 148.701588

[2022-12-14T11:53:17] Child[86083]:
Total write time: 1202.697928 seconds; average write time: 240.539586 seconds.
Total read time: 283.468261; average read time: 56.693652
Total time: 1486.166189, total average time: 148.616619

[2022-12-14T11:53:17] Child[84871]:
Total write time: 781.602013 seconds; average write time: 156.320403 seconds.
Total read time: 711.296745; average read time: 142.259349
Total time: 1492.898758, total average time: 149.289876

[2022-12-14T11:53:17] Child[85823]:
Total write time: 929.056103 seconds; average write time: 232.264026 seconds.
Total read time: 563.700625; average read time: 93.950104
Total time: 1492.756728, total average time: 149.275673

[2022-12-14T11:53:17] Child[86397]:
Total write time: 1271.524274 seconds; average write time: 254.304855 seconds.
Total read time: 221.307225; average read time: 44.261445
Total time: 1492.831499, total average time: 149.283150

[2022-12-14T11:53:17] Child[85820]:
Total write time: 1184.481880 seconds; average write time: 236.896376 seconds.
Total read time: 303.261289; average read time: 60.652258
Total time: 1487.743169, total average time: 148.774317

[2022-12-14T11:53:18] Child[85720]:
Total write time: 1250.442357 seconds; average write time: 208.407060 seconds.
Total read time: 240.445220; average read time: 60.111305
Total time: 1490.887577, total average time: 149.088758

[2022-12-14T11:53:18] Child[84796]:
Total write time: 997.482052 seconds; average write time: 166.247009 seconds.
Total read time: 487.446961; average read time: 121.861740
Total time: 1484.929013, total average time: 148.492901

[2022-12-14T11:53:18] Child[85387]:
Total write time: 1011.433391 seconds; average write time: 202.286678 seconds.
Total read time: 474.886305; average read time: 94.977261
Total time: 1486.319696, total average time: 148.631970

[2022-12-14T11:53:19] Child[86066]:
Total write time: 1154.238915 seconds; average write time: 192.373153 seconds.
Total read time: 332.598889; average read time: 83.149722
Total time: 1486.837804, total average time: 148.683780

[2022-12-14T11:53:19] Child[85915]:
Total write time: 1134.471300 seconds; average write time: 226.894260 seconds.
Total read time: 357.778786; average read time: 71.555757
Total time: 1492.250086, total average time: 149.225009

[2022-12-14T11:53:20] Child[86136]:
Total write time: 1262.714235 seconds; average write time: 210.452372 seconds.
Total read time: 224.911916; average read time: 56.227979
Total time: 1487.626151, total average time: 148.762615

[2022-12-14T11:53:20] Child[85739]:
Total write time: 1088.397456 seconds; average write time: 362.799152 seconds.
Total read time: 404.583444; average read time: 57.797635
Total time: 1492.980900, total average time: 149.298090

[2022-12-14T11:53:20] Child[84975]:
Total write time: 926.599430 seconds; average write time: 463.299715 seconds.
Total read time: 566.187565; average read time: 70.773446
Total time: 1492.786995, total average time: 149.278699

[2022-12-14T11:53:21] Child[84665]:
Total write time: 1166.289214 seconds; average write time: 194.381536 seconds.
Total read time: 324.075317; average read time: 81.018829
Total time: 1490.364531, total average time: 149.036453

[2022-12-14T11:53:21] Child[84886]:
Total write time: 1108.509112 seconds; average write time: 184.751519 seconds.
Total read time: 383.019431; average read time: 95.754858
Total time: 1491.528543, total average time: 149.152854

[2022-12-14T11:53:21] Child[84574]:
Total write time: 1410.385987 seconds; average write time: 470.128662 seconds.
Total read time: 84.423591; average read time: 12.060513
Total time: 1494.809578, total average time: 149.480958

[2022-12-14T11:53:21] Child[85296]:
Total write time: 1490.421435 seconds; average write time: 165.602382 seconds.
Total read time: 0.918795; average read time: 0.918795
Total time: 1491.340230, total average time: 149.134023

[2022-12-14T11:53:21] Child[85227]:
Total write time: 1181.892693 seconds; average write time: 196.982115 seconds.
Total read time: 312.035308; average read time: 78.008827
Total time: 1493.928001, total average time: 149.392800

[2022-12-14T11:53:21] Child[86453]:
Total write time: 1411.897688 seconds; average write time: 282.379538 seconds.
Total read time: 78.346484; average read time: 15.669297
Total time: 1490.244172, total average time: 149.024417

[2022-12-14T11:53:22] Child[86378]:
Total write time: 802.871378 seconds; average write time: 160.574276 seconds.
Total read time: 690.667067; average read time: 138.133413
Total time: 1493.538445, total average time: 149.353845

[2022-12-14T11:53:22] Child[84798]:
Total write time: 1427.565844 seconds; average write time: 203.937978 seconds.
Total read time: 67.925458; average read time: 22.641819
Total time: 1495.491302, total average time: 149.549130

[2022-12-14T11:53:22] Child[86074]:
Total write time: 1198.494899 seconds; average write time: 171.213557 seconds.
Total read time: 294.308173; average read time: 98.102724
Total time: 1492.803072, total average time: 149.280307

[2022-12-14T11:53:22] Child[86257]:
Total write time: 814.865180 seconds; average write time: 271.621727 seconds.
Total read time: 679.725071; average read time: 97.103582
Total time: 1494.590251, total average time: 149.459025

[2022-12-14T11:53:23] Child[85328]:
Total write time: 1415.346805 seconds; average write time: 202.192401 seconds.
Total read time: 76.539448; average read time: 25.513149
Total time: 1491.886253, total average time: 149.188625

[2022-12-14T11:53:23] Child[84464]:
Total write time: 1226.652877 seconds; average write time: 204.442146 seconds.
Total read time: 266.520383; average read time: 66.630096
Total time: 1493.173260, total average time: 149.317326

[2022-12-14T11:53:23] Child[84440]:
Total write time: 1365.916114 seconds; average write time: 151.768457 seconds.
Total read time: 130.747091; average read time: 130.747091
Total time: 1496.663205, total average time: 149.666321

[2022-12-14T11:53:24] Child[84859]:
Total write time: 1294.057129 seconds; average write time: 184.865304 seconds.
Total read time: 201.437849; average read time: 67.145950
Total time: 1495.494978, total average time: 149.549498

[2022-12-14T11:53:24] Child[85908]:
Total write time: 1331.743112 seconds; average write time: 221.957185 seconds.
Total read time: 163.127593; average read time: 40.781898
Total time: 1494.870705, total average time: 149.487070

[2022-12-14T11:53:25] Child[84992]:
Total write time: 1305.924427 seconds; average write time: 326.481107 seconds.
Total read time: 189.303778; average read time: 31.550630
Total time: 1495.228205, total average time: 149.522820

[2022-12-14T11:53:25] Child[84457]:
Total write time: 1114.745262 seconds; average write time: 222.949052 seconds.
Total read time: 382.835377; average read time: 76.567075
Total time: 1497.580639, total average time: 149.758064

[2022-12-14T11:53:25] Child[84824]:
Total write time: 816.331445 seconds; average write time: 272.110482 seconds.
Total read time: 678.594101; average read time: 96.942014
Total time: 1494.925546, total average time: 149.492555

[2022-12-14T11:53:25] Child[84633]:
Total write time: 1234.178775 seconds; average write time: 176.311254 seconds.
Total read time: 264.815506; average read time: 88.271835
Total time: 1498.994281, total average time: 149.899428

[2022-12-14T11:53:26] Child[85789]:
Total write time: 1437.124008 seconds; average write time: 205.303430 seconds.
Total read time: 58.735336; average read time: 19.578445
Total time: 1495.859344, total average time: 149.585934

[2022-12-14T11:53:27] Child[85428]:
Total write time: 1255.900659 seconds; average write time: 156.987582 seconds.
Total read time: 240.085349; average read time: 120.042675
Total time: 1495.986008, total average time: 149.598601

[2022-12-14T11:53:27] Child[85874]:
Total write time: 1138.262384 seconds; average write time: 227.652477 seconds.
Total read time: 360.479338; average read time: 72.095868
Total time: 1498.741722, total average time: 149.874172

[2022-12-14T11:53:27] Child[86215]:
Total write time: 1115.227270 seconds; average write time: 139.403409 seconds.
Total read time: 383.619308; average read time: 191.809654
Total time: 1498.846578, total average time: 149.884658

[2022-12-14T11:53:28] Child[86476]:
Total write time: 1086.742506 seconds; average write time: 217.348501 seconds.
Total read time: 409.474486; average read time: 81.894897
Total time: 1496.216992, total average time: 149.621699

[2022-12-14T11:53:28] Child[86361]:
Total write time: 1250.469717 seconds; average write time: 250.093943 seconds.
Total read time: 249.574302; average read time: 49.914860
Total time: 1500.044019, total average time: 150.004402

[2022-12-14T11:53:28] Child[85113]:
Total write time: 1148.388284 seconds; average write time: 191.398047 seconds.
Total read time: 351.862625; average read time: 87.965656
Total time: 1500.250909, total average time: 150.025091

[2022-12-14T11:53:28] Child[85424]:
Total write time: 1424.790872 seconds; average write time: 203.541553 seconds.
Total read time: 70.389262; average read time: 23.463087
Total time: 1495.180134, total average time: 149.518013

[2022-12-14T11:53:28] Child[86412]:
Total write time: 1361.854014 seconds; average write time: 194.550573 seconds.
Total read time: 137.338774; average read time: 45.779591
Total time: 1499.192788, total average time: 149.919279

[2022-12-14T11:53:29] Child[85732]:
Total write time: 701.397504 seconds; average write time: 175.349376 seconds.
Total read time: 798.170261; average read time: 133.028377
Total time: 1499.567765, total average time: 149.956776

[2022-12-14T11:53:29] Child[85895]:
Total write time: 1325.560638 seconds; average write time: 331.390159 seconds.
Total read time: 171.926988; average read time: 28.654498
Total time: 1497.487626, total average time: 149.748763

[2022-12-14T11:53:29] Child[84933]:
Total write time: 1173.348618 seconds; average write time: 293.337154 seconds.
Total read time: 325.867864; average read time: 54.311311
Total time: 1499.216482, total average time: 149.921648

[2022-12-14T11:53:30] Child[85420]:
Total write time: 1241.045621 seconds; average write time: 248.209124 seconds.
Total read time: 261.864430; average read time: 52.372886
Total time: 1502.910051, total average time: 150.291005

[2022-12-14T11:53:31] Child[85551]:
Total write time: 1249.608361 seconds; average write time: 249.921672 seconds.
Total read time: 252.792780; average read time: 50.558556
Total time: 1502.401141, total average time: 150.240114

[2022-12-14T11:53:31] Child[85199]:
Total write time: 1383.546434 seconds; average write time: 230.591072 seconds.
Total read time: 121.127599; average read time: 30.281900
Total time: 1504.674033, total average time: 150.467403

[2022-12-14T11:53:31] Child[85151]:
Total write time: 1190.188148 seconds; average write time: 238.037630 seconds.
Total read time: 314.857370; average read time: 62.971474
Total time: 1505.045518, total average time: 150.504552

[2022-12-14T11:53:32] Child[86342]:
Total write time: 1176.626975 seconds; average write time: 196.104496 seconds.
Total read time: 329.283713; average read time: 82.320928
Total time: 1505.910688, total average time: 150.591069

[2022-12-14T11:53:32] Child[84587]:
Total write time: 1172.881019 seconds; average write time: 234.576204 seconds.
Total read time: 329.561403; average read time: 65.912281
Total time: 1502.442422, total average time: 150.244242

[2022-12-14T11:53:32] Child[85588]:
Total write time: 1321.423596 seconds; average write time: 220.237266 seconds.
Total read time: 184.503698; average read time: 46.125925
Total time: 1505.927294, total average time: 150.592729

[2022-12-14T11:53:33] Child[86424]:
Total write time: 1169.383295 seconds; average write time: 292.345824 seconds.
Total read time: 334.812741; average read time: 55.802124
Total time: 1504.196036, total average time: 150.419604

[2022-12-14T11:53:33] Child[86193]:
Total write time: 1251.314342 seconds; average write time: 178.759192 seconds.
Total read time: 252.073393; average read time: 84.024464
Total time: 1503.387735, total average time: 150.338774

[2022-12-14T11:53:33] Child[86113]:
Total write time: 1373.018311 seconds; average write time: 274.603662 seconds.
Total read time: 130.686365; average read time: 26.137273
Total time: 1503.704676, total average time: 150.370468

[2022-12-14T11:53:33] Child[85454]:
Total write time: 1225.316634 seconds; average write time: 204.219439 seconds.
Total read time: 281.827337; average read time: 70.456834
Total time: 1507.143971, total average time: 150.714397

[2022-12-14T11:53:33] Child[84680]:
Total write time: 1223.474552 seconds; average write time: 244.694910 seconds.
Total read time: 280.769625; average read time: 56.153925
Total time: 1504.244177, total average time: 150.424418

[2022-12-14T11:53:33] Child[85465]:
Total write time: 1274.836515 seconds; average write time: 318.709129 seconds.
Total read time: 231.529267; average read time: 38.588211
Total time: 1506.365782, total average time: 150.636578

[2022-12-14T11:53:34] Child[85835]:
Total write time: 1197.795783 seconds; average write time: 299.448946 seconds.
Total read time: 310.489887; average read time: 51.748314
Total time: 1508.285670, total average time: 150.828567

[2022-12-14T11:53:34] Child[84900]:
Total write time: 1168.490755 seconds; average write time: 233.698151 seconds.
Total read time: 335.832795; average read time: 67.166559
Total time: 1504.323550, total average time: 150.432355

[2022-12-14T11:53:34] Child[85727]:
Total write time: 1228.398089 seconds; average write time: 175.485441 seconds.
Total read time: 278.811426; average read time: 92.937142
Total time: 1507.209515, total average time: 150.720952

[2022-12-14T11:53:34] Child[84570]:
Total write time: 1181.978850 seconds; average write time: 196.996475 seconds.
Total read time: 322.196783; average read time: 80.549196
Total time: 1504.175633, total average time: 150.417563

[2022-12-14T11:53:35] Child[85021]:
Total write time: 1148.082865 seconds; average write time: 574.041433 seconds.
Total read time: 357.188432; average read time: 44.648554
Total time: 1505.271297, total average time: 150.527130

[2022-12-14T11:53:36] Child[85956]:
Total write time: 1277.059335 seconds; average write time: 255.411867 seconds.
Total read time: 230.002724; average read time: 46.000545
Total time: 1507.062059, total average time: 150.706206

[2022-12-14T11:53:36] Child[85080]:
Total write time: 808.965411 seconds; average write time: 202.241353 seconds.
Total read time: 698.609826; average read time: 116.434971
Total time: 1507.575237, total average time: 150.757524

[2022-12-14T11:53:36] Child[84646]:
Total write time: 1325.375119 seconds; average write time: 220.895853 seconds.
Total read time: 184.982225; average read time: 46.245556
Total time: 1510.357344, total average time: 151.035734

[2022-12-14T11:53:36] Child[84923]:
Total write time: 1114.147288 seconds; average write time: 278.536822 seconds.
Total read time: 393.303187; average read time: 65.550531
Total time: 1507.450475, total average time: 150.745047

[2022-12-14T11:53:37] Child[85650]:
Total write time: 1280.901383 seconds; average write time: 320.225346 seconds.
Total read time: 228.509422; average read time: 38.084904
Total time: 1509.410805, total average time: 150.941080

[2022-12-14T11:53:37] Child[85560]:
Total write time: 1406.472687 seconds; average write time: 200.924670 seconds.
Total read time: 99.646390; average read time: 33.215463
Total time: 1506.119077, total average time: 150.611908

[2022-12-14T11:53:37] Child[85106]:
Total write time: 708.992295 seconds; average write time: 236.330765 seconds.
Total read time: 803.580629; average read time: 114.797233
Total time: 1512.572924, total average time: 151.257292

[2022-12-14T11:53:37] Child[85759]:
Total write time: 1052.875668 seconds; average write time: 175.479278 seconds.
Total read time: 457.309775; average read time: 114.327444
Total time: 1510.185443, total average time: 151.018544

[2022-12-14T11:53:37] Child[86329]:
Total write time: 1357.188347 seconds; average write time: 226.198058 seconds.
Total read time: 151.840134; average read time: 37.960034
Total time: 1509.028481, total average time: 150.902848

[2022-12-14T11:53:38] Child[85134]:
Total write time: 1133.002704 seconds; average write time: 377.667568 seconds.
Total read time: 376.514630; average read time: 53.787804
Total time: 1509.517334, total average time: 150.951733

[2022-12-14T11:53:38] Child[84506]:
Total write time: 783.225154 seconds; average write time: 261.075051 seconds.
Total read time: 726.866341; average read time: 103.838049
Total time: 1510.091495, total average time: 151.009150

[2022-12-14T11:53:38] Child[86036]:
Total write time: 1475.399253 seconds; average write time: 163.933250 seconds.
Total read time: 32.659155; average read time: 32.659155
Total time: 1508.058408, total average time: 150.805841

[2022-12-14T11:53:39] Child[85570]:
Total write time: 1063.360405 seconds; average write time: 212.672081 seconds.
Total read time: 444.294249; average read time: 88.858850
Total time: 1507.654654, total average time: 150.765465

[2022-12-14T11:53:40] Child[84645]:
Total write time: 1187.362819 seconds; average write time: 395.787606 seconds.
Total read time: 323.864040; average read time: 46.266291
Total time: 1511.226859, total average time: 151.122686

[2022-12-14T11:53:40] Child[85382]:
Total write time: 657.017737 seconds; average write time: 131.403547 seconds.
Total read time: 854.431516; average read time: 170.886303
Total time: 1511.449253, total average time: 151.144925

[2022-12-14T11:53:40] Child[85665]:
Total write time: 1369.425428 seconds; average write time: 195.632204 seconds.
Total read time: 140.656954; average read time: 46.885651
Total time: 1510.082382, total average time: 151.008238

[2022-12-14T11:53:40] Child[85357]:
Total write time: 1270.198764 seconds; average write time: 181.456966 seconds.
Total read time: 241.712178; average read time: 80.570726
Total time: 1511.910942, total average time: 151.191094

[2022-12-14T11:53:41] Child[86300]:
Total write time: 1188.514155 seconds; average write time: 297.128539 seconds.
Total read time: 328.067747; average read time: 54.677958
Total time: 1516.581902, total average time: 151.658190

[2022-12-14T11:53:41] Child[85089]:
Total write time: 455.537666 seconds; average write time: 227.768833 seconds.
Total read time: 1057.868560; average read time: 132.233570
Total time: 1513.406226, total average time: 151.340623

[2022-12-14T11:53:42] Child[85055]:
Total write time: 1298.271895 seconds; average write time: 185.467414 seconds.
Total read time: 218.052275; average read time: 72.684092
Total time: 1516.324170, total average time: 151.632417

[2022-12-14T11:53:42] Child[85226]:
Total write time: 1327.582119 seconds; average write time: 221.263687 seconds.
Total read time: 186.154985; average read time: 46.538746
Total time: 1513.737104, total average time: 151.373710

[2022-12-14T11:53:42] Child[84729]:
Total write time: 1263.923397 seconds; average write time: 421.307799 seconds.
Total read time: 249.260010; average read time: 35.608573
Total time: 1513.183407, total average time: 151.318341

[2022-12-14T11:53:42] Child[85174]:
Total write time: 1151.620287 seconds; average write time: 287.905072 seconds.
Total read time: 362.419057; average read time: 60.403176
Total time: 1514.039344, total average time: 151.403934

[2022-12-14T11:53:43] Child[86408]:
Total write time: 1258.534092 seconds; average write time: 209.755682 seconds.
Total read time: 255.218585; average read time: 63.804646
Total time: 1513.752677, total average time: 151.375268

[2022-12-14T11:53:43] Child[85573]:
Total write time: 1041.340792 seconds; average write time: 260.335198 seconds.
Total read time: 472.884435; average read time: 78.814072
Total time: 1514.225227, total average time: 151.422523

[2022-12-14T11:53:43] Child[85540]:
Total write time: 1256.913022 seconds; average write time: 251.382604 seconds.
Total read time: 258.583355; average read time: 51.716671
Total time: 1515.496377, total average time: 151.549638

[2022-12-14T11:53:44] Child[85183]:
Total write time: 1486.530693 seconds; average write time: 185.816337 seconds.
Total read time: 26.015233; average read time: 13.007616
Total time: 1512.545926, total average time: 151.254593

[2022-12-14T11:53:44] Child[85834]:
Total write time: 1063.628628 seconds; average write time: 212.725726 seconds.
Total read time: 449.350972; average read time: 89.870194
Total time: 1512.979600, total average time: 151.297960

[2022-12-14T11:53:44] Child[86463]:
Total write time: 1296.786891 seconds; average write time: 324.196723 seconds.
Total read time: 216.491991; average read time: 36.081998
Total time: 1513.278882, total average time: 151.327888

[2022-12-14T11:53:45] Child[85844]:
Total write time: 1490.304504 seconds; average write time: 186.288063 seconds.
Total read time: 28.346698; average read time: 14.173349
Total time: 1518.651202, total average time: 151.865120

[2022-12-14T11:53:45] Child[86002]:
Total write time: 1176.871286 seconds; average write time: 294.217822 seconds.
Total read time: 339.981563; average read time: 56.663594
Total time: 1516.852849, total average time: 151.685285

[2022-12-14T11:53:47] Child[85386]:
Total write time: 987.912439 seconds; average write time: 164.652073 seconds.
Total read time: 525.467757; average read time: 131.366939
Total time: 1513.380196, total average time: 151.338020

[2022-12-14T11:53:47] Child[84942]:
Total write time: 1343.544002 seconds; average write time: 167.943000 seconds.
Total read time: 172.810478; average read time: 86.405239
Total time: 1516.354480, total average time: 151.635448

[2022-12-14T11:53:47] Child[84756]:
Total write time: 1478.080722 seconds; average write time: 211.154389 seconds.
Total read time: 36.456454; average read time: 12.152151
Total time: 1514.537176, total average time: 151.453718

[2022-12-14T11:53:47] Child[85855]:
Total write time: 1501.606221 seconds; average write time: 214.515174 seconds.
Total read time: 15.080778; average read time: 5.026926
Total time: 1516.686999, total average time: 151.668700

[2022-12-14T11:53:48] Child[84527]:
Total write time: 1487.364722 seconds; average write time: 247.894120 seconds.
Total read time: 32.000757; average read time: 8.000189
Total time: 1519.365479, total average time: 151.936548

[2022-12-14T11:53:48] Child[84786]:
Total write time: 947.071170 seconds; average write time: 236.767793 seconds.
Total read time: 570.025451; average read time: 95.004242
Total time: 1517.096621, total average time: 151.709662

[2022-12-14T11:53:48] Child[85111]:
Total write time: 1182.873228 seconds; average write time: 197.145538 seconds.
Total read time: 339.087138; average read time: 84.771784
Total time: 1521.960366, total average time: 152.196037

[2022-12-14T11:53:48] Child[86438]:
Total write time: 1507.051990 seconds; average write time: 215.293141 seconds.
Total read time: 13.623810; average read time: 4.541270
Total time: 1520.675800, total average time: 152.067580

[2022-12-14T11:53:49] Child[85315]:
Total write time: 445.446241 seconds; average write time: 111.361560 seconds.
Total read time: 1074.086547; average read time: 179.014424
Total time: 1519.532788, total average time: 151.953279

[2022-12-14T11:53:49] Child[85001]:
Total write time: 1388.697841 seconds; average write time: 277.739568 seconds.
Total read time: 130.582475; average read time: 26.116495
Total time: 1519.280316, total average time: 151.928032

[2022-12-14T11:53:49] Child[84451]:
Total write time: 1270.971663 seconds; average write time: 254.194333 seconds.
Total read time: 252.257725; average read time: 50.451545
Total time: 1523.229388, total average time: 152.322939

[2022-12-14T11:53:50] Child[84548]:
Total write time: 1297.392512 seconds; average write time: 216.232085 seconds.
Total read time: 225.265742; average read time: 56.316435
Total time: 1522.658254, total average time: 152.265825

[2022-12-14T11:53:50] Child[85909]:
Total write time: 1344.053638 seconds; average write time: 192.007663 seconds.
Total read time: 179.680909; average read time: 59.893636
Total time: 1523.734547, total average time: 152.373455

[2022-12-14T11:53:50] Child[84880]:
Total write time: 684.918467 seconds; average write time: 171.229617 seconds.
Total read time: 838.382771; average read time: 139.730462
Total time: 1523.301238, total average time: 152.330124

[2022-12-14T11:53:51] Child[84735]:
Total write time: 1279.626836 seconds; average write time: 255.925367 seconds.
Total read time: 238.883262; average read time: 47.776652
Total time: 1518.510098, total average time: 151.851010

[2022-12-14T11:53:51] Child[85679]:
Total write time: 1280.596513 seconds; average write time: 213.432752 seconds.
Total read time: 243.361574; average read time: 60.840393
Total time: 1523.958087, total average time: 152.395809

[2022-12-14T11:53:51] Child[86017]:
Total write time: 1247.683140 seconds; average write time: 207.947190 seconds.
Total read time: 276.713747; average read time: 69.178437
Total time: 1524.396887, total average time: 152.439689

[2022-12-14T11:53:51] Child[84944]:
Total write time: 1241.796638 seconds; average write time: 177.399520 seconds.
Total read time: 281.247475; average read time: 93.749158
Total time: 1523.044113, total average time: 152.304411

[2022-12-14T11:53:51] Child[86057]:
Total write time: 1328.899422 seconds; average write time: 221.483237 seconds.
Total read time: 194.109445; average read time: 48.527361
Total time: 1523.008867, total average time: 152.300887

[2022-12-14T11:53:52] Child[84426]:
Total write time: 1331.856604 seconds; average write time: 221.976101 seconds.
Total read time: 192.466572; average read time: 48.116643
Total time: 1524.323176, total average time: 152.432318

[2022-12-14T11:53:52] Child[86351]:
Total write time: 1242.512529 seconds; average write time: 177.501790 seconds.
Total read time: 280.605564; average read time: 93.535188
Total time: 1523.118093, total average time: 152.311809

[2022-12-14T11:53:53] Child[84765]:
Total write time: 1509.777419 seconds; average write time: 301.955484 seconds.
Total read time: 15.156789; average read time: 3.031358
Total time: 1524.934208, total average time: 152.493421

[2022-12-14T11:53:53] Child[85514]:
Total write time: 1216.638741 seconds; average write time: 173.805534 seconds.
Total read time: 304.328657; average read time: 101.442886
Total time: 1520.967398, total average time: 152.096740

[2022-12-14T11:53:54] Child[84993]:
Total write time: 1397.527869 seconds; average write time: 349.381967 seconds.
Total read time: 126.606346; average read time: 21.101058
Total time: 1524.134215, total average time: 152.413421

[2022-12-14T11:53:54] Child[84528]:
Total write time: 940.411743 seconds; average write time: 235.102936 seconds.
Total read time: 579.453136; average read time: 96.575523
Total time: 1519.864879, total average time: 151.986488

[2022-12-14T11:53:54] Child[84407]:
Total write time: 1039.445967 seconds; average write time: 173.240994 seconds.
Total read time: 485.054302; average read time: 121.263576
Total time: 1524.500269, total average time: 152.450027

[2022-12-14T11:53:54] Child[86233]:
Total write time: 1342.631381 seconds; average write time: 268.526276 seconds.
Total read time: 180.761002; average read time: 36.152200
Total time: 1523.392383, total average time: 152.339238

[2022-12-14T11:53:55] Child[84624]:
Total write time: 1239.934438 seconds; average write time: 206.655740 seconds.
Total read time: 287.964590; average read time: 71.991147
Total time: 1527.899028, total average time: 152.789903

[2022-12-14T11:53:55] Child[85979]:
Total write time: 1332.986770 seconds; average write time: 190.426681 seconds.
Total read time: 193.146957; average read time: 64.382319
Total time: 1526.133727, total average time: 152.613373

[2022-12-14T11:53:56] Child[85918]:
Total write time: 1282.178783 seconds; average write time: 213.696464 seconds.
Total read time: 244.115774; average read time: 61.028943
Total time: 1526.294557, total average time: 152.629456

[2022-12-14T11:53:56] Child[86403]:
Total write time: 1256.147962 seconds; average write time: 314.036991 seconds.
Total read time: 272.506719; average read time: 45.417786
Total time: 1528.654681, total average time: 152.865468

[2022-12-14T11:53:56] Child[84616]:
Total write time: 1275.652181 seconds; average write time: 425.217394 seconds.
Total read time: 252.347370; average read time: 36.049624
Total time: 1527.999551, total average time: 152.799955

[2022-12-14T11:53:56] Child[85073]:
Total write time: 1364.618343 seconds; average write time: 170.577293 seconds.
Total read time: 166.522391; average read time: 83.261195
Total time: 1531.140734, total average time: 153.114073

[2022-12-14T11:53:56] Child[86095]:
Total write time: 1321.877711 seconds; average write time: 220.312952 seconds.
Total read time: 203.108704; average read time: 50.777176
Total time: 1524.986415, total average time: 152.498641

[2022-12-14T11:53:57] Child[84865]:
Total write time: 1363.591694 seconds; average write time: 227.265282 seconds.
Total read time: 167.638508; average read time: 41.909627
Total time: 1531.230202, total average time: 153.123020

[2022-12-14T11:53:57] Child[84476]:
Total write time: 1117.584385 seconds; average write time: 279.396096 seconds.
Total read time: 411.102300; average read time: 68.517050
Total time: 1528.686685, total average time: 152.868669

[2022-12-14T11:53:57] Child[86440]:
Total write time: 1090.540782 seconds; average write time: 218.108156 seconds.
Total read time: 437.633658; average read time: 87.526732
Total time: 1528.174440, total average time: 152.817444

[2022-12-14T11:53:58] Child[86421]:
Total write time: 1389.189799 seconds; average write time: 198.455686 seconds.
Total read time: 139.958011; average read time: 46.652670
Total time: 1529.147810, total average time: 152.914781

[2022-12-14T11:53:58] Child[85808]:
Total write time: 1324.422440 seconds; average write time: 189.203206 seconds.
Total read time: 198.529109; average read time: 66.176370
Total time: 1522.951549, total average time: 152.295155

[2022-12-14T11:53:58] Child[84401]:
Total write time: 1344.769418 seconds; average write time: 224.128236 seconds.
Total read time: 183.263230; average read time: 45.815807
Total time: 1528.032648, total average time: 152.803265

[2022-12-14T11:53:58] Child[85434]:
Total write time: 1198.998939 seconds; average write time: 299.749735 seconds.
Total read time: 334.203462; average read time: 55.700577
Total time: 1533.202401, total average time: 153.320240

[2022-12-14T11:53:58] Child[85139]:
Total write time: 1528.139883 seconds; average write time: 218.305698 seconds.
Total read time: 1.686406; average read time: 0.562135
Total time: 1529.826289, total average time: 152.982629

[2022-12-14T11:53:59] Child[85982]:
Total write time: 1219.587532 seconds; average write time: 304.896883 seconds.
Total read time: 307.889676; average read time: 51.314946
Total time: 1527.477208, total average time: 152.747721

[2022-12-14T11:53:59] Child[85771]:
Total write time: 1436.460511 seconds; average write time: 287.292102 seconds.
Total read time: 92.603687; average read time: 18.520737
Total time: 1529.064198, total average time: 152.906420

[2022-12-14T11:53:59] Child[84757]:
Total write time: 1247.104689 seconds; average write time: 311.776172 seconds.
Total read time: 286.612050; average read time: 47.768675
Total time: 1533.716739, total average time: 153.371674

[2022-12-14T11:54:00] Child[85885]:
Total write time: 1384.787022 seconds; average write time: 153.865225 seconds.
Total read time: 147.737295; average read time: 147.737295
Total time: 1532.524317, total average time: 153.252432

[2022-12-14T11:54:00] Child[85332]:
Total write time: 1236.341517 seconds; average write time: 206.056919 seconds.
Total read time: 298.528480; average read time: 74.632120
Total time: 1534.869997, total average time: 153.487000

[2022-12-14T11:54:00] Child[84818]:
Total write time: 1475.827645 seconds; average write time: 184.478456 seconds.
Total read time: 59.667068; average read time: 29.833534
Total time: 1535.494713, total average time: 153.549471

[2022-12-14T11:54:00] Child[84542]:
Total write time: 1052.914698 seconds; average write time: 350.971566 seconds.
Total read time: 476.449246; average read time: 68.064178
Total time: 1529.363944, total average time: 152.936394

[2022-12-14T11:54:00] Child[84487]:
Total write time: 1362.134124 seconds; average write time: 340.533531 seconds.
Total read time: 170.119487; average read time: 28.353248
Total time: 1532.253611, total average time: 153.225361

[2022-12-14T11:54:00] Child[84595]:
Total write time: 1532.444131 seconds; average write time: 153.244413 seconds.
Total read time: 0.000000; average read time: 0.000000
Total time: 1532.444131, total average time: 153.244413

[2022-12-14T11:54:01] Child[86413]:
Total write time: 1132.277142 seconds; average write time: 226.455428 seconds.
Total read time: 402.873089; average read time: 80.574618
Total time: 1535.150231, total average time: 153.515023

[2022-12-14T11:54:02] Child[84471]:
Total write time: 1361.835810 seconds; average write time: 272.367162 seconds.
Total read time: 172.119324; average read time: 34.423865
Total time: 1533.955134, total average time: 153.395513

[2022-12-14T11:54:02] Child[84777]:
Total write time: 840.531660 seconds; average write time: 168.106332 seconds.
Total read time: 692.069663; average read time: 138.413933
Total time: 1532.601323, total average time: 153.260132

[2022-12-14T11:54:02] Child[85924]:
Total write time: 1536.790890 seconds; average write time: 153.679089 seconds.
Total read time: 0.000000; average read time: 0.000000
Total time: 1536.790890, total average time: 153.679089

[2022-12-14T11:54:03] Child[84571]:
Total write time: 1305.955430 seconds; average write time: 186.565061 seconds.
Total read time: 228.453169; average read time: 76.151056
Total time: 1534.408599, total average time: 153.440860

[2022-12-14T11:54:03] Child[85173]:
Total write time: 776.827652 seconds; average write time: 129.471275 seconds.
Total read time: 752.523957; average read time: 188.130989
Total time: 1529.351609, total average time: 152.935161

[2022-12-14T11:54:03] Child[85704]:
Total write time: 1166.504781 seconds; average write time: 233.300956 seconds.
Total read time: 368.898450; average read time: 73.779690
Total time: 1535.403231, total average time: 153.540323

[2022-12-14T11:54:03] Child[85756]:
Total write time: 1267.933869 seconds; average write time: 316.983467 seconds.
Total read time: 267.510570; average read time: 44.585095
Total time: 1535.444439, total average time: 153.544444

[2022-12-14T11:54:04] Child[86387]:
Total write time: 1335.105780 seconds; average write time: 190.729397 seconds.
Total read time: 201.523451; average read time: 67.174484
Total time: 1536.629231, total average time: 153.662923

[2022-12-14T11:54:04] Child[85160]:
Total write time: 1255.241057 seconds; average write time: 251.048211 seconds.
Total read time: 283.793445; average read time: 56.758689
Total time: 1539.034502, total average time: 153.903450

[2022-12-14T11:54:04] Child[86398]:
Total write time: 1202.872672 seconds; average write time: 200.478779 seconds.
Total read time: 330.690725; average read time: 82.672681
Total time: 1533.563397, total average time: 153.356340

[2022-12-14T11:54:05] Child[84508]:
Total write time: 1380.027291 seconds; average write time: 172.503411 seconds.
Total read time: 158.946170; average read time: 79.473085
Total time: 1538.973461, total average time: 153.897346

[2022-12-14T11:54:05] Child[85649]:
Total write time: 1489.635469 seconds; average write time: 212.805067 seconds.
Total read time: 49.338590; average read time: 16.446197
Total time: 1538.974059, total average time: 153.897406

[2022-12-14T11:54:06] Child[84812]:
Total write time: 1382.921093 seconds; average write time: 276.584219 seconds.
Total read time: 156.597877; average read time: 31.319575
Total time: 1539.518970, total average time: 153.951897

[2022-12-14T11:54:07] Child[84669]:
Total write time: 1511.654501 seconds; average write time: 215.950643 seconds.
Total read time: 25.996353; average read time: 8.665451
Total time: 1537.650854, total average time: 153.765085

[2022-12-14T11:54:08] Child[84496]:
Total write time: 1278.054409 seconds; average write time: 255.610882 seconds.
Total read time: 262.107150; average read time: 52.421430
Total time: 1540.161559, total average time: 154.016156

[2022-12-14T11:54:08] Child[86301]:
Total write time: 1335.343452 seconds; average write time: 222.557242 seconds.
Total read time: 199.681024; average read time: 49.920256
Total time: 1535.024476, total average time: 153.502448

[2022-12-14T11:54:08] Child[86065]:
Total write time: 1466.590887 seconds; average write time: 244.431815 seconds.
Total read time: 75.167256; average read time: 18.791814
Total time: 1541.758143, total average time: 154.175814

[2022-12-14T11:54:08] Child[84594]:
Total write time: 1278.280019 seconds; average write time: 213.046670 seconds.
Total read time: 263.409729; average read time: 65.852432
Total time: 1541.689748, total average time: 154.168975

[2022-12-14T11:54:08] Child[86267]:
Total write time: 1201.875249 seconds; average write time: 400.625083 seconds.
Total read time: 336.503965; average read time: 48.071995
Total time: 1538.379214, total average time: 153.837921

[2022-12-14T11:54:08] Child[85868]:
Total write time: 1359.521019 seconds; average write time: 169.940127 seconds.
Total read time: 179.781113; average read time: 89.890557
Total time: 1539.302132, total average time: 153.930213

[2022-12-14T11:54:09] Child[84442]:
Total write time: 1339.178981 seconds; average write time: 223.196497 seconds.
Total read time: 203.214593; average read time: 50.803648
Total time: 1542.393574, total average time: 154.239357

[2022-12-14T11:54:10] Child[85796]:
Total write time: 1389.043221 seconds; average write time: 347.260805 seconds.
Total read time: 153.631746; average read time: 25.605291
Total time: 1542.674967, total average time: 154.267497

[2022-12-14T11:54:10] Child[84468]:
Total write time: 1289.428855 seconds; average write time: 257.885771 seconds.
Total read time: 251.831286; average read time: 50.366257
Total time: 1541.260141, total average time: 154.126014

[2022-12-14T11:54:12] Child[86218]:
Total write time: 1473.571571 seconds; average write time: 294.714314 seconds.
Total read time: 69.946494; average read time: 13.989299
Total time: 1543.518065, total average time: 154.351807

[2022-12-14T11:54:12] Child[84461]:
Total write time: 1390.098053 seconds; average write time: 231.683009 seconds.
Total read time: 151.556594; average read time: 37.889148
Total time: 1541.654647, total average time: 154.165465

[2022-12-14T11:54:13] Child[84613]:
Total write time: 1096.654519 seconds; average write time: 274.163630 seconds.
Total read time: 439.269583; average read time: 73.211597
Total time: 1535.924102, total average time: 153.592410

[2022-12-14T11:54:13] Child[84730]:
Total write time: 1088.371515 seconds; average write time: 181.395252 seconds.
Total read time: 459.306437; average read time: 114.826609
Total time: 1547.677952, total average time: 154.767795

[2022-12-14T11:54:14] Child[84662]:
Total write time: 1280.311569 seconds; average write time: 213.385262 seconds.
Total read time: 262.427482; average read time: 65.606870
Total time: 1542.739051, total average time: 154.273905

[2022-12-14T11:54:14] Child[85435]:
Total write time: 638.724194 seconds; average write time: 159.681049 seconds.
Total read time: 907.209472; average read time: 151.201579
Total time: 1545.933666, total average time: 154.593367

[2022-12-14T11:54:15] Child[85822]:
Total write time: 1457.089688 seconds; average write time: 291.417938 seconds.
Total read time: 89.101273; average read time: 17.820255
Total time: 1546.190961, total average time: 154.619096

[2022-12-14T11:54:15] Child[85702]:
Total write time: 1092.955513 seconds; average write time: 156.136502 seconds.
Total read time: 455.934756; average read time: 151.978252
Total time: 1548.890269, total average time: 154.889027

[2022-12-14T11:54:15] Child[85623]:
Total write time: 1412.356688 seconds; average write time: 201.765241 seconds.
Total read time: 136.501537; average read time: 45.500512
Total time: 1548.858225, total average time: 154.885822

[2022-12-14T11:54:15] Child[84896]:
Total write time: 1451.032712 seconds; average write time: 241.838785 seconds.
Total read time: 98.317576; average read time: 24.579394
Total time: 1549.350288, total average time: 154.935029

[2022-12-14T11:54:15] Child[84480]:
Total write time: 1307.863056 seconds; average write time: 261.572611 seconds.
Total read time: 240.204188; average read time: 48.040838
Total time: 1548.067244, total average time: 154.806724

[2022-12-14T11:54:15] Child[85893]:
Total write time: 1236.046152 seconds; average write time: 247.209230 seconds.
Total read time: 311.210040; average read time: 62.242008
Total time: 1547.256192, total average time: 154.725619

[2022-12-14T11:54:15] Child[86210]:
Total write time: 1349.227513 seconds; average write time: 224.871252 seconds.
Total read time: 199.073887; average read time: 49.768472
Total time: 1548.301400, total average time: 154.830140

[2022-12-14T11:54:16] Child[86217]:
Total write time: 1391.605054 seconds; average write time: 463.868351 seconds.
Total read time: 159.174361; average read time: 22.739194
Total time: 1550.779415, total average time: 155.077942

[2022-12-14T11:54:17] Child[84916]:
Total write time: 1498.004206 seconds; average write time: 249.667368 seconds.
Total read time: 50.881678; average read time: 12.720420
Total time: 1548.885884, total average time: 154.888588

[2022-12-14T11:54:17] Child[85579]:
Total write time: 1299.011289 seconds; average write time: 162.376411 seconds.
Total read time: 251.450049; average read time: 125.725025
Total time: 1550.461338, total average time: 155.046134

[2022-12-14T11:54:17] Child[86391]:
Total write time: 1132.495743 seconds; average write time: 188.749291 seconds.
Total read time: 411.582536; average read time: 102.895634
Total time: 1544.078279, total average time: 154.407828

[2022-12-14T11:54:17] Child[85347]:
Total write time: 1483.924878 seconds; average write time: 211.989268 seconds.
Total read time: 68.561763; average read time: 22.853921
Total time: 1552.486641, total average time: 155.248664

[2022-12-14T11:54:18] Child[85337]:
Total write time: 1438.886644 seconds; average write time: 239.814441 seconds.
Total read time: 112.187404; average read time: 28.046851
Total time: 1551.074048, total average time: 155.107405

[2022-12-14T11:54:19] Child[86371]:
Total write time: 1506.404958 seconds; average write time: 301.280992 seconds.
Total read time: 44.621726; average read time: 8.924345
Total time: 1551.026684, total average time: 155.102668

[2022-12-14T11:54:19] Child[86271]:
Total write time: 1246.337240 seconds; average write time: 249.267448 seconds.
Total read time: 302.075962; average read time: 60.415192
Total time: 1548.413202, total average time: 154.841320

[2022-12-14T11:54:20] Child[86261]:
Total write time: 1446.422771 seconds; average write time: 206.631824 seconds.
Total read time: 98.471717; average read time: 32.823906
Total time: 1544.894488, total average time: 154.489449

[2022-12-14T11:54:20] Child[84597]:
Total write time: 1474.244014 seconds; average write time: 210.606288 seconds.
Total read time: 79.436289; average read time: 26.478763
Total time: 1553.680303, total average time: 155.368030

[2022-12-14T11:54:20] Child[86011]:
Total write time: 1517.649718 seconds; average write time: 379.412429 seconds.
Total read time: 33.187568; average read time: 5.531261
Total time: 1550.837286, total average time: 155.083729

[2022-12-14T11:54:21] Child[85539]:
Total write time: 1253.414428 seconds; average write time: 179.059204 seconds.
Total read time: 299.719976; average read time: 99.906659
Total time: 1553.134404, total average time: 155.313440

[2022-12-14T11:54:21] Child[85283]:
Total write time: 1380.011315 seconds; average write time: 276.002263 seconds.
Total read time: 173.776030; average read time: 34.755206
Total time: 1553.787345, total average time: 155.378735

[2022-12-14T11:54:21] Child[86084]:
Total write time: 879.463487 seconds; average write time: 219.865872 seconds.
Total read time: 672.679487; average read time: 112.113248
Total time: 1552.142974, total average time: 155.214297

[2022-12-14T11:54:21] Child[86425]:
Total write time: 1403.277421 seconds; average write time: 233.879570 seconds.
Total read time: 151.124313; average read time: 37.781078
Total time: 1554.401734, total average time: 155.440173

[2022-12-14T11:54:21] Child[86044]:
Total write time: 1133.192131 seconds; average write time: 377.730710 seconds.
Total read time: 423.789429; average read time: 60.541347
Total time: 1556.981560, total average time: 155.698156

[2022-12-14T11:54:22] Child[85775]:
Total write time: 1093.179679 seconds; average write time: 218.635936 seconds.
Total read time: 458.636234; average read time: 91.727247
Total time: 1551.815913, total average time: 155.181591

[2022-12-14T11:54:22] Child[85970]:
Total write time: 1121.482760 seconds; average write time: 224.296552 seconds.
Total read time: 434.910714; average read time: 86.982143
Total time: 1556.393474, total average time: 155.639347

[2022-12-14T11:54:22] Child[84510]:
Total write time: 1315.764313 seconds; average write time: 187.966330 seconds.
Total read time: 235.352766; average read time: 78.450922
Total time: 1551.117079, total average time: 155.111708

[2022-12-14T11:54:22] Child[85088]:
Total write time: 1115.492574 seconds; average write time: 185.915429 seconds.
Total read time: 435.518056; average read time: 108.879514
Total time: 1551.010630, total average time: 155.101063

[2022-12-14T11:54:22] Child[86006]:
Total write time: 1401.928012 seconds; average write time: 280.385602 seconds.
Total read time: 151.989108; average read time: 30.397822
Total time: 1553.917120, total average time: 155.391712

[2022-12-14T11:54:24] Child[84872]:
Total write time: 1330.332668 seconds; average write time: 221.722111 seconds.
Total read time: 227.046380; average read time: 56.761595
Total time: 1557.379048, total average time: 155.737905

[2022-12-14T11:54:25] Child[84713]:
Total write time: 1503.949903 seconds; average write time: 214.849986 seconds.
Total read time: 52.552136; average read time: 17.517379
Total time: 1556.502039, total average time: 155.650204

[2022-12-14T11:54:25] Child[84564]:
Total write time: 1128.431225 seconds; average write time: 282.107806 seconds.
Total read time: 430.877731; average read time: 71.812955
Total time: 1559.308956, total average time: 155.930896

[2022-12-14T11:54:25] Child[84959]:
Total write time: 1044.286613 seconds; average write time: 130.535827 seconds.
Total read time: 511.133024; average read time: 255.566512
Total time: 1555.419637, total average time: 155.541964

[2022-12-14T11:54:26] Child[85554]:
Total write time: 1203.614688 seconds; average write time: 171.944955 seconds.
Total read time: 353.726917; average read time: 117.908972
Total time: 1557.341605, total average time: 155.734161

[2022-12-14T11:54:26] Child[85701]:
Total write time: 1288.302419 seconds; average write time: 214.717070 seconds.
Total read time: 267.595103; average read time: 66.898776
Total time: 1555.897522, total average time: 155.589752

[2022-12-14T11:54:27] Child[84845]:
Total write time: 1340.477958 seconds; average write time: 268.095592 seconds.
Total read time: 213.966602; average read time: 42.793320
Total time: 1554.444560, total average time: 155.444456

[2022-12-14T11:54:27] Child[84540]:
Total write time: 1331.631222 seconds; average write time: 221.938537 seconds.
Total read time: 223.876961; average read time: 55.969240
Total time: 1555.508183, total average time: 155.550818

[2022-12-14T11:54:27] Child[86285]:
Total write time: 1555.602976 seconds; average write time: 222.228997 seconds.
Total read time: 0.000013; average read time: 0.000004
Total time: 1555.602989, total average time: 155.560299

[2022-12-14T11:54:27] Child[86118]:
Total write time: 1500.747419 seconds; average write time: 300.149484 seconds.
Total read time: 60.538213; average read time: 12.107643
Total time: 1561.285632, total average time: 156.128563

[2022-12-14T11:54:28] Child[86018]:
Total write time: 980.314992 seconds; average write time: 196.062998 seconds.
Total read time: 582.440292; average read time: 116.488058
Total time: 1562.755284, total average time: 156.275528

[2022-12-14T11:54:29] Child[86141]:
Total write time: 1354.190685 seconds; average write time: 225.698447 seconds.
Total read time: 207.936115; average read time: 51.984029
Total time: 1562.126800, total average time: 156.212680

[2022-12-14T11:54:29] Child[85079]:
Total write time: 1549.274834 seconds; average write time: 221.324976 seconds.
Total read time: 12.348007; average read time: 4.116002
Total time: 1561.622841, total average time: 156.162284

[2022-12-14T11:54:31] Child[84634]:
Total write time: 1310.021232 seconds; average write time: 262.004246 seconds.
Total read time: 250.738247; average read time: 50.147649
Total time: 1560.759479, total average time: 156.075948

[2022-12-14T11:54:32] Child[86326]:
Total write time: 1474.524827 seconds; average write time: 210.646404 seconds.
Total read time: 89.764902; average read time: 29.921634
Total time: 1564.289729, total average time: 156.428973

[2022-12-14T11:54:32] Child[85799]:
Total write time: 1284.955621 seconds; average write time: 321.238905 seconds.
Total read time: 276.653439; average read time: 46.108907
Total time: 1561.609060, total average time: 156.160906

[2022-12-14T11:54:33] Child[86154]:
Total write time: 1113.981901 seconds; average write time: 222.796380 seconds.
Total read time: 449.912048; average read time: 89.982410
Total time: 1563.893949, total average time: 156.389395

[2022-12-14T11:54:33] Child[84553]:
Total write time: 1074.985020 seconds; average write time: 179.164170 seconds.
Total read time: 491.696035; average read time: 122.924009
Total time: 1566.681055, total average time: 156.668105

[2022-12-14T11:54:34] Child[85443]:
Total write time: 1390.121096 seconds; average write time: 198.588728 seconds.
Total read time: 175.629536; average read time: 58.543179
Total time: 1565.750632, total average time: 156.575063

[2022-12-14T11:54:34] Child[84840]:
Total write time: 1103.251716 seconds; average write time: 183.875286 seconds.
Total read time: 465.623602; average read time: 116.405901
Total time: 1568.875318, total average time: 156.887532

[2022-12-14T11:54:35] Child[85933]:
Total write time: 1261.417769 seconds; average write time: 252.283554 seconds.
Total read time: 300.290835; average read time: 60.058167
Total time: 1561.708604, total average time: 156.170860

[2022-12-14T11:54:36] Child[86037]:
Total write time: 1507.878404 seconds; average write time: 251.313067 seconds.
Total read time: 62.219149; average read time: 15.554787
Total time: 1570.097553, total average time: 157.009755

[2022-12-14T11:54:36] Child[84559]:
Total write time: 1430.969080 seconds; average write time: 286.193816 seconds.
Total read time: 137.102792; average read time: 27.420558
Total time: 1568.071872, total average time: 156.807187

[2022-12-14T11:54:36] Child[84689]:
Total write time: 1455.912584 seconds; average write time: 242.652097 seconds.
Total read time: 112.322256; average read time: 28.080564
Total time: 1568.234840, total average time: 156.823484

[2022-12-14T11:54:37] Child[86205]:
Total write time: 1083.077466 seconds; average write time: 270.769366 seconds.
Total read time: 487.264552; average read time: 81.210759
Total time: 1570.342018, total average time: 157.034202

[2022-12-14T11:54:37] Child[85617]:
Total write time: 1371.125406 seconds; average write time: 171.390676 seconds.
Total read time: 192.981799; average read time: 96.490899
Total time: 1564.107205, total average time: 156.410720

[2022-12-14T11:54:37] Child[85758]:
Total write time: 1479.655976 seconds; average write time: 211.379425 seconds.
Total read time: 86.220807; average read time: 28.740269
Total time: 1565.876783, total average time: 156.587678

[2022-12-14T11:54:37] Child[85530]:
Total write time: 1259.835911 seconds; average write time: 419.945304 seconds.
Total read time: 306.356826; average read time: 43.765261
Total time: 1566.192737, total average time: 156.619274

[2022-12-14T11:54:38] Child[85041]:
Total write time: 1354.481821 seconds; average write time: 169.310228 seconds.
Total read time: 215.099002; average read time: 107.549501
Total time: 1569.580823, total average time: 156.958082

[2022-12-14T11:54:38] Child[85503]:
Total write time: 1097.736287 seconds; average write time: 219.547257 seconds.
Total read time: 474.671450; average read time: 94.934290
Total time: 1572.407737, total average time: 157.240774

[2022-12-14T11:54:38] Child[86270]:
Total write time: 1376.475500 seconds; average write time: 196.639357 seconds.
Total read time: 194.833289; average read time: 64.944430
Total time: 1571.308789, total average time: 157.130879

[2022-12-14T11:54:38] Child[85499]:
Total write time: 1415.090192 seconds; average write time: 176.886274 seconds.
Total read time: 158.403535; average read time: 79.201768
Total time: 1573.493727, total average time: 157.349373

[2022-12-14T11:54:39] Child[84436]:
Total write time: 1346.767011 seconds; average write time: 224.461169 seconds.
Total read time: 227.903706; average read time: 56.975926
Total time: 1574.670717, total average time: 157.467072

[2022-12-14T11:54:40] Child[85985]:
Total write time: 1394.717183 seconds; average write time: 232.452864 seconds.
Total read time: 176.856794; average read time: 44.214199
Total time: 1571.573977, total average time: 157.157398

[2022-12-14T11:54:41] Child[85511]:
Total write time: 1423.221266 seconds; average write time: 203.317324 seconds.
Total read time: 143.133943; average read time: 47.711314
Total time: 1566.355209, total average time: 156.635521

[2022-12-14T11:54:41] Child[85957]:
Total write time: 1432.797579 seconds; average write time: 204.685368 seconds.
Total read time: 139.995038; average read time: 46.665013
Total time: 1572.792617, total average time: 157.279262

[2022-12-14T11:54:42] Child[84927]:
Total write time: 1402.503223 seconds; average write time: 200.357603 seconds.
Total read time: 171.513773; average read time: 57.171258
Total time: 1574.016996, total average time: 157.401700

[2022-12-14T11:54:42] Child[85635]:
Total write time: 1210.884555 seconds; average write time: 403.628185 seconds.
Total read time: 361.568357; average read time: 51.652622
Total time: 1572.452912, total average time: 157.245291

[2022-12-14T11:54:42] Child[85733]:
Total write time: 1088.137592 seconds; average write time: 272.034398 seconds.
Total read time: 485.012756; average read time: 80.835459
Total time: 1573.150348, total average time: 157.315035

[2022-12-14T11:54:42] Child[84483]:
Total write time: 1574.785051 seconds; average write time: 196.848131 seconds.
Total read time: 2.013020; average read time: 1.006510
Total time: 1576.798071, total average time: 157.679807

[2022-12-14T11:54:42] Child[85196]:
Total write time: 1165.532417 seconds; average write time: 194.255403 seconds.
Total read time: 410.199777; average read time: 102.549944
Total time: 1575.732194, total average time: 157.573219

[2022-12-14T11:54:42] Child[85753]:
Total write time: 1375.252731 seconds; average write time: 343.813183 seconds.
Total read time: 199.897713; average read time: 33.316285
Total time: 1575.150444, total average time: 157.515044

[2022-12-14T11:54:42] Child[84853]:
Total write time: 1576.480240 seconds; average write time: 175.164471 seconds.
Total read time: 0.000008; average read time: 0.000008
Total time: 1576.480248, total average time: 157.648025

[2022-12-14T11:54:43] Child[84811]:
Total write time: 1498.298546 seconds; average write time: 374.574636 seconds.
Total read time: 76.355706; average read time: 12.725951
Total time: 1574.654252, total average time: 157.465425

[2022-12-14T11:54:43] Child[85737]:
Total write time: 1282.484075 seconds; average write time: 213.747346 seconds.
Total read time: 288.855627; average read time: 72.213907
Total time: 1571.339702, total average time: 157.133970

[2022-12-14T11:54:45] Child[84498]:
Total write time: 1577.959004 seconds; average write time: 197.244876 seconds.
Total read time: 0.000024; average read time: 0.000012
Total time: 1577.959028, total average time: 157.795903

[2022-12-14T11:54:45] Child[85550]:
Total write time: 1141.032870 seconds; average write time: 228.206574 seconds.
Total read time: 438.383765; average read time: 87.676753
Total time: 1579.416635, total average time: 157.941664

[2022-12-14T11:54:46] Child[84638]:
Total write time: 1316.589268 seconds; average write time: 263.317854 seconds.
Total read time: 260.669523; average read time: 52.133905
Total time: 1577.258791, total average time: 157.725879

[2022-12-14T11:54:46] Child[86024]:
Total write time: 1366.714195 seconds; average write time: 227.785699 seconds.
Total read time: 211.040654; average read time: 52.760163
Total time: 1577.754849, total average time: 157.775485

[2022-12-14T11:54:46] Child[86213]:
Total write time: 1437.451800 seconds; average write time: 359.362950 seconds.
Total read time: 142.594802; average read time: 23.765800
Total time: 1580.046602, total average time: 158.004660

[2022-12-14T11:54:46] Child[84954]:
Total write time: 1561.888371 seconds; average write time: 223.126910 seconds.
Total read time: 14.493749; average read time: 4.831250
Total time: 1576.382120, total average time: 157.638212

[2022-12-14T11:54:47] Child[86198]:
Total write time: 1513.288438 seconds; average write time: 378.322110 seconds.
Total read time: 63.733754; average read time: 10.622292
Total time: 1577.022192, total average time: 157.702219

[2022-12-14T11:54:48] Child[86206]:
Total write time: 1530.164835 seconds; average write time: 191.270604 seconds.
Total read time: 53.454381; average read time: 26.727190
Total time: 1583.619216, total average time: 158.361922

[2022-12-14T11:54:48] Child[85376]:
Total write time: 1048.720811 seconds; average write time: 262.180203 seconds.
Total read time: 530.941127; average read time: 88.490188
Total time: 1579.661938, total average time: 157.966194

[2022-12-14T11:54:49] Child[84741]:
Total write time: 1541.529763 seconds; average write time: 220.218538 seconds.
Total read time: 39.956808; average read time: 13.318936
Total time: 1581.486571, total average time: 158.148657

[2022-12-14T11:54:49] Child[86144]:
Total write time: 1327.256298 seconds; average write time: 265.451260 seconds.
Total read time: 251.288606; average read time: 50.257721
Total time: 1578.544904, total average time: 157.854490

[2022-12-14T11:54:49] Child[85109]:
Total write time: 1561.212800 seconds; average write time: 173.468089 seconds.
Total read time: 19.696335; average read time: 19.696335
Total time: 1580.909135, total average time: 158.090913

[2022-12-14T11:54:49] Child[85900]:
Total write time: 1363.096368 seconds; average write time: 194.728053 seconds.
Total read time: 219.040368; average read time: 73.013456
Total time: 1582.136736, total average time: 158.213674

[2022-12-14T11:54:49] Child[85715]:
Total write time: 1436.649825 seconds; average write time: 359.162456 seconds.
Total read time: 140.439920; average read time: 23.406653
Total time: 1577.089745, total average time: 157.708975

[2022-12-14T11:54:49] Child[85181]:
Total write time: 1111.555536 seconds; average write time: 222.311107 seconds.
Total read time: 471.734420; average read time: 94.346884
Total time: 1583.289956, total average time: 158.328996

[2022-12-14T11:54:50] Child[85563]:
Total write time: 848.119397 seconds; average write time: 282.706466 seconds.
Total read time: 728.916404; average read time: 104.130915
Total time: 1577.035801, total average time: 157.703580

[2022-12-14T11:54:50] Child[86238]:
Total write time: 1284.060889 seconds; average write time: 256.812178 seconds.
Total read time: 297.343222; average read time: 59.468644
Total time: 1581.404111, total average time: 158.140411

[2022-12-14T11:54:51] Child[84990]:
Total write time: 1532.569792 seconds; average write time: 218.938542 seconds.
Total read time: 52.028212; average read time: 17.342737
Total time: 1584.598004, total average time: 158.459800

[2022-12-14T11:54:51] Child[85767]:
Total write time: 1437.628086 seconds; average write time: 287.525617 seconds.
Total read time: 147.128009; average read time: 29.425602
Total time: 1584.756095, total average time: 158.475609

[2022-12-14T11:54:51] Child[84406]:
Total write time: 1577.812568 seconds; average write time: 197.226571 seconds.
Total read time: 4.647641; average read time: 2.323821
Total time: 1582.460209, total average time: 158.246021

[2022-12-14T11:54:52] Child[85978]:
Total write time: 1500.678493 seconds; average write time: 214.382642 seconds.
Total read time: 84.052530; average read time: 28.017510
Total time: 1584.731023, total average time: 158.473102

[2022-12-14T11:54:54] Child[84425]:
Total write time: 1436.019184 seconds; average write time: 179.502398 seconds.
Total read time: 150.888936; average read time: 75.444468
Total time: 1586.908120, total average time: 158.690812

[2022-12-14T11:54:54] Child[84928]:
Total write time: 1555.136228 seconds; average write time: 311.027246 seconds.
Total read time: 27.407917; average read time: 5.481583
Total time: 1582.544145, total average time: 158.254414

[2022-12-14T11:54:55] Child[85577]:
Total write time: 1498.483381 seconds; average write time: 214.069054 seconds.
Total read time: 88.754168; average read time: 29.584723
Total time: 1587.237549, total average time: 158.723755

[2022-12-14T11:54:55] Child[85795]:
Total write time: 1382.824111 seconds; average write time: 230.470685 seconds.
Total read time: 206.331177; average read time: 51.582794
Total time: 1589.155288, total average time: 158.915529

[2022-12-14T11:54:55] Child[85741]:
Total write time: 1331.089224 seconds; average write time: 221.848204 seconds.
Total read time: 254.604629; average read time: 63.651157
Total time: 1585.693853, total average time: 158.569385

[2022-12-14T11:54:55] Child[85108]:
Total write time: 1498.787978 seconds; average write time: 299.757596 seconds.
Total read time: 89.971574; average read time: 17.994315
Total time: 1588.759552, total average time: 158.875955

[2022-12-14T11:54:55] Child[84612]:
Total write time: 1566.956780 seconds; average write time: 174.106309 seconds.
Total read time: 19.540705; average read time: 19.540705
Total time: 1586.497485, total average time: 158.649748

[2022-12-14T11:54:55] Child[85309]:
Total write time: 1287.545368 seconds; average write time: 257.509074 seconds.
Total read time: 302.335020; average read time: 60.467004
Total time: 1589.880388, total average time: 158.988039

[2022-12-14T11:54:56] Child[85555]:
Total write time: 1405.043527 seconds; average write time: 234.173921 seconds.
Total read time: 185.708005; average read time: 46.427001
Total time: 1590.751532, total average time: 159.075153

[2022-12-14T11:54:56] Child[85223]:
Total write time: 1151.952510 seconds; average write time: 191.992085 seconds.
Total read time: 437.638085; average read time: 109.409521
Total time: 1589.590595, total average time: 158.959059

[2022-12-14T11:54:58] Child[85766]:
Total write time: 1404.277499 seconds; average write time: 234.046250 seconds.
Total read time: 188.741460; average read time: 47.185365
Total time: 1593.018959, total average time: 159.301896

[2022-12-14T11:54:58] Child[85122]:
Total write time: 1460.063300 seconds; average write time: 243.343883 seconds.
Total read time: 130.816953; average read time: 32.704238
Total time: 1590.880253, total average time: 159.088025

[2022-12-14T11:54:59] Child[85769]:
Total write time: 1482.229344 seconds; average write time: 211.747049 seconds.
Total read time: 109.817516; average read time: 36.605839
Total time: 1592.046860, total average time: 159.204686

[2022-12-14T11:54:59] Child[84834]:
Total write time: 746.624273 seconds; average write time: 248.874758 seconds.
Total read time: 844.557907; average read time: 120.651130
Total time: 1591.182180, total average time: 159.118218

[2022-12-14T11:55:00] Child[85496]:
Total write time: 1434.743571 seconds; average write time: 204.963367 seconds.
Total read time: 156.827364; average read time: 52.275788
Total time: 1591.570935, total average time: 159.157094

[2022-12-14T11:55:01] Child[85210]:
Total write time: 1505.226372 seconds; average write time: 215.032339 seconds.
Total read time: 90.520883; average read time: 30.173628
Total time: 1595.747255, total average time: 159.574725

[2022-12-14T11:55:01] Child[86264]:
Total write time: 1484.786911 seconds; average write time: 212.112416 seconds.
Total read time: 108.934868; average read time: 36.311623
Total time: 1593.721779, total average time: 159.372178

[2022-12-14T11:55:02] Child[84684]:
Total write time: 1596.969335 seconds; average write time: 199.621167 seconds.
Total read time: 1.141802; average read time: 0.570901
Total time: 1598.111137, total average time: 159.811114

[2022-12-14T11:55:02] Child[86146]:
Total write time: 1518.175477 seconds; average write time: 168.686164 seconds.
Total read time: 72.405021; average read time: 72.405021
Total time: 1590.580498, total average time: 159.058050

[2022-12-14T11:55:03] Child[85810]:
Total write time: 1121.143290 seconds; average write time: 280.285822 seconds.
Total read time: 468.160836; average read time: 78.026806
Total time: 1589.304126, total average time: 158.930413

[2022-12-14T11:55:04] Child[85498]:
Total write time: 1550.413585 seconds; average write time: 221.487655 seconds.
Total read time: 46.022990; average read time: 15.340997
Total time: 1596.436575, total average time: 159.643657

[2022-12-14T11:55:05] Child[85548]:
Total write time: 1440.077316 seconds; average write time: 240.012886 seconds.
Total read time: 157.556992; average read time: 39.389248
Total time: 1597.634308, total average time: 159.763431

[2022-12-14T11:55:05] Child[84830]:
Total write time: 1361.296048 seconds; average write time: 453.765349 seconds.
Total read time: 235.493714; average read time: 33.641959
Total time: 1596.789762, total average time: 159.678976

[2022-12-14T11:55:06] Child[85132]:
Total write time: 1355.427629 seconds; average write time: 338.856907 seconds.
Total read time: 243.790716; average read time: 40.631786
Total time: 1599.218345, total average time: 159.921834

[2022-12-14T11:55:06] Child[85119]:
Total write time: 966.967712 seconds; average write time: 241.741928 seconds.
Total read time: 630.007469; average read time: 105.001245
Total time: 1596.975181, total average time: 159.697518

[2022-12-14T11:55:06] Child[85289]:
Total write time: 1309.476702 seconds; average write time: 327.369175 seconds.
Total read time: 287.402207; average read time: 47.900368
Total time: 1596.878909, total average time: 159.687891

[2022-12-14T11:55:07] Child[84753]:
Total write time: 1511.685087 seconds; average write time: 251.947515 seconds.
Total read time: 89.368131; average read time: 22.342033
Total time: 1601.053218, total average time: 160.105322

[2022-12-14T11:55:07] Child[85904]:
Total write time: 1474.762835 seconds; average write time: 210.680405 seconds.
Total read time: 125.846123; average read time: 41.948708
Total time: 1600.608958, total average time: 160.060896

[2022-12-14T11:55:08] Child[86239]:
Total write time: 1211.490603 seconds; average write time: 173.070086 seconds.
Total read time: 382.546545; average read time: 127.515515
Total time: 1594.037148, total average time: 159.403715

[2022-12-14T11:55:08] Child[85379]:
Total write time: 1458.428492 seconds; average write time: 291.685698 seconds.
Total read time: 140.343559; average read time: 28.068712
Total time: 1598.772051, total average time: 159.877205

[2022-12-14T11:55:09] Child[84922]:
Total write time: 1499.057606 seconds; average write time: 187.382201 seconds.
Total read time: 106.306960; average read time: 53.153480
Total time: 1605.364566, total average time: 160.536457

[2022-12-14T11:55:09] Child[84739]:
Total write time: 1562.518739 seconds; average write time: 195.314842 seconds.
Total read time: 38.233058; average read time: 19.116529
Total time: 1600.751797, total average time: 160.075180

[2022-12-14T11:55:09] Child[86150]:
Total write time: 1143.851663 seconds; average write time: 190.641944 seconds.
Total read time: 457.535889; average read time: 114.383972
Total time: 1601.387552, total average time: 160.138755

[2022-12-14T11:55:11] Child[85828]:
Total write time: 1516.079227 seconds; average write time: 216.582747 seconds.
Total read time: 79.319533; average read time: 26.439844
Total time: 1595.398760, total average time: 159.539876

[2022-12-14T11:55:11] Child[86429]:
Total write time: 1360.823246 seconds; average write time: 226.803874 seconds.
Total read time: 239.419993; average read time: 59.854998
Total time: 1600.243239, total average time: 160.024324

[2022-12-14T11:55:11] Child[84905]:
Total write time: 1109.301967 seconds; average write time: 221.860393 seconds.
Total read time: 493.265326; average read time: 98.653065
Total time: 1602.567293, total average time: 160.256729

[2022-12-14T11:55:11] Child[86415]:
Total write time: 1513.802257 seconds; average write time: 252.300376 seconds.
Total read time: 84.961117; average read time: 21.240279
Total time: 1598.763374, total average time: 159.876337

[2022-12-14T11:55:11] Child[85464]:
Total write time: 1530.573823 seconds; average write time: 255.095637 seconds.
Total read time: 73.972242; average read time: 18.493060
Total time: 1604.546065, total average time: 160.454607

[2022-12-14T11:55:12] Child[85581]:
Total write time: 1235.321202 seconds; average write time: 247.064240 seconds.
Total read time: 371.226864; average read time: 74.245373
Total time: 1606.548066, total average time: 160.654807

[2022-12-14T11:55:13] Child[84584]:
Total write time: 1544.655816 seconds; average write time: 220.665117 seconds.
Total read time: 61.616684; average read time: 20.538895
Total time: 1606.272500, total average time: 160.627250

[2022-12-14T11:55:13] Child[86180]:
Total write time: 1234.446189 seconds; average write time: 246.889238 seconds.
Total read time: 372.129503; average read time: 74.425901
Total time: 1606.575692, total average time: 160.657569

[2022-12-14T11:55:14] Child[84708]:
Total write time: 1524.666636 seconds; average write time: 217.809519 seconds.
Total read time: 82.024543; average read time: 27.341514
Total time: 1606.691179, total average time: 160.669118

[2022-12-14T11:55:14] Child[86241]:
Total write time: 1185.281995 seconds; average write time: 237.056399 seconds.
Total read time: 419.887980; average read time: 83.977596
Total time: 1605.169975, total average time: 160.516998

[2022-12-14T11:55:14] Child[84991]:
Total write time: 1122.695429 seconds; average write time: 224.539086 seconds.
Total read time: 482.022857; average read time: 96.404571
Total time: 1604.718286, total average time: 160.471829

[2022-12-14T11:55:14] Child[84639]:
Total write time: 1599.893838 seconds; average write time: 266.648973 seconds.
Total read time: 6.622942; average read time: 1.655736
Total time: 1606.516780, total average time: 160.651678

[2022-12-14T11:55:14] Child[86013]:
Total write time: 1468.524544 seconds; average write time: 163.169394 seconds.
Total read time: 139.546256; average read time: 139.546256
Total time: 1608.070800, total average time: 160.807080

[2022-12-14T11:55:16] Child[84781]:
Total write time: 1586.118963 seconds; average write time: 226.588423 seconds.
Total read time: 22.608678; average read time: 7.536226
Total time: 1608.727641, total average time: 160.872764

[2022-12-14T11:55:16] Child[85698]:
Total write time: 1365.480721 seconds; average write time: 273.096144 seconds.
Total read time: 244.160372; average read time: 48.832074
Total time: 1609.641093, total average time: 160.964109

[2022-12-14T11:55:16] Child[86444]:
Total write time: 1059.366291 seconds; average write time: 211.873258 seconds.
Total read time: 548.297732; average read time: 109.659546
Total time: 1607.664023, total average time: 160.766402

[2022-12-14T11:55:17] Child[85277]:
Total write time: 1407.638597 seconds; average write time: 175.954825 seconds.
Total read time: 199.015347; average read time: 99.507673
Total time: 1606.653944, total average time: 160.665394

[2022-12-14T11:55:17] Child[85426]:
Total write time: 1350.431028 seconds; average write time: 270.086206 seconds.
Total read time: 256.282603; average read time: 51.256521
Total time: 1606.713631, total average time: 160.671363

[2022-12-14T11:55:18] Child[85005]:
Total write time: 1565.895694 seconds; average write time: 313.179139 seconds.
Total read time: 47.086802; average read time: 9.417360
Total time: 1612.982496, total average time: 161.298250

[2022-12-14T11:55:18] Child[85165]:
Total write time: 1420.660599 seconds; average write time: 284.132120 seconds.
Total read time: 184.366433; average read time: 36.873287
Total time: 1605.027032, total average time: 160.502703

[2022-12-14T11:55:19] Child[85602]:
Total write time: 749.279299 seconds; average write time: 124.879883 seconds.
Total read time: 863.658985; average read time: 215.914746
Total time: 1612.938284, total average time: 161.293828

[2022-12-14T11:55:19] Child[85995]:
Total write time: 1549.700079 seconds; average write time: 172.188898 seconds.
Total read time: 63.577220; average read time: 63.577220
Total time: 1613.277299, total average time: 161.327730

[2022-12-14T11:55:19] Child[84581]:
Total write time: 1545.554286 seconds; average write time: 257.592381 seconds.
Total read time: 64.442778; average read time: 16.110695
Total time: 1609.997064, total average time: 160.999706

[2022-12-14T11:55:20] Child[86364]:
Total write time: 961.091126 seconds; average write time: 192.218225 seconds.
Total read time: 650.443162; average read time: 130.088632
Total time: 1611.534288, total average time: 161.153429

[2022-12-14T11:55:21] Child[86096]:
Total write time: 1460.032254 seconds; average write time: 208.576036 seconds.
Total read time: 149.705696; average read time: 49.901899
Total time: 1609.737950, total average time: 160.973795

[2022-12-14T11:55:22] Child[86159]:
Total write time: 897.301918 seconds; average write time: 149.550320 seconds.
Total read time: 713.296133; average read time: 178.324033
Total time: 1610.598051, total average time: 161.059805

[2022-12-14T11:55:23] Child[85583]:
Total write time: 1359.619753 seconds; average write time: 169.952469 seconds.
Total read time: 257.495677; average read time: 128.747839
Total time: 1617.115430, total average time: 161.711543

[2022-12-14T11:55:23] Child[84718]:
Total write time: 1461.051829 seconds; average write time: 182.631479 seconds.
Total read time: 158.578258; average read time: 79.289129
Total time: 1619.630087, total average time: 161.963009

[2022-12-14T11:55:24] Child[84573]:
Total write time: 1322.943180 seconds; average write time: 188.991883 seconds.
Total read time: 294.020183; average read time: 98.006728
Total time: 1616.963363, total average time: 161.696336

[2022-12-14T11:55:26] Child[86266]:
Total write time: 1564.682122 seconds; average write time: 260.780354 seconds.
Total read time: 53.308393; average read time: 13.327098
Total time: 1617.990515, total average time: 161.799051

[2022-12-14T11:55:26] Child[85825]:
Total write time: 1546.602923 seconds; average write time: 257.767154 seconds.
Total read time: 73.231830; average read time: 18.307958
Total time: 1619.834753, total average time: 161.983475

[2022-12-14T11:55:27] Child[84723]:
Total write time: 1166.055313 seconds; average write time: 194.342552 seconds.
Total read time: 452.156897; average read time: 113.039224
Total time: 1618.212210, total average time: 161.821221

[2022-12-14T11:55:27] Child[85191]:
Total write time: 1400.036143 seconds; average write time: 200.005163 seconds.
Total read time: 214.797587; average read time: 71.599196
Total time: 1614.833730, total average time: 161.483373

[2022-12-14T11:55:29] Child[84837]:
Total write time: 1212.501737 seconds; average write time: 202.083623 seconds.
Total read time: 407.787040; average read time: 101.946760
Total time: 1620.288777, total average time: 162.028878

[2022-12-14T11:55:30] Child[85368]:
Total write time: 1410.012925 seconds; average write time: 352.503231 seconds.
Total read time: 211.022685; average read time: 35.170448
Total time: 1621.035610, total average time: 162.103561

[2022-12-14T11:55:31] Child[85648]:
Total write time: 1101.339590 seconds; average write time: 220.267918 seconds.
Total read time: 520.128681; average read time: 104.025736
Total time: 1621.468271, total average time: 162.146827

[2022-12-14T11:55:33] Child[86208]:
Total write time: 1183.280064 seconds; average write time: 295.820016 seconds.
Total read time: 438.503967; average read time: 73.083995
Total time: 1621.784031, total average time: 162.178403

[2022-12-14T11:55:33] Child[86124]:
Total write time: 1614.818336 seconds; average write time: 269.136389 seconds.
Total read time: 9.807928; average read time: 2.451982
Total time: 1624.626264, total average time: 162.462626

[2022-12-14T11:55:34] Child[86028]:
Total write time: 1427.056811 seconds; average write time: 285.411362 seconds.
Total read time: 200.836995; average read time: 40.167399
Total time: 1627.893806, total average time: 162.789381

[2022-12-14T11:55:36] Child[85294]:
Total write time: 1570.099526 seconds; average write time: 261.683254 seconds.
Total read time: 61.032515; average read time: 15.258129
Total time: 1631.132041, total average time: 163.113204

[2022-12-14T11:55:37] Child[86244]:
Total write time: 1499.448347 seconds; average write time: 299.889669 seconds.
Total read time: 130.531582; average read time: 26.106316
Total time: 1629.979929, total average time: 162.997993

[2022-12-14T11:55:37] Child[85058]:
Total write time: 1501.556619 seconds; average write time: 300.311324 seconds.
Total read time: 127.518219; average read time: 25.503644
Total time: 1629.074838, total average time: 162.907484

[2022-12-14T11:55:37] Child[84722]:
Total write time: 1618.270874 seconds; average write time: 202.283859 seconds.
Total read time: 12.387921; average read time: 6.193961
Total time: 1630.658795, total average time: 163.065879

[2022-12-14T11:55:41] Child[86026]:
Total write time: 1078.761146 seconds; average write time: 539.380573 seconds.
Total read time: 549.783396; average read time: 68.722925
Total time: 1628.544542, total average time: 162.854454

[2022-12-14T11:55:41] Child[84904]:
Total write time: 1498.532551 seconds; average write time: 214.076079 seconds.
Total read time: 131.608139; average read time: 43.869380
Total time: 1630.140690, total average time: 163.014069

[2022-12-14T11:55:41] Child[85166]:
Total write time: 1309.149974 seconds; average write time: 261.829995 seconds.
Total read time: 321.283943; average read time: 64.256789
Total time: 1630.433917, total average time: 163.043392

[2022-12-14T11:55:41] Child[86448]:
Total write time: 973.708380 seconds; average write time: 194.741676 seconds.
Total read time: 659.951023; average read time: 131.990205
Total time: 1633.659403, total average time: 163.365940

[2022-12-14T11:55:42] Child[84469]:
Total write time: 1554.482429 seconds; average write time: 310.896486 seconds.
Total read time: 80.531744; average read time: 16.106349
Total time: 1635.014173, total average time: 163.501417

[2022-12-14T11:55:42] Child[85877]:
Total write time: 1098.585630 seconds; average write time: 183.097605 seconds.
Total read time: 536.130272; average read time: 134.032568
Total time: 1634.715902, total average time: 163.471590

[2022-12-14T11:55:43] Child[86390]:
Total write time: 1527.059299 seconds; average write time: 254.509883 seconds.
Total read time: 107.637557; average read time: 26.909389
Total time: 1634.696856, total average time: 163.469686

[2022-12-14T11:55:43] Child[85457]:
Total write time: 1632.714423 seconds; average write time: 272.119071 seconds.
Total read time: 1.613692; average read time: 0.403423
Total time: 1634.328115, total average time: 163.432812

[2022-12-14T11:55:43] Child[84536]:
Total write time: 1151.109975 seconds; average write time: 287.777494 seconds.
Total read time: 487.766824; average read time: 81.294471
Total time: 1638.876799, total average time: 163.887680

[2022-12-14T11:55:45] Child[85829]:
Total write time: 1272.425809 seconds; average write time: 254.485162 seconds.
Total read time: 362.978685; average read time: 72.595737
Total time: 1635.404494, total average time: 163.540449

[2022-12-14T11:55:47] Child[84424]:
Total write time: 1406.201439 seconds; average write time: 351.550360 seconds.
Total read time: 232.968481; average read time: 38.828080
Total time: 1639.169920, total average time: 163.916992

[2022-12-14T11:55:47] Child[85681]:
Total write time: 1353.167166 seconds; average write time: 270.633433 seconds.
Total read time: 289.498919; average read time: 57.899784
Total time: 1642.666085, total average time: 164.266608

[2022-12-14T11:55:47] Child[85029]:
Total write time: 1562.360718 seconds; average write time: 260.393453 seconds.
Total read time: 76.674695; average read time: 19.168674
Total time: 1639.035413, total average time: 163.903541

[2022-12-14T11:55:50] Child[85156]:
Total write time: 1568.552951 seconds; average write time: 261.425492 seconds.
Total read time: 72.570707; average read time: 18.142677
Total time: 1641.123658, total average time: 164.112366

[2022-12-14T11:55:53] Child[85035]:
Total write time: 1308.510848 seconds; average write time: 218.085141 seconds.
Total read time: 335.601049; average read time: 83.900262
Total time: 1644.111897, total average time: 164.411190

[2022-12-14T11:55:53] Child[84925]:
Total write time: 1149.540006 seconds; average write time: 191.590001 seconds.
Total read time: 497.814191; average read time: 124.453548
Total time: 1647.354197, total average time: 164.735420

[2022-12-14T11:55:55] Child[84603]:
Total write time: 1533.634512 seconds; average write time: 306.726902 seconds.
Total read time: 112.810018; average read time: 22.562004
Total time: 1646.444530, total average time: 164.644453

[2022-12-14T11:55:55] Child[85528]:
Total write time: 1646.981979 seconds; average write time: 182.997998 seconds.
Total read time: 0.000039; average read time: 0.000039
Total time: 1646.982018, total average time: 164.698202

[2022-12-14T11:55:55] Child[85851]:
Total write time: 1405.368797 seconds; average write time: 200.766971 seconds.
Total read time: 240.819799; average read time: 80.273266
Total time: 1646.188596, total average time: 164.618860

[2022-12-14T11:55:56] Child[86237]:
Total write time: 1424.452622 seconds; average write time: 203.493232 seconds.
Total read time: 221.135529; average read time: 73.711843
Total time: 1645.588151, total average time: 164.558815

[2022-12-14T11:55:56] Child[84455]:
Total write time: 1520.467720 seconds; average write time: 304.093544 seconds.
Total read time: 127.785363; average read time: 25.557073
Total time: 1648.253083, total average time: 164.825308

[2022-12-14T11:55:56] Child[84836]:
Total write time: 1400.923752 seconds; average write time: 233.487292 seconds.
Total read time: 250.087452; average read time: 62.521863
Total time: 1651.011204, total average time: 165.101120

[2022-12-14T11:55:56] Child[86365]:
Total write time: 1645.635895 seconds; average write time: 182.848433 seconds.
Total read time: 2.232903; average read time: 2.232903
Total time: 1647.868798, total average time: 164.786880

[2022-12-14T11:55:57] Child[84827]:
Total write time: 1546.865518 seconds; average write time: 257.810920 seconds.
Total read time: 102.746577; average read time: 25.686644
Total time: 1649.612095, total average time: 164.961209

[2022-12-14T11:55:58] Child[84929]:
Total write time: 1291.401232 seconds; average write time: 430.467077 seconds.
Total read time: 355.949637; average read time: 50.849948
Total time: 1647.350869, total average time: 164.735087

[2022-12-14T11:55:59] Child[85542]:
Total write time: 1502.666654 seconds; average write time: 250.444442 seconds.
Total read time: 145.285445; average read time: 36.321361
Total time: 1647.952099, total average time: 164.795210

[2022-12-14T11:55:59] Child[84950]:
Total write time: 1648.220931 seconds; average write time: 206.027616 seconds.
Total read time: 2.089892; average read time: 1.044946
Total time: 1650.310823, total average time: 165.031082

[2022-12-14T11:56:00] Child[85275]:
Total write time: 1110.042368 seconds; average write time: 277.510592 seconds.
Total read time: 542.968893; average read time: 90.494816
Total time: 1653.011261, total average time: 165.301126

[2022-12-14T11:56:00] Child[85319]:
Total write time: 1538.283677 seconds; average write time: 307.656735 seconds.
Total read time: 116.093967; average read time: 23.218793
Total time: 1654.377644, total average time: 165.437764

[2022-12-14T11:56:01] Child[86435]:
Total write time: 1248.400699 seconds; average write time: 416.133566 seconds.
Total read time: 400.905416; average read time: 57.272202
Total time: 1649.306115, total average time: 164.930611

[2022-12-14T11:56:02] Child[85619]:
Total write time: 1373.003977 seconds; average write time: 274.600795 seconds.
Total read time: 281.712077; average read time: 56.342415
Total time: 1654.716054, total average time: 165.471605

[2022-12-14T11:56:03] Child[86332]:
Total write time: 1012.996644 seconds; average write time: 253.249161 seconds.
Total read time: 639.891557; average read time: 106.648593
Total time: 1652.888201, total average time: 165.288820

[2022-12-14T11:56:04] Child[84567]:
Total write time: 1388.514284 seconds; average write time: 231.419047 seconds.
Total read time: 267.187846; average read time: 66.796961
Total time: 1655.702130, total average time: 165.570213

[2022-12-14T11:56:04] Child[86008]:
Total write time: 1649.979480 seconds; average write time: 206.247435 seconds.
Total read time: 8.024343; average read time: 4.012172
Total time: 1658.003823, total average time: 165.800382

[2022-12-14T11:56:05] Child[86338]:
Total write time: 1654.426896 seconds; average write time: 275.737816 seconds.
Total read time: 1.540346; average read time: 0.385086
Total time: 1655.967242, total average time: 165.596724

[2022-12-14T11:56:05] Child[86091]:
Total write time: 1506.045693 seconds; average write time: 188.255712 seconds.
Total read time: 149.474702; average read time: 74.737351
Total time: 1655.520395, total average time: 165.552040

[2022-12-14T11:56:05] Child[85608]:
Total write time: 1583.343320 seconds; average write time: 175.927036 seconds.
Total read time: 75.833900; average read time: 75.833900
Total time: 1659.177220, total average time: 165.917722

[2022-12-14T11:56:06] Child[84997]:
Total write time: 1501.479317 seconds; average write time: 214.497045 seconds.
Total read time: 155.688061; average read time: 51.896020
Total time: 1657.167378, total average time: 165.716738

[2022-12-14T11:56:06] Child[85314]:
Total write time: 1504.450213 seconds; average write time: 214.921459 seconds.
Total read time: 152.094281; average read time: 50.698094
Total time: 1656.544494, total average time: 165.654449

[2022-12-14T11:56:07] Child[86169]:
Total write time: 1275.395134 seconds; average write time: 212.565856 seconds.
Total read time: 384.034790; average read time: 96.008697
Total time: 1659.429924, total average time: 165.942992

[2022-12-14T11:56:08] Child[85467]:
Total write time: 1047.024013 seconds; average write time: 349.008004 seconds.
Total read time: 611.023705; average read time: 87.289101
Total time: 1658.047718, total average time: 165.804772

[2022-12-14T11:56:09] Child[85110]:
Total write time: 1468.620679 seconds; average write time: 209.802954 seconds.
Total read time: 191.210446; average read time: 63.736815
Total time: 1659.831125, total average time: 165.983113

[2022-12-14T11:56:10] Child[84755]:
Total write time: 1012.878797 seconds; average write time: 253.219699 seconds.
Total read time: 649.141654; average read time: 108.190276
Total time: 1662.020451, total average time: 166.202045

[2022-12-14T11:56:11] Child[85340]:
Total write time: 1523.864624 seconds; average write time: 253.977437 seconds.
Total read time: 142.962443; average read time: 35.740611
Total time: 1666.827067, total average time: 166.682707

[2022-12-14T11:56:12] Child[86337]:
Total write time: 1375.222674 seconds; average write time: 275.044535 seconds.
Total read time: 289.283631; average read time: 57.856726
Total time: 1664.506305, total average time: 166.450630

[2022-12-14T11:56:13] Child[84456]:
Total write time: 1418.480205 seconds; average write time: 236.413367 seconds.
Total read time: 248.049487; average read time: 62.012372
Total time: 1666.529692, total average time: 166.652969

[2022-12-14T11:56:14] Child[84809]:
Total write time: 1538.068516 seconds; average write time: 219.724074 seconds.
Total read time: 129.497066; average read time: 43.165689
Total time: 1667.565582, total average time: 166.756558

[2022-12-14T11:56:14] Child[84565]:
Total write time: 1648.457383 seconds; average write time: 235.493912 seconds.
Total read time: 20.857345; average read time: 6.952448
Total time: 1669.314728, total average time: 166.931473

[2022-12-14T11:56:15] Child[86201]:
Total write time: 1577.330143 seconds; average write time: 175.258905 seconds.
Total read time: 87.443281; average read time: 87.443281
Total time: 1664.773424, total average time: 166.477342

[2022-12-14T11:56:15] Child[85466]:
Total write time: 1603.589792 seconds; average write time: 229.084256 seconds.
Total read time: 62.626388; average read time: 20.875463
Total time: 1666.216180, total average time: 166.621618

[2022-12-14T11:56:17] Child[84422]:
Total write time: 1315.683657 seconds; average write time: 263.136731 seconds.
Total read time: 351.866658; average read time: 70.373332
Total time: 1667.550315, total average time: 166.755032

[2022-12-14T11:56:17] Child[85517]:
Total write time: 1393.690303 seconds; average write time: 278.738061 seconds.
Total read time: 277.123612; average read time: 55.424722
Total time: 1670.813915, total average time: 167.081391

[2022-12-14T11:56:17] Child[85968]:
Total write time: 1462.295466 seconds; average write time: 208.899352 seconds.
Total read time: 207.312564; average read time: 69.104188
Total time: 1669.608030, total average time: 166.960803

[2022-12-14T11:56:17] Child[85333]:
Total write time: 1562.450119 seconds; average write time: 195.306265 seconds.
Total read time: 110.899303; average read time: 55.449652
Total time: 1673.349422, total average time: 167.334942

[2022-12-14T11:56:21] Child[85736]:
Total write time: 1332.155667 seconds; average write time: 190.307952 seconds.
Total read time: 341.596038; average read time: 113.865346
Total time: 1673.751705, total average time: 167.375170

[2022-12-14T11:56:21] Child[85471]:
Total write time: 1607.047251 seconds; average write time: 229.578179 seconds.
Total read time: 64.964509; average read time: 21.654836
Total time: 1672.011760, total average time: 167.201176

[2022-12-14T11:56:21] Child[84387]:
Total write time: 1619.895772 seconds; average write time: 231.413682 seconds.
Total read time: 49.092776; average read time: 16.364259
Total time: 1668.988548, total average time: 166.898855

[2022-12-14T11:56:22] Child[85815]:
Total write time: 1509.346438 seconds; average write time: 301.869288 seconds.
Total read time: 163.322696; average read time: 32.664539
Total time: 1672.669134, total average time: 167.266913

[2022-12-14T11:56:24] Child[85576]:
Total write time: 1519.055998 seconds; average write time: 379.764000 seconds.
Total read time: 156.092145; average read time: 26.015358
Total time: 1675.148143, total average time: 167.514814

[2022-12-14T11:56:25] Child[84420]:
Total write time: 1278.844194 seconds; average write time: 213.140699 seconds.
Total read time: 399.680958; average read time: 99.920239
Total time: 1678.525152, total average time: 167.852515

[2022-12-14T11:56:25] Child[85161]:
Total write time: 1168.842276 seconds; average write time: 194.807046 seconds.
Total read time: 506.333067; average read time: 126.583267
Total time: 1675.175343, total average time: 167.517534

[2022-12-14T11:56:26] Child[85707]:
Total write time: 821.450090 seconds; average write time: 205.362523 seconds.
Total read time: 853.439141; average read time: 142.239857
Total time: 1674.889231, total average time: 167.488923

[2022-12-14T11:56:28] Child[85194]:
Total write time: 1596.712344 seconds; average write time: 399.178086 seconds.
Total read time: 78.898279; average read time: 13.149713
Total time: 1675.610623, total average time: 167.561062

[2022-12-14T11:56:31] Child[84569]:
Total write time: 1579.792391 seconds; average write time: 263.298732 seconds.
Total read time: 105.170188; average read time: 26.292547
Total time: 1684.962579, total average time: 168.496258

[2022-12-14T11:56:31] Child[85818]:
Total write time: 1444.816586 seconds; average write time: 288.963317 seconds.
Total read time: 239.289543; average read time: 47.857909
Total time: 1684.106129, total average time: 168.410613

[2022-12-14T11:56:32] Child[84968]:
Total write time: 1666.455040 seconds; average write time: 277.742507 seconds.
Total read time: 16.703369; average read time: 4.175842
Total time: 1683.158409, total average time: 168.315841

[2022-12-14T11:56:34] Child[86262]:
Total write time: 1274.585633 seconds; average write time: 318.646408 seconds.
Total read time: 413.634856; average read time: 68.939143
Total time: 1688.220489, total average time: 168.822049

[2022-12-14T11:56:34] Child[86139]:
Total write time: 1411.912634 seconds; average write time: 282.382527 seconds.
Total read time: 271.153707; average read time: 54.230741
Total time: 1683.066341, total average time: 168.306634

[2022-12-14T11:56:35] Child[85971]:
Total write time: 1585.391206 seconds; average write time: 528.463735 seconds.
Total read time: 100.293111; average read time: 14.327587
Total time: 1685.684317, total average time: 168.568432

[2022-12-14T11:56:35] Child[85478]:
Total write time: 1032.285646 seconds; average write time: 516.142823 seconds.
Total read time: 657.734868; average read time: 82.216859
Total time: 1690.020514, total average time: 169.002051

[2022-12-14T11:56:36] Child[86175]:
Total write time: 1555.768591 seconds; average write time: 311.153718 seconds.
Total read time: 131.481151; average read time: 26.296230
Total time: 1687.249742, total average time: 168.724974

[2022-12-14T11:56:37] Child[85158]:
Total write time: 1511.848840 seconds; average write time: 215.978406 seconds.
Total read time: 177.721592; average read time: 59.240531
Total time: 1689.570432, total average time: 168.957043

[2022-12-14T11:56:37] Child[85085]:
Total write time: 1311.172436 seconds; average write time: 327.793109 seconds.
Total read time: 378.486848; average read time: 63.081141
Total time: 1689.659284, total average time: 168.965928

[2022-12-14T11:56:38] Child[85107]:
Total write time: 1168.409012 seconds; average write time: 292.102253 seconds.
Total read time: 520.194702; average read time: 86.699117
Total time: 1688.603714, total average time: 168.860371

[2022-12-14T11:56:38] Child[86032]:
Total write time: 1354.502468 seconds; average write time: 225.750411 seconds.
Total read time: 335.801894; average read time: 83.950474
Total time: 1690.304362, total average time: 169.030436

[2022-12-14T11:56:41] Child[85757]:
Total write time: 1672.235929 seconds; average write time: 278.705988 seconds.
Total read time: 18.051233; average read time: 4.512808
Total time: 1690.287162, total average time: 169.028716

[2022-12-14T11:56:48] Child[85776]:
Total write time: 1694.737069 seconds; average write time: 282.456178 seconds.
Total read time: 10.047491; average read time: 2.511873
Total time: 1704.784560, total average time: 170.478456

[2022-12-14T11:56:48] Child[84875]:
Total write time: 1628.606038 seconds; average write time: 232.658005 seconds.
Total read time: 67.190330; average read time: 22.396777
Total time: 1695.796368, total average time: 169.579637

[2022-12-14T11:56:50] Child[85910]:
Total write time: 1391.087228 seconds; average write time: 231.847871 seconds.
Total read time: 310.384445; average read time: 77.596111
Total time: 1701.471673, total average time: 170.147167

[2022-12-14T11:56:50] Child[85339]:
Total write time: 1483.447610 seconds; average write time: 247.241268 seconds.
Total read time: 222.748925; average read time: 55.687231
Total time: 1706.196535, total average time: 170.619653

[2022-12-14T11:56:51] Child[85103]:
Total write time: 1359.080202 seconds; average write time: 194.154315 seconds.
Total read time: 345.979451; average read time: 115.326484
Total time: 1705.059653, total average time: 170.505965

[2022-12-14T11:56:51] Child[85668]:
Total write time: 1489.838210 seconds; average write time: 186.229776 seconds.
Total read time: 214.337306; average read time: 107.168653
Total time: 1704.175516, total average time: 170.417552

[2022-12-14T11:56:52] Child[85372]:
Total write time: 1057.360529 seconds; average write time: 264.340132 seconds.
Total read time: 646.852004; average read time: 107.808667
Total time: 1704.212533, total average time: 170.421253

[2022-12-14T11:56:53] Child[84881]:
Total write time: 1698.571625 seconds; average write time: 212.321453 seconds.
Total read time: 6.909164; average read time: 3.454582
Total time: 1705.480789, total average time: 170.548079

[2022-12-14T11:56:53] Child[84627]:
Total write time: 1624.795627 seconds; average write time: 232.113661 seconds.
Total read time: 80.335874; average read time: 26.778625
Total time: 1705.131501, total average time: 170.513150

[2022-12-14T11:56:55] Child[86275]:
Total write time: 1637.353134 seconds; average write time: 204.669142 seconds.
Total read time: 65.628347; average read time: 32.814174
Total time: 1702.981481, total average time: 170.298148

[2022-12-14T11:56:56] Child[85860]:
Total write time: 1624.074070 seconds; average write time: 324.814814 seconds.
Total read time: 80.690578; average read time: 16.138116
Total time: 1704.764648, total average time: 170.476465

[2022-12-14T11:56:57] Child[85705]:
Total write time: 1579.629976 seconds; average write time: 263.271663 seconds.
Total read time: 128.200430; average read time: 32.050108
Total time: 1707.830406, total average time: 170.783041

[2022-12-14T11:56:57] Child[84472]:
Total write time: 1633.058918 seconds; average write time: 272.176486 seconds.
Total read time: 77.610101; average read time: 19.402525
Total time: 1710.669019, total average time: 171.066902


 VALIDATING RESULTS 
shared[0]: readers[1034], writers[969]
shared[1]: readers[1009], writers[1006]
shared[2]: readers[985], writers[1004]
shared[3]: readers[985], writers[1016]
shared[4]: readers[967], writers[1018]
shared[5]: readers[951], writers[1035]
shared[6]: readers[982], writers[1015]
shared[7]: readers[1013], writers[1006]
shared[8]: readers[1043], writers[957]
shared[9]: readers[1031], writers[974]
--------------------
total: readers[10000], writers[10000]
Total should be equal to (peers * LOOPS)[20000]
Result is right!
