[2022-12-14T10:45:27] Child[70028]:
Total write time: 21.261416 seconds; average write time: 10.630708 seconds.
Total read time: 340.033578; average read time: 42.504197
Total time: 361.294994, total average time: 36.129499

[2022-12-14T10:46:11] Child[70163]:
Total write time: 87.417627 seconds; average write time: 87.417627 seconds.
Total read time: 316.670673; average read time: 35.185630
Total time: 404.088300, total average time: 40.408830

[2022-12-14T10:46:24] Child[69883]:
Total write time: 0.000000 seconds; average write time: 0.000000 seconds.
Total read time: 421.354309; average read time: 42.135431
Total time: 421.354309, total average time: 42.135431

[2022-12-14T10:46:30] Child[69997]:
Total write time: 15.140741 seconds; average write time: 15.140741 seconds.
Total read time: 407.163424; average read time: 45.240380
Total time: 422.304165, total average time: 42.230416

[2022-12-14T10:46:41] Child[70043]:
Total write time: 54.355690 seconds; average write time: 54.355690 seconds.
Total read time: 376.831484; average read time: 41.870165
Total time: 431.187174, total average time: 43.118717

[2022-12-14T10:46:42] Child[70127]:
Total write time: 21.912915 seconds; average write time: 10.956458 seconds.
Total read time: 407.378199; average read time: 50.922275
Total time: 429.291114, total average time: 42.929111

[2022-12-14T10:46:45] Child[69831]:
Total write time: 0.000000 seconds; average write time: 0.000000 seconds.
Total read time: 438.128150; average read time: 43.812815
Total time: 438.128150, total average time: 43.812815

[2022-12-14T10:46:57] Child[69941]:
Total write time: 0.000000 seconds; average write time: 0.000000 seconds.
Total read time: 449.234317; average read time: 44.923432
Total time: 449.234317, total average time: 44.923432

[2022-12-14T10:46:59] Child[69631]:
Total write time: 48.992118 seconds; average write time: 24.496059 seconds.
Total read time: 401.518681; average read time: 50.189835
Total time: 450.510799, total average time: 45.051080

[2022-12-14T10:47:02] Child[70129]:
Total write time: 59.654388 seconds; average write time: 59.654388 seconds.
Total read time: 394.572287; average read time: 43.841365
Total time: 454.226675, total average time: 45.422668

[2022-12-14T10:47:03] Child[69614]:
Total write time: 17.636776 seconds; average write time: 5.878925 seconds.
Total read time: 436.741217; average read time: 62.391602
Total time: 454.377993, total average time: 45.437799

[2022-12-14T10:47:11] Child[69675]:
Total write time: 0.000000 seconds; average write time: 0.000000 seconds.
Total read time: 464.602171; average read time: 46.460217
Total time: 464.602171, total average time: 46.460217

[2022-12-14T10:47:12] Child[70242]:
Total write time: 43.154992 seconds; average write time: 21.577496 seconds.
Total read time: 421.754116; average read time: 52.719265
Total time: 464.909108, total average time: 46.490911

[2022-12-14T10:47:14] Child[69599]:
Total write time: 62.471862 seconds; average write time: 31.235931 seconds.
Total read time: 402.453136; average read time: 50.306642
Total time: 464.924998, total average time: 46.492500

[2022-12-14T10:47:14] Child[70535]:
Total write time: 100.882449 seconds; average write time: 33.627483 seconds.
Total read time: 367.520834; average read time: 52.502976
Total time: 468.403283, total average time: 46.840328

[2022-12-14T10:47:16] Child[70209]:
Total write time: 0.000000 seconds; average write time: 0.000000 seconds.
Total read time: 467.394942; average read time: 46.739494
Total time: 467.394942, total average time: 46.739494

[2022-12-14T10:47:17] Child[69600]:
Total write time: 0.000000 seconds; average write time: 0.000000 seconds.
Total read time: 465.500543; average read time: 46.550054
Total time: 465.500543, total average time: 46.550054

[2022-12-14T10:47:19] Child[69773]:
Total write time: 123.204751 seconds; average write time: 61.602376 seconds.
Total read time: 352.407521; average read time: 44.050940
Total time: 475.612272, total average time: 47.561227

[2022-12-14T10:47:25] Child[70279]:
Total write time: 163.860127 seconds; average write time: 40.965032 seconds.
Total read time: 314.259411; average read time: 52.376568
Total time: 478.119538, total average time: 47.811954

[2022-12-14T10:47:28] Child[69929]:
Total write time: 81.270638 seconds; average write time: 20.317660 seconds.
Total read time: 398.246820; average read time: 66.374470
Total time: 479.517458, total average time: 47.951746

[2022-12-14T10:47:29] Child[69710]:
Total write time: 68.595897 seconds; average write time: 34.297948 seconds.
Total read time: 414.783110; average read time: 51.847889
Total time: 483.379007, total average time: 48.337901

[2022-12-14T10:47:32] Child[70271]:
Total write time: 7.705993 seconds; average write time: 7.705993 seconds.
Total read time: 476.086688; average read time: 52.898521
Total time: 483.792681, total average time: 48.379268

[2022-12-14T10:47:33] Child[70343]:
Total write time: 3.089769 seconds; average write time: 3.089769 seconds.
Total read time: 479.714224; average read time: 53.301580
Total time: 482.803993, total average time: 48.280399

[2022-12-14T10:47:34] Child[70014]:
Total write time: 113.947827 seconds; average write time: 22.789565 seconds.
Total read time: 374.099576; average read time: 74.819915
Total time: 488.047403, total average time: 48.804740

[2022-12-14T10:47:37] Child[69572]:
Total write time: 2.152576 seconds; average write time: 2.152576 seconds.
Total read time: 484.306901; average read time: 53.811878
Total time: 486.459477, total average time: 48.645948

[2022-12-14T10:47:38] Child[70297]:
Total write time: 71.255253 seconds; average write time: 23.751751 seconds.
Total read time: 420.665320; average read time: 60.095046
Total time: 491.920573, total average time: 49.192057

[2022-12-14T10:47:42] Child[69567]:
Total write time: 91.118617 seconds; average write time: 91.118617 seconds.
Total read time: 401.048711; average read time: 44.560968
Total time: 492.167328, total average time: 49.216733

[2022-12-14T10:47:43] Child[69763]:
Total write time: 0.450760 seconds; average write time: 0.450760 seconds.
Total read time: 496.212371; average read time: 55.134708
Total time: 496.663131, total average time: 49.666313

[2022-12-14T10:47:45] Child[70340]:
Total write time: 5.695239 seconds; average write time: 5.695239 seconds.
Total read time: 491.455097; average read time: 54.606122
Total time: 497.150336, total average time: 49.715034

[2022-12-14T10:47:47] Child[69615]:
Total write time: 0.000000 seconds; average write time: 0.000000 seconds.
Total read time: 497.640190; average read time: 49.764019
Total time: 497.640190, total average time: 49.764019

[2022-12-14T10:47:49] Child[69606]:
Total write time: 0.000000 seconds; average write time: 0.000000 seconds.
Total read time: 499.620810; average read time: 49.962081
Total time: 499.620810, total average time: 49.962081

[2022-12-14T10:47:51] Child[69716]:
Total write time: 11.169861 seconds; average write time: 5.584930 seconds.
Total read time: 491.920707; average read time: 61.490088
Total time: 503.090568, total average time: 50.309057

[2022-12-14T10:47:51] Child[69954]:
Total write time: 28.951452 seconds; average write time: 28.951452 seconds.
Total read time: 476.066150; average read time: 52.896239
Total time: 505.017602, total average time: 50.501760

[2022-12-14T10:47:52] Child[70432]:
Total write time: 115.781592 seconds; average write time: 57.890796 seconds.
Total read time: 390.056545; average read time: 48.757068
Total time: 505.838137, total average time: 50.583814

[2022-12-14T10:47:52] Child[70392]:
Total write time: 89.126596 seconds; average write time: 44.563298 seconds.
Total read time: 414.506372; average read time: 51.813296
Total time: 503.632968, total average time: 50.363297

[2022-12-14T10:47:54] Child[69835]:
Total write time: 23.862862 seconds; average write time: 23.862862 seconds.
Total read time: 482.411174; average read time: 53.601242
Total time: 506.274036, total average time: 50.627404

[2022-12-14T10:47:57] Child[70355]:
Total write time: 121.381743 seconds; average write time: 30.345436 seconds.
Total read time: 388.660491; average read time: 64.776748
Total time: 510.042234, total average time: 51.004223

[2022-12-14T10:47:57] Child[70429]:
Total write time: 93.280319 seconds; average write time: 93.280319 seconds.
Total read time: 417.421123; average read time: 46.380125
Total time: 510.701442, total average time: 51.070144

[2022-12-14T10:47:57] Child[69612]:
Total write time: 126.791276 seconds; average write time: 63.395638 seconds.
Total read time: 379.049918; average read time: 47.381240
Total time: 505.841194, total average time: 50.584119

[2022-12-14T10:48:04] Child[70295]:
Total write time: 70.609718 seconds; average write time: 70.609718 seconds.
Total read time: 445.013444; average read time: 49.445938
Total time: 515.623162, total average time: 51.562316

[2022-12-14T10:48:07] Child[69621]:
Total write time: 102.874775 seconds; average write time: 34.291592 seconds.
Total read time: 418.248190; average read time: 59.749741
Total time: 521.122965, total average time: 52.112296

[2022-12-14T10:48:09] Child[69734]:
Total write time: 22.084580 seconds; average write time: 22.084580 seconds.
Total read time: 498.951478; average read time: 55.439053
Total time: 521.036058, total average time: 52.103606

[2022-12-14T10:48:10] Child[70273]:
Total write time: 61.509093 seconds; average write time: 30.754547 seconds.
Total read time: 461.964053; average read time: 57.745507
Total time: 523.473146, total average time: 52.347315

[2022-12-14T10:48:12] Child[69596]:
Total write time: 4.496012 seconds; average write time: 4.496012 seconds.
Total read time: 521.243123; average read time: 57.915903
Total time: 525.739135, total average time: 52.573914

[2022-12-14T10:48:14] Child[70232]:
Total write time: 0.000000 seconds; average write time: 0.000000 seconds.
Total read time: 528.069133; average read time: 52.806913
Total time: 528.069133, total average time: 52.806913

[2022-12-14T10:48:15] Child[69603]:
Total write time: 2.775159 seconds; average write time: 2.775159 seconds.
Total read time: 523.118909; average read time: 58.124323
Total time: 525.894068, total average time: 52.589407

[2022-12-14T10:48:15] Child[70423]:
Total write time: 4.926846 seconds; average write time: 4.926846 seconds.
Total read time: 523.027739; average read time: 58.114193
Total time: 527.954585, total average time: 52.795459

[2022-12-14T10:48:15] Child[70599]:
Total write time: 9.451285 seconds; average write time: 9.451285 seconds.
Total read time: 519.869355; average read time: 57.763262
Total time: 529.320640, total average time: 52.932064

[2022-12-14T10:48:16] Child[70082]:
Total write time: 104.333985 seconds; average write time: 34.777995 seconds.
Total read time: 422.116119; average read time: 60.302303
Total time: 526.450104, total average time: 52.645010

[2022-12-14T10:48:17] Child[69626]:
Total write time: 8.677619 seconds; average write time: 8.677619 seconds.
Total read time: 523.974429; average read time: 58.219381
Total time: 532.652048, total average time: 53.265205

[2022-12-14T10:48:18] Child[70312]:
Total write time: 26.293392 seconds; average write time: 13.146696 seconds.
Total read time: 504.214076; average read time: 63.026759
Total time: 530.507468, total average time: 53.050747

[2022-12-14T10:48:18] Child[69991]:
Total write time: 119.192857 seconds; average write time: 59.596429 seconds.
Total read time: 412.542394; average read time: 51.567799
Total time: 531.735251, total average time: 53.173525

[2022-12-14T10:48:19] Child[69593]:
Total write time: 187.296398 seconds; average write time: 62.432133 seconds.
Total read time: 340.091810; average read time: 48.584544
Total time: 527.388208, total average time: 52.738821

[2022-12-14T10:48:20] Child[70576]:
Total write time: 0.000000 seconds; average write time: 0.000000 seconds.
Total read time: 527.173490; average read time: 52.717349
Total time: 527.173490, total average time: 52.717349

[2022-12-14T10:48:21] Child[70372]:
Total write time: 7.432838 seconds; average write time: 7.432838 seconds.
Total read time: 523.874661; average read time: 58.208296
Total time: 531.307499, total average time: 53.130750

[2022-12-14T10:48:23] Child[69944]:
Total write time: 131.796368 seconds; average write time: 43.932123 seconds.
Total read time: 397.585199; average read time: 56.797886
Total time: 529.381567, total average time: 52.938157

[2022-12-14T10:48:26] Child[69657]:
Total write time: 44.029722 seconds; average write time: 11.007430 seconds.
Total read time: 490.038430; average read time: 81.673072
Total time: 534.068152, total average time: 53.406815

[2022-12-14T10:48:27] Child[70558]:
Total write time: 99.462446 seconds; average write time: 33.154149 seconds.
Total read time: 437.392865; average read time: 62.484695
Total time: 536.855311, total average time: 53.685531

[2022-12-14T10:48:28] Child[69737]:
Total write time: 228.214495 seconds; average write time: 57.053624 seconds.
Total read time: 309.055384; average read time: 51.509231
Total time: 537.269879, total average time: 53.726988

[2022-12-14T10:48:29] Child[69809]:
Total write time: 43.515660 seconds; average write time: 43.515660 seconds.
Total read time: 497.027388; average read time: 55.225265
Total time: 540.543048, total average time: 54.054305

[2022-12-14T10:48:30] Child[70489]:
Total write time: 3.732982 seconds; average write time: 3.732982 seconds.
Total read time: 536.594471; average read time: 59.621608
Total time: 540.327453, total average time: 54.032745

[2022-12-14T10:48:32] Child[70590]:
Total write time: 134.497909 seconds; average write time: 33.624477 seconds.
Total read time: 410.279620; average read time: 68.379937
Total time: 544.777529, total average time: 54.477753

[2022-12-14T10:48:33] Child[69965]:
Total write time: 3.380379 seconds; average write time: 3.380379 seconds.
Total read time: 543.210767; average read time: 60.356752
Total time: 546.591146, total average time: 54.659115

[2022-12-14T10:48:33] Child[70046]:
Total write time: 5.881558 seconds; average write time: 2.940779 seconds.
Total read time: 539.770699; average read time: 67.471337
Total time: 545.652257, total average time: 54.565226

[2022-12-14T10:48:33] Child[69785]:
Total write time: 101.336753 seconds; average write time: 33.778918 seconds.
Total read time: 444.203838; average read time: 63.457691
Total time: 545.540591, total average time: 54.554059

[2022-12-14T10:48:34] Child[70583]:
Total write time: 87.006355 seconds; average write time: 87.006355 seconds.
Total read time: 457.513324; average read time: 50.834814
Total time: 544.519679, total average time: 54.451968

[2022-12-14T10:48:35] Child[69569]:
Total write time: 9.978625 seconds; average write time: 9.978625 seconds.
Total read time: 535.249408; average read time: 59.472156
Total time: 545.228033, total average time: 54.522803

[2022-12-14T10:48:36] Child[69793]:
Total write time: 84.424557 seconds; average write time: 28.141519 seconds.
Total read time: 464.902084; average read time: 66.414583
Total time: 549.326641, total average time: 54.932664

[2022-12-14T10:48:36] Child[70090]:
Total write time: 0.000000 seconds; average write time: 0.000000 seconds.
Total read time: 548.130305; average read time: 54.813031
Total time: 548.130305, total average time: 54.813031

[2022-12-14T10:48:36] Child[70187]:
Total write time: 10.900286 seconds; average write time: 10.900286 seconds.
Total read time: 537.301225; average read time: 59.700136
Total time: 548.201511, total average time: 54.820151

[2022-12-14T10:48:37] Child[69574]:
Total write time: 40.743901 seconds; average write time: 20.371951 seconds.
Total read time: 502.566136; average read time: 62.820767
Total time: 543.310037, total average time: 54.331004

[2022-12-14T10:48:37] Child[69625]:
Total write time: 0.357510 seconds; average write time: 0.357510 seconds.
Total read time: 548.810665; average read time: 60.978963
Total time: 549.168175, total average time: 54.916818

[2022-12-14T10:48:39] Child[70064]:
Total write time: 93.561689 seconds; average write time: 93.561689 seconds.
Total read time: 457.796055; average read time: 50.866228
Total time: 551.357744, total average time: 55.135774

[2022-12-14T10:48:41] Child[70008]:
Total write time: 10.950753 seconds; average write time: 10.950753 seconds.
Total read time: 543.271920; average read time: 60.363547
Total time: 554.222673, total average time: 55.422267

[2022-12-14T10:48:41] Child[69639]:
Total write time: 0.000000 seconds; average write time: 0.000000 seconds.
Total read time: 555.119630; average read time: 55.511963
Total time: 555.119630, total average time: 55.511963

[2022-12-14T10:48:43] Child[70211]:
Total write time: 48.001750 seconds; average write time: 24.000875 seconds.
Total read time: 511.209837; average read time: 63.901230
Total time: 559.211587, total average time: 55.921159

[2022-12-14T10:48:43] Child[69906]:
Total write time: 22.618112 seconds; average write time: 11.309056 seconds.
Total read time: 527.174024; average read time: 65.896753
Total time: 549.792136, total average time: 54.979214

[2022-12-14T10:48:43] Child[70115]:
Total write time: 50.491790 seconds; average write time: 25.245895 seconds.
Total read time: 507.359276; average read time: 63.419910
Total time: 557.851066, total average time: 55.785107

[2022-12-14T10:48:43] Child[70513]:
Total write time: 14.728078 seconds; average write time: 7.364039 seconds.
Total read time: 541.089249; average read time: 67.636156
Total time: 555.817327, total average time: 55.581733

[2022-12-14T10:48:44] Child[69825]:
Total write time: 27.699212 seconds; average write time: 27.699212 seconds.
Total read time: 531.439661; average read time: 59.048851
Total time: 559.138873, total average time: 55.913887

[2022-12-14T10:48:44] Child[70421]:
Total write time: 0.000000 seconds; average write time: 0.000000 seconds.
Total read time: 556.843810; average read time: 55.684381
Total time: 556.843810, total average time: 55.684381

[2022-12-14T10:48:46] Child[70370]:
Total write time: 13.118247 seconds; average write time: 13.118247 seconds.
Total read time: 545.504235; average read time: 60.611582
Total time: 558.622482, total average time: 55.862248

[2022-12-14T10:48:46] Child[69960]:
Total write time: 33.391470 seconds; average write time: 33.391470 seconds.
Total read time: 526.343946; average read time: 58.482661
Total time: 559.735416, total average time: 55.973542

[2022-12-14T10:48:48] Child[69846]:
Total write time: 0.327945 seconds; average write time: 0.327945 seconds.
Total read time: 560.984055; average read time: 62.331562
Total time: 561.312000, total average time: 56.131200

[2022-12-14T10:48:49] Child[70386]:
Total write time: 2.031319 seconds; average write time: 2.031319 seconds.
Total read time: 560.272862; average read time: 62.252540
Total time: 562.304181, total average time: 56.230418

[2022-12-14T10:48:50] Child[70339]:
Total write time: 39.922454 seconds; average write time: 13.307485 seconds.
Total read time: 518.991487; average read time: 74.141641
Total time: 558.913941, total average time: 55.891394

[2022-12-14T10:48:51] Child[70476]:
Total write time: 0.000000 seconds; average write time: 0.000000 seconds.
Total read time: 559.888575; average read time: 55.988858
Total time: 559.888575, total average time: 55.988858

[2022-12-14T10:48:51] Child[70322]:
Total write time: 3.791781 seconds; average write time: 3.791781 seconds.
Total read time: 557.740675; average read time: 61.971186
Total time: 561.532456, total average time: 56.153246

[2022-12-14T10:48:51] Child[69613]:
Total write time: 74.514032 seconds; average write time: 18.628508 seconds.
Total read time: 486.992116; average read time: 81.165353
Total time: 561.506148, total average time: 56.150615

[2022-12-14T10:48:52] Child[69619]:
Total write time: 27.960772 seconds; average write time: 13.980386 seconds.
Total read time: 538.740501; average read time: 67.342563
Total time: 566.701273, total average time: 56.670127

[2022-12-14T10:48:53] Child[70606]:
Total write time: 2.730156 seconds; average write time: 2.730156 seconds.
Total read time: 565.419264; average read time: 62.824363
Total time: 568.149420, total average time: 56.814942

[2022-12-14T10:48:53] Child[70026]:
Total write time: 26.011815 seconds; average write time: 26.011815 seconds.
Total read time: 536.074697; average read time: 59.563855
Total time: 562.086512, total average time: 56.208651

[2022-12-14T10:48:54] Child[69817]:
Total write time: 91.918529 seconds; average write time: 45.959265 seconds.
Total read time: 475.335529; average read time: 59.416941
Total time: 567.254058, total average time: 56.725406

[2022-12-14T10:48:54] Child[70552]:
Total write time: 111.510862 seconds; average write time: 37.170287 seconds.
Total read time: 455.283162; average read time: 65.040452
Total time: 566.794024, total average time: 56.679402

[2022-12-14T10:48:55] Child[70525]:
Total write time: 68.333000 seconds; average write time: 68.333000 seconds.
Total read time: 497.889919; average read time: 55.321102
Total time: 566.222919, total average time: 56.622292

[2022-12-14T10:48:55] Child[70602]:
Total write time: 17.606704 seconds; average write time: 17.606704 seconds.
Total read time: 551.626623; average read time: 61.291847
Total time: 569.233327, total average time: 56.923333

[2022-12-14T10:48:56] Child[69664]:
Total write time: 120.504415 seconds; average write time: 40.168138 seconds.
Total read time: 447.286303; average read time: 63.898043
Total time: 567.790718, total average time: 56.779072

[2022-12-14T10:48:57] Child[69868]:
Total write time: 74.625119 seconds; average write time: 74.625119 seconds.
Total read time: 489.981533; average read time: 54.442393
Total time: 564.606652, total average time: 56.460665

[2022-12-14T10:48:57] Child[70214]:
Total write time: 9.195799 seconds; average write time: 9.195799 seconds.
Total read time: 557.364197; average read time: 61.929355
Total time: 566.559996, total average time: 56.656000

[2022-12-14T10:49:00] Child[70351]:
Total write time: 0.000000 seconds; average write time: 0.000000 seconds.
Total read time: 569.006146; average read time: 56.900615
Total time: 569.006146, total average time: 56.900615

[2022-12-14T10:49:00] Child[70109]:
Total write time: 37.066531 seconds; average write time: 37.066531 seconds.
Total read time: 535.131746; average read time: 59.459083
Total time: 572.198277, total average time: 57.219828

[2022-12-14T10:49:00] Child[70042]:
Total write time: 43.424050 seconds; average write time: 21.712025 seconds.
Total read time: 527.548928; average read time: 65.943616
Total time: 570.972978, total average time: 57.097298

[2022-12-14T10:49:00] Child[70539]:
Total write time: 0.000000 seconds; average write time: 0.000000 seconds.
Total read time: 572.188574; average read time: 57.218857
Total time: 572.188574, total average time: 57.218857

[2022-12-14T10:49:01] Child[70587]:
Total write time: 0.000000 seconds; average write time: 0.000000 seconds.
Total read time: 577.817715; average read time: 57.781771
Total time: 577.817715, total average time: 57.781771

[2022-12-14T10:49:02] Child[70437]:
Total write time: 50.012520 seconds; average write time: 25.006260 seconds.
Total read time: 523.033046; average read time: 65.379131
Total time: 573.045566, total average time: 57.304557

[2022-12-14T10:49:03] Child[69908]:
Total write time: 79.040247 seconds; average write time: 79.040247 seconds.
Total read time: 498.409452; average read time: 55.378828
Total time: 577.449699, total average time: 57.744970

[2022-12-14T10:49:04] Child[69808]:
Total write time: 0.000000 seconds; average write time: 0.000000 seconds.
Total read time: 577.217325; average read time: 57.721733
Total time: 577.217325, total average time: 57.721733

[2022-12-14T10:49:04] Child[69679]:
Total write time: 22.061880 seconds; average write time: 22.061880 seconds.
Total read time: 557.728463; average read time: 61.969829
Total time: 579.790343, total average time: 57.979034

[2022-12-14T10:49:06] Child[70319]:
Total write time: 66.509379 seconds; average write time: 33.254689 seconds.
Total read time: 514.057132; average read time: 64.257142
Total time: 580.566511, total average time: 58.056651

[2022-12-14T10:49:06] Child[69978]:
Total write time: 0.000000 seconds; average write time: 0.000000 seconds.
Total read time: 580.384620; average read time: 58.038462
Total time: 580.384620, total average time: 58.038462

[2022-12-14T10:49:06] Child[69805]:
Total write time: 111.645096 seconds; average write time: 37.215032 seconds.
Total read time: 465.402822; average read time: 66.486117
Total time: 577.047918, total average time: 57.704792

[2022-12-14T10:49:06] Child[69566]:
Total write time: 81.733919 seconds; average write time: 40.866960 seconds.
Total read time: 497.716981; average read time: 62.214623
Total time: 579.450900, total average time: 57.945090

[2022-12-14T10:49:07] Child[69834]:
Total write time: 17.827756 seconds; average write time: 17.827756 seconds.
Total read time: 563.293355; average read time: 62.588151
Total time: 581.121111, total average time: 58.112111

[2022-12-14T10:49:09] Child[69722]:
Total write time: 2.639258 seconds; average write time: 2.639258 seconds.
Total read time: 579.087786; average read time: 64.343087
Total time: 581.727044, total average time: 58.172704

[2022-12-14T10:49:09] Child[70133]:
Total write time: 147.224686 seconds; average write time: 49.074895 seconds.
Total read time: 435.534184; average read time: 62.219169
Total time: 582.758870, total average time: 58.275887

[2022-12-14T10:49:09] Child[70070]:
Total write time: 34.987503 seconds; average write time: 17.493751 seconds.
Total read time: 550.819509; average read time: 68.852439
Total time: 585.807012, total average time: 58.580701

[2022-12-14T10:49:09] Child[70488]:
Total write time: 94.617838 seconds; average write time: 47.308919 seconds.
Total read time: 487.550099; average read time: 60.943762
Total time: 582.167937, total average time: 58.216794

[2022-12-14T10:49:09] Child[69963]:
Total write time: 164.169720 seconds; average write time: 41.042430 seconds.
Total read time: 416.441716; average read time: 69.406953
Total time: 580.611436, total average time: 58.061144

[2022-12-14T10:49:10] Child[69570]:
Total write time: 34.030326 seconds; average write time: 17.015163 seconds.
Total read time: 546.071919; average read time: 68.258990
Total time: 580.102245, total average time: 58.010224

[2022-12-14T10:49:10] Child[70330]:
Total write time: 17.533629 seconds; average write time: 17.533629 seconds.
Total read time: 561.562267; average read time: 62.395807
Total time: 579.095896, total average time: 57.909590

[2022-12-14T10:49:10] Child[70356]:
Total write time: 13.753088 seconds; average write time: 6.876544 seconds.
Total read time: 569.805162; average read time: 71.225645
Total time: 583.558250, total average time: 58.355825

[2022-12-14T10:49:11] Child[69826]:
Total write time: 6.816722 seconds; average write time: 6.816722 seconds.
Total read time: 578.033724; average read time: 64.225969
Total time: 584.850446, total average time: 58.485045

[2022-12-14T10:49:12] Child[70156]:
Total write time: 79.420928 seconds; average write time: 19.855232 seconds.
Total read time: 506.642040; average read time: 84.440340
Total time: 586.062968, total average time: 58.606297

[2022-12-14T10:49:13] Child[70543]:
Total write time: 66.544449 seconds; average write time: 33.272225 seconds.
Total read time: 523.025696; average read time: 65.378212
Total time: 589.570145, total average time: 58.957014

[2022-12-14T10:49:13] Child[69987]:
Total write time: 40.510613 seconds; average write time: 40.510613 seconds.
Total read time: 545.308885; average read time: 60.589876
Total time: 585.819498, total average time: 58.581950

[2022-12-14T10:49:14] Child[69714]:
Total write time: 131.365023 seconds; average write time: 65.682512 seconds.
Total read time: 449.859635; average read time: 56.232454
Total time: 581.224658, total average time: 58.122466

[2022-12-14T10:49:15] Child[70538]:
Total write time: 0.000000 seconds; average write time: 0.000000 seconds.
Total read time: 588.011653; average read time: 58.801165
Total time: 588.011653, total average time: 58.801165

[2022-12-14T10:49:15] Child[70022]:
Total write time: 0.470732 seconds; average write time: 0.470732 seconds.
Total read time: 585.265997; average read time: 65.029555
Total time: 585.736729, total average time: 58.573673

[2022-12-14T10:49:15] Child[69873]:
Total write time: 85.704426 seconds; average write time: 42.852213 seconds.
Total read time: 504.567766; average read time: 63.070971
Total time: 590.272192, total average time: 59.027219

[2022-12-14T10:49:17] Child[69779]:
Total write time: 57.829784 seconds; average write time: 28.914892 seconds.
Total read time: 530.213364; average read time: 66.276670
Total time: 588.043148, total average time: 58.804315

[2022-12-14T10:49:17] Child[70537]:
Total write time: 70.513113 seconds; average write time: 70.513113 seconds.
Total read time: 519.833971; average read time: 57.759330
Total time: 590.347084, total average time: 59.034708

[2022-12-14T10:49:18] Child[70415]:
Total write time: 62.828482 seconds; average write time: 31.414241 seconds.
Total read time: 524.935547; average read time: 65.616943
Total time: 587.764029, total average time: 58.776403

[2022-12-14T10:49:18] Child[69755]:
Total write time: 45.719954 seconds; average write time: 45.719954 seconds.
Total read time: 546.053518; average read time: 60.672613
Total time: 591.773472, total average time: 59.177347

[2022-12-14T10:49:19] Child[70311]:
Total write time: 69.682772 seconds; average write time: 69.682772 seconds.
Total read time: 522.877077; average read time: 58.097453
Total time: 592.559849, total average time: 59.255985

[2022-12-14T10:49:19] Child[70402]:
Total write time: 0.000000 seconds; average write time: 0.000000 seconds.
Total read time: 591.109224; average read time: 59.110922
Total time: 591.109224, total average time: 59.110922

[2022-12-14T10:49:19] Child[70514]:
Total write time: 24.390063 seconds; average write time: 12.195032 seconds.
Total read time: 569.994921; average read time: 71.249365
Total time: 594.384984, total average time: 59.438498

[2022-12-14T10:49:20] Child[70221]:
Total write time: 11.065007 seconds; average write time: 11.065007 seconds.
Total read time: 580.901837; average read time: 64.544649
Total time: 591.966844, total average time: 59.196684

[2022-12-14T10:49:20] Child[69641]:
Total write time: 123.633831 seconds; average write time: 41.211277 seconds.
Total read time: 470.026888; average read time: 67.146698
Total time: 593.660719, total average time: 59.366072

[2022-12-14T10:49:21] Child[69833]:
Total write time: 49.620119 seconds; average write time: 24.810060 seconds.
Total read time: 540.625188; average read time: 67.578148
Total time: 590.245307, total average time: 59.024531

[2022-12-14T10:49:21] Child[69802]:
Total write time: 19.607633 seconds; average write time: 19.607633 seconds.
Total read time: 575.483852; average read time: 63.942650
Total time: 595.091485, total average time: 59.509149

[2022-12-14T10:49:21] Child[69815]:
Total write time: 0.000000 seconds; average write time: 0.000000 seconds.
Total read time: 592.761065; average read time: 59.276106
Total time: 592.761065, total average time: 59.276106

[2022-12-14T10:49:21] Child[70110]:
Total write time: 217.967426 seconds; average write time: 54.491856 seconds.
Total read time: 376.076754; average read time: 62.679459
Total time: 594.044180, total average time: 59.404418

[2022-12-14T10:49:22] Child[70104]:
Total write time: 3.308609 seconds; average write time: 3.308609 seconds.
Total read time: 594.246668; average read time: 66.027408
Total time: 597.555277, total average time: 59.755528

[2022-12-14T10:49:22] Child[70506]:
Total write time: 0.000000 seconds; average write time: 0.000000 seconds.
Total read time: 590.786157; average read time: 59.078616
Total time: 590.786157, total average time: 59.078616

[2022-12-14T10:49:23] Child[70585]:
Total write time: 104.937233 seconds; average write time: 34.979078 seconds.
Total read time: 494.635411; average read time: 70.662202
Total time: 599.572644, total average time: 59.957264

[2022-12-14T10:49:24] Child[69562]:
Total write time: 0.000000 seconds; average write time: 0.000000 seconds.
Total read time: 601.171720; average read time: 60.117172
Total time: 601.171720, total average time: 60.117172

[2022-12-14T10:49:25] Child[69865]:
Total write time: 128.594224 seconds; average write time: 64.297112 seconds.
Total read time: 466.203865; average read time: 58.275483
Total time: 594.798089, total average time: 59.479809

[2022-12-14T10:49:25] Child[70373]:
Total write time: 12.847730 seconds; average write time: 12.847730 seconds.
Total read time: 578.230069; average read time: 64.247785
Total time: 591.077799, total average time: 59.107780

[2022-12-14T10:49:26] Child[70526]:
Total write time: 32.588982 seconds; average write time: 16.294491 seconds.
Total read time: 567.406006; average read time: 70.925751
Total time: 599.994988, total average time: 59.999499

[2022-12-14T10:49:27] Child[69778]:
Total write time: 3.715889 seconds; average write time: 3.715889 seconds.
Total read time: 594.906298; average read time: 66.100700
Total time: 598.622187, total average time: 59.862219

[2022-12-14T10:49:27] Child[70441]:
Total write time: 5.489273 seconds; average write time: 5.489273 seconds.
Total read time: 594.470680; average read time: 66.052298
Total time: 599.959953, total average time: 59.995995

[2022-12-14T10:49:27] Child[69726]:
Total write time: 24.592574 seconds; average write time: 12.296287 seconds.
Total read time: 572.684658; average read time: 71.585582
Total time: 597.277232, total average time: 59.727723

[2022-12-14T10:49:28] Child[70309]:
Total write time: 0.000000 seconds; average write time: 0.000000 seconds.
Total read time: 600.496600; average read time: 60.049660
Total time: 600.496600, total average time: 60.049660

[2022-12-14T10:49:28] Child[70072]:
Total write time: 38.137964 seconds; average write time: 19.068982 seconds.
Total read time: 561.437594; average read time: 70.179699
Total time: 599.575558, total average time: 59.957556

[2022-12-14T10:49:29] Child[69976]:
Total write time: 61.605691 seconds; average write time: 61.605691 seconds.
Total read time: 540.770923; average read time: 60.085658
Total time: 602.376614, total average time: 60.237661

[2022-12-14T10:49:29] Child[69622]:
Total write time: 0.000000 seconds; average write time: 0.000000 seconds.
Total read time: 601.768907; average read time: 60.176891
Total time: 601.768907, total average time: 60.176891

[2022-12-14T10:49:29] Child[70225]:
Total write time: 0.000000 seconds; average write time: 0.000000 seconds.
Total read time: 603.746267; average read time: 60.374627
Total time: 603.746267, total average time: 60.374627

[2022-12-14T10:49:30] Child[69945]:
Total write time: 0.000000 seconds; average write time: 0.000000 seconds.
Total read time: 603.541793; average read time: 60.354179
Total time: 603.541793, total average time: 60.354179

[2022-12-14T10:49:30] Child[70610]:
Total write time: 11.976783 seconds; average write time: 11.976783 seconds.
Total read time: 591.468646; average read time: 65.718738
Total time: 603.445429, total average time: 60.344543

[2022-12-14T10:49:31] Child[69592]:
Total write time: 8.248449 seconds; average write time: 8.248449 seconds.
Total read time: 595.775585; average read time: 66.197287
Total time: 604.024034, total average time: 60.402403

[2022-12-14T10:49:32] Child[69583]:
Total write time: 0.000000 seconds; average write time: 0.000000 seconds.
Total read time: 599.543262; average read time: 59.954326
Total time: 599.543262, total average time: 59.954326

[2022-12-14T10:49:32] Child[70013]:
Total write time: 80.097002 seconds; average write time: 40.048501 seconds.
Total read time: 520.035762; average read time: 65.004470
Total time: 600.132764, total average time: 60.013276

[2022-12-14T10:49:32] Child[69870]:
Total write time: 60.712305 seconds; average write time: 30.356153 seconds.
Total read time: 545.358705; average read time: 68.169838
Total time: 606.071010, total average time: 60.607101

[2022-12-14T10:49:32] Child[69923]:
Total write time: 100.352292 seconds; average write time: 100.352292 seconds.
Total read time: 503.036195; average read time: 55.892911
Total time: 603.388487, total average time: 60.338849

[2022-12-14T10:49:33] Child[69827]:
Total write time: 97.889667 seconds; average write time: 48.944834 seconds.
Total read time: 506.114249; average read time: 63.264281
Total time: 604.003916, total average time: 60.400392

[2022-12-14T10:49:34] Child[70362]:
Total write time: 34.667326 seconds; average write time: 34.667326 seconds.
Total read time: 568.758305; average read time: 63.195367
Total time: 603.425631, total average time: 60.342563

[2022-12-14T10:49:35] Child[70135]:
Total write time: 0.000000 seconds; average write time: 0.000000 seconds.
Total read time: 606.648046; average read time: 60.664805
Total time: 606.648046, total average time: 60.664805

[2022-12-14T10:49:35] Child[70049]:
Total write time: 17.960757 seconds; average write time: 17.960757 seconds.
Total read time: 593.345035; average read time: 65.927226
Total time: 611.305792, total average time: 61.130579

[2022-12-14T10:49:35] Child[70388]:
Total write time: 12.420326 seconds; average write time: 12.420326 seconds.
Total read time: 594.429883; average read time: 66.047765
Total time: 606.850209, total average time: 60.685021

[2022-12-14T10:49:35] Child[69620]:
Total write time: 0.000000 seconds; average write time: 0.000000 seconds.
Total read time: 611.239283; average read time: 61.123928
Total time: 611.239283, total average time: 61.123928

[2022-12-14T10:49:35] Child[69966]:
Total write time: 0.000000 seconds; average write time: 0.000000 seconds.
Total read time: 611.388930; average read time: 61.138893
Total time: 611.388930, total average time: 61.138893

[2022-12-14T10:49:36] Child[69937]:
Total write time: 101.178837 seconds; average write time: 25.294709 seconds.
Total read time: 506.408096; average read time: 84.401349
Total time: 607.586933, total average time: 60.758693

[2022-12-14T10:49:37] Child[70407]:
Total write time: 64.741498 seconds; average write time: 64.741498 seconds.
Total read time: 544.161040; average read time: 60.462338
Total time: 608.902538, total average time: 60.890254

[2022-12-14T10:49:38] Child[70096]:
Total write time: 1.683560 seconds; average write time: 1.683560 seconds.
Total read time: 604.211745; average read time: 67.134638
Total time: 605.895305, total average time: 60.589531

[2022-12-14T10:49:38] Child[69913]:
Total write time: 12.084178 seconds; average write time: 6.042089 seconds.
Total read time: 594.447309; average read time: 74.305914
Total time: 606.531487, total average time: 60.653149

[2022-12-14T10:49:39] Child[70333]:
Total write time: 0.000000 seconds; average write time: 0.000000 seconds.
Total read time: 608.342954; average read time: 60.834295
Total time: 608.342954, total average time: 60.834295

[2022-12-14T10:49:40] Child[69604]:
Total write time: 30.274531 seconds; average write time: 30.274531 seconds.
Total read time: 583.210676; average read time: 64.801186
Total time: 613.485207, total average time: 61.348521

[2022-12-14T10:49:40] Child[69904]:
Total write time: 75.373140 seconds; average write time: 25.124380 seconds.
Total read time: 536.496746; average read time: 76.642392
Total time: 611.869886, total average time: 61.186989

[2022-12-14T10:49:41] Child[70185]:
Total write time: 78.945944 seconds; average write time: 39.472972 seconds.
Total read time: 530.679692; average read time: 66.334962
Total time: 609.625636, total average time: 60.962564

[2022-12-14T10:49:41] Child[69573]:
Total write time: 80.256291 seconds; average write time: 26.752097 seconds.
Total read time: 533.305959; average read time: 76.186566
Total time: 613.562250, total average time: 61.356225

[2022-12-14T10:49:41] Child[69794]:
Total write time: 78.632439 seconds; average write time: 78.632439 seconds.
Total read time: 531.890505; average read time: 59.098945
Total time: 610.522944, total average time: 61.052294

[2022-12-14T10:49:42] Child[70192]:
Total write time: 89.521386 seconds; average write time: 44.760693 seconds.
Total read time: 523.207254; average read time: 65.400907
Total time: 612.728640, total average time: 61.272864

[2022-12-14T10:49:42] Child[69681]:
Total write time: 98.887299 seconds; average write time: 49.443649 seconds.
Total read time: 515.994610; average read time: 64.499326
Total time: 614.881909, total average time: 61.488191

[2022-12-14T10:49:43] Child[69836]:
Total write time: 27.833011 seconds; average write time: 27.833011 seconds.
Total read time: 586.242292; average read time: 65.138032
Total time: 614.075303, total average time: 61.407530

[2022-12-14T10:49:43] Child[69563]:
Total write time: 0.000000 seconds; average write time: 0.000000 seconds.
Total read time: 615.027419; average read time: 61.502742
Total time: 615.027419, total average time: 61.502742

[2022-12-14T10:49:43] Child[69628]:
Total write time: 19.912223 seconds; average write time: 9.956112 seconds.
Total read time: 595.843227; average read time: 74.480403
Total time: 615.755450, total average time: 61.575545

[2022-12-14T10:49:43] Child[69686]:
Total write time: 32.572709 seconds; average write time: 16.286355 seconds.
Total read time: 587.350319; average read time: 73.418790
Total time: 619.923028, total average time: 61.992303

[2022-12-14T10:49:44] Child[69642]:
Total write time: 118.502423 seconds; average write time: 59.251211 seconds.
Total read time: 501.357882; average read time: 62.669735
Total time: 619.860305, total average time: 61.986030

[2022-12-14T10:49:45] Child[69795]:
Total write time: 114.029158 seconds; average write time: 57.014579 seconds.
Total read time: 506.240718; average read time: 63.280090
Total time: 620.269876, total average time: 62.026988

[2022-12-14T10:49:46] Child[70553]:
Total write time: 0.000000 seconds; average write time: 0.000000 seconds.
Total read time: 617.512176; average read time: 61.751218
Total time: 617.512176, total average time: 61.751218

[2022-12-14T10:49:47] Child[69720]:
Total write time: 0.000000 seconds; average write time: 0.000000 seconds.
Total read time: 613.810037; average read time: 61.381004
Total time: 613.810037, total average time: 61.381004

[2022-12-14T10:49:50] Child[70394]:
Total write time: 103.604571 seconds; average write time: 103.604571 seconds.
Total read time: 523.020890; average read time: 58.113432
Total time: 626.625461, total average time: 62.662546

[2022-12-14T10:49:50] Child[70076]:
Total write time: 21.774377 seconds; average write time: 21.774377 seconds.
Total read time: 598.869410; average read time: 66.541046
Total time: 620.643787, total average time: 62.064379

[2022-12-14T10:49:50] Child[70405]:
Total write time: 0.000000 seconds; average write time: 0.000000 seconds.
Total read time: 623.966208; average read time: 62.396621
Total time: 623.966208, total average time: 62.396621

[2022-12-14T10:49:51] Child[70004]:
Total write time: 14.871714 seconds; average write time: 14.871714 seconds.
Total read time: 606.899460; average read time: 67.433273
Total time: 621.771174, total average time: 62.177117

[2022-12-14T10:49:51] Child[70323]:
Total write time: 32.147757 seconds; average write time: 10.715919 seconds.
Total read time: 592.836521; average read time: 84.690932
Total time: 624.984278, total average time: 62.498428

[2022-12-14T10:49:52] Child[69692]:
Total write time: 173.095673 seconds; average write time: 86.547837 seconds.
Total read time: 451.239851; average read time: 56.404981
Total time: 624.335524, total average time: 62.433552

[2022-12-14T10:49:52] Child[70102]:
Total write time: 0.000000 seconds; average write time: 0.000000 seconds.
Total read time: 625.706229; average read time: 62.570623
Total time: 625.706229, total average time: 62.570623

[2022-12-14T10:49:52] Child[69866]:
Total write time: 0.000000 seconds; average write time: 0.000000 seconds.
Total read time: 627.127328; average read time: 62.712733
Total time: 627.127328, total average time: 62.712733

[2022-12-14T10:49:53] Child[69874]:
Total write time: 34.796747 seconds; average write time: 11.598916 seconds.
Total read time: 592.111910; average read time: 84.587416
Total time: 626.908657, total average time: 62.690866

[2022-12-14T10:49:53] Child[69697]:
Total write time: 41.263047 seconds; average write time: 20.631524 seconds.
Total read time: 581.303863; average read time: 72.662983
Total time: 622.566910, total average time: 62.256691

[2022-12-14T10:49:53] Child[70408]:
Total write time: 21.989846 seconds; average write time: 21.989846 seconds.
Total read time: 607.091510; average read time: 67.454612
Total time: 629.081356, total average time: 62.908136

[2022-12-14T10:49:53] Child[70528]:
Total write time: 197.032882 seconds; average write time: 49.258221 seconds.
Total read time: 430.048096; average read time: 71.674683
Total time: 627.080978, total average time: 62.708098

[2022-12-14T10:49:53] Child[69959]:
Total write time: 128.895443 seconds; average write time: 64.447722 seconds.
Total read time: 495.636640; average read time: 61.954580
Total time: 624.532083, total average time: 62.453208

[2022-12-14T10:49:54] Child[69685]:
Total write time: 86.727642 seconds; average write time: 43.363821 seconds.
Total read time: 536.928541; average read time: 67.116068
Total time: 623.656183, total average time: 62.365618

[2022-12-14T10:49:54] Child[69617]:
Total write time: 58.429723 seconds; average write time: 58.429723 seconds.
Total read time: 569.166938; average read time: 63.240771
Total time: 627.596661, total average time: 62.759666

[2022-12-14T10:49:55] Child[70179]:
Total write time: 149.435619 seconds; average write time: 74.717810 seconds.
Total read time: 477.349705; average read time: 59.668713
Total time: 626.785324, total average time: 62.678532

[2022-12-14T10:49:55] Child[69982]:
Total write time: 39.438313 seconds; average write time: 19.719157 seconds.
Total read time: 583.680944; average read time: 72.960118
Total time: 623.119257, total average time: 62.311926

[2022-12-14T10:49:55] Child[70063]:
Total write time: 0.000000 seconds; average write time: 0.000000 seconds.
Total read time: 632.559307; average read time: 63.255931
Total time: 632.559307, total average time: 63.255931

[2022-12-14T10:49:55] Child[69786]:
Total write time: 0.000000 seconds; average write time: 0.000000 seconds.
Total read time: 626.591338; average read time: 62.659134
Total time: 626.591338, total average time: 62.659134

[2022-12-14T10:49:55] Child[70490]:
Total write time: 0.000000 seconds; average write time: 0.000000 seconds.
Total read time: 631.644660; average read time: 63.164466
Total time: 631.644660, total average time: 63.164466

[2022-12-14T10:49:56] Child[70055]:
Total write time: 0.000000 seconds; average write time: 0.000000 seconds.
Total read time: 628.305231; average read time: 62.830523
Total time: 628.305231, total average time: 62.830523

[2022-12-14T10:49:56] Child[69999]:
Total write time: 29.950375 seconds; average write time: 14.975188 seconds.
Total read time: 597.466210; average read time: 74.683276
Total time: 627.416585, total average time: 62.741658

[2022-12-14T10:49:56] Child[69813]:
Total write time: 7.042091 seconds; average write time: 7.042091 seconds.
Total read time: 623.011484; average read time: 69.223498
Total time: 630.053575, total average time: 63.005358

[2022-12-14T10:49:57] Child[70136]:
Total write time: 59.541679 seconds; average write time: 59.541679 seconds.
Total read time: 569.860806; average read time: 63.317867
Total time: 629.402485, total average time: 62.940249

[2022-12-14T10:49:57] Child[69693]:
Total write time: 42.726252 seconds; average write time: 42.726252 seconds.
Total read time: 588.718635; average read time: 65.413182
Total time: 631.444887, total average time: 63.144489

[2022-12-14T10:49:57] Child[70116]:
Total write time: 18.312464 seconds; average write time: 6.104155 seconds.
Total read time: 613.661351; average read time: 87.665907
Total time: 631.973815, total average time: 63.197381

[2022-12-14T10:49:57] Child[69765]:
Total write time: 40.280481 seconds; average write time: 20.140241 seconds.
Total read time: 589.799447; average read time: 73.724931
Total time: 630.079928, total average time: 63.007993

[2022-12-14T10:49:57] Child[69667]:
Total write time: 81.536189 seconds; average write time: 81.536189 seconds.
Total read time: 545.362667; average read time: 60.595852
Total time: 626.898856, total average time: 62.689886

[2022-12-14T10:49:57] Child[69867]:
Total write time: 0.000000 seconds; average write time: 0.000000 seconds.
Total read time: 632.054834; average read time: 63.205483
Total time: 632.054834, total average time: 63.205483

[2022-12-14T10:49:58] Child[69792]:
Total write time: 59.249064 seconds; average write time: 29.624532 seconds.
Total read time: 571.280219; average read time: 71.410027
Total time: 630.529283, total average time: 63.052928

[2022-12-14T10:49:58] Child[70067]:
Total write time: 64.651862 seconds; average write time: 64.651862 seconds.
Total read time: 566.171326; average read time: 62.907925
Total time: 630.823188, total average time: 63.082319

[2022-12-14T10:49:59] Child[69655]:
Total write time: 0.000000 seconds; average write time: 0.000000 seconds.
Total read time: 630.165345; average read time: 63.016534
Total time: 630.165345, total average time: 63.016534

[2022-12-14T10:50:00] Child[70074]:
Total write time: 0.000000 seconds; average write time: 0.000000 seconds.
Total read time: 634.639711; average read time: 63.463971
Total time: 634.639711, total average time: 63.463971

[2022-12-14T10:50:01] Child[69895]:
Total write time: 27.863560 seconds; average write time: 27.863560 seconds.
Total read time: 605.073894; average read time: 67.230433
Total time: 632.937454, total average time: 63.293745

[2022-12-14T10:50:01] Child[70078]:
Total write time: 121.156007 seconds; average write time: 60.578004 seconds.
Total read time: 514.936494; average read time: 64.367062
Total time: 636.092501, total average time: 63.609250

[2022-12-14T10:50:02] Child[69759]:
Total write time: 56.589117 seconds; average write time: 18.863039 seconds.
Total read time: 576.556114; average read time: 82.365159
Total time: 633.145231, total average time: 63.314523

[2022-12-14T10:50:03] Child[70564]:
Total write time: 41.172001 seconds; average write time: 20.586001 seconds.
Total read time: 595.356856; average read time: 74.419607
Total time: 636.528857, total average time: 63.652886

[2022-12-14T10:50:03] Child[70240]:
Total write time: 0.000000 seconds; average write time: 0.000000 seconds.
Total read time: 637.437777; average read time: 63.743778
Total time: 637.437777, total average time: 63.743778

[2022-12-14T10:50:03] Child[69749]:
Total write time: 0.000000 seconds; average write time: 0.000000 seconds.
Total read time: 638.543764; average read time: 63.854376
Total time: 638.543764, total average time: 63.854376

[2022-12-14T10:50:03] Child[70040]:
Total write time: 28.689166 seconds; average write time: 28.689166 seconds.
Total read time: 604.766420; average read time: 67.196269
Total time: 633.455586, total average time: 63.345559

[2022-12-14T10:50:03] Child[70572]:
Total write time: 0.000000 seconds; average write time: 0.000000 seconds.
Total read time: 632.614979; average read time: 63.261498
Total time: 632.614979, total average time: 63.261498

[2022-12-14T10:50:04] Child[69812]:
Total write time: 0.000000 seconds; average write time: 0.000000 seconds.
Total read time: 637.500113; average read time: 63.750011
Total time: 637.500113, total average time: 63.750011

[2022-12-14T10:50:04] Child[69971]:
Total write time: 24.050445 seconds; average write time: 8.016815 seconds.
Total read time: 613.558668; average read time: 87.651238
Total time: 637.609113, total average time: 63.760911

[2022-12-14T10:50:04] Child[69871]:
Total write time: 16.262711 seconds; average write time: 16.262711 seconds.
Total read time: 617.776269; average read time: 68.641808
Total time: 634.038980, total average time: 63.403898

[2022-12-14T10:50:05] Child[69595]:
Total write time: 27.237418 seconds; average write time: 13.618709 seconds.
Total read time: 608.675683; average read time: 76.084460
Total time: 635.913101, total average time: 63.591310

[2022-12-14T10:50:05] Child[69643]:
Total write time: 0.000000 seconds; average write time: 0.000000 seconds.
Total read time: 635.374934; average read time: 63.537493
Total time: 635.374934, total average time: 63.537493

[2022-12-14T10:50:06] Child[69885]:
Total write time: 10.021083 seconds; average write time: 10.021083 seconds.
Total read time: 624.570660; average read time: 69.396740
Total time: 634.591743, total average time: 63.459174

[2022-12-14T10:50:06] Child[70595]:
Total write time: 3.662585 seconds; average write time: 3.662585 seconds.
Total read time: 635.841467; average read time: 70.649052
Total time: 639.504052, total average time: 63.950405

[2022-12-14T10:50:06] Child[69984]:
Total write time: 181.248472 seconds; average write time: 60.416157 seconds.
Total read time: 454.927048; average read time: 64.989578
Total time: 636.175520, total average time: 63.617552

[2022-12-14T10:50:07] Child[70574]:
Total write time: 81.380455 seconds; average write time: 81.380455 seconds.
Total read time: 553.959286; average read time: 61.551032
Total time: 635.339741, total average time: 63.533974

[2022-12-14T10:50:07] Child[69739]:
Total write time: 0.000000 seconds; average write time: 0.000000 seconds.
Total read time: 640.086771; average read time: 64.008677
Total time: 640.086771, total average time: 64.008677

[2022-12-14T10:50:08] Child[70117]:
Total write time: 0.000000 seconds; average write time: 0.000000 seconds.
Total read time: 635.187971; average read time: 63.518797
Total time: 635.187971, total average time: 63.518797

[2022-12-14T10:50:09] Child[69718]:
Total write time: 2.889733 seconds; average write time: 2.889733 seconds.
Total read time: 633.819717; average read time: 70.424413
Total time: 636.709450, total average time: 63.670945

[2022-12-14T10:50:09] Child[69671]:
Total write time: 44.178553 seconds; average write time: 22.089277 seconds.
Total read time: 596.999300; average read time: 74.624912
Total time: 641.177853, total average time: 64.117785

[2022-12-14T10:50:09] Child[69775]:
Total write time: 0.000000 seconds; average write time: 0.000000 seconds.
Total read time: 639.467795; average read time: 63.946779
Total time: 639.467795, total average time: 63.946779

[2022-12-14T10:50:10] Child[70017]:
Total write time: 0.000000 seconds; average write time: 0.000000 seconds.
Total read time: 640.236091; average read time: 64.023609
Total time: 640.236091, total average time: 64.023609

[2022-12-14T10:50:10] Child[69893]:
Total write time: 11.089672 seconds; average write time: 11.089672 seconds.
Total read time: 631.859631; average read time: 70.206626
Total time: 642.949303, total average time: 64.294930

[2022-12-14T10:50:10] Child[70354]:
Total write time: 0.000000 seconds; average write time: 0.000000 seconds.
Total read time: 643.360585; average read time: 64.336058
Total time: 643.360585, total average time: 64.336058

[2022-12-14T10:50:10] Child[70058]:
Total write time: 80.919231 seconds; average write time: 80.919231 seconds.
Total read time: 563.243927; average read time: 62.582659
Total time: 644.163158, total average time: 64.416316

[2022-12-14T10:50:10] Child[69880]:
Total write time: 53.421944 seconds; average write time: 26.710972 seconds.
Total read time: 590.519238; average read time: 73.814905
Total time: 643.941182, total average time: 64.394118

[2022-12-14T10:50:10] Child[70609]:
Total write time: 69.098798 seconds; average write time: 34.549399 seconds.
Total read time: 570.096860; average read time: 71.262107
Total time: 639.195658, total average time: 63.919566

[2022-12-14T10:50:11] Child[69713]:
Total write time: 37.598263 seconds; average write time: 18.799132 seconds.
Total read time: 603.054344; average read time: 75.381793
Total time: 640.652607, total average time: 64.065261

[2022-12-14T10:50:11] Child[69998]:
Total write time: 30.747157 seconds; average write time: 30.747157 seconds.
Total read time: 610.062896; average read time: 67.784766
Total time: 640.810053, total average time: 64.081005

[2022-12-14T10:50:11] Child[69926]:
Total write time: 0.000000 seconds; average write time: 0.000000 seconds.
Total read time: 644.815999; average read time: 64.481600
Total time: 644.815999, total average time: 64.481600

[2022-12-14T10:50:12] Child[70121]:
Total write time: 0.000000 seconds; average write time: 0.000000 seconds.
Total read time: 645.159382; average read time: 64.515938
Total time: 645.159382, total average time: 64.515938

[2022-12-14T10:50:12] Child[70527]:
Total write time: 0.000000 seconds; average write time: 0.000000 seconds.
Total read time: 641.644466; average read time: 64.164447
Total time: 641.644466, total average time: 64.164447

[2022-12-14T10:50:12] Child[69919]:
Total write time: 58.148556 seconds; average write time: 58.148556 seconds.
Total read time: 585.441185; average read time: 65.049021
Total time: 643.589741, total average time: 64.358974

[2022-12-14T10:50:12] Child[69668]:
Total write time: 0.000000 seconds; average write time: 0.000000 seconds.
Total read time: 646.514742; average read time: 64.651474
Total time: 646.514742, total average time: 64.651474

[2022-12-14T10:50:12] Child[70157]:
Total write time: 13.459937 seconds; average write time: 13.459937 seconds.
Total read time: 634.087085; average read time: 70.454121
Total time: 647.547022, total average time: 64.754702

[2022-12-14T10:50:12] Child[70608]:
Total write time: 0.000000 seconds; average write time: 0.000000 seconds.
Total read time: 644.945839; average read time: 64.494584
Total time: 644.945839, total average time: 64.494584

[2022-12-14T10:50:12] Child[70253]:
Total write time: 54.145083 seconds; average write time: 54.145083 seconds.
Total read time: 594.067433; average read time: 66.007493
Total time: 648.212516, total average time: 64.821252

[2022-12-14T10:50:13] Child[69936]:
Total write time: 5.784178 seconds; average write time: 5.784178 seconds.
Total read time: 641.280587; average read time: 71.253399
Total time: 647.064765, total average time: 64.706476

[2022-12-14T10:50:13] Child[69576]:
Total write time: 76.447349 seconds; average write time: 25.482450 seconds.
Total read time: 570.946234; average read time: 81.563748
Total time: 647.393583, total average time: 64.739358

[2022-12-14T10:50:15] Child[69796]:
Total write time: 22.177960 seconds; average write time: 22.177960 seconds.
Total read time: 624.931576; average read time: 69.436842
Total time: 647.109536, total average time: 64.710954

[2022-12-14T10:50:15] Child[70234]:
Total write time: 73.250474 seconds; average write time: 73.250474 seconds.
Total read time: 571.327076; average read time: 63.480786
Total time: 644.577550, total average time: 64.457755

[2022-12-14T10:50:15] Child[70542]:
Total write time: 17.421733 seconds; average write time: 5.807244 seconds.
Total read time: 631.759344; average read time: 90.251335
Total time: 649.181077, total average time: 64.918108

[2022-12-14T10:50:15] Child[70324]:
Total write time: 18.098706 seconds; average write time: 18.098706 seconds.
Total read time: 628.834130; average read time: 69.870459
Total time: 646.932836, total average time: 64.693284

[2022-12-14T10:50:16] Child[70107]:
Total write time: 0.000000 seconds; average write time: 0.000000 seconds.
Total read time: 645.942585; average read time: 64.594258
Total time: 645.942585, total average time: 64.594258

[2022-12-14T10:50:16] Child[69916]:
Total write time: 0.000000 seconds; average write time: 0.000000 seconds.
Total read time: 649.354327; average read time: 64.935433
Total time: 649.354327, total average time: 64.935433

[2022-12-14T10:50:17] Child[70401]:
Total write time: 47.051778 seconds; average write time: 47.051778 seconds.
Total read time: 603.188677; average read time: 67.020964
Total time: 650.240455, total average time: 65.024045

[2022-12-14T10:50:17] Child[69674]:
Total write time: 59.473105 seconds; average write time: 59.473105 seconds.
Total read time: 589.305453; average read time: 65.478384
Total time: 648.778558, total average time: 64.877856

[2022-12-14T10:50:17] Child[70145]:
Total write time: 23.465669 seconds; average write time: 23.465669 seconds.
Total read time: 624.692019; average read time: 69.410224
Total time: 648.157688, total average time: 64.815769

[2022-12-14T10:50:18] Child[70158]:
Total write time: 0.000000 seconds; average write time: 0.000000 seconds.
Total read time: 652.140373; average read time: 65.214037
Total time: 652.140373, total average time: 65.214037

[2022-12-14T10:50:18] Child[70126]:
Total write time: 148.482584 seconds; average write time: 74.241292 seconds.
Total read time: 502.066471; average read time: 62.758309
Total time: 650.549055, total average time: 65.054906

[2022-12-14T10:50:18] Child[70588]:
Total write time: 0.000000 seconds; average write time: 0.000000 seconds.
Total read time: 648.628014; average read time: 64.862801
Total time: 648.628014, total average time: 64.862801

[2022-12-14T10:50:19] Child[70554]:
Total write time: 46.425830 seconds; average write time: 46.425830 seconds.
Total read time: 603.542573; average read time: 67.060286
Total time: 649.968403, total average time: 64.996840

[2022-12-14T10:50:20] Child[69842]:
Total write time: 8.235975 seconds; average write time: 8.235975 seconds.
Total read time: 641.359569; average read time: 71.262174
Total time: 649.595544, total average time: 64.959554

[2022-12-14T10:50:20] Child[70403]:
Total write time: 105.843651 seconds; average write time: 35.281217 seconds.
Total read time: 543.157708; average read time: 77.593958
Total time: 649.001359, total average time: 64.900136

[2022-12-14T10:50:20] Child[70291]:
Total write time: 153.826621 seconds; average write time: 51.275540 seconds.
Total read time: 499.179807; average read time: 71.311401
Total time: 653.006428, total average time: 65.300643

[2022-12-14T10:50:21] Child[70577]:
Total write time: 0.000000 seconds; average write time: 0.000000 seconds.
Total read time: 653.799812; average read time: 65.379981
Total time: 653.799812, total average time: 65.379981

[2022-12-14T10:50:21] Child[69806]:
Total write time: 36.294445 seconds; average write time: 36.294445 seconds.
Total read time: 616.149384; average read time: 68.461043
Total time: 652.443829, total average time: 65.244383

[2022-12-14T10:50:22] Child[69703]:
Total write time: 0.000000 seconds; average write time: 0.000000 seconds.
Total read time: 653.564501; average read time: 65.356450
Total time: 653.564501, total average time: 65.356450

[2022-12-14T10:50:22] Child[70413]:
Total write time: 14.403526 seconds; average write time: 14.403526 seconds.
Total read time: 638.048879; average read time: 70.894320
Total time: 652.452405, total average time: 65.245240

[2022-12-14T10:50:23] Child[70233]:
Total write time: 0.000000 seconds; average write time: 0.000000 seconds.
Total read time: 652.730623; average read time: 65.273062
Total time: 652.730623, total average time: 65.273062

[2022-12-14T10:50:24] Child[70369]:
Total write time: 41.945379 seconds; average write time: 20.972690 seconds.
Total read time: 611.084616; average read time: 76.385577
Total time: 653.029995, total average time: 65.302999

[2022-12-14T10:50:25] Child[70202]:
Total write time: 62.939500 seconds; average write time: 62.939500 seconds.
Total read time: 593.622116; average read time: 65.958013
Total time: 656.561616, total average time: 65.656162

[2022-12-14T10:50:25] Child[69740]:
Total write time: 233.458507 seconds; average write time: 116.729253 seconds.
Total read time: 423.492039; average read time: 52.936505
Total time: 656.950546, total average time: 65.695055

[2022-12-14T10:50:25] Child[70589]:
Total write time: 49.218568 seconds; average write time: 49.218568 seconds.
Total read time: 606.966187; average read time: 67.440687
Total time: 656.184755, total average time: 65.618476

[2022-12-14T10:50:25] Child[70256]:
Total write time: 107.980250 seconds; average write time: 53.990125 seconds.
Total read time: 548.217528; average read time: 68.527191
Total time: 656.197778, total average time: 65.619778

[2022-12-14T10:50:26] Child[70365]:
Total write time: 53.871560 seconds; average write time: 26.935780 seconds.
Total read time: 607.651330; average read time: 75.956416
Total time: 661.522890, total average time: 66.152289

[2022-12-14T10:50:26] Child[70206]:
Total write time: 74.424565 seconds; average write time: 37.212283 seconds.
Total read time: 585.262096; average read time: 73.157762
Total time: 659.686661, total average time: 65.968666

[2022-12-14T10:50:27] Child[70113]:
Total write time: 0.617838 seconds; average write time: 0.617838 seconds.
Total read time: 656.910427; average read time: 72.990047
Total time: 657.528265, total average time: 65.752826

[2022-12-14T10:50:27] Child[69661]:
Total write time: 4.816994 seconds; average write time: 4.816994 seconds.
Total read time: 655.076518; average read time: 72.786280
Total time: 659.893512, total average time: 65.989351

[2022-12-14T10:50:27] Child[70337]:
Total write time: 6.941021 seconds; average write time: 6.941021 seconds.
Total read time: 653.508796; average read time: 72.612088
Total time: 660.449817, total average time: 66.044982

[2022-12-14T10:50:27] Child[70038]:
Total write time: 0.000000 seconds; average write time: 0.000000 seconds.
Total read time: 659.829392; average read time: 65.982939
Total time: 659.829392, total average time: 65.982939

[2022-12-14T10:50:28] Child[70334]:
Total write time: 0.000000 seconds; average write time: 0.000000 seconds.
Total read time: 658.432575; average read time: 65.843258
Total time: 658.432575, total average time: 65.843258

[2022-12-14T10:50:28] Child[70140]:
Total write time: 0.000000 seconds; average write time: 0.000000 seconds.
Total read time: 657.756943; average read time: 65.775694
Total time: 657.756943, total average time: 65.775694

[2022-12-14T10:50:28] Child[70047]:
Total write time: 0.000000 seconds; average write time: 0.000000 seconds.
Total read time: 656.195985; average read time: 65.619598
Total time: 656.195985, total average time: 65.619598

[2022-12-14T10:50:28] Child[69656]:
Total write time: 105.672837 seconds; average write time: 52.836419 seconds.
Total read time: 554.692764; average read time: 69.336596
Total time: 660.365601, total average time: 66.036560

[2022-12-14T10:50:28] Child[70350]:
Total write time: 117.854540 seconds; average write time: 58.927270 seconds.
Total read time: 542.277701; average read time: 67.784713
Total time: 660.132241, total average time: 66.013224

[2022-12-14T10:50:28] Child[69829]:
Total write time: 142.266596 seconds; average write time: 71.133298 seconds.
Total read time: 519.920576; average read time: 64.990072
Total time: 662.187172, total average time: 66.218717

[2022-12-14T10:50:29] Child[69745]:
Total write time: 87.468751 seconds; average write time: 43.734375 seconds.
Total read time: 575.852560; average read time: 71.981570
Total time: 663.321311, total average time: 66.332131

[2022-12-14T10:50:29] Child[70057]:
Total write time: 9.898516 seconds; average write time: 9.898516 seconds.
Total read time: 652.106194; average read time: 72.456244
Total time: 662.004710, total average time: 66.200471

[2022-12-14T10:50:29] Child[70130]:
Total write time: 0.000000 seconds; average write time: 0.000000 seconds.
Total read time: 662.558589; average read time: 66.255859
Total time: 662.558589, total average time: 66.255859

[2022-12-14T10:50:29] Child[69968]:
Total write time: 103.479118 seconds; average write time: 34.493039 seconds.
Total read time: 558.874037; average read time: 79.839148
Total time: 662.353155, total average time: 66.235315

[2022-12-14T10:50:29] Child[70376]:
Total write time: 0.000000 seconds; average write time: 0.000000 seconds.
Total read time: 663.454185; average read time: 66.345418
Total time: 663.454185, total average time: 66.345418

[2022-12-14T10:50:30] Child[70398]:
Total write time: 12.559365 seconds; average write time: 12.559365 seconds.
Total read time: 652.717883; average read time: 72.524209
Total time: 665.277248, total average time: 66.527725

[2022-12-14T10:50:30] Child[70237]:
Total write time: 65.270889 seconds; average write time: 65.270889 seconds.
Total read time: 593.328394; average read time: 65.925377
Total time: 658.599283, total average time: 65.859928

[2022-12-14T10:50:31] Child[69920]:
Total write time: 110.885183 seconds; average write time: 55.442591 seconds.
Total read time: 549.452789; average read time: 68.681599
Total time: 660.337972, total average time: 66.033797

[2022-12-14T10:50:31] Child[70519]:
Total write time: 0.000000 seconds; average write time: 0.000000 seconds.
Total read time: 667.098616; average read time: 66.709862
Total time: 667.098616, total average time: 66.709862

[2022-12-14T10:50:31] Child[70374]:
Total write time: 42.051313 seconds; average write time: 42.051313 seconds.
Total read time: 623.839986; average read time: 69.315554
Total time: 665.891299, total average time: 66.589130

[2022-12-14T10:50:32] Child[70375]:
Total write time: 0.000000 seconds; average write time: 0.000000 seconds.
Total read time: 660.274925; average read time: 66.027492
Total time: 660.274925, total average time: 66.027492

[2022-12-14T10:50:33] Child[70436]:
Total write time: 0.000000 seconds; average write time: 0.000000 seconds.
Total read time: 664.196829; average read time: 66.419683
Total time: 664.196829, total average time: 66.419683

[2022-12-14T10:50:33] Child[69608]:
Total write time: 0.000000 seconds; average write time: 0.000000 seconds.
Total read time: 667.605454; average read time: 66.760545
Total time: 667.605454, total average time: 66.760545

[2022-12-14T10:50:33] Child[70199]:
Total write time: 10.047115 seconds; average write time: 10.047115 seconds.
Total read time: 656.046149; average read time: 72.894017
Total time: 666.093264, total average time: 66.609326

[2022-12-14T10:50:34] Child[69654]:
Total write time: 39.807779 seconds; average write time: 39.807779 seconds.
Total read time: 624.880167; average read time: 69.431130
Total time: 664.687946, total average time: 66.468795

[2022-12-14T10:50:34] Child[69889]:
Total write time: 12.650591 seconds; average write time: 12.650591 seconds.
Total read time: 651.242003; average read time: 72.360223
Total time: 663.892594, total average time: 66.389259

[2022-12-14T10:50:34] Child[70099]:
Total write time: 167.539390 seconds; average write time: 55.846463 seconds.
Total read time: 500.780164; average read time: 71.540023
Total time: 668.319554, total average time: 66.831955

[2022-12-14T10:50:34] Child[70336]:
Total write time: 115.248425 seconds; average write time: 38.416142 seconds.
Total read time: 550.316879; average read time: 78.616697
Total time: 665.565304, total average time: 66.556530

[2022-12-14T10:50:35] Child[69750]:
Total write time: 27.887892 seconds; average write time: 27.887892 seconds.
Total read time: 639.858400; average read time: 71.095378
Total time: 667.746292, total average time: 66.774629

[2022-12-14T10:50:35] Child[70246]:
Total write time: 5.775675 seconds; average write time: 5.775675 seconds.
Total read time: 665.008149; average read time: 73.889794
Total time: 670.783824, total average time: 67.078382

[2022-12-14T10:50:35] Child[70399]:
Total write time: 82.833887 seconds; average write time: 41.416944 seconds.
Total read time: 582.452079; average read time: 72.806510
Total time: 665.285966, total average time: 66.528597

[2022-12-14T10:50:35] Child[70556]:
Total write time: 128.821959 seconds; average write time: 64.410979 seconds.
Total read time: 540.117051; average read time: 67.514631
Total time: 668.939010, total average time: 66.893901

[2022-12-14T10:50:35] Child[69777]:
Total write time: 6.778613 seconds; average write time: 6.778613 seconds.
Total read time: 661.587864; average read time: 73.509763
Total time: 668.366477, total average time: 66.836648

[2022-12-14T10:50:35] Child[69981]:
Total write time: 0.000000 seconds; average write time: 0.000000 seconds.
Total read time: 666.499294; average read time: 66.649929
Total time: 666.499294, total average time: 66.649929

[2022-12-14T10:50:36] Child[69633]:
Total write time: 61.709897 seconds; average write time: 61.709897 seconds.
Total read time: 610.017363; average read time: 67.779707
Total time: 671.727260, total average time: 67.172726

[2022-12-14T10:50:36] Child[70327]:
Total write time: 0.000000 seconds; average write time: 0.000000 seconds.
Total read time: 669.926839; average read time: 66.992684
Total time: 669.926839, total average time: 66.992684

[2022-12-14T10:50:37] Child[70061]:
Total write time: 0.000000 seconds; average write time: 0.000000 seconds.
Total read time: 670.843892; average read time: 67.084389
Total time: 670.843892, total average time: 67.084389

[2022-12-14T10:50:38] Child[70509]:
Total write time: 137.639954 seconds; average write time: 45.879985 seconds.
Total read time: 532.444906; average read time: 76.063558
Total time: 670.084860, total average time: 67.008486

[2022-12-14T10:50:38] Child[69640]:
Total write time: 0.000000 seconds; average write time: 0.000000 seconds.
Total read time: 670.939789; average read time: 67.093979
Total time: 670.939789, total average time: 67.093979

[2022-12-14T10:50:39] Child[69660]:
Total write time: 0.000000 seconds; average write time: 0.000000 seconds.
Total read time: 673.553450; average read time: 67.355345
Total time: 673.553450, total average time: 67.355345

[2022-12-14T10:50:39] Child[69588]:
Total write time: 0.200867 seconds; average write time: 0.200867 seconds.
Total read time: 672.705552; average read time: 74.745061
Total time: 672.906419, total average time: 67.290642

[2022-12-14T10:50:39] Child[69985]:
Total write time: 10.011365 seconds; average write time: 10.011365 seconds.
Total read time: 664.709513; average read time: 73.856613
Total time: 674.720878, total average time: 67.472088

[2022-12-14T10:50:39] Child[70025]:
Total write time: 88.948039 seconds; average write time: 88.948039 seconds.
Total read time: 583.683628; average read time: 64.853736
Total time: 672.631667, total average time: 67.263167

[2022-12-14T10:50:39] Child[70306]:
Total write time: 105.828074 seconds; average write time: 35.276025 seconds.
Total read time: 566.981353; average read time: 80.997336
Total time: 672.809427, total average time: 67.280943

[2022-12-14T10:50:40] Child[70477]:
Total write time: 50.974887 seconds; average write time: 50.974887 seconds.
Total read time: 619.502526; average read time: 68.833614
Total time: 670.477413, total average time: 67.047741

[2022-12-14T10:50:41] Child[70579]:
Total write time: 0.318561 seconds; average write time: 0.318561 seconds.
Total read time: 668.510022; average read time: 74.278891
Total time: 668.828583, total average time: 66.882858

[2022-12-14T10:50:41] Child[69646]:
Total write time: 9.224171 seconds; average write time: 9.224171 seconds.
Total read time: 664.811281; average read time: 73.867920
Total time: 674.035452, total average time: 67.403545

[2022-12-14T10:50:41] Child[70325]:
Total write time: 0.000000 seconds; average write time: 0.000000 seconds.
Total read time: 675.515425; average read time: 67.551542
Total time: 675.515425, total average time: 67.551542

[2022-12-14T10:50:42] Child[69767]:
Total write time: 9.170421 seconds; average write time: 9.170421 seconds.
Total read time: 667.342529; average read time: 74.149170
Total time: 676.512950, total average time: 67.651295

[2022-12-14T10:50:43] Child[69882]:
Total write time: 54.749415 seconds; average write time: 27.374707 seconds.
Total read time: 621.623750; average read time: 77.702969
Total time: 676.373165, total average time: 67.637316

[2022-12-14T10:50:44] Child[69957]:
Total write time: 6.865733 seconds; average write time: 6.865733 seconds.
Total read time: 672.858744; average read time: 74.762083
Total time: 679.724477, total average time: 67.972448

[2022-12-14T10:50:44] Child[69602]:
Total write time: 59.869519 seconds; average write time: 29.934759 seconds.
Total read time: 619.060746; average read time: 77.382593
Total time: 678.930265, total average time: 67.893027

[2022-12-14T10:50:44] Child[70541]:
Total write time: 0.000000 seconds; average write time: 0.000000 seconds.
Total read time: 674.212858; average read time: 67.421286
Total time: 674.212858, total average time: 67.421286

[2022-12-14T10:50:44] Child[70212]:
Total write time: 0.000000 seconds; average write time: 0.000000 seconds.
Total read time: 678.597699; average read time: 67.859770
Total time: 678.597699, total average time: 67.859770

[2022-12-14T10:50:45] Child[70464]:
Total write time: 7.121799 seconds; average write time: 3.560900 seconds.
Total read time: 670.217784; average read time: 83.777223
Total time: 677.339583, total average time: 67.733958

[2022-12-14T10:50:45] Child[70094]:
Total write time: 67.526470 seconds; average write time: 33.763235 seconds.
Total read time: 609.376829; average read time: 76.172104
Total time: 676.903299, total average time: 67.690330

[2022-12-14T10:50:45] Child[69776]:
Total write time: 81.560651 seconds; average write time: 40.780325 seconds.
Total read time: 598.667322; average read time: 74.833415
Total time: 680.227973, total average time: 68.022797

[2022-12-14T10:50:46] Child[70550]:
Total write time: 28.960908 seconds; average write time: 28.960908 seconds.
Total read time: 648.790382; average read time: 72.087820
Total time: 677.751290, total average time: 67.775129

[2022-12-14T10:50:46] Child[70600]:
Total write time: 63.630240 seconds; average write time: 31.815120 seconds.
Total read time: 613.887769; average read time: 76.735971
Total time: 677.518009, total average time: 67.751801

[2022-12-14T10:50:47] Child[69652]:
Total write time: 21.674442 seconds; average write time: 21.674442 seconds.
Total read time: 656.920270; average read time: 72.991141
Total time: 678.594712, total average time: 67.859471

[2022-12-14T10:50:47] Child[70568]:
Total write time: 137.866263 seconds; average write time: 68.933132 seconds.
Total read time: 541.364610; average read time: 67.670576
Total time: 679.230873, total average time: 67.923087

[2022-12-14T10:50:47] Child[70316]:
Total write time: 0.000000 seconds; average write time: 0.000000 seconds.
Total read time: 678.108139; average read time: 67.810814
Total time: 678.108139, total average time: 67.810814

[2022-12-14T10:50:47] Child[69591]:
Total write time: 0.000000 seconds; average write time: 0.000000 seconds.
Total read time: 680.784983; average read time: 68.078498
Total time: 680.784983, total average time: 68.078498

[2022-12-14T10:50:47] Child[70430]:
Total write time: 0.000000 seconds; average write time: 0.000000 seconds.
Total read time: 678.048864; average read time: 67.804886
Total time: 678.048864, total average time: 67.804886

[2022-12-14T10:50:47] Child[70287]:
Total write time: 0.000000 seconds; average write time: 0.000000 seconds.
Total read time: 676.645546; average read time: 67.664555
Total time: 676.645546, total average time: 67.664555

[2022-12-14T10:50:47] Child[70189]:
Total write time: 0.000000 seconds; average write time: 0.000000 seconds.
Total read time: 676.753762; average read time: 67.675376
Total time: 676.753762, total average time: 67.675376

[2022-12-14T10:50:47] Child[70571]:
Total write time: 13.347830 seconds; average write time: 6.673915 seconds.
Total read time: 666.337296; average read time: 83.292162
Total time: 679.685126, total average time: 67.968513

[2022-12-14T10:50:47] Child[69644]:
Total write time: 0.000000 seconds; average write time: 0.000000 seconds.
Total read time: 682.406474; average read time: 68.240647
Total time: 682.406474, total average time: 68.240647

[2022-12-14T10:50:47] Child[69724]:
Total write time: 64.328644 seconds; average write time: 64.328644 seconds.
Total read time: 616.723237; average read time: 68.524804
Total time: 681.051881, total average time: 68.105188

[2022-12-14T10:50:48] Child[70003]:
Total write time: 72.243412 seconds; average write time: 72.243412 seconds.
Total read time: 605.459909; average read time: 67.273323
Total time: 677.703321, total average time: 67.770332

[2022-12-14T10:50:48] Child[69662]:
Total write time: 82.635447 seconds; average write time: 82.635447 seconds.
Total read time: 600.362269; average read time: 66.706919
Total time: 682.997716, total average time: 68.299772

[2022-12-14T10:50:48] Child[69670]:
Total write time: 22.734183 seconds; average write time: 11.367092 seconds.
Total read time: 658.868808; average read time: 82.358601
Total time: 681.602991, total average time: 68.160299

[2022-12-14T10:50:49] Child[69856]:
Total write time: 11.369311 seconds; average write time: 11.369311 seconds.
Total read time: 670.943346; average read time: 74.549261
Total time: 682.312657, total average time: 68.231266

[2022-12-14T10:50:49] Child[69914]:
Total write time: 12.501545 seconds; average write time: 6.250773 seconds.
Total read time: 669.689856; average read time: 83.711232
Total time: 682.191401, total average time: 68.219140

[2022-12-14T10:50:49] Child[70500]:
Total write time: 128.048097 seconds; average write time: 64.024049 seconds.
Total read time: 554.353851; average read time: 69.294231
Total time: 682.401948, total average time: 68.240195

[2022-12-14T10:50:49] Child[70103]:
Total write time: 32.088303 seconds; average write time: 32.088303 seconds.
Total read time: 648.467607; average read time: 72.051956
Total time: 680.555910, total average time: 68.055591

[2022-12-14T10:50:50] Child[70190]:
Total write time: 25.572222 seconds; average write time: 25.572222 seconds.
Total read time: 656.270576; average read time: 72.918953
Total time: 681.842798, total average time: 68.184280

[2022-12-14T10:50:50] Child[70551]:
Total write time: 96.145709 seconds; average write time: 96.145709 seconds.
Total read time: 584.856804; average read time: 64.984089
Total time: 681.002513, total average time: 68.100251

[2022-12-14T10:50:50] Child[69669]:
Total write time: 103.902672 seconds; average write time: 51.951336 seconds.
Total read time: 578.715222; average read time: 72.339403
Total time: 682.617894, total average time: 68.261789

[2022-12-14T10:50:51] Child[70501]:
Total write time: 118.076896 seconds; average write time: 39.358965 seconds.
Total read time: 564.772281; average read time: 80.681754
Total time: 682.849177, total average time: 68.284918

[2022-12-14T10:50:51] Child[69798]:
Total write time: 0.000000 seconds; average write time: 0.000000 seconds.
Total read time: 681.185202; average read time: 68.118520
Total time: 681.185202, total average time: 68.118520

[2022-12-14T10:50:51] Child[70533]:
Total write time: 48.529549 seconds; average write time: 24.264775 seconds.
Total read time: 634.997753; average read time: 79.374719
Total time: 683.527302, total average time: 68.352730

[2022-12-14T10:50:52] Child[70054]:
Total write time: 0.000000 seconds; average write time: 0.000000 seconds.
Total read time: 680.231242; average read time: 68.023124
Total time: 680.231242, total average time: 68.023124

[2022-12-14T10:50:52] Child[70547]:
Total write time: 122.834515 seconds; average write time: 40.944838 seconds.
Total read time: 561.872655; average read time: 80.267522
Total time: 684.707170, total average time: 68.470717

[2022-12-14T10:50:52] Child[70048]:
Total write time: 11.948885 seconds; average write time: 11.948885 seconds.
Total read time: 675.356803; average read time: 75.039645
Total time: 687.305688, total average time: 68.730569

[2022-12-14T10:50:53] Child[70101]:
Total write time: 72.292130 seconds; average write time: 24.097377 seconds.
Total read time: 615.871821; average read time: 87.981689
Total time: 688.163951, total average time: 68.816395

[2022-12-14T10:50:54] Child[70216]:
Total write time: 0.000000 seconds; average write time: 0.000000 seconds.
Total read time: 684.430784; average read time: 68.443078
Total time: 684.430784, total average time: 68.443078

[2022-12-14T10:50:54] Child[69820]:
Total write time: 1.835258 seconds; average write time: 1.835258 seconds.
Total read time: 682.830451; average read time: 75.870050
Total time: 684.665709, total average time: 68.466571

[2022-12-14T10:50:54] Child[70052]:
Total write time: 29.547766 seconds; average write time: 29.547766 seconds.
Total read time: 660.697401; average read time: 73.410822
Total time: 690.245167, total average time: 69.024517

[2022-12-14T10:50:54] Child[69585]:
Total write time: 6.325427 seconds; average write time: 6.325427 seconds.
Total read time: 681.028366; average read time: 75.669818
Total time: 687.353793, total average time: 68.735379

[2022-12-14T10:50:54] Child[70460]:
Total write time: 101.865927 seconds; average write time: 101.865927 seconds.
Total read time: 587.841770; average read time: 65.315752
Total time: 689.707697, total average time: 68.970770

[2022-12-14T10:50:54] Child[70020]:
Total write time: 134.673735 seconds; average write time: 67.336867 seconds.
Total read time: 553.172625; average read time: 69.146578
Total time: 687.846360, total average time: 68.784636

[2022-12-14T10:50:54] Child[69610]:
Total write time: 74.489467 seconds; average write time: 74.489467 seconds.
Total read time: 612.004281; average read time: 68.000476
Total time: 686.493748, total average time: 68.649375

[2022-12-14T10:50:55] Child[70039]:
Total write time: 3.828340 seconds; average write time: 1.914170 seconds.
Total read time: 682.952528; average read time: 85.369066
Total time: 686.780868, total average time: 68.678087

[2022-12-14T10:50:55] Child[70161]:
Total write time: 0.000000 seconds; average write time: 0.000000 seconds.
Total read time: 689.936258; average read time: 68.993626
Total time: 689.936258, total average time: 68.993626

[2022-12-14T10:50:56] Child[70601]:
Total write time: 116.157928 seconds; average write time: 58.078964 seconds.
Total read time: 573.038084; average read time: 71.629761
Total time: 689.196012, total average time: 68.919601

[2022-12-14T10:50:56] Child[70138]:
Total write time: 114.843482 seconds; average write time: 114.843482 seconds.
Total read time: 570.239376; average read time: 63.359931
Total time: 685.082858, total average time: 68.508286

[2022-12-14T10:50:57] Child[70359]:
Total write time: 20.958447 seconds; average write time: 20.958447 seconds.
Total read time: 666.419628; average read time: 74.046625
Total time: 687.378075, total average time: 68.737808

[2022-12-14T10:50:57] Child[70033]:
Total write time: 0.000000 seconds; average write time: 0.000000 seconds.
Total read time: 687.775481; average read time: 68.777548
Total time: 687.775481, total average time: 68.777548

[2022-12-14T10:50:57] Child[70496]:
Total write time: 0.000000 seconds; average write time: 0.000000 seconds.
Total read time: 690.632527; average read time: 69.063253
Total time: 690.632527, total average time: 69.063253

[2022-12-14T10:50:57] Child[69618]:
Total write time: 73.344688 seconds; average write time: 73.344688 seconds.
Total read time: 617.446683; average read time: 68.605187
Total time: 690.791371, total average time: 69.079137

[2022-12-14T10:50:57] Child[69851]:
Total write time: 0.000000 seconds; average write time: 0.000000 seconds.
Total read time: 687.074934; average read time: 68.707493
Total time: 687.074934, total average time: 68.707493

[2022-12-14T10:50:57] Child[70504]:
Total write time: 54.458862 seconds; average write time: 54.458862 seconds.
Total read time: 633.847815; average read time: 70.427535
Total time: 688.306677, total average time: 68.830668

[2022-12-14T10:50:57] Child[69571]:
Total write time: 0.000004 seconds; average write time: 0.000004 seconds.
Total read time: 686.135189; average read time: 76.237243
Total time: 686.135193, total average time: 68.613519

[2022-12-14T10:50:58] Child[70075]:
Total write time: 0.000000 seconds; average write time: 0.000000 seconds.
Total read time: 689.326245; average read time: 68.932625
Total time: 689.326245, total average time: 68.932625

[2022-12-14T10:50:58] Child[70083]:
Total write time: 48.587476 seconds; average write time: 24.293738 seconds.
Total read time: 639.215167; average read time: 79.901896
Total time: 687.802643, total average time: 68.780264

[2022-12-14T10:50:58] Child[69587]:
Total write time: 135.952745 seconds; average write time: 45.317582 seconds.
Total read time: 553.833129; average read time: 79.119018
Total time: 689.785874, total average time: 68.978587

[2022-12-14T10:50:58] Child[70371]:
Total write time: 90.057133 seconds; average write time: 45.028566 seconds.
Total read time: 602.237181; average read time: 75.279648
Total time: 692.294314, total average time: 69.229431

[2022-12-14T10:50:58] Child[70549]:
Total write time: 0.000000 seconds; average write time: 0.000000 seconds.
Total read time: 693.580977; average read time: 69.358098
Total time: 693.580977, total average time: 69.358098

[2022-12-14T10:50:58] Child[69707]:
Total write time: 129.793633 seconds; average write time: 43.264544 seconds.
Total read time: 557.361213; average read time: 79.623030
Total time: 687.154846, total average time: 68.715485

[2022-12-14T10:50:59] Child[70581]:
Total write time: 34.605630 seconds; average write time: 34.605630 seconds.
Total read time: 657.636463; average read time: 73.070718
Total time: 692.242093, total average time: 69.224209

[2022-12-14T10:50:59] Child[70387]:
Total write time: 46.420799 seconds; average write time: 46.420799 seconds.
Total read time: 646.475592; average read time: 71.830621
Total time: 692.896391, total average time: 69.289639

[2022-12-14T10:51:00] Child[69691]:
Total write time: 0.000000 seconds; average write time: 0.000000 seconds.
Total read time: 695.713358; average read time: 69.571336
Total time: 695.713358, total average time: 69.571336

[2022-12-14T10:51:00] Child[70347]:
Total write time: 44.351891 seconds; average write time: 44.351891 seconds.
Total read time: 648.222821; average read time: 72.024758
Total time: 692.574712, total average time: 69.257471

[2022-12-14T10:51:00] Child[69900]:
Total write time: 57.609990 seconds; average write time: 57.609990 seconds.
Total read time: 636.316188; average read time: 70.701799
Total time: 693.926178, total average time: 69.392618

[2022-12-14T10:51:00] Child[69565]:
Total write time: 174.049588 seconds; average write time: 87.024794 seconds.
Total read time: 513.629356; average read time: 64.203670
Total time: 687.678944, total average time: 68.767894

[2022-12-14T10:51:00] Child[70220]:
Total write time: 42.035230 seconds; average write time: 21.017615 seconds.
Total read time: 646.869048; average read time: 80.858631
Total time: 688.904278, total average time: 68.890428

[2022-12-14T10:51:00] Child[70338]:
Total write time: 84.528277 seconds; average write time: 84.528277 seconds.
Total read time: 608.553830; average read time: 67.617092
Total time: 693.082107, total average time: 69.308211

[2022-12-14T10:51:01] Child[69988]:
Total write time: 68.897134 seconds; average write time: 34.448567 seconds.
Total read time: 621.974393; average read time: 77.746799
Total time: 690.871527, total average time: 69.087153

[2022-12-14T10:51:01] Child[70276]:
Total write time: 27.929017 seconds; average write time: 27.929017 seconds.
Total read time: 665.157562; average read time: 73.906396
Total time: 693.086579, total average time: 69.308658

[2022-12-14T10:51:01] Child[70016]:
Total write time: 0.000000 seconds; average write time: 0.000000 seconds.
Total read time: 689.842244; average read time: 68.984224
Total time: 689.842244, total average time: 68.984224

[2022-12-14T10:51:01] Child[70363]:
Total write time: 90.654417 seconds; average write time: 45.327208 seconds.
Total read time: 602.426552; average read time: 75.303319
Total time: 693.080969, total average time: 69.308097

[2022-12-14T10:51:02] Child[69940]:
Total write time: 0.000000 seconds; average write time: 0.000000 seconds.
Total read time: 693.661936; average read time: 69.366194
Total time: 693.661936, total average time: 69.366194

[2022-12-14T10:51:02] Child[69990]:
Total write time: 0.000000 seconds; average write time: 0.000000 seconds.
Total read time: 697.055407; average read time: 69.705541
Total time: 697.055407, total average time: 69.705541

[2022-12-14T10:51:02] Child[69753]:
Total write time: 0.000000 seconds; average write time: 0.000000 seconds.
Total read time: 697.894782; average read time: 69.789478
Total time: 697.894782, total average time: 69.789478

[2022-12-14T10:51:02] Child[69993]:
Total write time: 0.000000 seconds; average write time: 0.000000 seconds.
Total read time: 690.917510; average read time: 69.091751
Total time: 690.917510, total average time: 69.091751

[2022-12-14T10:51:03] Child[70227]:
Total write time: 0.000000 seconds; average write time: 0.000000 seconds.
Total read time: 692.110565; average read time: 69.211056
Total time: 692.110565, total average time: 69.211056

[2022-12-14T10:51:03] Child[69897]:
Total write time: 0.000000 seconds; average write time: 0.000000 seconds.
Total read time: 694.875560; average read time: 69.487556
Total time: 694.875560, total average time: 69.487556

[2022-12-14T10:51:03] Child[69706]:
Total write time: 0.000000 seconds; average write time: 0.000000 seconds.
Total read time: 693.304885; average read time: 69.330489
Total time: 693.304885, total average time: 69.330489

[2022-12-14T10:51:03] Child[70132]:
Total write time: 119.397203 seconds; average write time: 39.799068 seconds.
Total read time: 574.771527; average read time: 82.110218
Total time: 694.168730, total average time: 69.416873

[2022-12-14T10:51:03] Child[69932]:
Total write time: 0.000000 seconds; average write time: 0.000000 seconds.
Total read time: 695.344092; average read time: 69.534409
Total time: 695.344092, total average time: 69.534409

[2022-12-14T10:51:04] Child[69799]:
Total write time: 3.639713 seconds; average write time: 3.639713 seconds.
Total read time: 695.283476; average read time: 77.253720
Total time: 698.923189, total average time: 69.892319

[2022-12-14T10:51:04] Child[70442]:
Total write time: 4.649012 seconds; average write time: 4.649012 seconds.
Total read time: 692.495004; average read time: 76.943889
Total time: 697.144016, total average time: 69.714402

[2022-12-14T10:51:04] Child[70034]:
Total write time: 0.000000 seconds; average write time: 0.000000 seconds.
Total read time: 693.863429; average read time: 69.386343
Total time: 693.863429, total average time: 69.386343

[2022-12-14T10:51:05] Child[70198]:
Total write time: 120.734881 seconds; average write time: 60.367441 seconds.
Total read time: 578.529977; average read time: 72.316247
Total time: 699.264858, total average time: 69.926486

[2022-12-14T10:51:05] Child[69684]:
Total write time: 0.000000 seconds; average write time: 0.000000 seconds.
Total read time: 695.925626; average read time: 69.592563
Total time: 695.925626, total average time: 69.592563

[2022-12-14T10:51:06] Child[69917]:
Total write time: 0.000000 seconds; average write time: 0.000000 seconds.
Total read time: 697.097044; average read time: 69.709704
Total time: 697.097044, total average time: 69.709704

[2022-12-14T10:51:06] Child[70469]:
Total write time: 0.000000 seconds; average write time: 0.000000 seconds.
Total read time: 696.756237; average read time: 69.675624
Total time: 696.756237, total average time: 69.675624

[2022-12-14T10:51:07] Child[70224]:
Total write time: 0.000000 seconds; average write time: 0.000000 seconds.
Total read time: 696.462960; average read time: 69.646296
Total time: 696.462960, total average time: 69.646296

[2022-12-14T10:51:07] Child[70438]:
Total write time: 116.762343 seconds; average write time: 58.381172 seconds.
Total read time: 580.446913; average read time: 72.555864
Total time: 697.209256, total average time: 69.720926

[2022-12-14T10:51:07] Child[70146]:
Total write time: 112.162710 seconds; average write time: 56.081355 seconds.
Total read time: 584.285363; average read time: 73.035670
Total time: 696.448073, total average time: 69.644807

[2022-12-14T10:51:08] Child[70007]:
Total write time: 0.000000 seconds; average write time: 0.000000 seconds.
Total read time: 701.290479; average read time: 70.129048
Total time: 701.290479, total average time: 70.129048

[2022-12-14T10:51:08] Child[69764]:
Total write time: 0.000000 seconds; average write time: 0.000000 seconds.
Total read time: 700.953822; average read time: 70.095382
Total time: 700.953822, total average time: 70.095382

[2022-12-14T10:51:08] Child[70382]:
Total write time: 110.641137 seconds; average write time: 55.320569 seconds.
Total read time: 588.991507; average read time: 73.623938
Total time: 699.632644, total average time: 69.963264

[2022-12-14T10:51:08] Child[69928]:
Total write time: 69.746151 seconds; average write time: 34.873075 seconds.
Total read time: 631.686928; average read time: 78.960866
Total time: 701.433079, total average time: 70.143308

[2022-12-14T10:51:09] Child[70219]:
Total write time: 66.281678 seconds; average write time: 33.140839 seconds.
Total read time: 633.341558; average read time: 79.167695
Total time: 699.623236, total average time: 69.962324

[2022-12-14T10:51:09] Child[69930]:
Total write time: 0.000000 seconds; average write time: 0.000000 seconds.
Total read time: 702.547776; average read time: 70.254778
Total time: 702.547776, total average time: 70.254778

[2022-12-14T10:51:09] Child[69575]:
Total write time: 0.000000 seconds; average write time: 0.000000 seconds.
Total read time: 697.506656; average read time: 69.750666
Total time: 697.506656, total average time: 69.750666

[2022-12-14T10:51:09] Child[69881]:
Total write time: 0.000000 seconds; average write time: 0.000000 seconds.
Total read time: 700.402969; average read time: 70.040297
Total time: 700.402969, total average time: 70.040297

[2022-12-14T10:51:10] Child[70021]:
Total write time: 0.000000 seconds; average write time: 0.000000 seconds.
Total read time: 707.284774; average read time: 70.728477
Total time: 707.284774, total average time: 70.728477

[2022-12-14T10:51:10] Child[70358]:
Total write time: 0.000000 seconds; average write time: 0.000000 seconds.
Total read time: 700.142836; average read time: 70.014284
Total time: 700.142836, total average time: 70.014284

[2022-12-14T10:51:10] Child[70366]:
Total write time: 59.813204 seconds; average write time: 59.813204 seconds.
Total read time: 645.338644; average read time: 71.704294
Total time: 705.151848, total average time: 70.515185

[2022-12-14T10:51:10] Child[69911]:
Total write time: 4.473143 seconds; average write time: 4.473143 seconds.
Total read time: 699.104339; average read time: 77.678260
Total time: 703.577482, total average time: 70.357748

[2022-12-14T10:51:10] Child[70086]:
Total write time: 101.501056 seconds; average write time: 50.750528 seconds.
Total read time: 602.855041; average read time: 75.356880
Total time: 704.356097, total average time: 70.435610

[2022-12-14T10:51:11] Child[70168]:
Total write time: 15.005077 seconds; average write time: 15.005077 seconds.
Total read time: 690.035106; average read time: 76.670567
Total time: 705.040183, total average time: 70.504018

[2022-12-14T10:51:11] Child[70529]:
Total write time: 0.000000 seconds; average write time: 0.000000 seconds.
Total read time: 707.105142; average read time: 70.710514
Total time: 707.105142, total average time: 70.710514

[2022-12-14T10:51:11] Child[70431]:
Total write time: 0.000000 seconds; average write time: 0.000000 seconds.
Total read time: 698.722706; average read time: 69.872271
Total time: 698.722706, total average time: 69.872271

[2022-12-14T10:51:11] Child[69986]:
Total write time: 0.000000 seconds; average write time: 0.000000 seconds.
Total read time: 702.591025; average read time: 70.259102
Total time: 702.591025, total average time: 70.259102

[2022-12-14T10:51:11] Child[69949]:
Total write time: 0.000000 seconds; average write time: 0.000000 seconds.
Total read time: 702.833042; average read time: 70.283304
Total time: 702.833042, total average time: 70.283304

[2022-12-14T10:51:12] Child[69980]:
Total write time: 131.272124 seconds; average write time: 65.636062 seconds.
Total read time: 572.602610; average read time: 71.575326
Total time: 703.874734, total average time: 70.387473

[2022-12-14T10:51:12] Child[70416]:
Total write time: 63.989260 seconds; average write time: 63.989260 seconds.
Total read time: 642.164181; average read time: 71.351576
Total time: 706.153441, total average time: 70.615344

[2022-12-14T10:51:12] Child[69616]:
Total write time: 0.000000 seconds; average write time: 0.000000 seconds.
Total read time: 703.489278; average read time: 70.348928
Total time: 703.489278, total average time: 70.348928

[2022-12-14T10:51:13] Child[69947]:
Total write time: 2.082246 seconds; average write time: 2.082246 seconds.
Total read time: 706.132179; average read time: 78.459131
Total time: 708.214425, total average time: 70.821443

[2022-12-14T10:51:13] Child[70313]:
Total write time: 16.769540 seconds; average write time: 16.769540 seconds.
Total read time: 686.887563; average read time: 76.320840
Total time: 703.657103, total average time: 70.365710

[2022-12-14T10:51:13] Child[69711]:
Total write time: 0.000000 seconds; average write time: 0.000000 seconds.
Total read time: 704.868251; average read time: 70.486825
Total time: 704.868251, total average time: 70.486825

[2022-12-14T10:51:13] Child[70584]:
Total write time: 40.629260 seconds; average write time: 40.629260 seconds.
Total read time: 666.662518; average read time: 74.073613
Total time: 707.291778, total average time: 70.729178

[2022-12-14T10:51:14] Child[69748]:
Total write time: 66.724272 seconds; average write time: 66.724272 seconds.
Total read time: 638.953221; average read time: 70.994802
Total time: 705.677493, total average time: 70.567749

[2022-12-14T10:51:14] Child[70231]:
Total write time: 19.207689 seconds; average write time: 19.207689 seconds.
Total read time: 685.338348; average read time: 76.148705
Total time: 704.546037, total average time: 70.454604

[2022-12-14T10:51:14] Child[69962]:
Total write time: 0.000000 seconds; average write time: 0.000000 seconds.
Total read time: 706.948819; average read time: 70.694882
Total time: 706.948819, total average time: 70.694882

[2022-12-14T10:51:14] Child[69888]:
Total write time: 0.000000 seconds; average write time: 0.000000 seconds.
Total read time: 706.096815; average read time: 70.609681
Total time: 706.096815, total average time: 70.609681

[2022-12-14T10:51:15] Child[70567]:
Total write time: 0.000000 seconds; average write time: 0.000000 seconds.
Total read time: 705.191224; average read time: 70.519122
Total time: 705.191224, total average time: 70.519122

[2022-12-14T10:51:15] Child[70100]:
Total write time: 0.000000 seconds; average write time: 0.000000 seconds.
Total read time: 709.527972; average read time: 70.952797
Total time: 709.527972, total average time: 70.952797

[2022-12-14T10:51:16] Child[70215]:
Total write time: 0.000000 seconds; average write time: 0.000000 seconds.
Total read time: 709.969383; average read time: 70.996938
Total time: 709.969383, total average time: 70.996938

[2022-12-14T10:51:16] Child[70357]:
Total write time: 36.768914 seconds; average write time: 18.384457 seconds.
Total read time: 670.318894; average read time: 83.789862
Total time: 707.087808, total average time: 70.708781

[2022-12-14T10:51:16] Child[70341]:
Total write time: 37.097094 seconds; average write time: 37.097094 seconds.
Total read time: 670.750033; average read time: 74.527781
Total time: 707.847127, total average time: 70.784713

[2022-12-14T10:51:16] Child[69690]:
Total write time: 0.810493 seconds; average write time: 0.810493 seconds.
Total read time: 708.741001; average read time: 78.749000
Total time: 709.551494, total average time: 70.955149

[2022-12-14T10:51:17] Child[70166]:
Total write time: 103.785178 seconds; average write time: 34.595059 seconds.
Total read time: 606.667974; average read time: 86.666853
Total time: 710.453152, total average time: 71.045315

[2022-12-14T10:51:17] Child[70119]:
Total write time: 0.000000 seconds; average write time: 0.000000 seconds.
Total read time: 710.824616; average read time: 71.082462
Total time: 710.824616, total average time: 71.082462

[2022-12-14T10:51:17] Child[69560]:
Total write time: 0.000000 seconds; average write time: 0.000000 seconds.
Total read time: 704.507063; average read time: 70.450706
Total time: 704.507063, total average time: 70.450706

[2022-12-14T10:51:17] Child[70051]:
Total write time: 9.837833 seconds; average write time: 9.837833 seconds.
Total read time: 698.878112; average read time: 77.653124
Total time: 708.715945, total average time: 70.871595

[2022-12-14T10:51:17] Child[70194]:
Total write time: 0.000000 seconds; average write time: 0.000000 seconds.
Total read time: 711.550883; average read time: 71.155088
Total time: 711.550883, total average time: 71.155088

[2022-12-14T10:51:18] Child[70282]:
Total write time: 59.483830 seconds; average write time: 59.483830 seconds.
Total read time: 649.368981; average read time: 72.152109
Total time: 708.852811, total average time: 70.885281

[2022-12-14T10:51:18] Child[70361]:
Total write time: 74.414922 seconds; average write time: 37.207461 seconds.
Total read time: 634.589274; average read time: 79.323659
Total time: 709.004196, total average time: 70.900420

[2022-12-14T10:51:18] Child[70088]:
Total write time: 67.665691 seconds; average write time: 67.665691 seconds.
Total read time: 645.273451; average read time: 71.697050
Total time: 712.939142, total average time: 71.293914

[2022-12-14T10:51:18] Child[70059]:
Total write time: 58.393397 seconds; average write time: 58.393397 seconds.
Total read time: 655.907005; average read time: 72.878556
Total time: 714.300402, total average time: 71.430040

[2022-12-14T10:51:19] Child[70451]:
Total write time: 49.096580 seconds; average write time: 49.096580 seconds.
Total read time: 664.490058; average read time: 73.832229
Total time: 713.586638, total average time: 71.358664

[2022-12-14T10:51:19] Child[69933]:
Total write time: 0.000000 seconds; average write time: 0.000000 seconds.
Total read time: 710.006069; average read time: 71.000607
Total time: 710.006069, total average time: 71.000607

[2022-12-14T10:51:19] Child[70315]:
Total write time: 98.573430 seconds; average write time: 98.573430 seconds.
Total read time: 612.949983; average read time: 68.105554
Total time: 711.523413, total average time: 71.152341

[2022-12-14T10:51:19] Child[69854]:
Total write time: 21.389435 seconds; average write time: 21.389435 seconds.
Total read time: 687.886956; average read time: 76.431884
Total time: 709.276391, total average time: 70.927639

[2022-12-14T10:51:19] Child[70345]:
Total write time: 0.000000 seconds; average write time: 0.000000 seconds.
Total read time: 712.006880; average read time: 71.200688
Total time: 712.006880, total average time: 71.200688

[2022-12-14T10:51:20] Child[69736]:
Total write time: 0.000000 seconds; average write time: 0.000000 seconds.
Total read time: 713.300873; average read time: 71.330087
Total time: 713.300873, total average time: 71.330087

[2022-12-14T10:51:20] Child[70222]:
Total write time: 104.140718 seconds; average write time: 104.140718 seconds.
Total read time: 612.328075; average read time: 68.036453
Total time: 716.468793, total average time: 71.646879

[2022-12-14T10:51:20] Child[70001]:
Total write time: 83.658380 seconds; average write time: 27.886127 seconds.
Total read time: 625.648322; average read time: 89.378332
Total time: 709.306702, total average time: 70.930670

[2022-12-14T10:51:20] Child[69682]:
Total write time: 0.153161 seconds; average write time: 0.153161 seconds.
Total read time: 714.178476; average read time: 79.353164
Total time: 714.331637, total average time: 71.433164

[2022-12-14T10:51:20] Child[70112]:
Total write time: 58.406214 seconds; average write time: 58.406214 seconds.
Total read time: 657.003549; average read time: 73.000394
Total time: 715.409763, total average time: 71.540976

[2022-12-14T10:51:20] Child[70019]:
Total write time: 69.974057 seconds; average write time: 69.974057 seconds.
Total read time: 642.167445; average read time: 71.351938
Total time: 712.141502, total average time: 71.214150

[2022-12-14T10:51:21] Child[70368]:
Total write time: 0.000000 seconds; average write time: 0.000000 seconds.
Total read time: 713.453100; average read time: 71.345310
Total time: 713.453100, total average time: 71.345310

[2022-12-14T10:51:21] Child[69788]:
Total write time: 0.000000 seconds; average write time: 0.000000 seconds.
Total read time: 713.810364; average read time: 71.381036
Total time: 713.810364, total average time: 71.381036

[2022-12-14T10:51:21] Child[69837]:
Total write time: 0.000000 seconds; average write time: 0.000000 seconds.
Total read time: 715.836070; average read time: 71.583607
Total time: 715.836070, total average time: 71.583607

[2022-12-14T10:51:22] Child[70264]:
Total write time: 23.559891 seconds; average write time: 23.559891 seconds.
Total read time: 691.624332; average read time: 76.847148
Total time: 715.184223, total average time: 71.518422

[2022-12-14T10:51:22] Child[69848]:
Total write time: 22.506686 seconds; average write time: 22.506686 seconds.
Total read time: 691.274160; average read time: 76.808240
Total time: 713.780846, total average time: 71.378085

[2022-12-14T10:51:22] Child[69781]:
Total write time: 23.375959 seconds; average write time: 23.375959 seconds.
Total read time: 687.908437; average read time: 76.434271
Total time: 711.284396, total average time: 71.128440

[2022-12-14T10:51:22] Child[69709]:
Total write time: 29.368507 seconds; average write time: 14.684254 seconds.
Total read time: 683.645729; average read time: 85.455716
Total time: 713.014236, total average time: 71.301424

[2022-12-14T10:51:22] Child[70420]:
Total write time: 23.249223 seconds; average write time: 23.249223 seconds.
Total read time: 692.530975; average read time: 76.947886
Total time: 715.780198, total average time: 71.578020

[2022-12-14T10:51:22] Child[69694]:
Total write time: 10.346731 seconds; average write time: 10.346731 seconds.
Total read time: 703.008895; average read time: 78.112099
Total time: 713.355626, total average time: 71.335563

[2022-12-14T10:51:22] Child[70120]:
Total write time: 59.143901 seconds; average write time: 59.143901 seconds.
Total read time: 657.516390; average read time: 73.057377
Total time: 716.660291, total average time: 71.666029

[2022-12-14T10:51:23] Child[69747]:
Total write time: 21.794835 seconds; average write time: 10.897417 seconds.
Total read time: 693.039111; average read time: 86.629889
Total time: 714.833946, total average time: 71.483395

[2022-12-14T10:51:23] Child[69751]:
Total write time: 57.679833 seconds; average write time: 57.679833 seconds.
Total read time: 658.251058; average read time: 73.139006
Total time: 715.930891, total average time: 71.593089

[2022-12-14T10:51:23] Child[70079]:
Total write time: 43.740094 seconds; average write time: 43.740094 seconds.
Total read time: 672.065743; average read time: 74.673971
Total time: 715.805837, total average time: 71.580584

[2022-12-14T10:51:23] Child[69891]:
Total write time: 90.369557 seconds; average write time: 45.184779 seconds.
Total read time: 621.684905; average read time: 77.710613
Total time: 712.054462, total average time: 71.205446

[2022-12-14T10:51:23] Child[69733]:
Total write time: 27.938462 seconds; average write time: 27.938462 seconds.
Total read time: 688.815853; average read time: 76.535095
Total time: 716.754315, total average time: 71.675432

[2022-12-14T10:51:23] Child[69757]:
Total write time: 20.897386 seconds; average write time: 10.448693 seconds.
Total read time: 694.702320; average read time: 86.837790
Total time: 715.599706, total average time: 71.559971

[2022-12-14T10:51:23] Child[70452]:
Total write time: 0.000000 seconds; average write time: 0.000000 seconds.
Total read time: 715.501058; average read time: 71.550106
Total time: 715.501058, total average time: 71.550106

[2022-12-14T10:51:23] Child[70045]:
Total write time: 0.000000 seconds; average write time: 0.000000 seconds.
Total read time: 716.040741; average read time: 71.604074
Total time: 716.040741, total average time: 71.604074

[2022-12-14T10:51:23] Child[70080]:
Total write time: 0.000000 seconds; average write time: 0.000000 seconds.
Total read time: 714.803694; average read time: 71.480369
Total time: 714.803694, total average time: 71.480369

[2022-12-14T10:51:25] Child[70520]:
Total write time: 19.638726 seconds; average write time: 19.638726 seconds.
Total read time: 696.578403; average read time: 77.397600
Total time: 716.217129, total average time: 71.621713

[2022-12-14T10:51:25] Child[70425]:
Total write time: 0.000000 seconds; average write time: 0.000000 seconds.
Total read time: 712.151549; average read time: 71.215155
Total time: 712.151549, total average time: 71.215155

[2022-12-14T10:51:25] Child[69840]:
Total write time: 42.887513 seconds; average write time: 42.887513 seconds.
Total read time: 675.092181; average read time: 75.010242
Total time: 717.979694, total average time: 71.797969

[2022-12-14T10:51:25] Child[69702]:
Total write time: 58.739854 seconds; average write time: 29.369927 seconds.
Total read time: 658.180927; average read time: 82.272616
Total time: 716.920781, total average time: 71.692078

[2022-12-14T10:51:25] Child[70605]:
Total write time: 0.000000 seconds; average write time: 0.000000 seconds.
Total read time: 719.745640; average read time: 71.974564
Total time: 719.745640, total average time: 71.974564

[2022-12-14T10:51:26] Child[69742]:
Total write time: 14.410873 seconds; average write time: 14.410873 seconds.
Total read time: 706.415752; average read time: 78.490639
Total time: 720.826625, total average time: 72.082662

[2022-12-14T10:51:26] Child[70018]:
Total write time: 0.000000 seconds; average write time: 0.000000 seconds.
Total read time: 722.022323; average read time: 72.202232
Total time: 722.022323, total average time: 72.202232

[2022-12-14T10:51:26] Child[69935]:
Total write time: 0.000000 seconds; average write time: 0.000000 seconds.
Total read time: 720.396808; average read time: 72.039681
Total time: 720.396808, total average time: 72.039681

[2022-12-14T10:51:26] Child[69677]:
Total write time: 1.396581 seconds; average write time: 1.396581 seconds.
Total read time: 718.799682; average read time: 79.866631
Total time: 720.196263, total average time: 72.019626

[2022-12-14T10:51:26] Child[69635]:
Total write time: 0.000000 seconds; average write time: 0.000000 seconds.
Total read time: 717.233403; average read time: 71.723340
Total time: 717.233403, total average time: 71.723340

[2022-12-14T10:51:27] Child[70175]:
Total write time: 0.000000 seconds; average write time: 0.000000 seconds.
Total read time: 721.654635; average read time: 72.165464
Total time: 721.654635, total average time: 72.165464

[2022-12-14T10:51:27] Child[70446]:
Total write time: 93.996353 seconds; average write time: 46.998176 seconds.
Total read time: 624.570090; average read time: 78.071261
Total time: 718.566443, total average time: 71.856644

[2022-12-14T10:51:28] Child[70191]:
Total write time: 19.463683 seconds; average write time: 19.463683 seconds.
Total read time: 700.631128; average read time: 77.847903
Total time: 720.094811, total average time: 72.009481

[2022-12-14T10:51:28] Child[69782]:
Total write time: 39.121331 seconds; average write time: 39.121331 seconds.
Total read time: 682.192613; average read time: 75.799179
Total time: 721.313944, total average time: 72.131394

[2022-12-14T10:51:29] Child[69975]:
Total write time: 0.000000 seconds; average write time: 0.000000 seconds.
Total read time: 719.531087; average read time: 71.953109
Total time: 719.531087, total average time: 71.953109

[2022-12-14T10:51:29] Child[70307]:
Total write time: 24.995498 seconds; average write time: 24.995498 seconds.
Total read time: 700.694762; average read time: 77.854974
Total time: 725.690260, total average time: 72.569026

[2022-12-14T10:51:29] Child[69688]:
Total write time: 20.896497 seconds; average write time: 10.448249 seconds.
Total read time: 696.273463; average read time: 87.034183
Total time: 717.169960, total average time: 71.716996

[2022-12-14T10:51:29] Child[70152]:
Total write time: 62.616928 seconds; average write time: 62.616928 seconds.
Total read time: 661.558445; average read time: 73.506494
Total time: 724.175373, total average time: 72.417537

[2022-12-14T10:51:29] Child[69772]:
Total write time: 40.472675 seconds; average write time: 40.472675 seconds.
Total read time: 680.403629; average read time: 75.600403
Total time: 720.876304, total average time: 72.087630

[2022-12-14T10:51:29] Child[70397]:
Total write time: 0.000000 seconds; average write time: 0.000000 seconds.
Total read time: 722.853521; average read time: 72.285352
Total time: 722.853521, total average time: 72.285352

[2022-12-14T10:51:29] Child[69699]:
Total write time: 16.628607 seconds; average write time: 5.542869 seconds.
Total read time: 702.960558; average read time: 100.422937
Total time: 719.589165, total average time: 71.958917

[2022-12-14T10:51:29] Child[69869]:
Total write time: 35.312895 seconds; average write time: 35.312895 seconds.
Total read time: 687.206782; average read time: 76.356309
Total time: 722.519677, total average time: 72.251968

[2022-12-14T10:51:29] Child[69766]:
Total write time: 0.000000 seconds; average write time: 0.000000 seconds.
Total read time: 722.733093; average read time: 72.273309
Total time: 722.733093, total average time: 72.273309

[2022-12-14T10:51:29] Child[69822]:
Total write time: 162.230080 seconds; average write time: 81.115040 seconds.
Total read time: 560.335095; average read time: 70.041887
Total time: 722.565175, total average time: 72.256518

[2022-12-14T10:51:30] Child[70384]:
Total write time: 52.613899 seconds; average write time: 52.613899 seconds.
Total read time: 671.468225; average read time: 74.607581
Total time: 724.082124, total average time: 72.408212

[2022-12-14T10:51:30] Child[69902]:
Total write time: 5.768732 seconds; average write time: 5.768732 seconds.
Total read time: 715.247385; average read time: 79.471932
Total time: 721.016117, total average time: 72.101612

[2022-12-14T10:51:30] Child[70332]:
Total write time: 0.000000 seconds; average write time: 0.000000 seconds.
Total read time: 720.094115; average read time: 72.009411
Total time: 720.094115, total average time: 72.009411

[2022-12-14T10:51:30] Child[69680]:
Total write time: 0.000000 seconds; average write time: 0.000000 seconds.
Total read time: 721.597494; average read time: 72.159749
Total time: 721.597494, total average time: 72.159749

[2022-12-14T10:51:30] Child[70285]:
Total write time: 59.151707 seconds; average write time: 29.575854 seconds.
Total read time: 665.162804; average read time: 83.145351
Total time: 724.314511, total average time: 72.431451

[2022-12-14T10:51:30] Child[70069]:
Total write time: 23.508810 seconds; average write time: 23.508810 seconds.
Total read time: 700.411593; average read time: 77.823510
Total time: 723.920403, total average time: 72.392040

[2022-12-14T10:51:31] Child[69943]:
Total write time: 0.000000 seconds; average write time: 0.000000 seconds.
Total read time: 724.604834; average read time: 72.460483
Total time: 724.604834, total average time: 72.460483

[2022-12-14T10:51:31] Child[69972]:
Total write time: 37.254780 seconds; average write time: 18.627390 seconds.
Total read time: 686.848704; average read time: 85.856088
Total time: 724.103484, total average time: 72.410348

[2022-12-14T10:51:31] Child[69744]:
Total write time: 0.000000 seconds; average write time: 0.000000 seconds.
Total read time: 723.145862; average read time: 72.314586
Total time: 723.145862, total average time: 72.314586

[2022-12-14T10:51:32] Child[69774]:
Total write time: 34.454685 seconds; average write time: 34.454685 seconds.
Total read time: 692.839699; average read time: 76.982189
Total time: 727.294384, total average time: 72.729438

[2022-12-14T10:51:32] Child[69844]:
Total write time: 0.000000 seconds; average write time: 0.000000 seconds.
Total read time: 726.945442; average read time: 72.694544
Total time: 726.945442, total average time: 72.694544

[2022-12-14T10:51:32] Child[70037]:
Total write time: 13.803771 seconds; average write time: 13.803771 seconds.
Total read time: 708.706279; average read time: 78.745142
Total time: 722.510050, total average time: 72.251005

[2022-12-14T10:51:32] Child[70565]:
Total write time: 0.000000 seconds; average write time: 0.000000 seconds.
Total read time: 719.973602; average read time: 71.997360
Total time: 719.973602, total average time: 71.997360

[2022-12-14T10:51:32] Child[70035]:
Total write time: 0.000000 seconds; average write time: 0.000000 seconds.
Total read time: 727.899734; average read time: 72.789973
Total time: 727.899734, total average time: 72.789973

[2022-12-14T10:51:33] Child[70203]:
Total write time: 19.073114 seconds; average write time: 19.073114 seconds.
Total read time: 705.894648; average read time: 78.432739
Total time: 724.967762, total average time: 72.496776

[2022-12-14T10:51:33] Child[70165]:
Total write time: 210.147666 seconds; average write time: 70.049222 seconds.
Total read time: 515.677184; average read time: 73.668169
Total time: 725.824850, total average time: 72.582485

[2022-12-14T10:51:33] Child[69683]:
Total write time: 95.362789 seconds; average write time: 47.681395 seconds.
Total read time: 632.444048; average read time: 79.055506
Total time: 727.806837, total average time: 72.780684

[2022-12-14T10:51:34] Child[70419]:
Total write time: 20.788970 seconds; average write time: 20.788970 seconds.
Total read time: 704.467179; average read time: 78.274131
Total time: 725.256149, total average time: 72.525615

[2022-12-14T10:51:34] Child[69701]:
Total write time: 68.421969 seconds; average write time: 34.210985 seconds.
Total read time: 657.529262; average read time: 82.191158
Total time: 725.951231, total average time: 72.595123

[2022-12-14T10:51:34] Child[69672]:
Total write time: 42.886363 seconds; average write time: 42.886363 seconds.
Total read time: 689.272944; average read time: 76.585883
Total time: 732.159307, total average time: 73.215931

[2022-12-14T10:51:34] Child[69989]:
Total write time: 97.106034 seconds; average write time: 48.553017 seconds.
Total read time: 628.948177; average read time: 78.618522
Total time: 726.054211, total average time: 72.605421

[2022-12-14T10:51:34] Child[69857]:
Total write time: 143.887336 seconds; average write time: 71.943668 seconds.
Total read time: 580.550843; average read time: 72.568855
Total time: 724.438179, total average time: 72.443818

[2022-12-14T10:51:34] Child[69561]:
Total write time: 0.000000 seconds; average write time: 0.000000 seconds.
Total read time: 724.404415; average read time: 72.440442
Total time: 724.404415, total average time: 72.440442

[2022-12-14T10:51:35] Child[69948]:
Total write time: 58.863732 seconds; average write time: 58.863732 seconds.
Total read time: 668.282526; average read time: 74.253614
Total time: 727.146258, total average time: 72.714626

[2022-12-14T10:51:35] Child[69746]:
Total write time: 0.000000 seconds; average write time: 0.000000 seconds.
Total read time: 728.588464; average read time: 72.858846
Total time: 728.588464, total average time: 72.858846

[2022-12-14T10:51:35] Child[70204]:
Total write time: 0.000000 seconds; average write time: 0.000000 seconds.
Total read time: 729.687330; average read time: 72.968733
Total time: 729.687330, total average time: 72.968733

[2022-12-14T10:51:35] Child[70171]:
Total write time: 30.629813 seconds; average write time: 15.314906 seconds.
Total read time: 698.080012; average read time: 87.260002
Total time: 728.709825, total average time: 72.870982

[2022-12-14T10:51:35] Child[69807]:
Total write time: 6.650927 seconds; average write time: 6.650927 seconds.
Total read time: 722.157610; average read time: 80.239734
Total time: 728.808537, total average time: 72.880854

[2022-12-14T10:51:35] Child[69769]:
Total write time: 0.000000 seconds; average write time: 0.000000 seconds.
Total read time: 730.018759; average read time: 73.001876
Total time: 730.018759, total average time: 73.001876

[2022-12-14T10:51:37] Child[70331]:
Total write time: 49.297799 seconds; average write time: 49.297799 seconds.
Total read time: 679.577170; average read time: 75.508574
Total time: 728.874969, total average time: 72.887497

[2022-12-14T10:51:37] Child[70444]:
Total write time: 0.000000 seconds; average write time: 0.000000 seconds.
Total read time: 727.884227; average read time: 72.788423
Total time: 727.884227, total average time: 72.788423

[2022-12-14T10:51:37] Child[70087]:
Total write time: 86.532938 seconds; average write time: 86.532938 seconds.
Total read time: 642.801917; average read time: 71.422435
Total time: 729.334855, total average time: 72.933486

[2022-12-14T10:51:37] Child[69924]:
Total write time: 0.000022 seconds; average write time: 0.000022 seconds.
Total read time: 729.579940; average read time: 81.064438
Total time: 729.579962, total average time: 72.957996

[2022-12-14T10:51:37] Child[69838]:
Total write time: 74.776001 seconds; average write time: 74.776001 seconds.
Total read time: 655.995783; average read time: 72.888420
Total time: 730.771784, total average time: 73.077178

[2022-12-14T10:51:38] Child[70346]:
Total write time: 0.000000 seconds; average write time: 0.000000 seconds.
Total read time: 731.041317; average read time: 73.104132
Total time: 731.041317, total average time: 73.104132

[2022-12-14T10:51:38] Child[70150]:
Total write time: 0.000000 seconds; average write time: 0.000000 seconds.
Total read time: 726.697943; average read time: 72.669794
Total time: 726.697943, total average time: 72.669794

[2022-12-14T10:51:38] Child[70084]:
Total write time: 0.000000 seconds; average write time: 0.000000 seconds.
Total read time: 731.550273; average read time: 73.155027
Total time: 731.550273, total average time: 73.155027

[2022-12-14T10:51:38] Child[70400]:
Total write time: 0.000000 seconds; average write time: 0.000000 seconds.
Total read time: 732.095382; average read time: 73.209538
Total time: 732.095382, total average time: 73.209538

[2022-12-14T10:51:38] Child[70560]:
Total write time: 0.000000 seconds; average write time: 0.000000 seconds.
Total read time: 731.198918; average read time: 73.119892
Total time: 731.198918, total average time: 73.119892

[2022-12-14T10:51:39] Child[70478]:
Total write time: 76.675138 seconds; average write time: 76.675138 seconds.
Total read time: 655.504635; average read time: 72.833848
Total time: 732.179773, total average time: 73.217977

[2022-12-14T10:51:39] Child[70210]:
Total write time: 49.117334 seconds; average write time: 49.117334 seconds.
Total read time: 681.994888; average read time: 75.777210
Total time: 731.112222, total average time: 73.111222

[2022-12-14T10:51:39] Child[70391]:
Total write time: 0.000000 seconds; average write time: 0.000000 seconds.
Total read time: 732.412206; average read time: 73.241221
Total time: 732.412206, total average time: 73.241221

[2022-12-14T10:51:39] Child[69594]:
Total write time: 0.000000 seconds; average write time: 0.000000 seconds.
Total read time: 732.539736; average read time: 73.253974
Total time: 732.539736, total average time: 73.253974

[2022-12-14T10:51:39] Child[70012]:
Total write time: 5.625785 seconds; average write time: 5.625785 seconds.
Total read time: 722.600749; average read time: 80.288972
Total time: 728.226534, total average time: 72.822653

[2022-12-14T10:51:39] Child[69725]:
Total write time: 138.236491 seconds; average write time: 138.236491 seconds.
Total read time: 594.829758; average read time: 66.092195
Total time: 733.066249, total average time: 73.306625

[2022-12-14T10:51:39] Child[69921]:
Total write time: 0.000000 seconds; average write time: 0.000000 seconds.
Total read time: 735.729585; average read time: 73.572958
Total time: 735.729585, total average time: 73.572958

[2022-12-14T10:51:40] Child[70479]:
Total write time: 0.000000 seconds; average write time: 0.000000 seconds.
Total read time: 733.649791; average read time: 73.364979
Total time: 733.649791, total average time: 73.364979

[2022-12-14T10:51:40] Child[70275]:
Total write time: 84.668391 seconds; average write time: 28.222797 seconds.
Total read time: 648.545811; average read time: 92.649402
Total time: 733.214202, total average time: 73.321420

[2022-12-14T10:51:40] Child[69695]:
Total write time: 0.000000 seconds; average write time: 0.000000 seconds.
Total read time: 731.052438; average read time: 73.105244
Total time: 731.052438, total average time: 73.105244

[2022-12-14T10:51:40] Child[70389]:
Total write time: 54.136912 seconds; average write time: 54.136912 seconds.
Total read time: 679.444192; average read time: 75.493799
Total time: 733.581104, total average time: 73.358110

[2022-12-14T10:51:40] Child[70188]:
Total write time: 25.687058 seconds; average write time: 25.687058 seconds.
Total read time: 704.560781; average read time: 78.284531
Total time: 730.247839, total average time: 73.024784

[2022-12-14T10:51:41] Child[69872]:
Total write time: 10.963367 seconds; average write time: 10.963367 seconds.
Total read time: 724.330346; average read time: 80.481150
Total time: 735.293713, total average time: 73.529371

[2022-12-14T10:51:41] Child[70598]:
Total write time: 68.785704 seconds; average write time: 68.785704 seconds.
Total read time: 664.432163; average read time: 73.825796
Total time: 733.217867, total average time: 73.321787

[2022-12-14T10:51:41] Child[70299]:
Total write time: 34.110857 seconds; average write time: 17.055429 seconds.
Total read time: 699.543022; average read time: 87.442878
Total time: 733.653879, total average time: 73.365388

[2022-12-14T10:51:41] Child[70612]:
Total write time: 73.605690 seconds; average write time: 73.605690 seconds.
Total read time: 661.631950; average read time: 73.514661
Total time: 735.237640, total average time: 73.523764

[2022-12-14T10:51:41] Child[69946]:
Total write time: 192.368997 seconds; average write time: 64.122999 seconds.
Total read time: 538.360196; average read time: 76.908599
Total time: 730.729193, total average time: 73.072919

[2022-12-14T10:51:42] Child[69970]:
Total write time: 14.367234 seconds; average write time: 14.367234 seconds.
Total read time: 717.089714; average read time: 79.676635
Total time: 731.456948, total average time: 73.145695

[2022-12-14T10:51:42] Child[69568]:
Total write time: 0.000000 seconds; average write time: 0.000000 seconds.
Total read time: 731.830552; average read time: 73.183055
Total time: 731.830552, total average time: 73.183055

[2022-12-14T10:51:42] Child[69598]:
Total write time: 86.948342 seconds; average write time: 43.474171 seconds.
Total read time: 647.289510; average read time: 80.911189
Total time: 734.237852, total average time: 73.423785

[2022-12-14T10:51:43] Child[69721]:
Total write time: 102.726421 seconds; average write time: 34.242140 seconds.
Total read time: 634.233992; average read time: 90.604856
Total time: 736.960413, total average time: 73.696041

[2022-12-14T10:51:43] Child[70505]:
Total write time: 23.930883 seconds; average write time: 23.930883 seconds.
Total read time: 711.273546; average read time: 79.030394
Total time: 735.204429, total average time: 73.520443

[2022-12-14T10:51:43] Child[70169]:
Total write time: 0.000000 seconds; average write time: 0.000000 seconds.
Total read time: 733.490692; average read time: 73.349069
Total time: 733.490692, total average time: 73.349069

[2022-12-14T10:51:43] Child[70573]:
Total write time: 147.772938 seconds; average write time: 49.257646 seconds.
Total read time: 586.952231; average read time: 83.850319
Total time: 734.725169, total average time: 73.472517

[2022-12-14T10:51:43] Child[69910]:
Total write time: 23.681899 seconds; average write time: 23.681899 seconds.
Total read time: 711.588768; average read time: 79.065419
Total time: 735.270667, total average time: 73.527067

[2022-12-14T10:51:43] Child[70562]:
Total write time: 9.785861 seconds; average write time: 9.785861 seconds.
Total read time: 722.852226; average read time: 80.316914
Total time: 732.638087, total average time: 73.263809

[2022-12-14T10:51:44] Child[69824]:
Total write time: 81.319853 seconds; average write time: 81.319853 seconds.
Total read time: 656.553224; average read time: 72.950358
Total time: 737.873077, total average time: 73.787308

[2022-12-14T10:51:44] Child[70011]:
Total write time: 0.000000 seconds; average write time: 0.000000 seconds.
Total read time: 739.230699; average read time: 73.923070
Total time: 739.230699, total average time: 73.923070

[2022-12-14T10:51:44] Child[69762]:
Total write time: 13.725939 seconds; average write time: 13.725939 seconds.
Total read time: 723.314444; average read time: 80.368272
Total time: 737.040383, total average time: 73.704038

[2022-12-14T10:51:44] Child[70308]:
Total write time: 3.285382 seconds; average write time: 3.285382 seconds.
Total read time: 733.033762; average read time: 81.448196
Total time: 736.319144, total average time: 73.631914

[2022-12-14T10:51:44] Child[70578]:
Total write time: 8.214957 seconds; average write time: 8.214957 seconds.
Total read time: 726.720135; average read time: 80.746682
Total time: 734.935092, total average time: 73.493509

[2022-12-14T10:51:45] Child[70056]:
Total write time: 294.126437 seconds; average write time: 49.021073 seconds.
Total read time: 441.884122; average read time: 110.471030
Total time: 736.010559, total average time: 73.601056

[2022-12-14T10:51:45] Child[69864]:
Total write time: 41.244949 seconds; average write time: 20.622474 seconds.
Total read time: 695.041352; average read time: 86.880169
Total time: 736.286301, total average time: 73.628630

[2022-12-14T10:51:45] Child[70320]:
Total write time: 0.000000 seconds; average write time: 0.000000 seconds.
Total read time: 735.585840; average read time: 73.558584
Total time: 735.585840, total average time: 73.558584

[2022-12-14T10:51:45] Child[69624]:
Total write time: 25.273651 seconds; average write time: 25.273651 seconds.
Total read time: 712.290125; average read time: 79.143347
Total time: 737.563776, total average time: 73.756378

[2022-12-14T10:51:45] Child[69653]:
Total write time: 113.997227 seconds; average write time: 56.998613 seconds.
Total read time: 624.933432; average read time: 78.116679
Total time: 738.930659, total average time: 73.893066

[2022-12-14T10:51:45] Child[70503]:
Total write time: 118.846877 seconds; average write time: 59.423439 seconds.
Total read time: 620.557779; average read time: 77.569722
Total time: 739.404656, total average time: 73.940466

[2022-12-14T10:51:46] Child[69849]:
Total write time: 220.768907 seconds; average write time: 55.192227 seconds.
Total read time: 513.851966; average read time: 85.641994
Total time: 734.620873, total average time: 73.462087

[2022-12-14T10:51:46] Child[70566]:
Total write time: 64.866004 seconds; average write time: 64.866004 seconds.
Total read time: 673.852763; average read time: 74.872529
Total time: 738.718767, total average time: 73.871877

[2022-12-14T10:51:46] Child[69771]:
Total write time: 7.796505 seconds; average write time: 7.796505 seconds.
Total read time: 730.193529; average read time: 81.132614
Total time: 737.990034, total average time: 73.799003

[2022-12-14T10:51:46] Child[70200]:
Total write time: 45.035609 seconds; average write time: 22.517805 seconds.
Total read time: 694.395170; average read time: 86.799396
Total time: 739.430779, total average time: 73.943078

[2022-12-14T10:51:46] Child[70480]:
Total write time: 0.000000 seconds; average write time: 0.000000 seconds.
Total read time: 738.693007; average read time: 73.869301
Total time: 738.693007, total average time: 73.869301

[2022-12-14T10:51:46] Child[70267]:
Total write time: 0.000000 seconds; average write time: 0.000000 seconds.
Total read time: 742.099759; average read time: 74.209976
Total time: 742.099759, total average time: 74.209976

[2022-12-14T10:51:46] Child[70512]:
Total write time: 0.000000 seconds; average write time: 0.000000 seconds.
Total read time: 734.875397; average read time: 73.487540
Total time: 734.875397, total average time: 73.487540

[2022-12-14T10:51:46] Child[70065]:
Total write time: 35.160395 seconds; average write time: 17.580198 seconds.
Total read time: 704.335351; average read time: 88.041919
Total time: 739.495746, total average time: 73.949575

[2022-12-14T10:51:46] Child[69760]:
Total write time: 17.545680 seconds; average write time: 17.545680 seconds.
Total read time: 719.938534; average read time: 79.993170
Total time: 737.484214, total average time: 73.748421

[2022-12-14T10:51:47] Child[69663]:
Total write time: 26.672543 seconds; average write time: 26.672543 seconds.
Total read time: 714.137291; average read time: 79.348588
Total time: 740.809834, total average time: 74.080983

[2022-12-14T10:51:47] Child[69758]:
Total write time: 0.000000 seconds; average write time: 0.000000 seconds.
Total read time: 738.643838; average read time: 73.864384
Total time: 738.643838, total average time: 73.864384

[2022-12-14T10:51:47] Child[70031]:
Total write time: 42.295679 seconds; average write time: 42.295679 seconds.
Total read time: 695.664701; average read time: 77.296078
Total time: 737.960380, total average time: 73.796038

[2022-12-14T10:51:47] Child[70193]:
Total write time: 54.674554 seconds; average write time: 54.674554 seconds.
Total read time: 683.851842; average read time: 75.983538
Total time: 738.526396, total average time: 73.852640

[2022-12-14T10:51:48] Child[69629]:
Total write time: 5.583025 seconds; average write time: 5.583025 seconds.
Total read time: 734.207116; average read time: 81.578568
Total time: 739.790141, total average time: 73.979014

[2022-12-14T10:51:48] Child[70510]:
Total write time: 0.000000 seconds; average write time: 0.000000 seconds.
Total read time: 737.881507; average read time: 73.788151
Total time: 737.881507, total average time: 73.788151

[2022-12-14T10:51:48] Child[69590]:
Total write time: 29.899568 seconds; average write time: 14.949784 seconds.
Total read time: 711.827841; average read time: 88.978480
Total time: 741.727409, total average time: 74.172741

[2022-12-14T10:51:48] Child[70518]:
Total write time: 101.797206 seconds; average write time: 33.932402 seconds.
Total read time: 639.694385; average read time: 91.384912
Total time: 741.491591, total average time: 74.149159

[2022-12-14T10:51:48] Child[70153]:
Total write time: 0.000000 seconds; average write time: 0.000000 seconds.
Total read time: 737.170311; average read time: 73.717031
Total time: 737.170311, total average time: 73.717031

[2022-12-14T10:51:48] Child[70434]:
Total write time: 0.000000 seconds; average write time: 0.000000 seconds.
Total read time: 738.774213; average read time: 73.877421
Total time: 738.774213, total average time: 73.877421

[2022-12-14T10:51:48] Child[70418]:
Total write time: 63.523241 seconds; average write time: 31.761620 seconds.
Total read time: 680.667935; average read time: 85.083492
Total time: 744.191176, total average time: 74.419118

[2022-12-14T10:51:49] Child[69811]:
Total write time: 177.034131 seconds; average write time: 88.517066 seconds.
Total read time: 565.088048; average read time: 70.636006
Total time: 742.122179, total average time: 74.212218

[2022-12-14T10:51:49] Child[69630]:
Total write time: 71.138357 seconds; average write time: 35.569178 seconds.
Total read time: 676.499528; average read time: 84.562441
Total time: 747.637885, total average time: 74.763789

[2022-12-14T10:51:49] Child[69800]:
Total write time: 34.732004 seconds; average write time: 34.732004 seconds.
Total read time: 705.559058; average read time: 78.395451
Total time: 740.291062, total average time: 74.029106

[2022-12-14T10:51:49] Child[69611]:
Total write time: 101.912525 seconds; average write time: 101.912525 seconds.
Total read time: 638.320945; average read time: 70.924549
Total time: 740.233470, total average time: 74.023347

[2022-12-14T10:51:50] Child[69861]:
Total write time: 0.000000 seconds; average write time: 0.000000 seconds.
Total read time: 735.886894; average read time: 73.588689
Total time: 735.886894, total average time: 73.588689

[2022-12-14T10:51:50] Child[70093]:
Total write time: 0.000000 seconds; average write time: 0.000000 seconds.
Total read time: 744.614360; average read time: 74.461436
Total time: 744.614360, total average time: 74.461436

[2022-12-14T10:51:50] Child[70380]:
Total write time: 0.000000 seconds; average write time: 0.000000 seconds.
Total read time: 743.137978; average read time: 74.313798
Total time: 743.137978, total average time: 74.313798

[2022-12-14T10:51:50] Child[69741]:
Total write time: 35.357156 seconds; average write time: 17.678578 seconds.
Total read time: 708.427351; average read time: 88.553419
Total time: 743.784507, total average time: 74.378451

[2022-12-14T10:51:50] Child[70427]:
Total write time: 33.965442 seconds; average write time: 33.965442 seconds.
Total read time: 706.625576; average read time: 78.513953
Total time: 740.591018, total average time: 74.059102

[2022-12-14T10:51:50] Child[70586]:
Total write time: 84.971469 seconds; average write time: 84.971469 seconds.
Total read time: 657.538583; average read time: 73.059843
Total time: 742.510052, total average time: 74.251005

[2022-12-14T10:51:51] Child[70544]:
Total write time: 17.945669 seconds; average write time: 17.945669 seconds.
Total read time: 724.650648; average read time: 80.516739
Total time: 742.596317, total average time: 74.259632

[2022-12-14T10:51:51] Child[70062]:
Total write time: 0.000000 seconds; average write time: 0.000000 seconds.
Total read time: 745.716778; average read time: 74.571678
Total time: 745.716778, total average time: 74.571678

[2022-12-14T10:51:51] Child[70335]:
Total write time: 54.238315 seconds; average write time: 54.238315 seconds.
Total read time: 688.760873; average read time: 76.528986
Total time: 742.999188, total average time: 74.299919

[2022-12-14T10:51:51] Child[70177]:
Total write time: 17.894823 seconds; average write time: 17.894823 seconds.
Total read time: 726.144909; average read time: 80.682768
Total time: 744.039732, total average time: 74.403973

[2022-12-14T10:51:51] Child[69996]:
Total write time: 0.000000 seconds; average write time: 0.000000 seconds.
Total read time: 740.129059; average read time: 74.012906
Total time: 740.129059, total average time: 74.012906

[2022-12-14T10:51:52] Child[70053]:
Total write time: 0.000000 seconds; average write time: 0.000000 seconds.
Total read time: 745.285967; average read time: 74.528597
Total time: 745.285967, total average time: 74.528597

[2022-12-14T10:51:52] Child[70250]:
Total write time: 0.000000 seconds; average write time: 0.000000 seconds.
Total read time: 741.136829; average read time: 74.113683
Total time: 741.136829, total average time: 74.113683

[2022-12-14T10:51:52] Child[69877]:
Total write time: 5.532842 seconds; average write time: 5.532842 seconds.
Total read time: 738.562782; average read time: 82.062531
Total time: 744.095624, total average time: 74.409562

[2022-12-14T10:51:53] Child[70255]:
Total write time: 173.395151 seconds; average write time: 57.798384 seconds.
Total read time: 570.260805; average read time: 81.465829
Total time: 743.655956, total average time: 74.365596

[2022-12-14T10:51:54] Child[70184]:
Total write time: 9.425815 seconds; average write time: 9.425815 seconds.
Total read time: 738.184085; average read time: 82.020454
Total time: 747.609900, total average time: 74.760990

[2022-12-14T10:51:54] Child[70455]:
Total write time: 0.000000 seconds; average write time: 0.000000 seconds.
Total read time: 742.740081; average read time: 74.274008
Total time: 742.740081, total average time: 74.274008

[2022-12-14T10:51:54] Child[69810]:
Total write time: 142.669861 seconds; average write time: 47.556620 seconds.
Total read time: 599.533354; average read time: 85.647622
Total time: 742.203215, total average time: 74.220321

[2022-12-14T10:51:55] Child[70381]:
Total write time: 0.000000 seconds; average write time: 0.000000 seconds.
Total read time: 744.370224; average read time: 74.437022
Total time: 744.370224, total average time: 74.437022

[2022-12-14T10:51:55] Child[70411]:
Total write time: 0.000000 seconds; average write time: 0.000000 seconds.
Total read time: 747.611369; average read time: 74.761137
Total time: 747.611369, total average time: 74.761137

[2022-12-14T10:51:55] Child[69783]:
Total write time: 27.345033 seconds; average write time: 27.345033 seconds.
Total read time: 722.417061; average read time: 80.268562
Total time: 749.762094, total average time: 74.976209

[2022-12-14T10:51:55] Child[70603]:
Total write time: 0.000000 seconds; average write time: 0.000000 seconds.
Total read time: 746.998112; average read time: 74.699811
Total time: 746.998112, total average time: 74.699811

[2022-12-14T10:51:55] Child[69645]:
Total write time: 49.972514 seconds; average write time: 24.986257 seconds.
Total read time: 698.535919; average read time: 87.316990
Total time: 748.508433, total average time: 74.850843

[2022-12-14T10:51:55] Child[69853]:
Total write time: 15.666107 seconds; average write time: 15.666107 seconds.
Total read time: 732.508704; average read time: 81.389856
Total time: 748.174811, total average time: 74.817481

[2022-12-14T10:51:55] Child[69886]:
Total write time: 83.173746 seconds; average write time: 41.586873 seconds.
Total read time: 666.963420; average read time: 83.370428
Total time: 750.137166, total average time: 75.013717

[2022-12-14T10:51:55] Child[69814]:
Total write time: 8.442001 seconds; average write time: 8.442001 seconds.
Total read time: 741.203736; average read time: 82.355971
Total time: 749.645737, total average time: 74.964574

[2022-12-14T10:51:55] Child[69898]:
Total write time: 0.000000 seconds; average write time: 0.000000 seconds.
Total read time: 750.868593; average read time: 75.086859
Total time: 750.868593, total average time: 75.086859

[2022-12-14T10:51:55] Child[70596]:
Total write time: 32.022764 seconds; average write time: 32.022764 seconds.
Total read time: 714.241896; average read time: 79.360211
Total time: 746.264660, total average time: 74.626466

[2022-12-14T10:51:55] Child[70159]:
Total write time: 4.510367 seconds; average write time: 4.510367 seconds.
Total read time: 743.371109; average read time: 82.596790
Total time: 747.881476, total average time: 74.788148

[2022-12-14T10:51:55] Child[69890]:
Total write time: 0.000000 seconds; average write time: 0.000000 seconds.
Total read time: 751.171991; average read time: 75.117199
Total time: 751.171991, total average time: 75.117199

[2022-12-14T10:51:56] Child[69855]:
Total write time: 82.629341 seconds; average write time: 82.629341 seconds.
Total read time: 665.784778; average read time: 73.976086
Total time: 748.414119, total average time: 74.841412

[2022-12-14T10:51:56] Child[70009]:
Total write time: 66.762367 seconds; average write time: 66.762367 seconds.
Total read time: 685.039786; average read time: 76.115532
Total time: 751.802153, total average time: 75.180215

[2022-12-14T10:51:57] Child[70002]:
Total write time: 0.000000 seconds; average write time: 0.000000 seconds.
Total read time: 745.260049; average read time: 74.526005
Total time: 745.260049, total average time: 74.526005

[2022-12-14T10:51:57] Child[70523]:
Total write time: 0.000000 seconds; average write time: 0.000000 seconds.
Total read time: 747.981886; average read time: 74.798189
Total time: 747.981886, total average time: 74.798189

[2022-12-14T10:51:57] Child[70283]:
Total write time: 0.000000 seconds; average write time: 0.000000 seconds.
Total read time: 747.805075; average read time: 74.780507
Total time: 747.805075, total average time: 74.780507

[2022-12-14T10:51:57] Child[69977]:
Total write time: 0.000000 seconds; average write time: 0.000000 seconds.
Total read time: 750.169337; average read time: 75.016934
Total time: 750.169337, total average time: 75.016934

[2022-12-14T10:51:57] Child[70524]:
Total write time: 0.000000 seconds; average write time: 0.000000 seconds.
Total read time: 745.490660; average read time: 74.549066
Total time: 745.490660, total average time: 74.549066

[2022-12-14T10:51:57] Child[69589]:
Total write time: 0.000000 seconds; average write time: 0.000000 seconds.
Total read time: 745.835407; average read time: 74.583541
Total time: 745.835407, total average time: 74.583541

[2022-12-14T10:51:57] Child[69858]:
Total write time: 0.000000 seconds; average write time: 0.000000 seconds.
Total read time: 751.569528; average read time: 75.156953
Total time: 751.569528, total average time: 75.156953

[2022-12-14T10:51:57] Child[70303]:
Total write time: 0.000000 seconds; average write time: 0.000000 seconds.
Total read time: 747.929601; average read time: 74.792960
Total time: 747.929601, total average time: 74.792960

[2022-12-14T10:51:57] Child[70180]:
Total write time: 28.898641 seconds; average write time: 28.898641 seconds.
Total read time: 721.816573; average read time: 80.201841
Total time: 750.715214, total average time: 75.071521

[2022-12-14T10:51:57] Child[69912]:
Total write time: 3.149154 seconds; average write time: 3.149154 seconds.
Total read time: 748.505102; average read time: 83.167234
Total time: 751.654256, total average time: 75.165426

[2022-12-14T10:51:57] Child[70412]:
Total write time: 52.667639 seconds; average write time: 52.667639 seconds.
Total read time: 699.611967; average read time: 77.734663
Total time: 752.279606, total average time: 75.227961

[2022-12-14T10:51:58] Child[69953]:
Total write time: 0.000000 seconds; average write time: 0.000000 seconds.
Total read time: 751.719495; average read time: 75.171949
Total time: 751.719495, total average time: 75.171949

[2022-12-14T10:51:58] Child[70453]:
Total write time: 0.000000 seconds; average write time: 0.000000 seconds.
Total read time: 751.964492; average read time: 75.196449
Total time: 751.964492, total average time: 75.196449

[2022-12-14T10:51:58] Child[70404]:
Total write time: 0.000000 seconds; average write time: 0.000000 seconds.
Total read time: 754.267981; average read time: 75.426798
Total time: 754.267981, total average time: 75.426798

[2022-12-14T10:51:58] Child[70536]:
Total write time: 143.324111 seconds; average write time: 71.662055 seconds.
Total read time: 605.198216; average read time: 75.649777
Total time: 748.522327, total average time: 74.852233

[2022-12-14T10:51:58] Child[70611]:
Total write time: 31.211423 seconds; average write time: 31.211423 seconds.
Total read time: 720.929859; average read time: 80.103318
Total time: 752.141282, total average time: 75.214128

[2022-12-14T10:51:59] Child[70281]:
Total write time: 0.000020 seconds; average write time: 0.000020 seconds.
Total read time: 752.030577; average read time: 83.558953
Total time: 752.030597, total average time: 75.203060

[2022-12-14T10:51:59] Child[70426]:
Total write time: 58.719020 seconds; average write time: 29.359510 seconds.
Total read time: 686.097817; average read time: 85.762227
Total time: 744.816837, total average time: 74.481684

[2022-12-14T10:51:59] Child[70292]:
Total write time: 17.645454 seconds; average write time: 17.645454 seconds.
Total read time: 728.412688; average read time: 80.934743
Total time: 746.058142, total average time: 74.605814

[2022-12-14T10:51:59] Child[70439]:
Total write time: 7.123916 seconds; average write time: 7.123916 seconds.
Total read time: 745.750393; average read time: 82.861155
Total time: 752.874309, total average time: 75.287431

[2022-12-14T10:51:59] Child[70450]:
Total write time: 0.000000 seconds; average write time: 0.000000 seconds.
Total read time: 755.065045; average read time: 75.506505
Total time: 755.065045, total average time: 75.506505

[2022-12-14T10:51:59] Child[70122]:
Total write time: 0.000000 seconds; average write time: 0.000000 seconds.
Total read time: 754.712171; average read time: 75.471217
Total time: 754.712171, total average time: 75.471217

[2022-12-14T10:51:59] Child[70491]:
Total write time: 0.000000 seconds; average write time: 0.000000 seconds.
Total read time: 751.479683; average read time: 75.147968
Total time: 751.479683, total average time: 75.147968

[2022-12-14T10:51:59] Child[69658]:
Total write time: 24.542248 seconds; average write time: 24.542248 seconds.
Total read time: 726.045255; average read time: 80.671695
Total time: 750.587503, total average time: 75.058750

[2022-12-14T10:51:59] Child[70447]:
Total write time: 105.204436 seconds; average write time: 52.602218 seconds.
Total read time: 648.609997; average read time: 81.076250
Total time: 753.814433, total average time: 75.381443

[2022-12-14T10:51:59] Child[69586]:
Total write time: 0.000000 seconds; average write time: 0.000000 seconds.
Total read time: 750.749788; average read time: 75.074979
Total time: 750.749788, total average time: 75.074979

[2022-12-14T10:52:00] Child[69887]:
Total write time: 55.564395 seconds; average write time: 55.564395 seconds.
Total read time: 697.202410; average read time: 77.466934
Total time: 752.766805, total average time: 75.276680

[2022-12-14T10:52:00] Child[69884]:
Total write time: 82.801849 seconds; average write time: 82.801849 seconds.
Total read time: 671.345840; average read time: 74.593982
Total time: 754.147689, total average time: 75.414769

[2022-12-14T10:52:00] Child[70591]:
Total write time: 0.000000 seconds; average write time: 0.000000 seconds.
Total read time: 753.603814; average read time: 75.360381
Total time: 753.603814, total average time: 75.360381

[2022-12-14T10:52:01] Child[70613]:
Total write time: 41.926322 seconds; average write time: 20.963161 seconds.
Total read time: 711.666413; average read time: 88.958302
Total time: 753.592735, total average time: 75.359274

[2022-12-14T10:52:01] Child[69754]:
Total write time: 5.248054 seconds; average write time: 2.624027 seconds.
Total read time: 745.505873; average read time: 93.188234
Total time: 750.753927, total average time: 75.075393

[2022-12-14T10:52:01] Child[69564]:
Total write time: 0.000000 seconds; average write time: 0.000000 seconds.
Total read time: 752.105020; average read time: 75.210502
Total time: 752.105020, total average time: 75.210502

[2022-12-14T10:52:01] Child[69581]:
Total write time: 0.000000 seconds; average write time: 0.000000 seconds.
Total read time: 754.229768; average read time: 75.422977
Total time: 754.229768, total average time: 75.422977

[2022-12-14T10:52:01] Child[70235]:
Total write time: 17.925308 seconds; average write time: 17.925308 seconds.
Total read time: 736.338268; average read time: 81.815363
Total time: 754.263576, total average time: 75.426358

[2022-12-14T10:52:01] Child[70236]:
Total write time: 145.822276 seconds; average write time: 48.607425 seconds.
Total read time: 607.191114; average read time: 86.741588
Total time: 753.013390, total average time: 75.301339

[2022-12-14T10:52:01] Child[69732]:
Total write time: 0.000000 seconds; average write time: 0.000000 seconds.
Total read time: 754.735634; average read time: 75.473563
Total time: 754.735634, total average time: 75.473563

[2022-12-14T10:52:01] Child[69717]:
Total write time: 127.904969 seconds; average write time: 63.952484 seconds.
Total read time: 624.147191; average read time: 78.018399
Total time: 752.052160, total average time: 75.205216

[2022-12-14T10:52:02] Child[69752]:
Total write time: 84.448124 seconds; average write time: 84.448124 seconds.
Total read time: 665.163320; average read time: 73.907036
Total time: 749.611444, total average time: 74.961144

[2022-12-14T10:52:02] Child[69994]:
Total write time: 0.000000 seconds; average write time: 0.000000 seconds.
Total read time: 750.013456; average read time: 75.001346
Total time: 750.013456, total average time: 75.001346

[2022-12-14T10:52:02] Child[69952]:
Total write time: 0.000000 seconds; average write time: 0.000000 seconds.
Total read time: 752.797151; average read time: 75.279715
Total time: 752.797151, total average time: 75.279715

[2022-12-14T10:52:02] Child[69780]:
Total write time: 0.000000 seconds; average write time: 0.000000 seconds.
Total read time: 752.542300; average read time: 75.254230
Total time: 752.542300, total average time: 75.254230

[2022-12-14T10:52:02] Child[70118]:
Total write time: 0.000000 seconds; average write time: 0.000000 seconds.
Total read time: 753.504116; average read time: 75.350412
Total time: 753.504116, total average time: 75.350412

[2022-12-14T10:52:02] Child[69973]:
Total write time: 0.000000 seconds; average write time: 0.000000 seconds.
Total read time: 752.617368; average read time: 75.261737
Total time: 752.617368, total average time: 75.261737

[2022-12-14T10:52:02] Child[69770]:
Total write time: 16.275819 seconds; average write time: 16.275819 seconds.
Total read time: 738.002431; average read time: 82.000270
Total time: 754.278250, total average time: 75.427825

[2022-12-14T10:52:02] Child[70507]:
Total write time: 0.000000 seconds; average write time: 0.000000 seconds.
Total read time: 758.173906; average read time: 75.817391
Total time: 758.173906, total average time: 75.817391

[2022-12-14T10:52:02] Child[70428]:
Total write time: 71.326085 seconds; average write time: 35.663043 seconds.
Total read time: 680.913514; average read time: 85.114189
Total time: 752.239599, total average time: 75.223960

[2022-12-14T10:52:02] Child[70360]:
Total write time: 68.478186 seconds; average write time: 68.478186 seconds.
Total read time: 685.336562; average read time: 76.148507
Total time: 753.814748, total average time: 75.381475

[2022-12-14T10:52:03] Child[69823]:
Total write time: 0.000000 seconds; average write time: 0.000000 seconds.
Total read time: 755.209086; average read time: 75.520909
Total time: 755.209086, total average time: 75.520909

[2022-12-14T10:52:03] Child[69558]:
Total write time: 0.000000 seconds; average write time: 0.000000 seconds.
Total read time: 754.295568; average read time: 75.429557
Total time: 754.295568, total average time: 75.429557

[2022-12-14T10:52:03] Child[70148]:
Total write time: 0.000000 seconds; average write time: 0.000000 seconds.
Total read time: 755.591535; average read time: 75.559153
Total time: 755.591535, total average time: 75.559153

[2022-12-14T10:52:03] Child[70454]:
Total write time: 0.000000 seconds; average write time: 0.000000 seconds.
Total read time: 755.929426; average read time: 75.592943
Total time: 755.929426, total average time: 75.592943

[2022-12-14T10:52:04] Child[70522]:
Total write time: 0.000000 seconds; average write time: 0.000000 seconds.
Total read time: 755.306400; average read time: 75.530640
Total time: 755.306400, total average time: 75.530640

[2022-12-14T10:52:04] Child[70023]:
Total write time: 148.079481 seconds; average write time: 74.039740 seconds.
Total read time: 608.459055; average read time: 76.057382
Total time: 756.538536, total average time: 75.653854

[2022-12-14T10:52:04] Child[70326]:
Total write time: 0.000000 seconds; average write time: 0.000000 seconds.
Total read time: 757.718335; average read time: 75.771833
Total time: 757.718335, total average time: 75.771833

[2022-12-14T10:52:04] Child[69582]:
Total write time: 105.488921 seconds; average write time: 52.744461 seconds.
Total read time: 650.624449; average read time: 81.328056
Total time: 756.113370, total average time: 75.611337

[2022-12-14T10:52:04] Child[69659]:
Total write time: 0.000000 seconds; average write time: 0.000000 seconds.
Total read time: 757.593946; average read time: 75.759395
Total time: 757.593946, total average time: 75.759395

[2022-12-14T10:52:05] Child[70089]:
Total write time: 15.141623 seconds; average write time: 15.141623 seconds.
Total read time: 737.125014; average read time: 81.902779
Total time: 752.266637, total average time: 75.226664

[2022-12-14T10:52:05] Child[70124]:
Total write time: 0.000000 seconds; average write time: 0.000000 seconds.
Total read time: 751.723122; average read time: 75.172312
Total time: 751.723122, total average time: 75.172312

[2022-12-14T10:52:05] Child[69637]:
Total write time: 117.375188 seconds; average write time: 58.687594 seconds.
Total read time: 642.132089; average read time: 80.266511
Total time: 759.507277, total average time: 75.950728

[2022-12-14T10:52:05] Child[70036]:
Total write time: 82.069824 seconds; average write time: 82.069824 seconds.
Total read time: 675.163920; average read time: 75.018213
Total time: 757.233744, total average time: 75.723374

[2022-12-14T10:52:05] Child[70342]:
Total write time: 61.006513 seconds; average write time: 30.503256 seconds.
Total read time: 696.703116; average read time: 87.087890
Total time: 757.709629, total average time: 75.770963

[2022-12-14T10:52:05] Child[69832]:
Total write time: 0.000000 seconds; average write time: 0.000000 seconds.
Total read time: 758.599341; average read time: 75.859934
Total time: 758.599341, total average time: 75.859934

[2022-12-14T10:52:05] Child[70143]:
Total write time: 39.973651 seconds; average write time: 39.973651 seconds.
Total read time: 716.300312; average read time: 79.588924
Total time: 756.273963, total average time: 75.627396

[2022-12-14T10:52:06] Child[70029]:
Total write time: 80.893217 seconds; average write time: 40.446609 seconds.
Total read time: 679.718483; average read time: 84.964810
Total time: 760.611700, total average time: 76.061170

[2022-12-14T10:52:06] Child[69819]:
Total write time: 123.499046 seconds; average write time: 61.749523 seconds.
Total read time: 633.745888; average read time: 79.218236
Total time: 757.244934, total average time: 75.724493

[2022-12-14T10:52:06] Child[69647]:
Total write time: 85.179933 seconds; average write time: 85.179933 seconds.
Total read time: 670.884854; average read time: 74.542762
Total time: 756.064787, total average time: 75.606479

[2022-12-14T10:52:06] Child[70201]:
Total write time: 106.216444 seconds; average write time: 53.108222 seconds.
Total read time: 656.183561; average read time: 82.022945
Total time: 762.400005, total average time: 76.240000

[2022-12-14T10:52:06] Child[70044]:
Total write time: 34.125263 seconds; average write time: 34.125263 seconds.
Total read time: 724.200427; average read time: 80.466714
Total time: 758.325690, total average time: 75.832569

[2022-12-14T10:52:06] Child[70353]:
Total write time: 25.182011 seconds; average write time: 25.182011 seconds.
Total read time: 733.809603; average read time: 81.534400
Total time: 758.991614, total average time: 75.899161

[2022-12-14T10:52:07] Child[70050]:
Total write time: 0.000000 seconds; average write time: 0.000000 seconds.
Total read time: 756.792415; average read time: 75.679242
Total time: 756.792415, total average time: 75.679242

[2022-12-14T10:52:07] Child[70278]:
Total write time: 0.000000 seconds; average write time: 0.000000 seconds.
Total read time: 756.279983; average read time: 75.627998
Total time: 756.279983, total average time: 75.627998

[2022-12-14T10:52:07] Child[70433]:
Total write time: 22.606494 seconds; average write time: 22.606494 seconds.
Total read time: 736.387427; average read time: 81.820825
Total time: 758.993921, total average time: 75.899392

[2022-12-14T10:52:07] Child[70569]:
Total write time: 0.000000 seconds; average write time: 0.000000 seconds.
Total read time: 756.072556; average read time: 75.607256
Total time: 756.072556, total average time: 75.607256

[2022-12-14T10:52:08] Child[70097]:
Total write time: 0.000000 seconds; average write time: 0.000000 seconds.
Total read time: 758.905005; average read time: 75.890501
Total time: 758.905005, total average time: 75.890501

[2022-12-14T10:52:08] Child[70440]:
Total write time: 55.387027 seconds; average write time: 55.387027 seconds.
Total read time: 705.022900; average read time: 78.335878
Total time: 760.409927, total average time: 76.040993

[2022-12-14T10:52:08] Child[69909]:
Total write time: 0.000000 seconds; average write time: 0.000000 seconds.
Total read time: 762.845092; average read time: 76.284509
Total time: 762.845092, total average time: 76.284509

[2022-12-14T10:52:08] Child[69852]:
Total write time: 0.000000 seconds; average write time: 0.000000 seconds.
Total read time: 762.467388; average read time: 76.246739
Total time: 762.467388, total average time: 76.246739

[2022-12-14T10:52:08] Child[70597]:
Total write time: 0.000000 seconds; average write time: 0.000000 seconds.
Total read time: 758.589076; average read time: 75.858908
Total time: 758.589076, total average time: 75.858908

[2022-12-14T10:52:08] Child[70300]:
Total write time: 0.000000 seconds; average write time: 0.000000 seconds.
Total read time: 762.684835; average read time: 76.268484
Total time: 762.684835, total average time: 76.268484

[2022-12-14T10:52:08] Child[70377]:
Total write time: 0.000000 seconds; average write time: 0.000000 seconds.
Total read time: 762.089923; average read time: 76.208992
Total time: 762.089923, total average time: 76.208992

[2022-12-14T10:52:08] Child[69894]:
Total write time: 0.000034 seconds; average write time: 0.000034 seconds.
Total read time: 761.951542; average read time: 84.661282
Total time: 761.951576, total average time: 76.195158

[2022-12-14T10:52:08] Child[69850]:
Total write time: 62.928643 seconds; average write time: 31.464322 seconds.
Total read time: 696.135059; average read time: 87.016882
Total time: 759.063702, total average time: 75.906370

[2022-12-14T10:52:09] Child[69597]:
Total write time: 83.905437 seconds; average write time: 27.968479 seconds.
Total read time: 680.098129; average read time: 97.156876
Total time: 764.003566, total average time: 76.400357

[2022-12-14T10:52:09] Child[70546]:
Total write time: 0.000000 seconds; average write time: 0.000000 seconds.
Total read time: 758.223298; average read time: 75.822330
Total time: 758.223298, total average time: 75.822330

[2022-12-14T10:52:09] Child[70229]:
Total write time: 0.000000 seconds; average write time: 0.000000 seconds.
Total read time: 762.189128; average read time: 76.218913
Total time: 762.189128, total average time: 76.218913

[2022-12-14T10:52:09] Child[70068]:
Total write time: 13.769862 seconds; average write time: 6.884931 seconds.
Total read time: 744.003880; average read time: 93.000485
Total time: 757.773742, total average time: 75.777374

[2022-12-14T10:52:09] Child[70298]:
Total write time: 3.739060 seconds; average write time: 3.739060 seconds.
Total read time: 758.670020; average read time: 84.296669
Total time: 762.409080, total average time: 76.240908

[2022-12-14T10:52:09] Child[70128]:
Total write time: 56.799467 seconds; average write time: 28.399733 seconds.
Total read time: 705.901643; average read time: 88.237705
Total time: 762.701110, total average time: 76.270111

[2022-12-14T10:52:10] Child[69797]:
Total write time: 86.841552 seconds; average write time: 86.841552 seconds.
Total read time: 675.427398; average read time: 75.047489
Total time: 762.268950, total average time: 76.226895

[2022-12-14T10:52:10] Child[69995]:
Total write time: 0.000000 seconds; average write time: 0.000000 seconds.
Total read time: 763.002577; average read time: 76.300258
Total time: 763.002577, total average time: 76.300258

[2022-12-14T10:52:10] Child[69992]:
Total write time: 74.738936 seconds; average write time: 37.369468 seconds.
Total read time: 687.071141; average read time: 85.883893
Total time: 761.810077, total average time: 76.181008

[2022-12-14T10:52:10] Child[69964]:
Total write time: 84.159689 seconds; average write time: 84.159689 seconds.
Total read time: 676.934112; average read time: 75.214901
Total time: 761.093801, total average time: 76.109380

[2022-12-14T10:52:10] Child[69903]:
Total write time: 83.923490 seconds; average write time: 83.923490 seconds.
Total read time: 674.556703; average read time: 74.950745
Total time: 758.480193, total average time: 75.848019

[2022-12-14T10:52:10] Child[70032]:
Total write time: 39.825526 seconds; average write time: 13.275175 seconds.
Total read time: 725.468324; average read time: 103.638332
Total time: 765.293850, total average time: 76.529385

[2022-12-14T10:52:10] Child[70364]:
Total write time: 37.505012 seconds; average write time: 18.752506 seconds.
Total read time: 727.565760; average read time: 90.945720
Total time: 765.070772, total average time: 76.507077

[2022-12-14T10:52:10] Child[70197]:
Total write time: 56.289126 seconds; average write time: 56.289126 seconds.
Total read time: 710.051315; average read time: 78.894591
Total time: 766.340441, total average time: 76.634044

[2022-12-14T10:52:10] Child[70582]:
Total write time: 2.386833 seconds; average write time: 2.386833 seconds.
Total read time: 758.165315; average read time: 84.240591
Total time: 760.552148, total average time: 76.055215

[2022-12-14T10:52:10] Child[70532]:
Total write time: 0.000000 seconds; average write time: 0.000000 seconds.
Total read time: 765.211183; average read time: 76.521118
Total time: 765.211183, total average time: 76.521118

[2022-12-14T10:52:10] Child[69969]:
Total write time: 103.439553 seconds; average write time: 51.719777 seconds.
Total read time: 659.129107; average read time: 82.391138
Total time: 762.568660, total average time: 76.256866

[2022-12-14T10:52:10] Child[70378]:
Total write time: 43.468834 seconds; average write time: 21.734417 seconds.
Total read time: 720.810219; average read time: 90.101277
Total time: 764.279053, total average time: 76.427905

[2022-12-14T10:52:11] Child[69700]:
Total write time: 0.000000 seconds; average write time: 0.000000 seconds.
Total read time: 767.534667; average read time: 76.753467
Total time: 767.534667, total average time: 76.753467

[2022-12-14T10:52:11] Child[69579]:
Total write time: 0.000000 seconds; average write time: 0.000000 seconds.
Total read time: 764.033044; average read time: 76.403304
Total time: 764.033044, total average time: 76.403304

[2022-12-14T10:52:12] Child[69715]:
Total write time: 78.796172 seconds; average write time: 78.796172 seconds.
Total read time: 684.635434; average read time: 76.070604
Total time: 763.431606, total average time: 76.343161

[2022-12-14T10:52:12] Child[70290]:
Total write time: 0.000000 seconds; average write time: 0.000000 seconds.
Total read time: 760.582297; average read time: 76.058230
Total time: 760.582297, total average time: 76.058230

[2022-12-14T10:52:12] Child[69931]:
Total write time: 0.000000 seconds; average write time: 0.000000 seconds.
Total read time: 764.979041; average read time: 76.497904
Total time: 764.979041, total average time: 76.497904

[2022-12-14T10:52:12] Child[69821]:
Total write time: 0.000000 seconds; average write time: 0.000000 seconds.
Total read time: 760.837502; average read time: 76.083750
Total time: 760.837502, total average time: 76.083750

[2022-12-14T10:52:13] Child[69956]:
Total write time: 68.508604 seconds; average write time: 34.254302 seconds.
Total read time: 700.376525; average read time: 87.547066
Total time: 768.885129, total average time: 76.888513

[2022-12-14T10:52:13] Child[70131]:
Total write time: 0.000000 seconds; average write time: 0.000000 seconds.
Total read time: 764.748161; average read time: 76.474816
Total time: 764.748161, total average time: 76.474816

[2022-12-14T10:52:13] Child[70173]:
Total write time: 0.773464 seconds; average write time: 0.773464 seconds.
Total read time: 765.808539; average read time: 85.089838
Total time: 766.582003, total average time: 76.658200

[2022-12-14T10:52:13] Child[70155]:
Total write time: 79.326098 seconds; average write time: 39.663049 seconds.
Total read time: 686.610966; average read time: 85.826371
Total time: 765.937064, total average time: 76.593706

[2022-12-14T10:52:13] Child[70091]:
Total write time: 0.000000 seconds; average write time: 0.000000 seconds.
Total read time: 768.333433; average read time: 76.833343
Total time: 768.333433, total average time: 76.833343

[2022-12-14T10:52:13] Child[69678]:
Total write time: 0.000000 seconds; average write time: 0.000000 seconds.
Total read time: 759.514983; average read time: 75.951498
Total time: 759.514983, total average time: 75.951498

[2022-12-14T10:52:13] Child[70294]:
Total write time: 0.000000 seconds; average write time: 0.000000 seconds.
Total read time: 762.869666; average read time: 76.286967
Total time: 762.869666, total average time: 76.286967

[2022-12-14T10:52:13] Child[69876]:
Total write time: 0.000000 seconds; average write time: 0.000000 seconds.
Total read time: 767.980476; average read time: 76.798048
Total time: 767.980476, total average time: 76.798048

[2022-12-14T10:52:13] Child[69787]:
Total write time: 0.000000 seconds; average write time: 0.000000 seconds.
Total read time: 769.422391; average read time: 76.942239
Total time: 769.422391, total average time: 76.942239

[2022-12-14T10:52:14] Child[69648]:
Total write time: 53.181047 seconds; average write time: 53.181047 seconds.
Total read time: 714.771424; average read time: 79.419047
Total time: 767.952471, total average time: 76.795247

[2022-12-14T10:52:14] Child[70344]:
Total write time: 69.261263 seconds; average write time: 69.261263 seconds.
Total read time: 698.789449; average read time: 77.643272
Total time: 768.050712, total average time: 76.805071

[2022-12-14T10:52:14] Child[70006]:
Total write time: 87.585922 seconds; average write time: 87.585922 seconds.
Total read time: 679.242335; average read time: 75.471371
Total time: 766.828257, total average time: 76.682826

[2022-12-14T10:52:15] Child[69816]:
Total write time: 4.969490 seconds; average write time: 4.969490 seconds.
Total read time: 764.031236; average read time: 84.892360
Total time: 769.000726, total average time: 76.900073

[2022-12-14T10:52:15] Child[70092]:
Total write time: 125.011011 seconds; average write time: 62.505505 seconds.
Total read time: 643.368795; average read time: 80.421099
Total time: 768.379806, total average time: 76.837981

[2022-12-14T10:52:15] Child[70545]:
Total write time: 0.000000 seconds; average write time: 0.000000 seconds.
Total read time: 768.637240; average read time: 76.863724
Total time: 768.637240, total average time: 76.863724

[2022-12-14T10:52:15] Child[69804]:
Total write time: 31.451413 seconds; average write time: 31.451413 seconds.
Total read time: 734.232069; average read time: 81.581341
Total time: 765.683482, total average time: 76.568348

[2022-12-14T10:52:15] Child[70181]:
Total write time: 16.812811 seconds; average write time: 16.812811 seconds.
Total read time: 743.993016; average read time: 82.665891
Total time: 760.805827, total average time: 76.080583

[2022-12-14T10:52:16] Child[69918]:
Total write time: 142.741101 seconds; average write time: 71.370550 seconds.
Total read time: 627.533654; average read time: 78.441707
Total time: 770.274755, total average time: 77.027475

[2022-12-14T10:52:16] Child[70367]:
Total write time: 0.000000 seconds; average write time: 0.000000 seconds.
Total read time: 768.515947; average read time: 76.851595
Total time: 768.515947, total average time: 76.851595

[2022-12-14T10:52:16] Child[70060]:
Total write time: 32.981436 seconds; average write time: 32.981436 seconds.
Total read time: 734.518321; average read time: 81.613147
Total time: 767.499757, total average time: 76.749976

[2022-12-14T10:52:16] Child[70305]:
Total write time: 70.864715 seconds; average write time: 70.864715 seconds.
Total read time: 700.180725; average read time: 77.797858
Total time: 771.045440, total average time: 77.104544

[2022-12-14T10:52:16] Child[69651]:
Total write time: 0.000000 seconds; average write time: 0.000000 seconds.
Total read time: 771.004882; average read time: 77.100488
Total time: 771.004882, total average time: 77.100488

[2022-12-14T10:52:16] Child[70073]:
Total write time: 0.000000 seconds; average write time: 0.000000 seconds.
Total read time: 770.567893; average read time: 77.056789
Total time: 770.567893, total average time: 77.056789

[2022-12-14T10:52:17] Child[70498]:
Total write time: 0.000008 seconds; average write time: 0.000008 seconds.
Total read time: 767.551991; average read time: 85.283555
Total time: 767.551999, total average time: 76.755200

[2022-12-14T10:52:17] Child[70144]:
Total write time: 0.000000 seconds; average write time: 0.000000 seconds.
Total read time: 769.219080; average read time: 76.921908
Total time: 769.219080, total average time: 76.921908

[2022-12-14T10:52:17] Child[70508]:
Total write time: 0.000000 seconds; average write time: 0.000000 seconds.
Total read time: 769.816536; average read time: 76.981654
Total time: 769.816536, total average time: 76.981654

[2022-12-14T10:52:17] Child[69843]:
Total write time: 23.718904 seconds; average write time: 23.718904 seconds.
Total read time: 744.936652; average read time: 82.770739
Total time: 768.655556, total average time: 76.865556

[2022-12-14T10:52:17] Child[69673]:
Total write time: 45.637582 seconds; average write time: 45.637582 seconds.
Total read time: 723.288320; average read time: 80.365369
Total time: 768.925902, total average time: 76.892590

[2022-12-14T10:52:17] Child[70160]:
Total write time: 0.000000 seconds; average write time: 0.000000 seconds.
Total read time: 768.321203; average read time: 76.832120
Total time: 768.321203, total average time: 76.832120

[2022-12-14T10:52:17] Child[70607]:
Total write time: 35.736735 seconds; average write time: 35.736735 seconds.
Total read time: 731.550746; average read time: 81.283416
Total time: 767.287481, total average time: 76.728748

[2022-12-14T10:52:17] Child[69791]:
Total write time: 0.000000 seconds; average write time: 0.000000 seconds.
Total read time: 767.168615; average read time: 76.716861
Total time: 767.168615, total average time: 76.716861

[2022-12-14T10:52:17] Child[69862]:
Total write time: 0.000000 seconds; average write time: 0.000000 seconds.
Total read time: 766.382888; average read time: 76.638289
Total time: 766.382888, total average time: 76.638289

[2022-12-14T10:52:17] Child[70284]:
Total write time: 0.000000 seconds; average write time: 0.000000 seconds.
Total read time: 769.884770; average read time: 76.988477
Total time: 769.884770, total average time: 76.988477

[2022-12-14T10:52:18] Child[69950]:
Total write time: 0.000000 seconds; average write time: 0.000000 seconds.
Total read time: 773.420938; average read time: 77.342094
Total time: 773.420938, total average time: 77.342094

[2022-12-14T10:52:18] Child[70098]:
Total write time: 0.000000 seconds; average write time: 0.000000 seconds.
Total read time: 768.550336; average read time: 76.855034
Total time: 768.550336, total average time: 76.855034

[2022-12-14T10:52:18] Child[70005]:
Total write time: 48.369740 seconds; average write time: 48.369740 seconds.
Total read time: 722.096289; average read time: 80.232921
Total time: 770.466029, total average time: 77.046603

[2022-12-14T10:52:18] Child[70137]:
Total write time: 69.385527 seconds; average write time: 69.385527 seconds.
Total read time: 698.854747; average read time: 77.650527
Total time: 768.240274, total average time: 76.824027

[2022-12-14T10:52:18] Child[70238]:
Total write time: 47.703503 seconds; average write time: 47.703503 seconds.
Total read time: 718.837609; average read time: 79.870845
Total time: 766.541112, total average time: 76.654111

[2022-12-14T10:52:18] Child[69939]:
Total write time: 0.000000 seconds; average write time: 0.000000 seconds.
Total read time: 770.077890; average read time: 77.007789
Total time: 770.077890, total average time: 77.007789

[2022-12-14T10:52:18] Child[70515]:
Total write time: 0.000000 seconds; average write time: 0.000000 seconds.
Total read time: 771.162789; average read time: 77.116279
Total time: 771.162789, total average time: 77.116279

[2022-12-14T10:52:19] Child[70164]:
Total write time: 0.000000 seconds; average write time: 0.000000 seconds.
Total read time: 770.751392; average read time: 77.075139
Total time: 770.751392, total average time: 77.075139

[2022-12-14T10:52:19] Child[69636]:
Total write time: 0.000000 seconds; average write time: 0.000000 seconds.
Total read time: 772.172952; average read time: 77.217295
Total time: 772.172952, total average time: 77.217295

[2022-12-14T10:52:19] Child[70280]:
Total write time: 55.525433 seconds; average write time: 55.525433 seconds.
Total read time: 713.273406; average read time: 79.252601
Total time: 768.798839, total average time: 76.879884

[2022-12-14T10:52:19] Child[69863]:
Total write time: 0.000000 seconds; average write time: 0.000000 seconds.
Total read time: 771.734527; average read time: 77.173453
Total time: 771.734527, total average time: 77.173453

[2022-12-14T10:52:19] Child[70170]:
Total write time: 10.976530 seconds; average write time: 10.976530 seconds.
Total read time: 757.685647; average read time: 84.187294
Total time: 768.662177, total average time: 76.866218

[2022-12-14T10:52:19] Child[69875]:
Total write time: 63.058259 seconds; average write time: 63.058259 seconds.
Total read time: 707.129232; average read time: 78.569915
Total time: 770.187491, total average time: 77.018749

[2022-12-14T10:52:19] Child[69676]:
Total write time: 57.965054 seconds; average write time: 57.965054 seconds.
Total read time: 713.281224; average read time: 79.253469
Total time: 771.246278, total average time: 77.124628

[2022-12-14T10:52:19] Child[69828]:
Total write time: 98.101575 seconds; average write time: 49.050787 seconds.
Total read time: 672.284519; average read time: 84.035565
Total time: 770.386094, total average time: 77.038609

[2022-12-14T10:52:20] Child[70030]:
Total write time: 0.000000 seconds; average write time: 0.000000 seconds.
Total read time: 772.708732; average read time: 77.270873
Total time: 772.708732, total average time: 77.270873

[2022-12-14T10:52:20] Child[69859]:
Total write time: 0.000000 seconds; average write time: 0.000000 seconds.
Total read time: 769.767935; average read time: 76.976793
Total time: 769.767935, total average time: 76.976793

[2022-12-14T10:52:20] Child[69738]:
Total write time: 79.465873 seconds; average write time: 79.465873 seconds.
Total read time: 689.723296; average read time: 76.635922
Total time: 769.189169, total average time: 76.918917

[2022-12-14T10:52:20] Child[70314]:
Total write time: 14.433313 seconds; average write time: 14.433313 seconds.
Total read time: 761.696561; average read time: 84.632951
Total time: 776.129874, total average time: 77.612987

[2022-12-14T10:52:20] Child[70149]:
Total write time: 98.340836 seconds; average write time: 98.340836 seconds.
Total read time: 671.998386; average read time: 74.666487
Total time: 770.339222, total average time: 77.033922

[2022-12-14T10:52:20] Child[70422]:
Total write time: 0.000000 seconds; average write time: 0.000000 seconds.
Total read time: 775.151066; average read time: 77.515107
Total time: 775.151066, total average time: 77.515107

[2022-12-14T10:52:20] Child[70123]:
Total write time: 0.000000 seconds; average write time: 0.000000 seconds.
Total read time: 771.986968; average read time: 77.198697
Total time: 771.986968, total average time: 77.198697

[2022-12-14T10:52:21] Child[69845]:
Total write time: 0.000000 seconds; average write time: 0.000000 seconds.
Total read time: 772.697664; average read time: 77.269766
Total time: 772.697664, total average time: 77.269766

[2022-12-14T10:52:21] Child[69708]:
Total write time: 20.047855 seconds; average write time: 20.047855 seconds.
Total read time: 747.040675; average read time: 83.004519
Total time: 767.088530, total average time: 76.708853

[2022-12-14T10:52:21] Child[70352]:
Total write time: 0.000000 seconds; average write time: 0.000000 seconds.
Total read time: 771.993778; average read time: 77.199378
Total time: 771.993778, total average time: 77.199378

[2022-12-14T10:52:21] Child[70228]:
Total write time: 107.009682 seconds; average write time: 26.752420 seconds.
Total read time: 667.959042; average read time: 111.326507
Total time: 774.968724, total average time: 77.496872

[2022-12-14T10:52:22] Child[70108]:
Total write time: 126.249292 seconds; average write time: 63.124646 seconds.
Total read time: 648.459315; average read time: 81.057414
Total time: 774.708607, total average time: 77.470861

[2022-12-14T10:52:22] Child[70435]:
Total write time: 2.111677 seconds; average write time: 2.111677 seconds.
Total read time: 767.123712; average read time: 85.235968
Total time: 769.235389, total average time: 76.923539

[2022-12-14T10:52:22] Child[70106]:
Total write time: 0.000000 seconds; average write time: 0.000000 seconds.
Total read time: 772.598853; average read time: 77.259885
Total time: 772.598853, total average time: 77.259885

[2022-12-14T10:52:22] Child[69927]:
Total write time: 0.000000 seconds; average write time: 0.000000 seconds.
Total read time: 773.784041; average read time: 77.378404
Total time: 773.784041, total average time: 77.378404

[2022-12-14T10:52:22] Child[70027]:
Total write time: 0.000000 seconds; average write time: 0.000000 seconds.
Total read time: 774.526079; average read time: 77.452608
Total time: 774.526079, total average time: 77.452608

[2022-12-14T10:52:22] Child[69907]:
Total write time: 58.408161 seconds; average write time: 58.408161 seconds.
Total read time: 716.240474; average read time: 79.582275
Total time: 774.648635, total average time: 77.464864

[2022-12-14T10:52:22] Child[70531]:
Total write time: 85.737728 seconds; average write time: 85.737728 seconds.
Total read time: 690.090160; average read time: 76.676684
Total time: 775.827888, total average time: 77.582789

[2022-12-14T10:52:22] Child[70516]:
Total write time: 0.000000 seconds; average write time: 0.000000 seconds.
Total read time: 772.621825; average read time: 77.262182
Total time: 772.621825, total average time: 77.262182

[2022-12-14T10:52:23] Child[69577]:
Total write time: 76.522907 seconds; average write time: 76.522907 seconds.
Total read time: 699.381672; average read time: 77.709075
Total time: 775.904579, total average time: 77.590458

[2022-12-14T10:52:23] Child[70218]:
Total write time: 0.000000 seconds; average write time: 0.000000 seconds.
Total read time: 778.499164; average read time: 77.849916
Total time: 778.499164, total average time: 77.849916

[2022-12-14T10:52:23] Child[70208]:
Total write time: 0.000000 seconds; average write time: 0.000000 seconds.
Total read time: 771.140968; average read time: 77.114097
Total time: 771.140968, total average time: 77.114097

[2022-12-14T10:52:23] Child[70015]:
Total write time: 0.000000 seconds; average write time: 0.000000 seconds.
Total read time: 777.052334; average read time: 77.705233
Total time: 777.052334, total average time: 77.705233

[2022-12-14T10:52:23] Child[70484]:
Total write time: 95.887514 seconds; average write time: 47.943757 seconds.
Total read time: 678.315814; average read time: 84.789477
Total time: 774.203328, total average time: 77.420333

[2022-12-14T10:52:24] Child[69705]:
Total write time: 0.000000 seconds; average write time: 0.000000 seconds.
Total read time: 774.848014; average read time: 77.484801
Total time: 774.848014, total average time: 77.484801

[2022-12-14T10:52:24] Child[69638]:
Total write time: 21.207854 seconds; average write time: 21.207854 seconds.
Total read time: 753.980129; average read time: 83.775570
Total time: 775.187983, total average time: 77.518798

[2022-12-14T10:52:24] Child[70555]:
Total write time: 0.000000 seconds; average write time: 0.000000 seconds.
Total read time: 776.748686; average read time: 77.674869
Total time: 776.748686, total average time: 77.674869

[2022-12-14T10:52:24] Child[70125]:
Total write time: 0.000000 seconds; average write time: 0.000000 seconds.
Total read time: 774.749337; average read time: 77.474934
Total time: 774.749337, total average time: 77.474934

[2022-12-14T10:52:24] Child[69915]:
Total write time: 41.492456 seconds; average write time: 41.492456 seconds.
Total read time: 739.032619; average read time: 82.114735
Total time: 780.525075, total average time: 78.052508

[2022-12-14T10:52:24] Child[70329]:
Total write time: 83.211903 seconds; average write time: 83.211903 seconds.
Total read time: 691.777395; average read time: 76.864155
Total time: 774.989298, total average time: 77.498930

[2022-12-14T10:52:24] Child[69689]:
Total write time: 0.000000 seconds; average write time: 0.000000 seconds.
Total read time: 779.930010; average read time: 77.993001
Total time: 779.930010, total average time: 77.993001

[2022-12-14T10:52:25] Child[70409]:
Total write time: 141.619352 seconds; average write time: 70.809676 seconds.
Total read time: 637.175999; average read time: 79.647000
Total time: 778.795351, total average time: 77.879535

[2022-12-14T10:52:25] Child[70473]:
Total write time: 54.827837 seconds; average write time: 27.413919 seconds.
Total read time: 719.322650; average read time: 89.915331
Total time: 774.150487, total average time: 77.415049

[2022-12-14T10:52:25] Child[69983]:
Total write time: 0.000000 seconds; average write time: 0.000000 seconds.
Total read time: 778.891158; average read time: 77.889116
Total time: 778.891158, total average time: 77.889116

[2022-12-14T10:52:25] Child[70521]:
Total write time: 20.890694 seconds; average write time: 20.890694 seconds.
Total read time: 757.495758; average read time: 84.166195
Total time: 778.386452, total average time: 77.838645

[2022-12-14T10:52:26] Child[70417]:
Total write time: 39.263810 seconds; average write time: 39.263810 seconds.
Total read time: 736.726356; average read time: 81.858484
Total time: 775.990166, total average time: 77.599017

[2022-12-14T10:52:26] Child[70154]:
Total write time: 0.000000 seconds; average write time: 0.000000 seconds.
Total read time: 783.290057; average read time: 78.329006
Total time: 783.290057, total average time: 78.329006

[2022-12-14T10:52:26] Child[70390]:
Total write time: 0.000000 seconds; average write time: 0.000000 seconds.
Total read time: 781.669568; average read time: 78.166957
Total time: 781.669568, total average time: 78.166957

[2022-12-14T10:52:26] Child[70301]:
Total write time: 78.780582 seconds; average write time: 78.780582 seconds.
Total read time: 694.865043; average read time: 77.207227
Total time: 773.645625, total average time: 77.364563

[2022-12-14T10:52:26] Child[69649]:
Total write time: 0.000000 seconds; average write time: 0.000000 seconds.
Total read time: 781.506659; average read time: 78.150666
Total time: 781.506659, total average time: 78.150666

[2022-12-14T10:52:26] Child[69728]:
Total write time: 8.972255 seconds; average write time: 8.972255 seconds.
Total read time: 770.867693; average read time: 85.651966
Total time: 779.839948, total average time: 77.983995

[2022-12-14T10:52:27] Child[70178]:
Total write time: 19.535491 seconds; average write time: 19.535491 seconds.
Total read time: 760.126062; average read time: 84.458451
Total time: 779.661553, total average time: 77.966155

[2022-12-14T10:52:27] Child[70162]:
Total write time: 0.000000 seconds; average write time: 0.000000 seconds.
Total read time: 782.843873; average read time: 78.284387
Total time: 782.843873, total average time: 78.284387

[2022-12-14T10:52:27] Child[69961]:
Total write time: 0.000000 seconds; average write time: 0.000000 seconds.
Total read time: 782.416548; average read time: 78.241655
Total time: 782.416548, total average time: 78.241655

[2022-12-14T10:52:27] Child[70167]:
Total write time: 0.000000 seconds; average write time: 0.000000 seconds.
Total read time: 777.249607; average read time: 77.724961
Total time: 777.249607, total average time: 77.724961

[2022-12-14T10:52:27] Child[69841]:
Total write time: 0.000000 seconds; average write time: 0.000000 seconds.
Total read time: 781.789250; average read time: 78.178925
Total time: 781.789250, total average time: 78.178925

[2022-12-14T10:52:27] Child[70217]:
Total write time: 66.925706 seconds; average write time: 33.462853 seconds.
Total read time: 714.263128; average read time: 89.282891
Total time: 781.188834, total average time: 78.118883

[2022-12-14T10:52:28] Child[69559]:
Total write time: 0.000000 seconds; average write time: 0.000000 seconds.
Total read time: 782.016678; average read time: 78.201668
Total time: 782.016678, total average time: 78.201668

[2022-12-14T10:52:28] Child[70604]:
Total write time: 0.000000 seconds; average write time: 0.000000 seconds.
Total read time: 779.698365; average read time: 77.969836
Total time: 779.698365, total average time: 77.969836

[2022-12-14T10:52:28] Child[70511]:
Total write time: 15.266068 seconds; average write time: 15.266068 seconds.
Total read time: 767.823199; average read time: 85.313689
Total time: 783.089267, total average time: 78.308927

[2022-12-14T10:52:28] Child[69605]:
Total write time: 0.000000 seconds; average write time: 0.000000 seconds.
Total read time: 778.045123; average read time: 77.804512
Total time: 778.045123, total average time: 77.804512

[2022-12-14T10:52:28] Child[70310]:
Total write time: 0.000000 seconds; average write time: 0.000000 seconds.
Total read time: 779.898329; average read time: 77.989833
Total time: 779.898329, total average time: 77.989833

[2022-12-14T10:52:28] Child[70024]:
Total write time: 8.454685 seconds; average write time: 8.454685 seconds.
Total read time: 770.697900; average read time: 85.633100
Total time: 779.152585, total average time: 77.915258

[2022-12-14T10:52:28] Child[70293]:
Total write time: 30.695417 seconds; average write time: 15.347708 seconds.
Total read time: 751.243147; average read time: 93.905393
Total time: 781.938564, total average time: 78.193856

[2022-12-14T10:52:28] Child[69958]:
Total write time: 0.000000 seconds; average write time: 0.000000 seconds.
Total read time: 780.338763; average read time: 78.033876
Total time: 780.338763, total average time: 78.033876

[2022-12-14T10:52:28] Child[70414]:
Total write time: 4.615970 seconds; average write time: 4.615970 seconds.
Total read time: 773.652604; average read time: 85.961400
Total time: 778.268574, total average time: 77.826857

[2022-12-14T10:52:29] Child[69712]:
Total write time: 0.000000 seconds; average write time: 0.000000 seconds.
Total read time: 780.350449; average read time: 78.035045
Total time: 780.350449, total average time: 78.035045

[2022-12-14T10:52:29] Child[69609]:
Total write time: 101.450174 seconds; average write time: 101.450174 seconds.
Total read time: 679.749080; average read time: 75.527676
Total time: 781.199254, total average time: 78.119925

[2022-12-14T10:52:30] Child[69731]:
Total write time: 76.719171 seconds; average write time: 76.719171 seconds.
Total read time: 707.763226; average read time: 78.640358
Total time: 784.482397, total average time: 78.448240

[2022-12-14T10:52:30] Child[69790]:
Total write time: 38.744359 seconds; average write time: 38.744359 seconds.
Total read time: 743.727212; average read time: 82.636357
Total time: 782.471571, total average time: 78.247157

[2022-12-14T10:52:30] Child[70304]:
Total write time: 0.000000 seconds; average write time: 0.000000 seconds.
Total read time: 782.914860; average read time: 78.291486
Total time: 782.914860, total average time: 78.291486

[2022-12-14T10:52:30] Child[69756]:
Total write time: 13.251948 seconds; average write time: 13.251948 seconds.
Total read time: 769.366393; average read time: 85.485155
Total time: 782.618341, total average time: 78.261834

[2022-12-14T10:52:30] Child[69704]:
Total write time: 0.000000 seconds; average write time: 0.000000 seconds.
Total read time: 785.271768; average read time: 78.527177
Total time: 785.271768, total average time: 78.527177

[2022-12-14T10:52:31] Child[69951]:
Total write time: 0.000000 seconds; average write time: 0.000000 seconds.
Total read time: 784.114018; average read time: 78.411402
Total time: 784.114018, total average time: 78.411402

[2022-12-14T10:52:31] Child[69607]:
Total write time: 118.158354 seconds; average write time: 59.079177 seconds.
Total read time: 664.209322; average read time: 83.026165
Total time: 782.367676, total average time: 78.236768

[2022-12-14T10:52:31] Child[69665]:
Total write time: 22.153864 seconds; average write time: 22.153864 seconds.
Total read time: 762.761768; average read time: 84.751308
Total time: 784.915632, total average time: 78.491563

[2022-12-14T10:52:31] Child[69623]:
Total write time: 0.000000 seconds; average write time: 0.000000 seconds.
Total read time: 784.487642; average read time: 78.448764
Total time: 784.487642, total average time: 78.448764

[2022-12-14T10:52:32] Child[70385]:
Total write time: 12.335374 seconds; average write time: 12.335374 seconds.
Total read time: 770.833209; average read time: 85.648134
Total time: 783.168583, total average time: 78.316858

[2022-12-14T10:52:32] Child[70317]:
Total write time: 62.127037 seconds; average write time: 62.127037 seconds.
Total read time: 721.916105; average read time: 80.212901
Total time: 784.043142, total average time: 78.404314

[2022-12-14T10:52:32] Child[70134]:
Total write time: 20.233974 seconds; average write time: 20.233974 seconds.
Total read time: 764.109507; average read time: 84.901056
Total time: 784.343481, total average time: 78.434348

[2022-12-14T10:52:33] Child[69892]:
Total write time: 18.610878 seconds; average write time: 18.610878 seconds.
Total read time: 766.274413; average read time: 85.141601
Total time: 784.885291, total average time: 78.488529

[2022-12-14T10:52:33] Child[69899]:
Total write time: 97.932090 seconds; average write time: 48.966045 seconds.
Total read time: 684.367788; average read time: 85.545974
Total time: 782.299878, total average time: 78.229988

[2022-12-14T10:52:34] Child[70302]:
Total write time: 0.000000 seconds; average write time: 0.000000 seconds.
Total read time: 787.041017; average read time: 78.704102
Total time: 787.041017, total average time: 78.704102

[2022-12-14T10:52:34] Child[70139]:
Total write time: 0.000000 seconds; average write time: 0.000000 seconds.
Total read time: 784.975287; average read time: 78.497529
Total time: 784.975287, total average time: 78.497529

[2022-12-14T10:52:34] Child[69942]:
Total write time: 5.516617 seconds; average write time: 5.516617 seconds.
Total read time: 779.864842; average read time: 86.651649
Total time: 785.381459, total average time: 78.538146

[2022-12-14T10:52:34] Child[70410]:
Total write time: 0.000000 seconds; average write time: 0.000000 seconds.
Total read time: 787.840953; average read time: 78.784095
Total time: 787.840953, total average time: 78.784095

[2022-12-14T10:52:34] Child[70424]:
Total write time: 0.000000 seconds; average write time: 0.000000 seconds.
Total read time: 785.001031; average read time: 78.500103
Total time: 785.001031, total average time: 78.500103

[2022-12-14T10:52:35] Child[69784]:
Total write time: 69.809766 seconds; average write time: 34.904883 seconds.
Total read time: 720.707457; average read time: 90.088432
Total time: 790.517223, total average time: 79.051722

[2022-12-14T10:52:35] Child[70176]:
Total write time: 0.069565 seconds; average write time: 0.069565 seconds.
Total read time: 788.965302; average read time: 87.662811
Total time: 789.034867, total average time: 78.903487

[2022-12-14T10:52:36] Child[69719]:
Total write time: 0.000000 seconds; average write time: 0.000000 seconds.
Total read time: 788.482289; average read time: 78.848229
Total time: 788.482289, total average time: 78.848229

[2022-12-14T10:52:36] Child[69601]:
Total write time: 34.994018 seconds; average write time: 34.994018 seconds.
Total read time: 755.078921; average read time: 83.897658
Total time: 790.072939, total average time: 79.007294

[2022-12-14T10:52:36] Child[70517]:
Total write time: 0.000000 seconds; average write time: 0.000000 seconds.
Total read time: 788.236410; average read time: 78.823641
Total time: 788.236410, total average time: 78.823641

[2022-12-14T10:52:36] Child[70010]:
Total write time: 8.287849 seconds; average write time: 8.287849 seconds.
Total read time: 780.057696; average read time: 86.673077
Total time: 788.345545, total average time: 78.834554

[2022-12-14T10:52:37] Child[69801]:
Total write time: 40.146176 seconds; average write time: 20.073088 seconds.
Total read time: 745.370408; average read time: 93.171301
Total time: 785.516584, total average time: 78.551658

[2022-12-14T10:52:37] Child[69584]:
Total write time: 0.000000 seconds; average write time: 0.000000 seconds.
Total read time: 791.574006; average read time: 79.157401
Total time: 791.574006, total average time: 79.157401

[2022-12-14T10:52:37] Child[70318]:
Total write time: 26.374015 seconds; average write time: 26.374015 seconds.
Total read time: 759.971988; average read time: 84.441332
Total time: 786.346003, total average time: 78.634600

[2022-12-14T10:52:38] Child[69743]:
Total write time: 0.000000 seconds; average write time: 0.000000 seconds.
Total read time: 791.225614; average read time: 79.122561
Total time: 791.225614, total average time: 79.122561

[2022-12-14T10:52:38] Child[69905]:
Total write time: 19.282246 seconds; average write time: 19.282246 seconds.
Total read time: 773.325425; average read time: 85.925047
Total time: 792.607671, total average time: 79.260767

[2022-12-14T10:52:38] Child[70186]:
Total write time: 0.000000 seconds; average write time: 0.000000 seconds.
Total read time: 791.938870; average read time: 79.193887
Total time: 791.938870, total average time: 79.193887

[2022-12-14T10:52:38] Child[70151]:
Total write time: 0.000000 seconds; average write time: 0.000000 seconds.
Total read time: 788.646616; average read time: 78.864662
Total time: 788.646616, total average time: 78.864662

[2022-12-14T10:52:39] Child[70244]:
Total write time: 0.000000 seconds; average write time: 0.000000 seconds.
Total read time: 790.783839; average read time: 79.078384
Total time: 790.783839, total average time: 79.078384

[2022-12-14T10:52:41] Child[69879]:
Total write time: 0.154323 seconds; average write time: 0.154323 seconds.
Total read time: 796.069477; average read time: 88.452164
Total time: 796.223800, total average time: 79.622380

[2022-12-14T10:52:42] Child[70182]:
Total write time: 53.653372 seconds; average write time: 53.653372 seconds.
Total read time: 737.093936; average read time: 81.899326
Total time: 790.747308, total average time: 79.074731

[2022-12-14T10:52:42] Child[70066]:
Total write time: 66.724497 seconds; average write time: 66.724497 seconds.
Total read time: 728.280801; average read time: 80.920089
Total time: 795.005298, total average time: 79.500530

[2022-12-14T10:52:42] Child[69974]:
Total write time: 123.605806 seconds; average write time: 41.201935 seconds.
Total read time: 668.361465; average read time: 95.480209
Total time: 791.967271, total average time: 79.196727

[2022-12-14T10:52:42] Child[70000]:
Total write time: 0.000000 seconds; average write time: 0.000000 seconds.
Total read time: 791.933349; average read time: 79.193335
Total time: 791.933349, total average time: 79.193335

[2022-12-14T10:52:43] Child[70289]:
Total write time: 74.341410 seconds; average write time: 74.341410 seconds.
Total read time: 719.844810; average read time: 79.982757
Total time: 794.186220, total average time: 79.418622

[2022-12-14T10:52:43] Child[70111]:
Total write time: 111.034336 seconds; average write time: 37.011445 seconds.
Total read time: 681.571995; average read time: 97.367428
Total time: 792.606331, total average time: 79.260633

[2022-12-14T10:52:43] Child[69735]:
Total write time: 23.255802 seconds; average write time: 23.255802 seconds.
Total read time: 773.999230; average read time: 85.999914
Total time: 797.255032, total average time: 79.725503

[2022-12-14T10:52:44] Child[70575]:
Total write time: 0.000000 seconds; average write time: 0.000000 seconds.
Total read time: 796.964769; average read time: 79.696477
Total time: 796.964769, total average time: 79.696477

[2022-12-14T10:52:44] Child[69803]:
Total write time: 0.000000 seconds; average write time: 0.000000 seconds.
Total read time: 796.530382; average read time: 79.653038
Total time: 796.530382, total average time: 79.653038

[2022-12-14T10:52:44] Child[69723]:
Total write time: 0.000000 seconds; average write time: 0.000000 seconds.
Total read time: 795.556108; average read time: 79.555611
Total time: 795.556108, total average time: 79.555611

[2022-12-14T10:52:44] Child[70296]:
Total write time: 99.224605 seconds; average write time: 49.612302 seconds.
Total read time: 698.456673; average read time: 87.307084
Total time: 797.681278, total average time: 79.768128

[2022-12-14T10:52:44] Child[70448]:
Total write time: 19.433645 seconds; average write time: 9.716822 seconds.
Total read time: 778.192069; average read time: 97.274009
Total time: 797.625714, total average time: 79.762571

[2022-12-14T10:52:44] Child[69729]:
Total write time: 37.084113 seconds; average write time: 37.084113 seconds.
Total read time: 765.134684; average read time: 85.014965
Total time: 802.218797, total average time: 80.221880

[2022-12-14T10:52:45] Child[70081]:
Total write time: 0.000000 seconds; average write time: 0.000000 seconds.
Total read time: 798.272159; average read time: 79.827216
Total time: 798.272159, total average time: 79.827216

[2022-12-14T10:52:45] Child[69650]:
Total write time: 31.212001 seconds; average write time: 31.212001 seconds.
Total read time: 763.602745; average read time: 84.844749
Total time: 794.814746, total average time: 79.481475

[2022-12-14T10:52:45] Child[70383]:
Total write time: 36.079574 seconds; average write time: 36.079574 seconds.
Total read time: 764.701836; average read time: 84.966871
Total time: 800.781410, total average time: 80.078141

[2022-12-14T10:52:46] Child[70205]:
Total write time: 0.000000 seconds; average write time: 0.000000 seconds.
Total read time: 798.724726; average read time: 79.872473
Total time: 798.724726, total average time: 79.872473

[2022-12-14T10:52:46] Child[70395]:
Total write time: 47.102890 seconds; average write time: 47.102890 seconds.
Total read time: 754.946594; average read time: 83.882955
Total time: 802.049484, total average time: 80.204948

[2022-12-14T10:52:46] Child[69768]:
Total write time: 75.947010 seconds; average write time: 37.973505 seconds.
Total read time: 720.451593; average read time: 90.056449
Total time: 796.398603, total average time: 79.639860

[2022-12-14T10:52:46] Child[69979]:
Total write time: 0.000000 seconds; average write time: 0.000000 seconds.
Total read time: 801.676474; average read time: 80.167647
Total time: 801.676474, total average time: 80.167647

[2022-12-14T10:52:46] Child[70559]:
Total write time: 25.354805 seconds; average write time: 25.354805 seconds.
Total read time: 772.739637; average read time: 85.859960
Total time: 798.094442, total average time: 79.809444

[2022-12-14T10:52:47] Child[70557]:
Total write time: 45.585935 seconds; average write time: 22.792967 seconds.
Total read time: 753.488487; average read time: 94.186061
Total time: 799.074422, total average time: 79.907442

[2022-12-14T10:52:47] Child[69632]:
Total write time: 0.000000 seconds; average write time: 0.000000 seconds.
Total read time: 800.770005; average read time: 80.077000
Total time: 800.770005, total average time: 80.077000

[2022-12-14T10:52:47] Child[69830]:
Total write time: 0.000006 seconds; average write time: 0.000006 seconds.
Total read time: 800.342738; average read time: 88.926971
Total time: 800.342744, total average time: 80.034274

[2022-12-14T10:52:47] Child[70540]:
Total write time: 39.495750 seconds; average write time: 39.495750 seconds.
Total read time: 759.049911; average read time: 84.338879
Total time: 798.545661, total average time: 79.854566

[2022-12-14T10:52:48] Child[69687]:
Total write time: 0.000000 seconds; average write time: 0.000000 seconds.
Total read time: 800.438185; average read time: 80.043819
Total time: 800.438185, total average time: 80.043819

[2022-12-14T10:52:49] Child[70041]:
Total write time: 0.000000 seconds; average write time: 0.000000 seconds.
Total read time: 799.609850; average read time: 79.960985
Total time: 799.609850, total average time: 79.960985

[2022-12-14T10:52:49] Child[70393]:
Total write time: 74.432595 seconds; average write time: 18.608149 seconds.
Total read time: 724.696014; average read time: 120.782669
Total time: 799.128609, total average time: 79.912861

[2022-12-14T10:52:49] Child[69789]:
Total write time: 0.000000 seconds; average write time: 0.000000 seconds.
Total read time: 801.185262; average read time: 80.118526
Total time: 801.185262, total average time: 80.118526

[2022-12-14T10:52:50] Child[69922]:
Total write time: 0.000000 seconds; average write time: 0.000000 seconds.
Total read time: 805.509762; average read time: 80.550976
Total time: 805.509762, total average time: 80.550976

[2022-12-14T10:52:50] Child[69901]:
Total write time: 47.454548 seconds; average write time: 23.727274 seconds.
Total read time: 756.195616; average read time: 94.524452
Total time: 803.650164, total average time: 80.365016

[2022-12-14T10:52:50] Child[70196]:
Total write time: 0.693945 seconds; average write time: 0.693945 seconds.
Total read time: 801.671898; average read time: 89.074655
Total time: 802.365843, total average time: 80.236584

[2022-12-14T10:52:50] Child[70213]:
Total write time: 2.673665 seconds; average write time: 2.673665 seconds.
Total read time: 800.091427; average read time: 88.899047
Total time: 802.765092, total average time: 80.276509

[2022-12-14T10:52:50] Child[69666]:
Total write time: 0.000000 seconds; average write time: 0.000000 seconds.
Total read time: 803.582474; average read time: 80.358247
Total time: 803.582474, total average time: 80.358247

[2022-12-14T10:52:50] Child[70481]:
Total write time: 0.634887 seconds; average write time: 0.634887 seconds.
Total read time: 803.076265; average read time: 89.230696
Total time: 803.711152, total average time: 80.371115

[2022-12-14T10:52:51] Child[70183]:
Total write time: 133.728423 seconds; average write time: 66.864211 seconds.
Total read time: 673.748745; average read time: 84.218593
Total time: 807.477168, total average time: 80.747717

[2022-12-14T10:52:51] Child[69847]:
Total write time: 0.000000 seconds; average write time: 0.000000 seconds.
Total read time: 802.242895; average read time: 80.224289
Total time: 802.242895, total average time: 80.224289

[2022-12-14T10:52:51] Child[70594]:
Total write time: 0.000000 seconds; average write time: 0.000000 seconds.
Total read time: 803.789176; average read time: 80.378918
Total time: 803.789176, total average time: 80.378918

[2022-12-14T10:52:51] Child[70114]:
Total write time: 2.353514 seconds; average write time: 2.353514 seconds.
Total read time: 801.588104; average read time: 89.065345
Total time: 803.941618, total average time: 80.394162

[2022-12-14T10:52:51] Child[70174]:
Total write time: 89.632342 seconds; average write time: 89.632342 seconds.
Total read time: 712.966342; average read time: 79.218482
Total time: 802.598684, total average time: 80.259868

[2022-12-14T10:52:52] Child[70207]:
Total write time: 0.000000 seconds; average write time: 0.000000 seconds.
Total read time: 803.605343; average read time: 80.360534
Total time: 803.605343, total average time: 80.360534

[2022-12-14T10:52:52] Child[69955]:
Total write time: 0.000000 seconds; average write time: 0.000000 seconds.
Total read time: 804.046407; average read time: 80.404641
Total time: 804.046407, total average time: 80.404641

[2022-12-14T10:52:53] Child[70230]:
Total write time: 26.532418 seconds; average write time: 26.532418 seconds.
Total read time: 774.895668; average read time: 86.099519
Total time: 801.428086, total average time: 80.142809

[2022-12-14T10:52:54] Child[70548]:
Total write time: 0.000000 seconds; average write time: 0.000000 seconds.
Total read time: 804.944788; average read time: 80.494479
Total time: 804.944788, total average time: 80.494479

[2022-12-14T10:52:54] Child[70095]:
Total write time: 0.000000 seconds; average write time: 0.000000 seconds.
Total read time: 806.252391; average read time: 80.625239
Total time: 806.252391, total average time: 80.625239

[2022-12-14T10:52:55] Child[69578]:
Total write time: 0.000000 seconds; average write time: 0.000000 seconds.
Total read time: 809.895167; average read time: 80.989517
Total time: 809.895167, total average time: 80.989517

[2022-12-14T10:52:55] Child[70445]:
Total write time: 60.970288 seconds; average write time: 60.970288 seconds.
Total read time: 745.454391; average read time: 82.828266
Total time: 806.424679, total average time: 80.642468

[2022-12-14T10:52:55] Child[70449]:
Total write time: 154.426484 seconds; average write time: 77.213242 seconds.
Total read time: 650.235728; average read time: 81.279466
Total time: 804.662212, total average time: 80.466221

[2022-12-14T10:52:56] Child[70561]:
Total write time: 36.579032 seconds; average write time: 36.579032 seconds.
Total read time: 773.489183; average read time: 85.943243
Total time: 810.068215, total average time: 81.006822

[2022-12-14T10:52:56] Child[70172]:
Total write time: 0.000000 seconds; average write time: 0.000000 seconds.
Total read time: 810.760087; average read time: 81.076009
Total time: 810.760087, total average time: 81.076009

[2022-12-14T10:52:56] Child[70286]:
Total write time: 18.068584 seconds; average write time: 18.068584 seconds.
Total read time: 790.149546; average read time: 87.794394
Total time: 808.218130, total average time: 80.821813

[2022-12-14T10:52:57] Child[70592]:
Total write time: 20.171361 seconds; average write time: 20.171361 seconds.
Total read time: 789.861558; average read time: 87.762395
Total time: 810.032919, total average time: 81.003292

[2022-12-14T10:52:58] Child[69730]:
Total write time: 30.934801 seconds; average write time: 30.934801 seconds.
Total read time: 779.477711; average read time: 86.608635
Total time: 810.412512, total average time: 81.041251

[2022-12-14T10:52:59] Child[70223]:
Total write time: 29.458580 seconds; average write time: 29.458580 seconds.
Total read time: 780.311839; average read time: 86.701315
Total time: 809.770419, total average time: 80.977042

[2022-12-14T10:52:59] Child[69634]:
Total write time: 0.000000 seconds; average write time: 0.000000 seconds.
Total read time: 816.027895; average read time: 81.602790
Total time: 816.027895, total average time: 81.602790

[2022-12-14T10:52:59] Child[69627]:
Total write time: 0.000304 seconds; average write time: 0.000304 seconds.
Total read time: 810.043702; average read time: 90.004856
Total time: 810.044006, total average time: 81.004401

[2022-12-14T10:52:59] Child[70530]:
Total write time: 0.000000 seconds; average write time: 0.000000 seconds.
Total read time: 811.224338; average read time: 81.122434
Total time: 811.224338, total average time: 81.122434

[2022-12-14T10:53:00] Child[69727]:
Total write time: 0.000000 seconds; average write time: 0.000000 seconds.
Total read time: 813.381668; average read time: 81.338167
Total time: 813.381668, total average time: 81.338167

[2022-12-14T10:53:00] Child[69925]:
Total write time: 49.286857 seconds; average write time: 24.643428 seconds.
Total read time: 762.046564; average read time: 95.255820
Total time: 811.333421, total average time: 81.133342

[2022-12-14T10:53:01] Child[70443]:
Total write time: 0.587142 seconds; average write time: 0.587142 seconds.
Total read time: 810.783974; average read time: 90.087108
Total time: 811.371116, total average time: 81.137112

[2022-12-14T10:53:01] Child[69818]:
Total write time: 0.000000 seconds; average write time: 0.000000 seconds.
Total read time: 815.401484; average read time: 81.540148
Total time: 815.401484, total average time: 81.540148

[2022-12-14T10:53:01] Child[70563]:
Total write time: 33.592901 seconds; average write time: 33.592901 seconds.
Total read time: 782.373093; average read time: 86.930344
Total time: 815.965994, total average time: 81.596599

[2022-12-14T10:53:03] Child[69839]:
Total write time: 25.030309 seconds; average write time: 25.030309 seconds.
Total read time: 787.717520; average read time: 87.524169
Total time: 812.747829, total average time: 81.274783

[2022-12-14T10:53:04] Child[70328]:
Total write time: 62.111198 seconds; average write time: 31.055599 seconds.
Total read time: 753.595955; average read time: 94.199494
Total time: 815.707153, total average time: 81.570715

[2022-12-14T10:53:05] Child[70348]:
Total write time: 41.402631 seconds; average write time: 41.402631 seconds.
Total read time: 778.331519; average read time: 86.481280
Total time: 819.734150, total average time: 81.973415

[2022-12-14T10:53:05] Child[69860]:
Total write time: 103.842402 seconds; average write time: 51.921201 seconds.
Total read time: 713.458064; average read time: 89.182258
Total time: 817.300466, total average time: 81.730047

[2022-12-14T10:53:06] Child[70502]:
Total write time: 25.458781 seconds; average write time: 25.458781 seconds.
Total read time: 796.129121; average read time: 88.458791
Total time: 821.587902, total average time: 82.158790

[2022-12-14T10:53:07] Child[70141]:
Total write time: 22.970269 seconds; average write time: 22.970269 seconds.
Total read time: 795.637654; average read time: 88.404184
Total time: 818.607923, total average time: 81.860792

[2022-12-14T10:53:08] Child[69878]:
Total write time: 16.369373 seconds; average write time: 16.369373 seconds.
Total read time: 801.861720; average read time: 89.095747
Total time: 818.231093, total average time: 81.823109

[2022-12-14T10:53:09] Child[69934]:
Total write time: 16.797716 seconds; average write time: 16.797716 seconds.
Total read time: 802.100488; average read time: 89.122276
Total time: 818.898204, total average time: 81.889820

[2022-12-14T10:53:09] Child[69896]:
Total write time: 0.000000 seconds; average write time: 0.000000 seconds.
Total read time: 820.605623; average read time: 82.060562
Total time: 820.605623, total average time: 82.060562

[2022-12-14T10:53:09] Child[70379]:
Total write time: 0.000028 seconds; average write time: 0.000028 seconds.
Total read time: 820.425167; average read time: 91.158352
Total time: 820.425195, total average time: 82.042519

[2022-12-14T10:53:10] Child[69698]:
Total write time: 0.000000 seconds; average write time: 0.000000 seconds.
Total read time: 824.011380; average read time: 82.401138
Total time: 824.011380, total average time: 82.401138

[2022-12-14T10:53:10] Child[70085]:
Total write time: 16.679117 seconds; average write time: 16.679117 seconds.
Total read time: 803.365446; average read time: 89.262827
Total time: 820.044563, total average time: 82.004456

[2022-12-14T10:53:10] Child[69938]:
Total write time: 0.000000 seconds; average write time: 0.000000 seconds.
Total read time: 825.284048; average read time: 82.528405
Total time: 825.284048, total average time: 82.528405

[2022-12-14T10:53:11] Child[70077]:
Total write time: 130.199198 seconds; average write time: 65.099599 seconds.
Total read time: 691.397799; average read time: 86.424725
Total time: 821.596997, total average time: 82.159700

[2022-12-14T10:53:11] Child[69967]:
Total write time: 0.000000 seconds; average write time: 0.000000 seconds.
Total read time: 823.051565; average read time: 82.305156
Total time: 823.051565, total average time: 82.305156

[2022-12-14T10:53:11] Child[70570]:
Total write time: 9.189642 seconds; average write time: 9.189642 seconds.
Total read time: 815.021053; average read time: 90.557895
Total time: 824.210695, total average time: 82.421070

[2022-12-14T10:53:12] Child[70147]:
Total write time: 0.000000 seconds; average write time: 0.000000 seconds.
Total read time: 819.419861; average read time: 81.941986
Total time: 819.419861, total average time: 81.941986

[2022-12-14T10:53:13] Child[70534]:
Total write time: 0.000000 seconds; average write time: 0.000000 seconds.
Total read time: 822.473023; average read time: 82.247302
Total time: 822.473023, total average time: 82.247302

[2022-12-14T10:53:13] Child[70499]:
Total write time: 15.994762 seconds; average write time: 15.994762 seconds.
Total read time: 810.069688; average read time: 90.007743
Total time: 826.064450, total average time: 82.606445

[2022-12-14T10:53:13] Child[70406]:
Total write time: 0.000000 seconds; average write time: 0.000000 seconds.
Total read time: 825.339013; average read time: 82.533901
Total time: 825.339013, total average time: 82.533901

[2022-12-14T10:53:13] Child[70497]:
Total write time: 0.000000 seconds; average write time: 0.000000 seconds.
Total read time: 827.942940; average read time: 82.794294
Total time: 827.942940, total average time: 82.794294

[2022-12-14T10:53:13] Child[70226]:
Total write time: 23.208199 seconds; average write time: 23.208199 seconds.
Total read time: 800.712141; average read time: 88.968016
Total time: 823.920340, total average time: 82.392034

[2022-12-14T10:53:13] Child[70321]:
Total write time: 12.370762 seconds; average write time: 12.370762 seconds.
Total read time: 812.199239; average read time: 90.244360
Total time: 824.570001, total average time: 82.457000

[2022-12-14T10:53:15] Child[70475]:
Total write time: 149.700599 seconds; average write time: 74.850300 seconds.
Total read time: 675.466697; average read time: 84.433337
Total time: 825.167296, total average time: 82.516730

[2022-12-14T10:53:15] Child[70593]:
Total write time: 0.000000 seconds; average write time: 0.000000 seconds.
Total read time: 829.557272; average read time: 82.955727
Total time: 829.557272, total average time: 82.955727

[2022-12-14T10:53:16] Child[69696]:
Total write time: 12.420258 seconds; average write time: 12.420258 seconds.
Total read time: 810.296395; average read time: 90.032933
Total time: 822.716653, total average time: 82.271665

[2022-12-14T10:53:16] Child[70288]:
Total write time: 20.532258 seconds; average write time: 20.532258 seconds.
Total read time: 807.460035; average read time: 89.717782
Total time: 827.992293, total average time: 82.799229

[2022-12-14T10:53:17] Child[69580]:
Total write time: 0.000000 seconds; average write time: 0.000000 seconds.
Total read time: 830.528332; average read time: 83.052833
Total time: 830.528332, total average time: 83.052833

[2022-12-14T10:53:18] Child[70105]:
Total write time: 61.215117 seconds; average write time: 61.215117 seconds.
Total read time: 769.376472; average read time: 85.486275
Total time: 830.591589, total average time: 83.059159


---------VALIDATING RESULTS---------
shared[0]: readers[901], writers[94]
shared[1]: readers[904], writers[89]
shared[2]: readers[902], writers[94]
shared[3]: readers[904], writers[87]
shared[4]: readers[897], writers[102]
shared[5]: readers[893], writers[109]
shared[6]: readers[901], writers[106]
shared[7]: readers[909], writers[98]
shared[8]: readers[893], writers[107]
shared[9]: readers[897], writers[113]
--------------------
total: readers[9001], writers[999]
Total should be equal to (peers * LOOPS)[10000]
Result is right!
