[2022-12-13T22:17:12] Child[5355]:
Total write time: 0.000000 seconds; average write time: 0.000000 seconds.
Total read time: 186.887490; average read time: 18.688749
Total time: 186.887490, total average time: 18.688749

[2022-12-13T22:17:14] Child[5296]:
Total write time: 0.000000 seconds; average write time: 0.000000 seconds.
Total read time: 187.666326; average read time: 18.766633
Total time: 187.666326, total average time: 18.766633

[2022-12-13T22:17:14] Child[4365]:
Total write time: 0.000000 seconds; average write time: 0.000000 seconds.
Total read time: 190.844094; average read time: 19.084409
Total time: 190.844094, total average time: 19.084409

[2022-12-13T22:17:20] Child[4505]:
Total write time: 0.000000 seconds; average write time: 0.000000 seconds.
Total read time: 200.179582; average read time: 20.017958
Total time: 200.179582, total average time: 20.017958

[2022-12-13T22:17:24] Child[5169]:
Total write time: 0.000000 seconds; average write time: 0.000000 seconds.
Total read time: 197.440794; average read time: 19.744079
Total time: 197.440794, total average time: 19.744079

[2022-12-13T22:17:26] Child[5373]:
Total write time: 0.000000 seconds; average write time: 0.000000 seconds.
Total read time: 203.667777; average read time: 20.366778
Total time: 203.667777, total average time: 20.366778

[2022-12-13T22:17:37] Child[5315]:
Total write time: 0.000000 seconds; average write time: 0.000000 seconds.
Total read time: 214.311590; average read time: 21.431159
Total time: 214.311590, total average time: 21.431159

[2022-12-13T22:17:45] Child[5260]:
Total write time: 0.000000 seconds; average write time: 0.000000 seconds.
Total read time: 220.007811; average read time: 22.000781
Total time: 220.007811, total average time: 22.000781

[2022-12-13T22:17:52] Child[4179]:
Total write time: 0.000000 seconds; average write time: 0.000000 seconds.
Total read time: 229.300438; average read time: 22.930044
Total time: 229.300438, total average time: 22.930044

[2022-12-13T22:17:56] Child[4864]:
Total write time: 0.000000 seconds; average write time: 0.000000 seconds.
Total read time: 232.427300; average read time: 23.242730
Total time: 232.427300, total average time: 23.242730

[2022-12-13T22:18:01] Child[3950]:
Total write time: 0.000000 seconds; average write time: 0.000000 seconds.
Total read time: 237.609752; average read time: 23.760975
Total time: 237.609752, total average time: 23.760975

[2022-12-13T22:18:03] Child[5308]:
Total write time: 0.000000 seconds; average write time: 0.000000 seconds.
Total read time: 236.093963; average read time: 23.609396
Total time: 236.093963, total average time: 23.609396

[2022-12-13T22:18:06] Child[5464]:
Total write time: 0.000000 seconds; average write time: 0.000000 seconds.
Total read time: 242.955311; average read time: 24.295531
Total time: 242.955311, total average time: 24.295531

[2022-12-13T22:18:10] Child[5321]:
Total write time: 0.000000 seconds; average write time: 0.000000 seconds.
Total read time: 250.026936; average read time: 25.002694
Total time: 250.026936, total average time: 25.002694

[2022-12-13T22:18:17] Child[5378]:
Total write time: 0.000000 seconds; average write time: 0.000000 seconds.
Total read time: 254.829148; average read time: 25.482915
Total time: 254.829148, total average time: 25.482915

[2022-12-13T22:18:20] Child[5410]:
Total write time: 0.000000 seconds; average write time: 0.000000 seconds.
Total read time: 253.783912; average read time: 25.378391
Total time: 253.783912, total average time: 25.378391

[2022-12-13T22:18:24] Child[4561]:
Total write time: 0.000000 seconds; average write time: 0.000000 seconds.
Total read time: 261.937912; average read time: 26.193791
Total time: 261.937912, total average time: 26.193791

[2022-12-13T22:18:24] Child[4231]:
Total write time: 0.000000 seconds; average write time: 0.000000 seconds.
Total read time: 258.758849; average read time: 25.875885
Total time: 258.758849, total average time: 25.875885

[2022-12-13T22:18:26] Child[4178]:
Total write time: 0.000000 seconds; average write time: 0.000000 seconds.
Total read time: 264.109439; average read time: 26.410944
Total time: 264.109439, total average time: 26.410944

[2022-12-13T22:18:28] Child[3976]:
Total write time: 0.000000 seconds; average write time: 0.000000 seconds.
Total read time: 265.006334; average read time: 26.500633
Total time: 265.006334, total average time: 26.500633

[2022-12-13T22:18:31] Child[5052]:
Total write time: 0.000000 seconds; average write time: 0.000000 seconds.
Total read time: 265.333963; average read time: 26.533396
Total time: 265.333963, total average time: 26.533396

[2022-12-13T22:18:33] Child[4160]:
Total write time: 0.000000 seconds; average write time: 0.000000 seconds.
Total read time: 268.398136; average read time: 26.839814
Total time: 268.398136, total average time: 26.839814

[2022-12-13T22:18:41] Child[5276]:
Total write time: 0.000000 seconds; average write time: 0.000000 seconds.
Total read time: 278.964201; average read time: 27.896420
Total time: 278.964201, total average time: 27.896420

[2022-12-13T22:18:44] Child[4497]:
Total write time: 0.000000 seconds; average write time: 0.000000 seconds.
Total read time: 277.191275; average read time: 27.719127
Total time: 277.191275, total average time: 27.719127

[2022-12-13T22:18:46] Child[4088]:
Total write time: 0.000000 seconds; average write time: 0.000000 seconds.
Total read time: 281.907251; average read time: 28.190725
Total time: 281.907251, total average time: 28.190725

[2022-12-13T22:18:50] Child[4098]:
Total write time: 0.000000 seconds; average write time: 0.000000 seconds.
Total read time: 284.890989; average read time: 28.489099
Total time: 284.890989, total average time: 28.489099

[2022-12-13T22:18:53] Child[4333]:
Total write time: 0.000000 seconds; average write time: 0.000000 seconds.
Total read time: 287.647843; average read time: 28.764784
Total time: 287.647843, total average time: 28.764784

[2022-12-13T22:18:53] Child[4201]:
Total write time: 0.000000 seconds; average write time: 0.000000 seconds.
Total read time: 287.575141; average read time: 28.757514
Total time: 287.575141, total average time: 28.757514

[2022-12-13T22:18:54] Child[5273]:
Total write time: 0.000000 seconds; average write time: 0.000000 seconds.
Total read time: 292.205841; average read time: 29.220584
Total time: 292.205841, total average time: 29.220584

[2022-12-13T22:19:01] Child[4205]:
Total write time: 0.000000 seconds; average write time: 0.000000 seconds.
Total read time: 294.603770; average read time: 29.460377
Total time: 294.603770, total average time: 29.460377

[2022-12-13T22:19:04] Child[5008]:
Total write time: 0.000000 seconds; average write time: 0.000000 seconds.
Total read time: 301.069215; average read time: 30.106921
Total time: 301.069215, total average time: 30.106921

[2022-12-13T22:19:05] Child[4868]:
Total write time: 0.000000 seconds; average write time: 0.000000 seconds.
Total read time: 299.002300; average read time: 29.900230
Total time: 299.002300, total average time: 29.900230

[2022-12-13T22:19:05] Child[5193]:
Total write time: 0.000000 seconds; average write time: 0.000000 seconds.
Total read time: 301.569780; average read time: 30.156978
Total time: 301.569780, total average time: 30.156978

[2022-12-13T22:19:06] Child[4254]:
Total write time: 0.000000 seconds; average write time: 0.000000 seconds.
Total read time: 304.070665; average read time: 30.407066
Total time: 304.070665, total average time: 30.407066

[2022-12-13T22:19:09] Child[5126]:
Total write time: 0.000000 seconds; average write time: 0.000000 seconds.
Total read time: 307.485445; average read time: 30.748545
Total time: 307.485445, total average time: 30.748545

[2022-12-13T22:19:11] Child[4065]:
Total write time: 0.000000 seconds; average write time: 0.000000 seconds.
Total read time: 308.616767; average read time: 30.861677
Total time: 308.616767, total average time: 30.861677

[2022-12-13T22:19:16] Child[5488]:
Total write time: 0.000000 seconds; average write time: 0.000000 seconds.
Total read time: 311.886524; average read time: 31.188652
Total time: 311.886524, total average time: 31.188652

[2022-12-13T22:19:16] Child[4050]:
Total write time: 0.000000 seconds; average write time: 0.000000 seconds.
Total read time: 311.457276; average read time: 31.145728
Total time: 311.457276, total average time: 31.145728

[2022-12-13T22:19:16] Child[4479]:
Total write time: 0.000000 seconds; average write time: 0.000000 seconds.
Total read time: 311.743050; average read time: 31.174305
Total time: 311.743050, total average time: 31.174305

[2022-12-13T22:19:19] Child[4648]:
Total write time: 0.000000 seconds; average write time: 0.000000 seconds.
Total read time: 313.277466; average read time: 31.327747
Total time: 313.277466, total average time: 31.327747

[2022-12-13T22:19:19] Child[4059]:
Total write time: 0.000000 seconds; average write time: 0.000000 seconds.
Total read time: 315.163258; average read time: 31.516326
Total time: 315.163258, total average time: 31.516326

[2022-12-13T22:19:19] Child[4022]:
Total write time: 0.000000 seconds; average write time: 0.000000 seconds.
Total read time: 313.690072; average read time: 31.369007
Total time: 313.690072, total average time: 31.369007

[2022-12-13T22:19:21] Child[5174]:
Total write time: 0.000000 seconds; average write time: 0.000000 seconds.
Total read time: 313.108743; average read time: 31.310874
Total time: 313.108743, total average time: 31.310874

[2022-12-13T22:19:23] Child[5493]:
Total write time: 0.000000 seconds; average write time: 0.000000 seconds.
Total read time: 316.432839; average read time: 31.643284
Total time: 316.432839, total average time: 31.643284

[2022-12-13T22:19:23] Child[4965]:
Total write time: 0.000000 seconds; average write time: 0.000000 seconds.
Total read time: 317.212172; average read time: 31.721217
Total time: 317.212172, total average time: 31.721217

[2022-12-13T22:19:23] Child[5452]:
Total write time: 0.000000 seconds; average write time: 0.000000 seconds.
Total read time: 316.517594; average read time: 31.651759
Total time: 316.517594, total average time: 31.651759

[2022-12-13T22:19:25] Child[5319]:
Total write time: 0.000000 seconds; average write time: 0.000000 seconds.
Total read time: 319.467252; average read time: 31.946725
Total time: 319.467252, total average time: 31.946725

[2022-12-13T22:19:26] Child[4017]:
Total write time: 0.000000 seconds; average write time: 0.000000 seconds.
Total read time: 316.898628; average read time: 31.689863
Total time: 316.898628, total average time: 31.689863

[2022-12-13T22:19:27] Child[5115]:
Total write time: 0.000000 seconds; average write time: 0.000000 seconds.
Total read time: 322.303366; average read time: 32.230337
Total time: 322.303366, total average time: 32.230337

[2022-12-13T22:19:28] Child[3946]:
Total write time: 0.000000 seconds; average write time: 0.000000 seconds.
Total read time: 323.832027; average read time: 32.383203
Total time: 323.832027, total average time: 32.383203

[2022-12-13T22:19:28] Child[4136]:
Total write time: 0.000000 seconds; average write time: 0.000000 seconds.
Total read time: 324.562034; average read time: 32.456203
Total time: 324.562034, total average time: 32.456203

[2022-12-13T22:19:28] Child[4547]:
Total write time: 0.000000 seconds; average write time: 0.000000 seconds.
Total read time: 329.367321; average read time: 32.936732
Total time: 329.367321, total average time: 32.936732

[2022-12-13T22:19:29] Child[4987]:
Total write time: 0.000000 seconds; average write time: 0.000000 seconds.
Total read time: 327.787004; average read time: 32.778700
Total time: 327.787004, total average time: 32.778700

[2022-12-13T22:19:29] Child[5090]:
Total write time: 0.000000 seconds; average write time: 0.000000 seconds.
Total read time: 326.727489; average read time: 32.672749
Total time: 326.727489, total average time: 32.672749

[2022-12-13T22:19:31] Child[5454]:
Total write time: 0.000000 seconds; average write time: 0.000000 seconds.
Total read time: 322.511756; average read time: 32.251176
Total time: 322.511756, total average time: 32.251176

[2022-12-13T22:19:32] Child[4245]:
Total write time: 0.000000 seconds; average write time: 0.000000 seconds.
Total read time: 327.743877; average read time: 32.774388
Total time: 327.743877, total average time: 32.774388

[2022-12-13T22:19:33] Child[5145]:
Total write time: 0.000000 seconds; average write time: 0.000000 seconds.
Total read time: 328.513280; average read time: 32.851328
Total time: 328.513280, total average time: 32.851328

[2022-12-13T22:19:33] Child[5344]:
Total write time: 0.000000 seconds; average write time: 0.000000 seconds.
Total read time: 330.190502; average read time: 33.019050
Total time: 330.190502, total average time: 33.019050

[2022-12-13T22:19:33] Child[4889]:
Total write time: 0.000000 seconds; average write time: 0.000000 seconds.
Total read time: 328.993605; average read time: 32.899361
Total time: 328.993605, total average time: 32.899361

[2022-12-13T22:19:35] Child[4882]:
Total write time: 0.000000 seconds; average write time: 0.000000 seconds.
Total read time: 327.972268; average read time: 32.797227
Total time: 327.972268, total average time: 32.797227

[2022-12-13T22:19:36] Child[5069]:
Total write time: 0.000000 seconds; average write time: 0.000000 seconds.
Total read time: 333.025209; average read time: 33.302521
Total time: 333.025209, total average time: 33.302521

[2022-12-13T22:19:37] Child[4777]:
Total write time: 0.000000 seconds; average write time: 0.000000 seconds.
Total read time: 330.502734; average read time: 33.050273
Total time: 330.502734, total average time: 33.050273

[2022-12-13T22:19:37] Child[4093]:
Total write time: 0.000000 seconds; average write time: 0.000000 seconds.
Total read time: 331.276804; average read time: 33.127680
Total time: 331.276804, total average time: 33.127680

[2022-12-13T22:19:39] Child[5179]:
Total write time: 0.000000 seconds; average write time: 0.000000 seconds.
Total read time: 336.137901; average read time: 33.613790
Total time: 336.137901, total average time: 33.613790

[2022-12-13T22:19:39] Child[4246]:
Total write time: 0.000000 seconds; average write time: 0.000000 seconds.
Total read time: 329.468959; average read time: 32.946896
Total time: 329.468959, total average time: 32.946896

[2022-12-13T22:19:41] Child[4344]:
Total write time: 0.000000 seconds; average write time: 0.000000 seconds.
Total read time: 335.824212; average read time: 33.582421
Total time: 335.824212, total average time: 33.582421

[2022-12-13T22:19:41] Child[4150]:
Total write time: 0.000000 seconds; average write time: 0.000000 seconds.
Total read time: 338.737860; average read time: 33.873786
Total time: 338.737860, total average time: 33.873786

[2022-12-13T22:19:42] Child[4207]:
Total write time: 0.000000 seconds; average write time: 0.000000 seconds.
Total read time: 335.613002; average read time: 33.561300
Total time: 335.613002, total average time: 33.561300

[2022-12-13T22:19:43] Child[4166]:
Total write time: 0.000000 seconds; average write time: 0.000000 seconds.
Total read time: 339.457474; average read time: 33.945747
Total time: 339.457474, total average time: 33.945747

[2022-12-13T22:19:45] Child[5377]:
Total write time: 0.000000 seconds; average write time: 0.000000 seconds.
Total read time: 340.069530; average read time: 34.006953
Total time: 340.069530, total average time: 34.006953

[2022-12-13T22:19:45] Child[4183]:
Total write time: 0.000000 seconds; average write time: 0.000000 seconds.
Total read time: 340.108598; average read time: 34.010860
Total time: 340.108598, total average time: 34.010860

[2022-12-13T22:19:45] Child[4383]:
Total write time: 0.000000 seconds; average write time: 0.000000 seconds.
Total read time: 340.366657; average read time: 34.036666
Total time: 340.366657, total average time: 34.036666

[2022-12-13T22:19:46] Child[5274]:
Total write time: 0.000000 seconds; average write time: 0.000000 seconds.
Total read time: 342.009117; average read time: 34.200912
Total time: 342.009117, total average time: 34.200912

[2022-12-13T22:19:47] Child[5338]:
Total write time: 0.000000 seconds; average write time: 0.000000 seconds.
Total read time: 341.416403; average read time: 34.141640
Total time: 341.416403, total average time: 34.141640

[2022-12-13T22:19:48] Child[5110]:
Total write time: 0.000000 seconds; average write time: 0.000000 seconds.
Total read time: 346.068684; average read time: 34.606868
Total time: 346.068684, total average time: 34.606868

[2022-12-13T22:19:49] Child[5245]:
Total write time: 0.000000 seconds; average write time: 0.000000 seconds.
Total read time: 344.566383; average read time: 34.456638
Total time: 344.566383, total average time: 34.456638

[2022-12-13T22:19:50] Child[3964]:
Total write time: 0.000000 seconds; average write time: 0.000000 seconds.
Total read time: 348.602727; average read time: 34.860273
Total time: 348.602727, total average time: 34.860273

[2022-12-13T22:19:53] Child[4265]:
Total write time: 0.000000 seconds; average write time: 0.000000 seconds.
Total read time: 347.646865; average read time: 34.764687
Total time: 347.646865, total average time: 34.764687

[2022-12-13T22:19:53] Child[5302]:
Total write time: 0.000000 seconds; average write time: 0.000000 seconds.
Total read time: 350.402399; average read time: 35.040240
Total time: 350.402399, total average time: 35.040240

[2022-12-13T22:19:53] Child[5189]:
Total write time: 0.000000 seconds; average write time: 0.000000 seconds.
Total read time: 350.795951; average read time: 35.079595
Total time: 350.795951, total average time: 35.079595

[2022-12-13T22:19:55] Child[4415]:
Total write time: 0.000000 seconds; average write time: 0.000000 seconds.
Total read time: 348.778860; average read time: 34.877886
Total time: 348.778860, total average time: 34.877886

[2022-12-13T22:19:57] Child[4272]:
Total write time: 0.000000 seconds; average write time: 0.000000 seconds.
Total read time: 357.103001; average read time: 35.710300
Total time: 357.103001, total average time: 35.710300

[2022-12-13T22:19:58] Child[3955]:
Total write time: 0.000000 seconds; average write time: 0.000000 seconds.
Total read time: 356.816454; average read time: 35.681645
Total time: 356.816454, total average time: 35.681645

[2022-12-13T22:19:59] Child[4009]:
Total write time: 0.000000 seconds; average write time: 0.000000 seconds.
Total read time: 355.715154; average read time: 35.571515
Total time: 355.715154, total average time: 35.571515

[2022-12-13T22:19:59] Child[5187]:
Total write time: 0.000000 seconds; average write time: 0.000000 seconds.
Total read time: 353.264401; average read time: 35.326440
Total time: 353.264401, total average time: 35.326440

[2022-12-13T22:19:59] Child[4343]:
Total write time: 0.000000 seconds; average write time: 0.000000 seconds.
Total read time: 353.579631; average read time: 35.357963
Total time: 353.579631, total average time: 35.357963

[2022-12-13T22:20:01] Child[5123]:
Total write time: 0.000000 seconds; average write time: 0.000000 seconds.
Total read time: 355.480037; average read time: 35.548004
Total time: 355.480037, total average time: 35.548004

[2022-12-13T22:20:01] Child[4819]:
Total write time: 0.000000 seconds; average write time: 0.000000 seconds.
Total read time: 350.958494; average read time: 35.095849
Total time: 350.958494, total average time: 35.095849

[2022-12-13T22:20:01] Child[5234]:
Total write time: 0.000000 seconds; average write time: 0.000000 seconds.
Total read time: 358.395128; average read time: 35.839513
Total time: 358.395128, total average time: 35.839513

[2022-12-13T22:20:02] Child[5151]:
Total write time: 0.000000 seconds; average write time: 0.000000 seconds.
Total read time: 355.877511; average read time: 35.587751
Total time: 355.877511, total average time: 35.587751

[2022-12-13T22:20:05] Child[4355]:
Total write time: 0.000000 seconds; average write time: 0.000000 seconds.
Total read time: 360.949949; average read time: 36.094995
Total time: 360.949949, total average time: 36.094995

[2022-12-13T22:20:06] Child[4960]:
Total write time: 0.000000 seconds; average write time: 0.000000 seconds.
Total read time: 360.758091; average read time: 36.075809
Total time: 360.758091, total average time: 36.075809

[2022-12-13T22:20:07] Child[5374]:
Total write time: 0.000000 seconds; average write time: 0.000000 seconds.
Total read time: 363.594248; average read time: 36.359425
Total time: 363.594248, total average time: 36.359425

[2022-12-13T22:20:07] Child[4838]:
Total write time: 0.000000 seconds; average write time: 0.000000 seconds.
Total read time: 361.635220; average read time: 36.163522
Total time: 361.635220, total average time: 36.163522

[2022-12-13T22:20:07] Child[4192]:
Total write time: 0.000000 seconds; average write time: 0.000000 seconds.
Total read time: 364.511369; average read time: 36.451137
Total time: 364.511369, total average time: 36.451137

[2022-12-13T22:20:07] Child[5005]:
Total write time: 0.000000 seconds; average write time: 0.000000 seconds.
Total read time: 363.353400; average read time: 36.335340
Total time: 363.353400, total average time: 36.335340

[2022-12-13T22:20:07] Child[5459]:
Total write time: 0.000000 seconds; average write time: 0.000000 seconds.
Total read time: 361.514076; average read time: 36.151408
Total time: 361.514076, total average time: 36.151408

[2022-12-13T22:20:08] Child[4018]:
Total write time: 0.000000 seconds; average write time: 0.000000 seconds.
Total read time: 360.921706; average read time: 36.092171
Total time: 360.921706, total average time: 36.092171

[2022-12-13T22:20:09] Child[5243]:
Total write time: 0.000000 seconds; average write time: 0.000000 seconds.
Total read time: 361.992176; average read time: 36.199218
Total time: 361.992176, total average time: 36.199218

[2022-12-13T22:20:12] Child[5073]:
Total write time: 88.140987 seconds; average write time: 88.140987 seconds.
Total read time: 279.620511; average read time: 31.068946
Total time: 367.761498, total average time: 36.776150

[2022-12-13T22:20:12] Child[5041]:
Total write time: 0.000000 seconds; average write time: 0.000000 seconds.
Total read time: 368.610476; average read time: 36.861048
Total time: 368.610476, total average time: 36.861048

[2022-12-13T22:20:13] Child[3993]:
Total write time: 0.000000 seconds; average write time: 0.000000 seconds.
Total read time: 366.719335; average read time: 36.671934
Total time: 366.719335, total average time: 36.671934

[2022-12-13T22:20:13] Child[4103]:
Total write time: 0.000000 seconds; average write time: 0.000000 seconds.
Total read time: 366.963302; average read time: 36.696330
Total time: 366.963302, total average time: 36.696330

[2022-12-13T22:20:15] Child[4234]:
Total write time: 0.000000 seconds; average write time: 0.000000 seconds.
Total read time: 371.173909; average read time: 37.117391
Total time: 371.173909, total average time: 37.117391

[2022-12-13T22:20:15] Child[3963]:
Total write time: 0.000000 seconds; average write time: 0.000000 seconds.
Total read time: 372.841812; average read time: 37.284181
Total time: 372.841812, total average time: 37.284181

[2022-12-13T22:20:15] Child[5325]:
Total write time: 65.810301 seconds; average write time: 65.810301 seconds.
Total read time: 305.260069; average read time: 33.917785
Total time: 371.070370, total average time: 37.107037

[2022-12-13T22:20:16] Child[4120]:
Total write time: 0.000000 seconds; average write time: 0.000000 seconds.
Total read time: 371.866549; average read time: 37.186655
Total time: 371.866549, total average time: 37.186655

[2022-12-13T22:20:19] Child[5445]:
Total write time: 123.211911 seconds; average write time: 123.211911 seconds.
Total read time: 255.662333; average read time: 28.406926
Total time: 378.874244, total average time: 37.887424

[2022-12-13T22:20:23] Child[4008]:
Total write time: 0.000000 seconds; average write time: 0.000000 seconds.
Total read time: 376.957139; average read time: 37.695714
Total time: 376.957139, total average time: 37.695714

[2022-12-13T22:20:23] Child[5388]:
Total write time: 0.000000 seconds; average write time: 0.000000 seconds.
Total read time: 377.462182; average read time: 37.746218
Total time: 377.462182, total average time: 37.746218

[2022-12-13T22:20:23] Child[4322]:
Total write time: 130.235329 seconds; average write time: 130.235329 seconds.
Total read time: 247.663373; average read time: 27.518153
Total time: 377.898702, total average time: 37.789870

[2022-12-13T22:20:24] Child[5246]:
Total write time: 0.000000 seconds; average write time: 0.000000 seconds.
Total read time: 379.290097; average read time: 37.929010
Total time: 379.290097, total average time: 37.929010

[2022-12-13T22:20:24] Child[3957]:
Total write time: 0.000002 seconds; average write time: 0.000002 seconds.
Total read time: 377.381030; average read time: 41.931226
Total time: 377.381032, total average time: 37.738103

[2022-12-13T22:20:24] Child[5094]:
Total write time: 0.000000 seconds; average write time: 0.000000 seconds.
Total read time: 377.282107; average read time: 37.728211
Total time: 377.282107, total average time: 37.728211

[2022-12-13T22:20:26] Child[5353]:
Total write time: 0.000000 seconds; average write time: 0.000000 seconds.
Total read time: 378.696704; average read time: 37.869670
Total time: 378.696704, total average time: 37.869670

[2022-12-13T22:20:27] Child[5143]:
Total write time: 149.238222 seconds; average write time: 149.238222 seconds.
Total read time: 233.959292; average read time: 25.995477
Total time: 383.197514, total average time: 38.319751

[2022-12-13T22:20:27] Child[5365]:
Total write time: 41.419924 seconds; average write time: 41.419924 seconds.
Total read time: 342.865141; average read time: 38.096127
Total time: 384.285065, total average time: 38.428506

[2022-12-13T22:20:28] Child[4229]:
Total write time: 0.000000 seconds; average write time: 0.000000 seconds.
Total read time: 380.866292; average read time: 38.086629
Total time: 380.866292, total average time: 38.086629

[2022-12-13T22:20:28] Child[4144]:
Total write time: 0.000000 seconds; average write time: 0.000000 seconds.
Total read time: 386.074664; average read time: 38.607466
Total time: 386.074664, total average time: 38.607466

[2022-12-13T22:20:28] Child[4260]:
Total write time: 0.000000 seconds; average write time: 0.000000 seconds.
Total read time: 384.782224; average read time: 38.478222
Total time: 384.782224, total average time: 38.478222

[2022-12-13T22:20:29] Child[4743]:
Total write time: 0.000000 seconds; average write time: 0.000000 seconds.
Total read time: 380.200603; average read time: 38.020060
Total time: 380.200603, total average time: 38.020060

[2022-12-13T22:20:29] Child[4974]:
Total write time: 0.000000 seconds; average write time: 0.000000 seconds.
Total read time: 383.949667; average read time: 38.394967
Total time: 383.949667, total average time: 38.394967

[2022-12-13T22:20:29] Child[4284]:
Total write time: 0.000000 seconds; average write time: 0.000000 seconds.
Total read time: 385.620131; average read time: 38.562013
Total time: 385.620131, total average time: 38.562013

[2022-12-13T22:20:31] Child[4016]:
Total write time: 0.000000 seconds; average write time: 0.000000 seconds.
Total read time: 384.222230; average read time: 38.422223
Total time: 384.222230, total average time: 38.422223

[2022-12-13T22:20:32] Child[4978]:
Total write time: 62.156274 seconds; average write time: 62.156274 seconds.
Total read time: 326.609273; average read time: 36.289919
Total time: 388.765547, total average time: 38.876555

[2022-12-13T22:20:32] Child[5037]:
Total write time: 0.000000 seconds; average write time: 0.000000 seconds.
Total read time: 388.971401; average read time: 38.897140
Total time: 388.971401, total average time: 38.897140

[2022-12-13T22:20:32] Child[5304]:
Total write time: 0.000000 seconds; average write time: 0.000000 seconds.
Total read time: 389.258616; average read time: 38.925862
Total time: 389.258616, total average time: 38.925862

[2022-12-13T22:20:33] Child[4158]:
Total write time: 0.000000 seconds; average write time: 0.000000 seconds.
Total read time: 391.326504; average read time: 39.132650
Total time: 391.326504, total average time: 39.132650

[2022-12-13T22:20:33] Child[4348]:
Total write time: 0.000000 seconds; average write time: 0.000000 seconds.
Total read time: 388.816990; average read time: 38.881699
Total time: 388.816990, total average time: 38.881699

[2022-12-13T22:20:35] Child[5107]:
Total write time: 0.000000 seconds; average write time: 0.000000 seconds.
Total read time: 389.173168; average read time: 38.917317
Total time: 389.173168, total average time: 38.917317

[2022-12-13T22:20:35] Child[4697]:
Total write time: 0.000000 seconds; average write time: 0.000000 seconds.
Total read time: 390.330468; average read time: 39.033047
Total time: 390.330468, total average time: 39.033047

[2022-12-13T22:20:35] Child[4263]:
Total write time: 0.000000 seconds; average write time: 0.000000 seconds.
Total read time: 391.773738; average read time: 39.177374
Total time: 391.773738, total average time: 39.177374

[2022-12-13T22:20:36] Child[4109]:
Total write time: 0.000000 seconds; average write time: 0.000000 seconds.
Total read time: 389.420997; average read time: 38.942100
Total time: 389.420997, total average time: 38.942100

[2022-12-13T22:20:36] Child[5305]:
Total write time: 0.000000 seconds; average write time: 0.000000 seconds.
Total read time: 389.732701; average read time: 38.973270
Total time: 389.732701, total average time: 38.973270

[2022-12-13T22:20:36] Child[5241]:
Total write time: 0.000000 seconds; average write time: 0.000000 seconds.
Total read time: 392.551933; average read time: 39.255193
Total time: 392.551933, total average time: 39.255193

[2022-12-13T22:20:38] Child[4218]:
Total write time: 0.000000 seconds; average write time: 0.000000 seconds.
Total read time: 393.743437; average read time: 39.374344
Total time: 393.743437, total average time: 39.374344

[2022-12-13T22:20:39] Child[5474]:
Total write time: 0.000000 seconds; average write time: 0.000000 seconds.
Total read time: 394.905618; average read time: 39.490562
Total time: 394.905618, total average time: 39.490562

[2022-12-13T22:20:39] Child[5025]:
Total write time: 0.000000 seconds; average write time: 0.000000 seconds.
Total read time: 393.128263; average read time: 39.312826
Total time: 393.128263, total average time: 39.312826

[2022-12-13T22:20:39] Child[5164]:
Total write time: 120.564688 seconds; average write time: 120.564688 seconds.
Total read time: 273.832083; average read time: 30.425787
Total time: 394.396771, total average time: 39.439677

[2022-12-13T22:20:40] Child[4291]:
Total write time: 0.000000 seconds; average write time: 0.000000 seconds.
Total read time: 399.291063; average read time: 39.929106
Total time: 399.291063, total average time: 39.929106

[2022-12-13T22:20:41] Child[5422]:
Total write time: 0.000000 seconds; average write time: 0.000000 seconds.
Total read time: 395.711840; average read time: 39.571184
Total time: 395.711840, total average time: 39.571184

[2022-12-13T22:20:41] Child[5393]:
Total write time: 0.000000 seconds; average write time: 0.000000 seconds.
Total read time: 395.504591; average read time: 39.550459
Total time: 395.504591, total average time: 39.550459

[2022-12-13T22:20:41] Child[5288]:
Total write time: 0.000000 seconds; average write time: 0.000000 seconds.
Total read time: 394.513831; average read time: 39.451383
Total time: 394.513831, total average time: 39.451383

[2022-12-13T22:20:42] Child[5127]:
Total write time: 0.000000 seconds; average write time: 0.000000 seconds.
Total read time: 391.574010; average read time: 39.157401
Total time: 391.574010, total average time: 39.157401

[2022-12-13T22:20:42] Child[4488]:
Total write time: 0.000000 seconds; average write time: 0.000000 seconds.
Total read time: 398.825903; average read time: 39.882590
Total time: 398.825903, total average time: 39.882590

[2022-12-13T22:20:43] Child[5412]:
Total write time: 344.408250 seconds; average write time: 344.408250 seconds.
Total read time: 53.597495; average read time: 5.955277
Total time: 398.005745, total average time: 39.800575

[2022-12-13T22:20:43] Child[5200]:
Total write time: 0.000000 seconds; average write time: 0.000000 seconds.
Total read time: 395.643963; average read time: 39.564396
Total time: 395.643963, total average time: 39.564396

[2022-12-13T22:20:43] Child[5433]:
Total write time: 0.000000 seconds; average write time: 0.000000 seconds.
Total read time: 397.580586; average read time: 39.758059
Total time: 397.580586, total average time: 39.758059

[2022-12-13T22:20:43] Child[3979]:
Total write time: 0.000000 seconds; average write time: 0.000000 seconds.
Total read time: 398.445992; average read time: 39.844599
Total time: 398.445992, total average time: 39.844599

[2022-12-13T22:20:44] Child[4169]:
Total write time: 0.000000 seconds; average write time: 0.000000 seconds.
Total read time: 398.081583; average read time: 39.808158
Total time: 398.081583, total average time: 39.808158

[2022-12-13T22:20:44] Child[5379]:
Total write time: 0.000000 seconds; average write time: 0.000000 seconds.
Total read time: 402.147523; average read time: 40.214752
Total time: 402.147523, total average time: 40.214752

[2022-12-13T22:20:44] Child[4235]:
Total write time: 34.429560 seconds; average write time: 34.429560 seconds.
Total read time: 363.139974; average read time: 40.348886
Total time: 397.569534, total average time: 39.756953

[2022-12-13T22:20:44] Child[4331]:
Total write time: 0.000000 seconds; average write time: 0.000000 seconds.
Total read time: 401.245083; average read time: 40.124508
Total time: 401.245083, total average time: 40.124508

[2022-12-13T22:20:45] Child[4682]:
Total write time: 0.000000 seconds; average write time: 0.000000 seconds.
Total read time: 403.814678; average read time: 40.381468
Total time: 403.814678, total average time: 40.381468

[2022-12-13T22:20:45] Child[4037]:
Total write time: 0.000000 seconds; average write time: 0.000000 seconds.
Total read time: 402.426007; average read time: 40.242601
Total time: 402.426007, total average time: 40.242601

[2022-12-13T22:20:46] Child[4152]:
Total write time: 108.403478 seconds; average write time: 108.403478 seconds.
Total read time: 292.776125; average read time: 32.530681
Total time: 401.179603, total average time: 40.117960

[2022-12-13T22:20:46] Child[4086]:
Total write time: 0.000000 seconds; average write time: 0.000000 seconds.
Total read time: 405.326199; average read time: 40.532620
Total time: 405.326199, total average time: 40.532620

[2022-12-13T22:20:47] Child[5254]:
Total write time: 0.000000 seconds; average write time: 0.000000 seconds.
Total read time: 404.974055; average read time: 40.497405
Total time: 404.974055, total average time: 40.497405

[2022-12-13T22:20:47] Child[5252]:
Total write time: 0.000000 seconds; average write time: 0.000000 seconds.
Total read time: 400.462768; average read time: 40.046277
Total time: 400.462768, total average time: 40.046277

[2022-12-13T22:20:47] Child[4146]:
Total write time: 0.000000 seconds; average write time: 0.000000 seconds.
Total read time: 405.366550; average read time: 40.536655
Total time: 405.366550, total average time: 40.536655

[2022-12-13T22:20:47] Child[4253]:
Total write time: 0.000000 seconds; average write time: 0.000000 seconds.
Total read time: 401.444255; average read time: 40.144425
Total time: 401.444255, total average time: 40.144425

[2022-12-13T22:20:48] Child[5366]:
Total write time: 0.000000 seconds; average write time: 0.000000 seconds.
Total read time: 401.335174; average read time: 40.133517
Total time: 401.335174, total average time: 40.133517

[2022-12-13T22:20:48] Child[4800]:
Total write time: 0.000000 seconds; average write time: 0.000000 seconds.
Total read time: 406.478414; average read time: 40.647841
Total time: 406.478414, total average time: 40.647841

[2022-12-13T22:20:48] Child[4054]:
Total write time: 0.000000 seconds; average write time: 0.000000 seconds.
Total read time: 404.698707; average read time: 40.469871
Total time: 404.698707, total average time: 40.469871

[2022-12-13T22:20:49] Child[5421]:
Total write time: 0.000000 seconds; average write time: 0.000000 seconds.
Total read time: 401.148122; average read time: 40.114812
Total time: 401.148122, total average time: 40.114812

[2022-12-13T22:20:49] Child[4518]:
Total write time: 0.000000 seconds; average write time: 0.000000 seconds.
Total read time: 404.750040; average read time: 40.475004
Total time: 404.750040, total average time: 40.475004

[2022-12-13T22:20:50] Child[4241]:
Total write time: 0.000000 seconds; average write time: 0.000000 seconds.
Total read time: 406.135343; average read time: 40.613534
Total time: 406.135343, total average time: 40.613534

[2022-12-13T22:20:50] Child[3947]:
Total write time: 0.000000 seconds; average write time: 0.000000 seconds.
Total read time: 407.877173; average read time: 40.787717
Total time: 407.877173, total average time: 40.787717

[2022-12-13T22:20:50] Child[5264]:
Total write time: 0.000000 seconds; average write time: 0.000000 seconds.
Total read time: 406.553185; average read time: 40.655318
Total time: 406.553185, total average time: 40.655318

[2022-12-13T22:20:50] Child[4448]:
Total write time: 0.000000 seconds; average write time: 0.000000 seconds.
Total read time: 405.112590; average read time: 40.511259
Total time: 405.112590, total average time: 40.511259

[2022-12-13T22:20:51] Child[4025]:
Total write time: 0.000000 seconds; average write time: 0.000000 seconds.
Total read time: 404.687213; average read time: 40.468721
Total time: 404.687213, total average time: 40.468721

[2022-12-13T22:20:52] Child[3988]:
Total write time: 0.000000 seconds; average write time: 0.000000 seconds.
Total read time: 406.655164; average read time: 40.665516
Total time: 406.655164, total average time: 40.665516

[2022-12-13T22:20:53] Child[4203]:
Total write time: 0.000000 seconds; average write time: 0.000000 seconds.
Total read time: 407.899277; average read time: 40.789928
Total time: 407.899277, total average time: 40.789928

[2022-12-13T22:20:53] Child[5032]:
Total write time: 0.000000 seconds; average write time: 0.000000 seconds.
Total read time: 407.714690; average read time: 40.771469
Total time: 407.714690, total average time: 40.771469

[2022-12-13T22:20:53] Child[5050]:
Total write time: 0.000000 seconds; average write time: 0.000000 seconds.
Total read time: 409.032693; average read time: 40.903269
Total time: 409.032693, total average time: 40.903269

[2022-12-13T22:20:53] Child[5261]:
Total write time: 43.250767 seconds; average write time: 43.250767 seconds.
Total read time: 364.808772; average read time: 40.534308
Total time: 408.059539, total average time: 40.805954

[2022-12-13T22:20:54] Child[4546]:
Total write time: 12.736034 seconds; average write time: 12.736034 seconds.
Total read time: 396.019615; average read time: 44.002179
Total time: 408.755649, total average time: 40.875565

[2022-12-13T22:20:56] Child[4597]:
Total write time: 0.000000 seconds; average write time: 0.000000 seconds.
Total read time: 411.017310; average read time: 41.101731
Total time: 411.017310, total average time: 41.101731

[2022-12-13T22:20:56] Child[4675]:
Total write time: 0.000000 seconds; average write time: 0.000000 seconds.
Total read time: 409.249026; average read time: 40.924903
Total time: 409.249026, total average time: 40.924903

[2022-12-13T22:20:57] Child[4210]:
Total write time: 0.000000 seconds; average write time: 0.000000 seconds.
Total read time: 412.868168; average read time: 41.286817
Total time: 412.868168, total average time: 41.286817

[2022-12-13T22:20:58] Child[4376]:
Total write time: 0.000000 seconds; average write time: 0.000000 seconds.
Total read time: 413.517241; average read time: 41.351724
Total time: 413.517241, total average time: 41.351724

[2022-12-13T22:20:59] Child[4990]:
Total write time: 0.000000 seconds; average write time: 0.000000 seconds.
Total read time: 416.201868; average read time: 41.620187
Total time: 416.201868, total average time: 41.620187

[2022-12-13T22:21:00] Child[4608]:
Total write time: 0.000000 seconds; average write time: 0.000000 seconds.
Total read time: 415.231131; average read time: 41.523113
Total time: 415.231131, total average time: 41.523113

[2022-12-13T22:21:00] Child[5219]:
Total write time: 0.000000 seconds; average write time: 0.000000 seconds.
Total read time: 413.882348; average read time: 41.388235
Total time: 413.882348, total average time: 41.388235

[2022-12-13T22:21:01] Child[4962]:
Total write time: 0.000000 seconds; average write time: 0.000000 seconds.
Total read time: 416.811875; average read time: 41.681188
Total time: 416.811875, total average time: 41.681188

[2022-12-13T22:21:01] Child[4533]:
Total write time: 0.000000 seconds; average write time: 0.000000 seconds.
Total read time: 419.110960; average read time: 41.911096
Total time: 419.110960, total average time: 41.911096

[2022-12-13T22:21:01] Child[4427]:
Total write time: 0.000000 seconds; average write time: 0.000000 seconds.
Total read time: 417.774248; average read time: 41.777425
Total time: 417.774248, total average time: 41.777425

[2022-12-13T22:21:01] Child[5425]:
Total write time: 0.000000 seconds; average write time: 0.000000 seconds.
Total read time: 417.038307; average read time: 41.703831
Total time: 417.038307, total average time: 41.703831

[2022-12-13T22:21:02] Child[4262]:
Total write time: 0.000000 seconds; average write time: 0.000000 seconds.
Total read time: 418.198895; average read time: 41.819890
Total time: 418.198895, total average time: 41.819890

[2022-12-13T22:21:03] Child[4145]:
Total write time: 0.000000 seconds; average write time: 0.000000 seconds.
Total read time: 417.897517; average read time: 41.789752
Total time: 417.897517, total average time: 41.789752

[2022-12-13T22:21:03] Child[4220]:
Total write time: 0.000000 seconds; average write time: 0.000000 seconds.
Total read time: 420.870588; average read time: 42.087059
Total time: 420.870588, total average time: 42.087059

[2022-12-13T22:21:03] Child[5423]:
Total write time: 0.000000 seconds; average write time: 0.000000 seconds.
Total read time: 415.276819; average read time: 41.527682
Total time: 415.276819, total average time: 41.527682

[2022-12-13T22:21:04] Child[5224]:
Total write time: 0.000000 seconds; average write time: 0.000000 seconds.
Total read time: 423.725999; average read time: 42.372600
Total time: 423.725999, total average time: 42.372600

[2022-12-13T22:21:05] Child[4381]:
Total write time: 0.000000 seconds; average write time: 0.000000 seconds.
Total read time: 421.638990; average read time: 42.163899
Total time: 421.638990, total average time: 42.163899

[2022-12-13T22:21:06] Child[5450]:
Total write time: 0.000000 seconds; average write time: 0.000000 seconds.
Total read time: 419.649362; average read time: 41.964936
Total time: 419.649362, total average time: 41.964936

[2022-12-13T22:21:07] Child[4184]:
Total write time: 0.000000 seconds; average write time: 0.000000 seconds.
Total read time: 424.638948; average read time: 42.463895
Total time: 424.638948, total average time: 42.463895

[2022-12-13T22:21:07] Child[5466]:
Total write time: 237.619321 seconds; average write time: 237.619321 seconds.
Total read time: 182.667192; average read time: 20.296355
Total time: 420.286513, total average time: 42.028651

[2022-12-13T22:21:07] Child[5480]:
Total write time: 0.000000 seconds; average write time: 0.000000 seconds.
Total read time: 423.816728; average read time: 42.381673
Total time: 423.816728, total average time: 42.381673

[2022-12-13T22:21:07] Child[5502]:
Total write time: 108.670637 seconds; average write time: 108.670637 seconds.
Total read time: 313.974840; average read time: 34.886093
Total time: 422.645477, total average time: 42.264548

[2022-12-13T22:21:07] Child[5111]:
Total write time: 0.000000 seconds; average write time: 0.000000 seconds.
Total read time: 425.986174; average read time: 42.598617
Total time: 425.986174, total average time: 42.598617

[2022-12-13T22:21:09] Child[5259]:
Total write time: 0.000000 seconds; average write time: 0.000000 seconds.
Total read time: 422.064130; average read time: 42.206413
Total time: 422.064130, total average time: 42.206413

[2022-12-13T22:21:09] Child[4364]:
Total write time: 0.000000 seconds; average write time: 0.000000 seconds.
Total read time: 428.712667; average read time: 42.871267
Total time: 428.712667, total average time: 42.871267

[2022-12-13T22:21:11] Child[4258]:
Total write time: 0.000000 seconds; average write time: 0.000000 seconds.
Total read time: 428.047036; average read time: 42.804704
Total time: 428.047036, total average time: 42.804704

[2022-12-13T22:21:12] Child[5329]:
Total write time: 0.000000 seconds; average write time: 0.000000 seconds.
Total read time: 428.995591; average read time: 42.899559
Total time: 428.995591, total average time: 42.899559

[2022-12-13T22:21:12] Child[4001]:
Total write time: 0.000000 seconds; average write time: 0.000000 seconds.
Total read time: 425.015680; average read time: 42.501568
Total time: 425.015680, total average time: 42.501568

[2022-12-13T22:21:13] Child[4630]:
Total write time: 0.000000 seconds; average write time: 0.000000 seconds.
Total read time: 429.101441; average read time: 42.910144
Total time: 429.101441, total average time: 42.910144

[2022-12-13T22:21:13] Child[5216]:
Total write time: 0.000000 seconds; average write time: 0.000000 seconds.
Total read time: 428.333615; average read time: 42.833362
Total time: 428.333615, total average time: 42.833362

[2022-12-13T22:21:13] Child[4238]:
Total write time: 94.615824 seconds; average write time: 94.615824 seconds.
Total read time: 334.878845; average read time: 37.208761
Total time: 429.494669, total average time: 42.949467

[2022-12-13T22:21:13] Child[3949]:
Total write time: 0.000000 seconds; average write time: 0.000000 seconds.
Total read time: 425.825061; average read time: 42.582506
Total time: 425.825061, total average time: 42.582506

[2022-12-13T22:21:14] Child[4164]:
Total write time: 0.000000 seconds; average write time: 0.000000 seconds.
Total read time: 426.762431; average read time: 42.676243
Total time: 426.762431, total average time: 42.676243

[2022-12-13T22:21:14] Child[4069]:
Total write time: 0.000000 seconds; average write time: 0.000000 seconds.
Total read time: 432.593576; average read time: 43.259358
Total time: 432.593576, total average time: 43.259358

[2022-12-13T22:21:15] Child[4221]:
Total write time: 161.108376 seconds; average write time: 161.108376 seconds.
Total read time: 268.369371; average read time: 29.818819
Total time: 429.477747, total average time: 42.947775

[2022-12-13T22:21:15] Child[4517]:
Total write time: 0.000000 seconds; average write time: 0.000000 seconds.
Total read time: 430.422634; average read time: 43.042263
Total time: 430.422634, total average time: 43.042263

[2022-12-13T22:21:16] Child[4858]:
Total write time: 0.000000 seconds; average write time: 0.000000 seconds.
Total read time: 432.324877; average read time: 43.232488
Total time: 432.324877, total average time: 43.232488

[2022-12-13T22:21:16] Child[4491]:
Total write time: 0.000000 seconds; average write time: 0.000000 seconds.
Total read time: 428.529750; average read time: 42.852975
Total time: 428.529750, total average time: 42.852975

[2022-12-13T22:21:16] Child[4474]:
Total write time: 86.516895 seconds; average write time: 86.516895 seconds.
Total read time: 347.576840; average read time: 38.619649
Total time: 434.093735, total average time: 43.409374

[2022-12-13T22:21:17] Child[4045]:
Total write time: 26.852783 seconds; average write time: 26.852783 seconds.
Total read time: 409.029393; average read time: 45.447710
Total time: 435.882176, total average time: 43.588218

[2022-12-13T22:21:17] Child[5449]:
Total write time: 0.000000 seconds; average write time: 0.000000 seconds.
Total read time: 432.576416; average read time: 43.257642
Total time: 432.576416, total average time: 43.257642

[2022-12-13T22:21:17] Child[4173]:
Total write time: 0.000000 seconds; average write time: 0.000000 seconds.
Total read time: 433.054125; average read time: 43.305413
Total time: 433.054125, total average time: 43.305413

[2022-12-13T22:21:18] Child[4867]:
Total write time: 278.073923 seconds; average write time: 278.073923 seconds.
Total read time: 157.143560; average read time: 17.460396
Total time: 435.217483, total average time: 43.521748

[2022-12-13T22:21:19] Child[3974]:
Total write time: 0.000000 seconds; average write time: 0.000000 seconds.
Total read time: 438.607190; average read time: 43.860719
Total time: 438.607190, total average time: 43.860719

[2022-12-13T22:21:20] Child[4058]:
Total write time: 307.735461 seconds; average write time: 153.867730 seconds.
Total read time: 123.838729; average read time: 15.479841
Total time: 431.574190, total average time: 43.157419

[2022-12-13T22:21:20] Child[5251]:
Total write time: 0.000000 seconds; average write time: 0.000000 seconds.
Total read time: 438.178513; average read time: 43.817851
Total time: 438.178513, total average time: 43.817851

[2022-12-13T22:21:21] Child[5500]:
Total write time: 0.000000 seconds; average write time: 0.000000 seconds.
Total read time: 438.096445; average read time: 43.809644
Total time: 438.096445, total average time: 43.809644

[2022-12-13T22:21:21] Child[4791]:
Total write time: 101.315812 seconds; average write time: 101.315812 seconds.
Total read time: 338.887311; average read time: 37.654146
Total time: 440.203123, total average time: 44.020312

[2022-12-13T22:21:22] Child[5220]:
Total write time: 0.000000 seconds; average write time: 0.000000 seconds.
Total read time: 434.321733; average read time: 43.432173
Total time: 434.321733, total average time: 43.432173

[2022-12-13T22:21:23] Child[4091]:
Total write time: 58.252618 seconds; average write time: 58.252618 seconds.
Total read time: 380.789354; average read time: 42.309928
Total time: 439.041972, total average time: 43.904197

[2022-12-13T22:21:23] Child[3982]:
Total write time: 0.000000 seconds; average write time: 0.000000 seconds.
Total read time: 439.061831; average read time: 43.906183
Total time: 439.061831, total average time: 43.906183

[2022-12-13T22:21:24] Child[4300]:
Total write time: 0.000000 seconds; average write time: 0.000000 seconds.
Total read time: 439.735257; average read time: 43.973526
Total time: 439.735257, total average time: 43.973526

[2022-12-13T22:21:24] Child[5461]:
Total write time: 0.000000 seconds; average write time: 0.000000 seconds.
Total read time: 433.288625; average read time: 43.328862
Total time: 433.288625, total average time: 43.328862

[2022-12-13T22:21:25] Child[5334]:
Total write time: 0.000000 seconds; average write time: 0.000000 seconds.
Total read time: 436.176594; average read time: 43.617659
Total time: 436.176594, total average time: 43.617659

[2022-12-13T22:21:27] Child[4191]:
Total write time: 237.644658 seconds; average write time: 237.644658 seconds.
Total read time: 204.136471; average read time: 22.681830
Total time: 441.781129, total average time: 44.178113

[2022-12-13T22:21:28] Child[4092]:
Total write time: 0.000000 seconds; average write time: 0.000000 seconds.
Total read time: 445.219004; average read time: 44.521900
Total time: 445.219004, total average time: 44.521900

[2022-12-13T22:21:28] Child[4832]:
Total write time: 0.000000 seconds; average write time: 0.000000 seconds.
Total read time: 446.662326; average read time: 44.666233
Total time: 446.662326, total average time: 44.666233

[2022-12-13T22:21:28] Child[4320]:
Total write time: 0.000000 seconds; average write time: 0.000000 seconds.
Total read time: 444.785921; average read time: 44.478592
Total time: 444.785921, total average time: 44.478592

[2022-12-13T22:21:29] Child[4200]:
Total write time: 0.000000 seconds; average write time: 0.000000 seconds.
Total read time: 447.712434; average read time: 44.771243
Total time: 447.712434, total average time: 44.771243

[2022-12-13T22:21:29] Child[4275]:
Total write time: 0.000000 seconds; average write time: 0.000000 seconds.
Total read time: 447.664014; average read time: 44.766401
Total time: 447.664014, total average time: 44.766401

[2022-12-13T22:21:29] Child[4219]:
Total write time: 158.762611 seconds; average write time: 158.762611 seconds.
Total read time: 288.576808; average read time: 32.064090
Total time: 447.339419, total average time: 44.733942

[2022-12-13T22:21:30] Child[4579]:
Total write time: 225.346391 seconds; average write time: 225.346391 seconds.
Total read time: 221.336132; average read time: 24.592904
Total time: 446.682523, total average time: 44.668252

[2022-12-13T22:21:31] Child[4026]:
Total write time: 0.000000 seconds; average write time: 0.000000 seconds.
Total read time: 447.831882; average read time: 44.783188
Total time: 447.831882, total average time: 44.783188

[2022-12-13T22:21:32] Child[4466]:
Total write time: 87.099709 seconds; average write time: 87.099709 seconds.
Total read time: 359.497193; average read time: 39.944133
Total time: 446.596902, total average time: 44.659690

[2022-12-13T22:21:32] Child[4137]:
Total write time: 0.000000 seconds; average write time: 0.000000 seconds.
Total read time: 448.915971; average read time: 44.891597
Total time: 448.915971, total average time: 44.891597

[2022-12-13T22:21:33] Child[4822]:
Total write time: 0.000000 seconds; average write time: 0.000000 seconds.
Total read time: 449.235716; average read time: 44.923572
Total time: 449.235716, total average time: 44.923572

[2022-12-13T22:21:33] Child[4230]:
Total write time: 0.000000 seconds; average write time: 0.000000 seconds.
Total read time: 452.611097; average read time: 45.261110
Total time: 452.611097, total average time: 45.261110

[2022-12-13T22:21:33] Child[5253]:
Total write time: 0.000000 seconds; average write time: 0.000000 seconds.
Total read time: 450.335409; average read time: 45.033541
Total time: 450.335409, total average time: 45.033541

[2022-12-13T22:21:35] Child[5416]:
Total write time: 0.000000 seconds; average write time: 0.000000 seconds.
Total read time: 453.646758; average read time: 45.364676
Total time: 453.646758, total average time: 45.364676

[2022-12-13T22:21:37] Child[5497]:
Total write time: 0.000000 seconds; average write time: 0.000000 seconds.
Total read time: 450.765423; average read time: 45.076542
Total time: 450.765423, total average time: 45.076542

[2022-12-13T22:21:38] Child[4215]:
Total write time: 156.237841 seconds; average write time: 156.237841 seconds.
Total read time: 294.876913; average read time: 32.764101
Total time: 451.114754, total average time: 45.111475

[2022-12-13T22:21:38] Child[5297]:
Total write time: 0.000000 seconds; average write time: 0.000000 seconds.
Total read time: 455.197858; average read time: 45.519786
Total time: 455.197858, total average time: 45.519786

[2022-12-13T22:21:38] Child[4034]:
Total write time: 121.700511 seconds; average write time: 121.700511 seconds.
Total read time: 335.293048; average read time: 37.254783
Total time: 456.993559, total average time: 45.699356

[2022-12-13T22:21:40] Child[4118]:
Total write time: 0.000000 seconds; average write time: 0.000000 seconds.
Total read time: 457.609339; average read time: 45.760934
Total time: 457.609339, total average time: 45.760934

[2022-12-13T22:21:40] Child[4002]:
Total write time: 0.000000 seconds; average write time: 0.000000 seconds.
Total read time: 455.724920; average read time: 45.572492
Total time: 455.724920, total average time: 45.572492

[2022-12-13T22:21:41] Child[5195]:
Total write time: 0.000000 seconds; average write time: 0.000000 seconds.
Total read time: 455.674258; average read time: 45.567426
Total time: 455.674258, total average time: 45.567426

[2022-12-13T22:21:41] Child[3954]:
Total write time: 0.000000 seconds; average write time: 0.000000 seconds.
Total read time: 456.952177; average read time: 45.695218
Total time: 456.952177, total average time: 45.695218

[2022-12-13T22:21:42] Child[5404]:
Total write time: 214.769771 seconds; average write time: 214.769771 seconds.
Total read time: 241.319925; average read time: 26.813325
Total time: 456.089696, total average time: 45.608970

[2022-12-13T22:21:42] Child[4460]:
Total write time: 0.000000 seconds; average write time: 0.000000 seconds.
Total read time: 457.757030; average read time: 45.775703
Total time: 457.757030, total average time: 45.775703

[2022-12-13T22:21:42] Child[5177]:
Total write time: 0.000000 seconds; average write time: 0.000000 seconds.
Total read time: 456.896813; average read time: 45.689681
Total time: 456.896813, total average time: 45.689681

[2022-12-13T22:21:42] Child[4274]:
Total write time: 0.000000 seconds; average write time: 0.000000 seconds.
Total read time: 459.263772; average read time: 45.926377
Total time: 459.263772, total average time: 45.926377

[2022-12-13T22:21:45] Child[5431]:
Total write time: 19.708196 seconds; average write time: 19.708196 seconds.
Total read time: 441.543371; average read time: 49.060375
Total time: 461.251567, total average time: 46.125157

[2022-12-13T22:21:46] Child[4677]:
Total write time: 0.000000 seconds; average write time: 0.000000 seconds.
Total read time: 459.358945; average read time: 45.935895
Total time: 459.358945, total average time: 45.935895

[2022-12-13T22:21:47] Child[5129]:
Total write time: 0.000000 seconds; average write time: 0.000000 seconds.
Total read time: 463.638960; average read time: 46.363896
Total time: 463.638960, total average time: 46.363896

[2022-12-13T22:21:47] Child[5084]:
Total write time: 11.420572 seconds; average write time: 11.420572 seconds.
Total read time: 450.109733; average read time: 50.012193
Total time: 461.530305, total average time: 46.153030

[2022-12-13T22:21:48] Child[4124]:
Total write time: 0.000000 seconds; average write time: 0.000000 seconds.
Total read time: 465.003953; average read time: 46.500395
Total time: 465.003953, total average time: 46.500395

[2022-12-13T22:21:48] Child[5398]:
Total write time: 0.000000 seconds; average write time: 0.000000 seconds.
Total read time: 461.881246; average read time: 46.188125
Total time: 461.881246, total average time: 46.188125

[2022-12-13T22:21:49] Child[4273]:
Total write time: 0.000000 seconds; average write time: 0.000000 seconds.
Total read time: 464.205642; average read time: 46.420564
Total time: 464.205642, total average time: 46.420564

[2022-12-13T22:21:50] Child[5049]:
Total write time: 0.000000 seconds; average write time: 0.000000 seconds.
Total read time: 464.101435; average read time: 46.410143
Total time: 464.101435, total average time: 46.410143

[2022-12-13T22:21:52] Child[4660]:
Total write time: 0.000000 seconds; average write time: 0.000000 seconds.
Total read time: 465.202492; average read time: 46.520249
Total time: 465.202492, total average time: 46.520249

[2022-12-13T22:21:52] Child[5348]:
Total write time: 0.000000 seconds; average write time: 0.000000 seconds.
Total read time: 463.466097; average read time: 46.346610
Total time: 463.466097, total average time: 46.346610

[2022-12-13T22:21:52] Child[4153]:
Total write time: 204.819839 seconds; average write time: 204.819839 seconds.
Total read time: 260.462937; average read time: 28.940326
Total time: 465.282776, total average time: 46.528278

[2022-12-13T22:21:53] Child[4662]:
Total write time: 18.829699 seconds; average write time: 18.829699 seconds.
Total read time: 448.677591; average read time: 49.853066
Total time: 467.507290, total average time: 46.750729

[2022-12-13T22:21:54] Child[5444]:
Total write time: 0.000000 seconds; average write time: 0.000000 seconds.
Total read time: 468.289331; average read time: 46.828933
Total time: 468.289331, total average time: 46.828933

[2022-12-13T22:21:54] Child[5395]:
Total write time: 0.000000 seconds; average write time: 0.000000 seconds.
Total read time: 468.268621; average read time: 46.826862
Total time: 468.268621, total average time: 46.826862

[2022-12-13T22:21:55] Child[5162]:
Total write time: 0.000000 seconds; average write time: 0.000000 seconds.
Total read time: 468.306549; average read time: 46.830655
Total time: 468.306549, total average time: 46.830655

[2022-12-13T22:21:55] Child[5205]:
Total write time: 337.857487 seconds; average write time: 337.857487 seconds.
Total read time: 131.878928; average read time: 14.653214
Total time: 469.736415, total average time: 46.973641

[2022-12-13T22:21:56] Child[5316]:
Total write time: 0.000000 seconds; average write time: 0.000000 seconds.
Total read time: 468.835946; average read time: 46.883595
Total time: 468.835946, total average time: 46.883595

[2022-12-13T22:21:56] Child[4943]:
Total write time: 0.000000 seconds; average write time: 0.000000 seconds.
Total read time: 469.114942; average read time: 46.911494
Total time: 469.114942, total average time: 46.911494

[2022-12-13T22:21:56] Child[4078]:
Total write time: 0.000000 seconds; average write time: 0.000000 seconds.
Total read time: 471.671225; average read time: 47.167122
Total time: 471.671225, total average time: 47.167122

[2022-12-13T22:21:57] Child[5478]:
Total write time: 0.000000 seconds; average write time: 0.000000 seconds.
Total read time: 470.998780; average read time: 47.099878
Total time: 470.998780, total average time: 47.099878

[2022-12-13T22:21:58] Child[3980]:
Total write time: 0.000000 seconds; average write time: 0.000000 seconds.
Total read time: 471.186458; average read time: 47.118646
Total time: 471.186458, total average time: 47.118646

[2022-12-13T22:21:58] Child[5346]:
Total write time: 0.000000 seconds; average write time: 0.000000 seconds.
Total read time: 474.448657; average read time: 47.444866
Total time: 474.448657, total average time: 47.444866

[2022-12-13T22:21:58] Child[4702]:
Total write time: 0.000000 seconds; average write time: 0.000000 seconds.
Total read time: 476.247196; average read time: 47.624720
Total time: 476.247196, total average time: 47.624720

[2022-12-13T22:21:59] Child[4947]:
Total write time: 0.000000 seconds; average write time: 0.000000 seconds.
Total read time: 474.288692; average read time: 47.428869
Total time: 474.288692, total average time: 47.428869

[2022-12-13T22:22:01] Child[5324]:
Total write time: 0.000000 seconds; average write time: 0.000000 seconds.
Total read time: 476.126535; average read time: 47.612654
Total time: 476.126535, total average time: 47.612654

[2022-12-13T22:22:01] Child[5453]:
Total write time: 69.552386 seconds; average write time: 69.552386 seconds.
Total read time: 402.169527; average read time: 44.685503
Total time: 471.721913, total average time: 47.172191

[2022-12-13T22:22:02] Child[4718]:
Total write time: 0.000000 seconds; average write time: 0.000000 seconds.
Total read time: 473.149267; average read time: 47.314927
Total time: 473.149267, total average time: 47.314927

[2022-12-13T22:22:02] Child[5122]:
Total write time: 50.222416 seconds; average write time: 50.222416 seconds.
Total read time: 424.724098; average read time: 47.191566
Total time: 474.946514, total average time: 47.494651

[2022-12-13T22:22:02] Child[5081]:
Total write time: 0.000000 seconds; average write time: 0.000000 seconds.
Total read time: 474.204565; average read time: 47.420457
Total time: 474.204565, total average time: 47.420457

[2022-12-13T22:22:03] Child[3959]:
Total write time: 0.000000 seconds; average write time: 0.000000 seconds.
Total read time: 476.130232; average read time: 47.613023
Total time: 476.130232, total average time: 47.613023

[2022-12-13T22:22:03] Child[4174]:
Total write time: 0.000000 seconds; average write time: 0.000000 seconds.
Total read time: 481.596391; average read time: 48.159639
Total time: 481.596391, total average time: 48.159639

[2022-12-13T22:22:04] Child[4141]:
Total write time: 0.000000 seconds; average write time: 0.000000 seconds.
Total read time: 479.269712; average read time: 47.926971
Total time: 479.269712, total average time: 47.926971

[2022-12-13T22:22:05] Child[4211]:
Total write time: 95.953925 seconds; average write time: 95.953925 seconds.
Total read time: 383.039311; average read time: 42.559923
Total time: 478.993236, total average time: 47.899324

[2022-12-13T22:22:05] Child[5072]:
Total write time: 0.000000 seconds; average write time: 0.000000 seconds.
Total read time: 480.252556; average read time: 48.025256
Total time: 480.252556, total average time: 48.025256

[2022-12-13T22:22:05] Child[5236]:
Total write time: 0.000000 seconds; average write time: 0.000000 seconds.
Total read time: 481.694857; average read time: 48.169486
Total time: 481.694857, total average time: 48.169486

[2022-12-13T22:22:06] Child[4082]:
Total write time: 0.000000 seconds; average write time: 0.000000 seconds.
Total read time: 482.014789; average read time: 48.201479
Total time: 482.014789, total average time: 48.201479

[2022-12-13T22:22:06] Child[4700]:
Total write time: 0.000000 seconds; average write time: 0.000000 seconds.
Total read time: 485.186439; average read time: 48.518644
Total time: 485.186439, total average time: 48.518644

[2022-12-13T22:22:07] Child[4915]:
Total write time: 0.000000 seconds; average write time: 0.000000 seconds.
Total read time: 482.662835; average read time: 48.266284
Total time: 482.662835, total average time: 48.266284

[2022-12-13T22:22:08] Child[4968]:
Total write time: 135.717714 seconds; average write time: 135.717714 seconds.
Total read time: 345.513021; average read time: 38.390336
Total time: 481.230735, total average time: 48.123073

[2022-12-13T22:22:08] Child[5473]:
Total write time: 0.000000 seconds; average write time: 0.000000 seconds.
Total read time: 480.450060; average read time: 48.045006
Total time: 480.450060, total average time: 48.045006

[2022-12-13T22:22:08] Child[4039]:
Total write time: 0.000000 seconds; average write time: 0.000000 seconds.
Total read time: 482.419201; average read time: 48.241920
Total time: 482.419201, total average time: 48.241920

[2022-12-13T22:22:08] Child[4309]:
Total write time: 0.000000 seconds; average write time: 0.000000 seconds.
Total read time: 483.101924; average read time: 48.310192
Total time: 483.101924, total average time: 48.310192

[2022-12-13T22:22:09] Child[4267]:
Total write time: 59.670286 seconds; average write time: 59.670286 seconds.
Total read time: 428.128078; average read time: 47.569786
Total time: 487.798364, total average time: 48.779836

[2022-12-13T22:22:10] Child[4692]:
Total write time: 0.000000 seconds; average write time: 0.000000 seconds.
Total read time: 484.394537; average read time: 48.439454
Total time: 484.394537, total average time: 48.439454

[2022-12-13T22:22:10] Child[4188]:
Total write time: 0.000000 seconds; average write time: 0.000000 seconds.
Total read time: 490.732154; average read time: 49.073215
Total time: 490.732154, total average time: 49.073215

[2022-12-13T22:22:11] Child[4049]:
Total write time: 296.225856 seconds; average write time: 296.225856 seconds.
Total read time: 191.572973; average read time: 21.285886
Total time: 487.798829, total average time: 48.779883

[2022-12-13T22:22:12] Child[5468]:
Total write time: 187.909345 seconds; average write time: 187.909345 seconds.
Total read time: 298.839171; average read time: 33.204352
Total time: 486.748516, total average time: 48.674852

[2022-12-13T22:22:12] Child[5263]:
Total write time: 0.000000 seconds; average write time: 0.000000 seconds.
Total read time: 488.532102; average read time: 48.853210
Total time: 488.532102, total average time: 48.853210

[2022-12-13T22:22:12] Child[5341]:
Total write time: 0.000000 seconds; average write time: 0.000000 seconds.
Total read time: 485.926272; average read time: 48.592627
Total time: 485.926272, total average time: 48.592627

[2022-12-13T22:22:13] Child[4664]:
Total write time: 0.000000 seconds; average write time: 0.000000 seconds.
Total read time: 484.881546; average read time: 48.488155
Total time: 484.881546, total average time: 48.488155

[2022-12-13T22:22:13] Child[4280]:
Total write time: 169.409925 seconds; average write time: 169.409925 seconds.
Total read time: 321.274047; average read time: 35.697116
Total time: 490.683972, total average time: 49.068397

[2022-12-13T22:22:13] Child[4127]:
Total write time: 31.143575 seconds; average write time: 31.143575 seconds.
Total read time: 457.588446; average read time: 50.843161
Total time: 488.732021, total average time: 48.873202

[2022-12-13T22:22:15] Child[4318]:
Total write time: 0.000000 seconds; average write time: 0.000000 seconds.
Total read time: 486.754016; average read time: 48.675402
Total time: 486.754016, total average time: 48.675402

[2022-12-13T22:22:16] Child[3992]:
Total write time: 0.000000 seconds; average write time: 0.000000 seconds.
Total read time: 496.231958; average read time: 49.623196
Total time: 496.231958, total average time: 49.623196

[2022-12-13T22:22:17] Child[4890]:
Total write time: 0.000000 seconds; average write time: 0.000000 seconds.
Total read time: 490.708054; average read time: 49.070805
Total time: 490.708054, total average time: 49.070805

[2022-12-13T22:22:18] Child[4958]:
Total write time: 0.000000 seconds; average write time: 0.000000 seconds.
Total read time: 493.037213; average read time: 49.303721
Total time: 493.037213, total average time: 49.303721

[2022-12-13T22:22:18] Child[5282]:
Total write time: 314.680881 seconds; average write time: 314.680881 seconds.
Total read time: 177.777206; average read time: 19.753023
Total time: 492.458087, total average time: 49.245809

[2022-12-13T22:22:19] Child[5116]:
Total write time: 7.644300 seconds; average write time: 7.644300 seconds.
Total read time: 482.537922; average read time: 53.615325
Total time: 490.182222, total average time: 49.018222

[2022-12-13T22:22:21] Child[5132]:
Total write time: 0.000000 seconds; average write time: 0.000000 seconds.
Total read time: 497.890464; average read time: 49.789046
Total time: 497.890464, total average time: 49.789046

[2022-12-13T22:22:22] Child[4111]:
Total write time: 198.772579 seconds; average write time: 198.772579 seconds.
Total read time: 294.370616; average read time: 32.707846
Total time: 493.143195, total average time: 49.314320

[2022-12-13T22:22:22] Child[4010]:
Total write time: 163.631139 seconds; average write time: 163.631139 seconds.
Total read time: 333.779088; average read time: 37.086565
Total time: 497.410227, total average time: 49.741023

[2022-12-13T22:22:23] Child[4110]:
Total write time: 73.772994 seconds; average write time: 73.772994 seconds.
Total read time: 424.810265; average read time: 47.201141
Total time: 498.583259, total average time: 49.858326

[2022-12-13T22:22:26] Child[3953]:
Total write time: 172.560023 seconds; average write time: 172.560023 seconds.
Total read time: 331.646633; average read time: 36.849626
Total time: 504.206656, total average time: 50.420666

[2022-12-13T22:22:27] Child[5438]:
Total write time: 0.000000 seconds; average write time: 0.000000 seconds.
Total read time: 504.369643; average read time: 50.436964
Total time: 504.369643, total average time: 50.436964

[2022-12-13T22:22:27] Child[4197]:
Total write time: 340.278456 seconds; average write time: 170.139228 seconds.
Total read time: 163.832931; average read time: 20.479116
Total time: 504.111387, total average time: 50.411139

[2022-12-13T22:22:28] Child[4112]:
Total write time: 0.000000 seconds; average write time: 0.000000 seconds.
Total read time: 504.336728; average read time: 50.433673
Total time: 504.336728, total average time: 50.433673

[2022-12-13T22:22:28] Child[4129]:
Total write time: 81.174188 seconds; average write time: 81.174188 seconds.
Total read time: 422.587053; average read time: 46.954117
Total time: 503.761241, total average time: 50.376124

[2022-12-13T22:22:29] Child[4946]:
Total write time: 157.325437 seconds; average write time: 157.325437 seconds.
Total read time: 349.788413; average read time: 38.865379
Total time: 507.113850, total average time: 50.711385

[2022-12-13T22:22:30] Child[5475]:
Total write time: 244.231353 seconds; average write time: 81.410451 seconds.
Total read time: 257.339789; average read time: 36.762827
Total time: 501.571142, total average time: 50.157114

[2022-12-13T22:22:30] Child[4954]:
Total write time: 0.000000 seconds; average write time: 0.000000 seconds.
Total read time: 501.831492; average read time: 50.183149
Total time: 501.831492, total average time: 50.183149

[2022-12-13T22:22:33] Child[4875]:
Total write time: 0.000000 seconds; average write time: 0.000000 seconds.
Total read time: 506.608192; average read time: 50.660819
Total time: 506.608192, total average time: 50.660819

[2022-12-13T22:22:33] Child[5201]:
Total write time: 0.000000 seconds; average write time: 0.000000 seconds.
Total read time: 507.645508; average read time: 50.764551
Total time: 507.645508, total average time: 50.764551

[2022-12-13T22:22:33] Child[4326]:
Total write time: 0.000000 seconds; average write time: 0.000000 seconds.
Total read time: 510.824046; average read time: 51.082405
Total time: 510.824046, total average time: 51.082405

[2022-12-13T22:22:34] Child[5293]:
Total write time: 0.000000 seconds; average write time: 0.000000 seconds.
Total read time: 509.870181; average read time: 50.987018
Total time: 509.870181, total average time: 50.987018

[2022-12-13T22:22:34] Child[4527]:
Total write time: 282.068466 seconds; average write time: 282.068466 seconds.
Total read time: 230.091545; average read time: 25.565727
Total time: 512.160011, total average time: 51.216001

[2022-12-13T22:22:35] Child[4315]:
Total write time: 0.000000 seconds; average write time: 0.000000 seconds.
Total read time: 512.032257; average read time: 51.203226
Total time: 512.032257, total average time: 51.203226

[2022-12-13T22:22:36] Child[4681]:
Total write time: 101.024118 seconds; average write time: 101.024118 seconds.
Total read time: 409.571608; average read time: 45.507956
Total time: 510.595726, total average time: 51.059573

[2022-12-13T22:22:37] Child[5051]:
Total write time: 0.000000 seconds; average write time: 0.000000 seconds.
Total read time: 513.409665; average read time: 51.340967
Total time: 513.409665, total average time: 51.340967

[2022-12-13T22:22:37] Child[5033]:
Total write time: 11.834814 seconds; average write time: 11.834814 seconds.
Total read time: 500.227853; average read time: 55.580873
Total time: 512.062667, total average time: 51.206267

[2022-12-13T22:22:37] Child[5336]:
Total write time: 0.000000 seconds; average write time: 0.000000 seconds.
Total read time: 512.227651; average read time: 51.222765
Total time: 512.227651, total average time: 51.222765

[2022-12-13T22:22:37] Child[4212]:
Total write time: 212.560989 seconds; average write time: 212.560989 seconds.
Total read time: 300.053767; average read time: 33.339307
Total time: 512.614756, total average time: 51.261476

[2022-12-13T22:22:37] Child[4369]:
Total write time: 0.000000 seconds; average write time: 0.000000 seconds.
Total read time: 511.660935; average read time: 51.166094
Total time: 511.660935, total average time: 51.166094

[2022-12-13T22:22:38] Child[5080]:
Total write time: 368.088633 seconds; average write time: 184.044317 seconds.
Total read time: 143.379666; average read time: 17.922458
Total time: 511.468299, total average time: 51.146830

[2022-12-13T22:22:38] Child[4055]:
Total write time: 408.070376 seconds; average write time: 204.035188 seconds.
Total read time: 103.530610; average read time: 12.941326
Total time: 511.600986, total average time: 51.160099

[2022-12-13T22:22:38] Child[5074]:
Total write time: 24.255835 seconds; average write time: 24.255835 seconds.
Total read time: 485.980048; average read time: 53.997783
Total time: 510.235883, total average time: 51.023588

[2022-12-13T22:22:38] Child[3990]:
Total write time: 192.148994 seconds; average write time: 192.148994 seconds.
Total read time: 321.262614; average read time: 35.695846
Total time: 513.411608, total average time: 51.341161

[2022-12-13T22:22:39] Child[5455]:
Total write time: 150.305055 seconds; average write time: 150.305055 seconds.
Total read time: 364.764021; average read time: 40.529336
Total time: 515.069076, total average time: 51.506908

[2022-12-13T22:22:41] Child[5427]:
Total write time: 131.300989 seconds; average write time: 65.650494 seconds.
Total read time: 385.184885; average read time: 48.148111
Total time: 516.485874, total average time: 51.648587

[2022-12-13T22:22:41] Child[4161]:
Total write time: 106.738001 seconds; average write time: 106.738001 seconds.
Total read time: 409.559997; average read time: 45.506666
Total time: 516.297998, total average time: 51.629800

[2022-12-13T22:22:41] Child[4426]:
Total write time: 0.000000 seconds; average write time: 0.000000 seconds.
Total read time: 517.398270; average read time: 51.739827
Total time: 517.398270, total average time: 51.739827

[2022-12-13T22:22:41] Child[5255]:
Total write time: 110.038358 seconds; average write time: 110.038358 seconds.
Total read time: 405.629354; average read time: 45.069928
Total time: 515.667712, total average time: 51.566771

[2022-12-13T22:22:42] Child[5280]:
Total write time: 119.383242 seconds; average write time: 59.691621 seconds.
Total read time: 399.811169; average read time: 49.976396
Total time: 519.194411, total average time: 51.919441

[2022-12-13T22:22:42] Child[4439]:
Total write time: 0.000000 seconds; average write time: 0.000000 seconds.
Total read time: 515.453067; average read time: 51.545307
Total time: 515.453067, total average time: 51.545307

[2022-12-13T22:22:42] Child[5298]:
Total write time: 0.000000 seconds; average write time: 0.000000 seconds.
Total read time: 518.447759; average read time: 51.844776
Total time: 518.447759, total average time: 51.844776

[2022-12-13T22:22:43] Child[5278]:
Total write time: 0.000000 seconds; average write time: 0.000000 seconds.
Total read time: 517.613994; average read time: 51.761399
Total time: 517.613994, total average time: 51.761399

[2022-12-13T22:22:44] Child[5323]:
Total write time: 65.515136 seconds; average write time: 65.515136 seconds.
Total read time: 454.514493; average read time: 50.501610
Total time: 520.029629, total average time: 52.002963

[2022-12-13T22:22:44] Child[4732]:
Total write time: 0.000000 seconds; average write time: 0.000000 seconds.
Total read time: 514.755418; average read time: 51.475542
Total time: 514.755418, total average time: 51.475542

[2022-12-13T22:22:44] Child[4623]:
Total write time: 406.725615 seconds; average write time: 406.725615 seconds.
Total read time: 115.106647; average read time: 12.789627
Total time: 521.832262, total average time: 52.183226

[2022-12-13T22:22:46] Child[4264]:
Total write time: 0.000000 seconds; average write time: 0.000000 seconds.
Total read time: 521.262810; average read time: 52.126281
Total time: 521.262810, total average time: 52.126281

[2022-12-13T22:22:46] Child[4081]:
Total write time: 224.525322 seconds; average write time: 224.525322 seconds.
Total read time: 296.140114; average read time: 32.904457
Total time: 520.665436, total average time: 52.066544

[2022-12-13T22:22:46] Child[5186]:
Total write time: 0.000000 seconds; average write time: 0.000000 seconds.
Total read time: 522.236175; average read time: 52.223618
Total time: 522.236175, total average time: 52.223618

[2022-12-13T22:22:47] Child[4162]:
Total write time: 354.753939 seconds; average write time: 354.753939 seconds.
Total read time: 167.465606; average read time: 18.607290
Total time: 522.219545, total average time: 52.221955

[2022-12-13T22:22:47] Child[4131]:
Total write time: 165.431274 seconds; average write time: 165.431274 seconds.
Total read time: 356.833532; average read time: 39.648170
Total time: 522.264806, total average time: 52.226481

[2022-12-13T22:22:49] Child[4047]:
Total write time: 280.787540 seconds; average write time: 140.393770 seconds.
Total read time: 245.811904; average read time: 30.726488
Total time: 526.599444, total average time: 52.659944

[2022-12-13T22:22:49] Child[4236]:
Total write time: 0.000000 seconds; average write time: 0.000000 seconds.
Total read time: 519.244700; average read time: 51.924470
Total time: 519.244700, total average time: 51.924470

[2022-12-13T22:22:50] Child[3945]:
Total write time: 19.539930 seconds; average write time: 19.539930 seconds.
Total read time: 506.300083; average read time: 56.255565
Total time: 525.840013, total average time: 52.584001

[2022-12-13T22:22:51] Child[5392]:
Total write time: 315.355826 seconds; average write time: 315.355826 seconds.
Total read time: 208.484642; average read time: 23.164960
Total time: 523.840468, total average time: 52.384047

[2022-12-13T22:22:51] Child[5376]:
Total write time: 0.000000 seconds; average write time: 0.000000 seconds.
Total read time: 526.628599; average read time: 52.662860
Total time: 526.628599, total average time: 52.662860

[2022-12-13T22:22:52] Child[5152]:
Total write time: 218.356550 seconds; average write time: 218.356550 seconds.
Total read time: 311.901061; average read time: 34.655673
Total time: 530.257611, total average time: 53.025761

[2022-12-13T22:22:52] Child[4672]:
Total write time: 174.652788 seconds; average write time: 174.652788 seconds.
Total read time: 352.571680; average read time: 39.174631
Total time: 527.224468, total average time: 52.722447

[2022-12-13T22:22:52] Child[5054]:
Total write time: 0.000000 seconds; average write time: 0.000000 seconds.
Total read time: 529.608349; average read time: 52.960835
Total time: 529.608349, total average time: 52.960835

[2022-12-13T22:22:53] Child[4360]:
Total write time: 0.000000 seconds; average write time: 0.000000 seconds.
Total read time: 526.042152; average read time: 52.604215
Total time: 526.042152, total average time: 52.604215

[2022-12-13T22:22:54] Child[4031]:
Total write time: 216.582532 seconds; average write time: 216.582532 seconds.
Total read time: 316.596394; average read time: 35.177377
Total time: 533.178926, total average time: 53.317893

[2022-12-13T22:22:54] Child[4391]:
Total write time: 85.036555 seconds; average write time: 85.036555 seconds.
Total read time: 448.333052; average read time: 49.814784
Total time: 533.369607, total average time: 53.336961

[2022-12-13T22:22:54] Child[5275]:
Total write time: 135.113260 seconds; average write time: 135.113260 seconds.
Total read time: 391.707271; average read time: 43.523030
Total time: 526.820531, total average time: 52.682053

[2022-12-13T22:22:55] Child[4056]:
Total write time: 388.407867 seconds; average write time: 388.407867 seconds.
Total read time: 139.735269; average read time: 15.526141
Total time: 528.143136, total average time: 52.814314

[2022-12-13T22:22:55] Child[5469]:
Total write time: 86.738629 seconds; average write time: 86.738629 seconds.
Total read time: 447.844825; average read time: 49.760536
Total time: 534.583454, total average time: 53.458345

[2022-12-13T22:22:56] Child[4270]:
Total write time: 381.202701 seconds; average write time: 381.202701 seconds.
Total read time: 149.441013; average read time: 16.604557
Total time: 530.643714, total average time: 53.064371

[2022-12-13T22:22:57] Child[5183]:
Total write time: 375.961211 seconds; average write time: 187.980605 seconds.
Total read time: 159.313120; average read time: 19.914140
Total time: 535.274331, total average time: 53.527433

[2022-12-13T22:22:57] Child[4209]:
Total write time: 268.428876 seconds; average write time: 134.214438 seconds.
Total read time: 265.842423; average read time: 33.230303
Total time: 534.271299, total average time: 53.427130

[2022-12-13T22:22:58] Child[4307]:
Total write time: 102.772255 seconds; average write time: 102.772255 seconds.
Total read time: 429.777330; average read time: 47.753037
Total time: 532.549585, total average time: 53.254959

[2022-12-13T22:22:58] Child[5235]:
Total write time: 0.000000 seconds; average write time: 0.000000 seconds.
Total read time: 531.842023; average read time: 53.184202
Total time: 531.842023, total average time: 53.184202

[2022-12-13T22:22:58] Child[4119]:
Total write time: 100.478292 seconds; average write time: 100.478292 seconds.
Total read time: 433.288835; average read time: 48.143204
Total time: 533.767127, total average time: 53.376713

[2022-12-13T22:22:58] Child[5096]:
Total write time: 352.818573 seconds; average write time: 176.409287 seconds.
Total read time: 184.594153; average read time: 23.074269
Total time: 537.412726, total average time: 53.741273

[2022-12-13T22:22:59] Child[4441]:
Total write time: 0.000000 seconds; average write time: 0.000000 seconds.
Total read time: 535.475415; average read time: 53.547542
Total time: 535.475415, total average time: 53.547542

[2022-12-13T22:23:00] Child[4949]:
Total write time: 338.828712 seconds; average write time: 338.828712 seconds.
Total read time: 197.385210; average read time: 21.931690
Total time: 536.213922, total average time: 53.621392

[2022-12-13T22:23:00] Child[4048]:
Total write time: 0.000000 seconds; average write time: 0.000000 seconds.
Total read time: 536.863320; average read time: 53.686332
Total time: 536.863320, total average time: 53.686332

[2022-12-13T22:23:00] Child[5362]:
Total write time: 48.803965 seconds; average write time: 48.803965 seconds.
Total read time: 485.508209; average read time: 53.945357
Total time: 534.312174, total average time: 53.431217

[2022-12-13T22:23:00] Child[4148]:
Total write time: 431.543683 seconds; average write time: 215.771841 seconds.
Total read time: 105.238389; average read time: 13.154799
Total time: 536.782072, total average time: 53.678207

[2022-12-13T22:23:01] Child[3973]:
Total write time: 0.000000 seconds; average write time: 0.000000 seconds.
Total read time: 537.150231; average read time: 53.715023
Total time: 537.150231, total average time: 53.715023

[2022-12-13T22:23:02] Child[4636]:
Total write time: 0.000000 seconds; average write time: 0.000000 seconds.
Total read time: 536.372288; average read time: 53.637229
Total time: 536.372288, total average time: 53.637229

[2022-12-13T22:23:02] Child[4102]:
Total write time: 219.985372 seconds; average write time: 219.985372 seconds.
Total read time: 316.021545; average read time: 35.113505
Total time: 536.006917, total average time: 53.600692

[2022-12-13T22:23:02] Child[4604]:
Total write time: 316.887674 seconds; average write time: 158.443837 seconds.
Total read time: 221.887464; average read time: 27.735933
Total time: 538.775138, total average time: 53.877514

[2022-12-13T22:23:02] Child[5196]:
Total write time: 0.000000 seconds; average write time: 0.000000 seconds.
Total read time: 538.765654; average read time: 53.876565
Total time: 538.765654, total average time: 53.876565

[2022-12-13T22:23:03] Child[4035]:
Total write time: 217.454458 seconds; average write time: 217.454458 seconds.
Total read time: 321.818034; average read time: 35.757559
Total time: 539.272492, total average time: 53.927249

[2022-12-13T22:23:03] Child[5387]:
Total write time: 241.155480 seconds; average write time: 241.155480 seconds.
Total read time: 297.403880; average read time: 33.044876
Total time: 538.559360, total average time: 53.855936

[2022-12-13T22:23:04] Child[4989]:
Total write time: 53.225829 seconds; average write time: 26.612914 seconds.
Total read time: 487.899870; average read time: 60.987484
Total time: 541.125699, total average time: 54.112570

[2022-12-13T22:23:04] Child[4843]:
Total write time: 0.000000 seconds; average write time: 0.000000 seconds.
Total read time: 539.089264; average read time: 53.908926
Total time: 539.089264, total average time: 53.908926

[2022-12-13T22:23:05] Child[4334]:
Total write time: 65.476773 seconds; average write time: 32.738386 seconds.
Total read time: 473.868328; average read time: 59.233541
Total time: 539.345101, total average time: 53.934510

[2022-12-13T22:23:05] Child[5035]:
Total write time: 286.486878 seconds; average write time: 286.486878 seconds.
Total read time: 254.482503; average read time: 28.275834
Total time: 540.969381, total average time: 54.096938

[2022-12-13T22:23:06] Child[5484]:
Total write time: 247.902920 seconds; average write time: 247.902920 seconds.
Total read time: 295.505970; average read time: 32.833997
Total time: 543.408890, total average time: 54.340889

[2022-12-13T22:23:06] Child[4227]:
Total write time: 240.401962 seconds; average write time: 120.200981 seconds.
Total read time: 300.554894; average read time: 37.569362
Total time: 540.956856, total average time: 54.095686

[2022-12-13T22:23:06] Child[4021]:
Total write time: 0.000000 seconds; average write time: 0.000000 seconds.
Total read time: 544.307287; average read time: 54.430729
Total time: 544.307287, total average time: 54.430729

[2022-12-13T22:23:08] Child[4061]:
Total write time: 0.000000 seconds; average write time: 0.000000 seconds.
Total read time: 546.413534; average read time: 54.641353
Total time: 546.413534, total average time: 54.641353

[2022-12-13T22:23:08] Child[4529]:
Total write time: 176.444367 seconds; average write time: 176.444367 seconds.
Total read time: 365.743697; average read time: 40.638189
Total time: 542.188064, total average time: 54.218806

[2022-12-13T22:23:10] Child[5477]:
Total write time: 89.084295 seconds; average write time: 89.084295 seconds.
Total read time: 457.476652; average read time: 50.830739
Total time: 546.560947, total average time: 54.656095

[2022-12-13T22:23:10] Child[4073]:
Total write time: 0.000000 seconds; average write time: 0.000000 seconds.
Total read time: 542.747467; average read time: 54.274747
Total time: 542.747467, total average time: 54.274747

[2022-12-13T22:23:10] Child[4024]:
Total write time: 82.850077 seconds; average write time: 82.850077 seconds.
Total read time: 459.086881; average read time: 51.009653
Total time: 541.936958, total average time: 54.193696

[2022-12-13T22:23:11] Child[4453]:
Total write time: 187.376174 seconds; average write time: 187.376174 seconds.
Total read time: 355.337995; average read time: 39.481999
Total time: 542.714169, total average time: 54.271417

[2022-12-13T22:23:11] Child[4530]:
Total write time: 0.000000 seconds; average write time: 0.000000 seconds.
Total read time: 547.696705; average read time: 54.769670
Total time: 547.696705, total average time: 54.769670

[2022-12-13T22:23:12] Child[5207]:
Total write time: 255.133400 seconds; average write time: 255.133400 seconds.
Total read time: 290.787642; average read time: 32.309738
Total time: 545.921042, total average time: 54.592104

[2022-12-13T22:23:12] Child[5023]:
Total write time: 333.630500 seconds; average write time: 333.630500 seconds.
Total read time: 207.562010; average read time: 23.062446
Total time: 541.192510, total average time: 54.119251

[2022-12-13T22:23:12] Child[4147]:
Total write time: 61.371709 seconds; average write time: 61.371709 seconds.
Total read time: 486.631404; average read time: 54.070156
Total time: 548.003113, total average time: 54.800311

[2022-12-13T22:23:12] Child[4744]:
Total write time: 425.698730 seconds; average write time: 425.698730 seconds.
Total read time: 123.574798; average read time: 13.730533
Total time: 549.273528, total average time: 54.927353

[2022-12-13T22:23:12] Child[4163]:
Total write time: 246.964926 seconds; average write time: 246.964926 seconds.
Total read time: 296.535762; average read time: 32.948418
Total time: 543.500688, total average time: 54.350069

[2022-12-13T22:23:13] Child[5238]:
Total write time: 0.000000 seconds; average write time: 0.000000 seconds.
Total read time: 548.489694; average read time: 54.848969
Total time: 548.489694, total average time: 54.848969

[2022-12-13T22:23:14] Child[4611]:
Total write time: 18.775410 seconds; average write time: 18.775410 seconds.
Total read time: 532.102693; average read time: 59.122521
Total time: 550.878103, total average time: 55.087810

[2022-12-13T22:23:15] Child[5088]:
Total write time: 229.579521 seconds; average write time: 114.789760 seconds.
Total read time: 322.024388; average read time: 40.253048
Total time: 551.603909, total average time: 55.160391

[2022-12-13T22:23:15] Child[5437]:
Total write time: 319.283301 seconds; average write time: 319.283301 seconds.
Total read time: 230.882687; average read time: 25.653632
Total time: 550.165988, total average time: 55.016599

[2022-12-13T22:23:15] Child[5281]:
Total write time: 0.000000 seconds; average write time: 0.000000 seconds.
Total read time: 549.805979; average read time: 54.980598
Total time: 549.805979, total average time: 54.980598

[2022-12-13T22:23:16] Child[5432]:
Total write time: 233.895043 seconds; average write time: 233.895043 seconds.
Total read time: 317.469962; average read time: 35.274440
Total time: 551.365005, total average time: 55.136500

[2022-12-13T22:23:17] Child[5443]:
Total write time: 327.057086 seconds; average write time: 327.057086 seconds.
Total read time: 223.065420; average read time: 24.785047
Total time: 550.122506, total average time: 55.012251

[2022-12-13T22:23:18] Child[3984]:
Total write time: 356.784261 seconds; average write time: 356.784261 seconds.
Total read time: 196.532095; average read time: 21.836899
Total time: 553.316356, total average time: 55.331636

[2022-12-13T22:23:19] Child[3971]:
Total write time: 439.321144 seconds; average write time: 439.321144 seconds.
Total read time: 117.717518; average read time: 13.079724
Total time: 557.038662, total average time: 55.703866

[2022-12-13T22:23:19] Child[4433]:
Total write time: 0.000000 seconds; average write time: 0.000000 seconds.
Total read time: 558.074184; average read time: 55.807418
Total time: 558.074184, total average time: 55.807418

[2022-12-13T22:23:19] Child[5203]:
Total write time: 215.818570 seconds; average write time: 215.818570 seconds.
Total read time: 337.679087; average read time: 37.519899
Total time: 553.497657, total average time: 55.349766

[2022-12-13T22:23:19] Child[5340]:
Total write time: 126.970020 seconds; average write time: 126.970020 seconds.
Total read time: 427.943603; average read time: 47.549289
Total time: 554.913623, total average time: 55.491362

[2022-12-13T22:23:19] Child[5408]:
Total write time: 58.396481 seconds; average write time: 58.396481 seconds.
Total read time: 498.469335; average read time: 55.385482
Total time: 556.865816, total average time: 55.686582

[2022-12-13T22:23:20] Child[4863]:
Total write time: 0.000000 seconds; average write time: 0.000000 seconds.
Total read time: 557.163110; average read time: 55.716311
Total time: 557.163110, total average time: 55.716311

[2022-12-13T22:23:21] Child[5440]:
Total write time: 0.000000 seconds; average write time: 0.000000 seconds.
Total read time: 551.599854; average read time: 55.159985
Total time: 551.599854, total average time: 55.159985

[2022-12-13T22:23:22] Child[5436]:
Total write time: 373.210494 seconds; average write time: 124.403498 seconds.
Total read time: 184.826425; average read time: 26.403775
Total time: 558.036919, total average time: 55.803692

[2022-12-13T22:23:22] Child[4986]:
Total write time: 104.943425 seconds; average write time: 104.943425 seconds.
Total read time: 455.350636; average read time: 50.594515
Total time: 560.294061, total average time: 56.029406

[2022-12-13T22:23:23] Child[4089]:
Total write time: 235.799899 seconds; average write time: 235.799899 seconds.
Total read time: 326.642947; average read time: 36.293661
Total time: 562.442846, total average time: 56.244285

[2022-12-13T22:23:23] Child[5010]:
Total write time: 260.042026 seconds; average write time: 260.042026 seconds.
Total read time: 298.991116; average read time: 33.221235
Total time: 559.033142, total average time: 55.903314

[2022-12-13T22:23:24] Child[5384]:
Total write time: 48.899334 seconds; average write time: 48.899334 seconds.
Total read time: 511.919202; average read time: 56.879911
Total time: 560.818536, total average time: 56.081854

[2022-12-13T22:23:24] Child[4366]:
Total write time: 0.000000 seconds; average write time: 0.000000 seconds.
Total read time: 559.607362; average read time: 55.960736
Total time: 559.607362, total average time: 55.960736

[2022-12-13T22:23:25] Child[4538]:
Total write time: 487.952552 seconds; average write time: 487.952552 seconds.
Total read time: 70.866740; average read time: 7.874082
Total time: 558.819292, total average time: 55.881929

[2022-12-13T22:23:25] Child[4535]:
Total write time: 0.000000 seconds; average write time: 0.000000 seconds.
Total read time: 558.785023; average read time: 55.878502
Total time: 558.785023, total average time: 55.878502

[2022-12-13T22:23:26] Child[4094]:
Total write time: 0.000000 seconds; average write time: 0.000000 seconds.
Total read time: 562.006399; average read time: 56.200640
Total time: 562.006399, total average time: 56.200640

[2022-12-13T22:23:26] Child[5262]:
Total write time: 167.006226 seconds; average write time: 167.006226 seconds.
Total read time: 396.737724; average read time: 44.081969
Total time: 563.743950, total average time: 56.374395

[2022-12-13T22:23:26] Child[4128]:
Total write time: 385.763203 seconds; average write time: 385.763203 seconds.
Total read time: 177.008137; average read time: 19.667571
Total time: 562.771340, total average time: 56.277134

[2022-12-13T22:23:26] Child[4240]:
Total write time: 429.140321 seconds; average write time: 214.570160 seconds.
Total read time: 133.771954; average read time: 16.721494
Total time: 562.912275, total average time: 56.291227

[2022-12-13T22:23:26] Child[4251]:
Total write time: 373.170468 seconds; average write time: 373.170468 seconds.
Total read time: 192.093395; average read time: 21.343711
Total time: 565.263863, total average time: 56.526386

[2022-12-13T22:23:27] Child[5335]:
Total write time: 460.727079 seconds; average write time: 230.363540 seconds.
Total read time: 103.414097; average read time: 12.926762
Total time: 564.141176, total average time: 56.414118

[2022-12-13T22:23:27] Child[4130]:
Total write time: 86.104609 seconds; average write time: 86.104609 seconds.
Total read time: 474.106743; average read time: 52.678527
Total time: 560.211352, total average time: 56.021135

[2022-12-13T22:23:27] Child[4247]:
Total write time: 42.803796 seconds; average write time: 42.803796 seconds.
Total read time: 515.541060; average read time: 57.282340
Total time: 558.344856, total average time: 55.834486

[2022-12-13T22:23:27] Child[4576]:
Total write time: 86.291230 seconds; average write time: 86.291230 seconds.
Total read time: 479.167939; average read time: 53.240882
Total time: 565.459169, total average time: 56.545917

[2022-12-13T22:23:27] Child[5424]:
Total write time: 0.000000 seconds; average write time: 0.000000 seconds.
Total read time: 563.822254; average read time: 56.382225
Total time: 563.822254, total average time: 56.382225

[2022-12-13T22:23:27] Child[4189]:
Total write time: 352.130018 seconds; average write time: 352.130018 seconds.
Total read time: 209.558783; average read time: 23.284309
Total time: 561.688801, total average time: 56.168880

[2022-12-13T22:23:28] Child[5180]:
Total write time: 445.708766 seconds; average write time: 148.569589 seconds.
Total read time: 118.529273; average read time: 16.932753
Total time: 564.238039, total average time: 56.423804

[2022-12-13T22:23:28] Child[4032]:
Total write time: 217.472639 seconds; average write time: 108.736319 seconds.
Total read time: 343.411070; average read time: 42.926384
Total time: 560.883709, total average time: 56.088371

[2022-12-13T22:23:28] Child[4323]:
Total write time: 329.100598 seconds; average write time: 164.550299 seconds.
Total read time: 235.776301; average read time: 29.472038
Total time: 564.876899, total average time: 56.487690

[2022-12-13T22:23:28] Child[5372]:
Total write time: 0.000000 seconds; average write time: 0.000000 seconds.
Total read time: 560.313554; average read time: 56.031355
Total time: 560.313554, total average time: 56.031355

[2022-12-13T22:23:29] Child[3972]:
Total write time: 119.520432 seconds; average write time: 119.520432 seconds.
Total read time: 443.101659; average read time: 49.233518
Total time: 562.622091, total average time: 56.262209

[2022-12-13T22:23:30] Child[4674]:
Total write time: 188.198783 seconds; average write time: 188.198783 seconds.
Total read time: 375.945496; average read time: 41.771722
Total time: 564.144279, total average time: 56.414428

[2022-12-13T22:23:31] Child[4177]:
Total write time: 341.361058 seconds; average write time: 341.361058 seconds.
Total read time: 227.282893; average read time: 25.253655
Total time: 568.643951, total average time: 56.864395

[2022-12-13T22:23:31] Child[4601]:
Total write time: 244.828996 seconds; average write time: 122.414498 seconds.
Total read time: 322.020037; average read time: 40.252505
Total time: 566.849033, total average time: 56.684903

[2022-12-13T22:23:32] Child[4038]:
Total write time: 317.033986 seconds; average write time: 317.033986 seconds.
Total read time: 250.199793; average read time: 27.799977
Total time: 567.233779, total average time: 56.723378

[2022-12-13T22:23:32] Child[4185]:
Total write time: 387.532764 seconds; average write time: 387.532764 seconds.
Total read time: 180.143893; average read time: 20.015988
Total time: 567.676657, total average time: 56.767666

[2022-12-13T22:23:32] Child[4512]:
Total write time: 0.000000 seconds; average write time: 0.000000 seconds.
Total read time: 568.387541; average read time: 56.838754
Total time: 568.387541, total average time: 56.838754

[2022-12-13T22:23:32] Child[4214]:
Total write time: 392.303935 seconds; average write time: 392.303935 seconds.
Total read time: 177.598644; average read time: 19.733183
Total time: 569.902579, total average time: 56.990258

[2022-12-13T22:23:32] Child[4006]:
Total write time: 315.127718 seconds; average write time: 315.127718 seconds.
Total read time: 251.895389; average read time: 27.988377
Total time: 567.023107, total average time: 56.702311

[2022-12-13T22:23:33] Child[4108]:
Total write time: 232.384161 seconds; average write time: 232.384161 seconds.
Total read time: 336.020689; average read time: 37.335632
Total time: 568.404850, total average time: 56.840485

[2022-12-13T22:23:33] Child[5462]:
Total write time: 415.256416 seconds; average write time: 207.628208 seconds.
Total read time: 152.499241; average read time: 19.062405
Total time: 567.755657, total average time: 56.775566

[2022-12-13T22:23:34] Child[5125]:
Total write time: 473.340581 seconds; average write time: 473.340581 seconds.
Total read time: 95.883097; average read time: 10.653677
Total time: 569.223678, total average time: 56.922368

[2022-12-13T22:23:34] Child[5059]:
Total write time: 36.706573 seconds; average write time: 36.706573 seconds.
Total read time: 535.443214; average read time: 59.493690
Total time: 572.149787, total average time: 57.214979

[2022-12-13T22:23:34] Child[5154]:
Total write time: 208.348711 seconds; average write time: 208.348711 seconds.
Total read time: 361.515725; average read time: 40.168414
Total time: 569.864436, total average time: 56.986444

[2022-12-13T22:23:35] Child[4097]:
Total write time: 225.647765 seconds; average write time: 225.647765 seconds.
Total read time: 343.245180; average read time: 38.138353
Total time: 568.892945, total average time: 56.889294

[2022-12-13T22:23:35] Child[5244]:
Total write time: 264.720144 seconds; average write time: 264.720144 seconds.
Total read time: 308.702178; average read time: 34.300242
Total time: 573.422322, total average time: 57.342232

[2022-12-13T22:23:35] Child[4755]:
Total write time: 0.000000 seconds; average write time: 0.000000 seconds.
Total read time: 570.276833; average read time: 57.027683
Total time: 570.276833, total average time: 57.027683

[2022-12-13T22:23:36] Child[4521]:
Total write time: 0.000000 seconds; average write time: 0.000000 seconds.
Total read time: 571.291775; average read time: 57.129177
Total time: 571.291775, total average time: 57.129177

[2022-12-13T22:23:36] Child[5211]:
Total write time: 101.297471 seconds; average write time: 101.297471 seconds.
Total read time: 468.646839; average read time: 52.071871
Total time: 569.944310, total average time: 56.994431

[2022-12-13T22:23:37] Child[4598]:
Total write time: 0.000000 seconds; average write time: 0.000000 seconds.
Total read time: 570.330895; average read time: 57.033090
Total time: 570.330895, total average time: 57.033090

[2022-12-13T22:23:37] Child[5470]:
Total write time: 515.334618 seconds; average write time: 257.667309 seconds.
Total read time: 60.613248; average read time: 7.576656
Total time: 575.947866, total average time: 57.594787

[2022-12-13T22:23:38] Child[5242]:
Total write time: 496.665591 seconds; average write time: 248.332796 seconds.
Total read time: 78.100724; average read time: 9.762590
Total time: 574.766315, total average time: 57.476632

[2022-12-13T22:23:38] Child[5485]:
Total write time: 516.954369 seconds; average write time: 516.954369 seconds.
Total read time: 54.462455; average read time: 6.051384
Total time: 571.416824, total average time: 57.141682

[2022-12-13T22:23:39] Child[4473]:
Total write time: 449.282236 seconds; average write time: 449.282236 seconds.
Total read time: 124.518084; average read time: 13.835343
Total time: 573.800320, total average time: 57.380032

[2022-12-13T22:23:40] Child[5476]:
Total write time: 415.428184 seconds; average write time: 415.428184 seconds.
Total read time: 161.606593; average read time: 17.956288
Total time: 577.034777, total average time: 57.703478

[2022-12-13T22:23:40] Child[5135]:
Total write time: 207.061083 seconds; average write time: 207.061083 seconds.
Total read time: 369.576673; average read time: 41.064075
Total time: 576.637756, total average time: 57.663776

[2022-12-13T22:23:40] Child[4084]:
Total write time: 227.365440 seconds; average write time: 227.365440 seconds.
Total read time: 348.634751; average read time: 38.737195
Total time: 576.000191, total average time: 57.600019

[2022-12-13T22:23:41] Child[5505]:
Total write time: 371.523595 seconds; average write time: 371.523595 seconds.
Total read time: 203.614645; average read time: 22.623849
Total time: 575.138240, total average time: 57.513824

[2022-12-13T22:23:41] Child[4237]:
Total write time: 0.000006 seconds; average write time: 0.000006 seconds.
Total read time: 578.721952; average read time: 64.302439
Total time: 578.721958, total average time: 57.872196

[2022-12-13T22:23:42] Child[5006]:
Total write time: 0.000000 seconds; average write time: 0.000000 seconds.
Total read time: 574.127002; average read time: 57.412700
Total time: 574.127002, total average time: 57.412700

[2022-12-13T22:23:42] Child[5364]:
Total write time: 375.932180 seconds; average write time: 375.932180 seconds.
Total read time: 201.574329; average read time: 22.397148
Total time: 577.506509, total average time: 57.750651

[2022-12-13T22:23:43] Child[5227]:
Total write time: 318.101934 seconds; average write time: 318.101934 seconds.
Total read time: 260.832050; average read time: 28.981339
Total time: 578.933984, total average time: 57.893398

[2022-12-13T22:23:43] Child[5442]:
Total write time: 487.832542 seconds; average write time: 487.832542 seconds.
Total read time: 92.148775; average read time: 10.238753
Total time: 579.981317, total average time: 57.998132

[2022-12-13T22:23:43] Child[4353]:
Total write time: 0.000000 seconds; average write time: 0.000000 seconds.
Total read time: 579.263120; average read time: 57.926312
Total time: 579.263120, total average time: 57.926312

[2022-12-13T22:23:44] Child[4375]:
Total write time: 189.988871 seconds; average write time: 189.988871 seconds.
Total read time: 386.703195; average read time: 42.967022
Total time: 576.692066, total average time: 57.669207

[2022-12-13T22:23:44] Child[4000]:
Total write time: 216.148192 seconds; average write time: 108.074096 seconds.
Total read time: 361.066990; average read time: 45.133374
Total time: 577.215182, total average time: 57.721518

[2022-12-13T22:23:45] Child[4107]:
Total write time: 234.049798 seconds; average write time: 117.024899 seconds.
Total read time: 345.088382; average read time: 43.136048
Total time: 579.138180, total average time: 57.913818

[2022-12-13T22:23:45] Child[5101]:
Total write time: 0.000000 seconds; average write time: 0.000000 seconds.
Total read time: 579.014042; average read time: 57.901404
Total time: 579.014042, total average time: 57.901404

[2022-12-13T22:23:46] Child[4932]:
Total write time: 0.000000 seconds; average write time: 0.000000 seconds.
Total read time: 582.576013; average read time: 58.257601
Total time: 582.576013, total average time: 58.257601

[2022-12-13T22:23:46] Child[4413]:
Total write time: 500.216866 seconds; average write time: 250.108433 seconds.
Total read time: 80.239596; average read time: 10.029950
Total time: 580.456462, total average time: 58.045646

[2022-12-13T22:23:46] Child[4688]:
Total write time: 0.000000 seconds; average write time: 0.000000 seconds.
Total read time: 580.247278; average read time: 58.024728
Total time: 580.247278, total average time: 58.024728

[2022-12-13T22:23:47] Child[4795]:
Total write time: 144.973101 seconds; average write time: 144.973101 seconds.
Total read time: 439.280397; average read time: 48.808933
Total time: 584.253498, total average time: 58.425350

[2022-12-13T22:23:47] Child[5286]:
Total write time: 139.192978 seconds; average write time: 139.192978 seconds.
Total read time: 444.209126; average read time: 49.356570
Total time: 583.402104, total average time: 58.340210

[2022-12-13T22:23:47] Child[4268]:
Total write time: 284.476240 seconds; average write time: 142.238120 seconds.
Total read time: 301.281251; average read time: 37.660156
Total time: 585.757491, total average time: 58.575749

[2022-12-13T22:23:48] Child[5391]:
Total write time: 372.026149 seconds; average write time: 186.013074 seconds.
Total read time: 209.774858; average read time: 26.221857
Total time: 581.801007, total average time: 58.180101

[2022-12-13T22:23:48] Child[5138]:
Total write time: 393.756941 seconds; average write time: 393.756941 seconds.
Total read time: 191.099850; average read time: 21.233317
Total time: 584.856791, total average time: 58.485679

[2022-12-13T22:23:48] Child[4138]:
Total write time: 102.109633 seconds; average write time: 51.054817 seconds.
Total read time: 483.217983; average read time: 60.402248
Total time: 585.327616, total average time: 58.532762

[2022-12-13T22:23:48] Child[5038]:
Total write time: 0.000000 seconds; average write time: 0.000000 seconds.
Total read time: 582.922628; average read time: 58.292263
Total time: 582.922628, total average time: 58.292263

[2022-12-13T22:23:48] Child[4133]:
Total write time: 221.095428 seconds; average write time: 221.095428 seconds.
Total read time: 361.670418; average read time: 40.185602
Total time: 582.765846, total average time: 58.276585

[2022-12-13T22:23:50] Child[4248]:
Total write time: 474.941330 seconds; average write time: 474.941330 seconds.
Total read time: 112.175910; average read time: 12.463990
Total time: 587.117240, total average time: 58.711724

[2022-12-13T22:23:50] Child[4134]:
Total write time: 351.749429 seconds; average write time: 351.749429 seconds.
Total read time: 234.259249; average read time: 26.028805
Total time: 586.008678, total average time: 58.600868

[2022-12-13T22:23:50] Child[4971]:
Total write time: 376.088242 seconds; average write time: 376.088242 seconds.
Total read time: 204.143880; average read time: 22.682653
Total time: 580.232122, total average time: 58.023212

[2022-12-13T22:23:51] Child[5419]:
Total write time: 469.478846 seconds; average write time: 469.478846 seconds.
Total read time: 116.102687; average read time: 12.900299
Total time: 585.581533, total average time: 58.558153

[2022-12-13T22:23:52] Child[3948]:
Total write time: 290.467033 seconds; average write time: 290.467033 seconds.
Total read time: 297.218756; average read time: 33.024306
Total time: 587.685789, total average time: 58.768579

[2022-12-13T22:23:52] Child[3965]:
Total write time: 62.068261 seconds; average write time: 62.068261 seconds.
Total read time: 523.716471; average read time: 58.190719
Total time: 585.784732, total average time: 58.578473

[2022-12-13T22:23:52] Child[4157]:
Total write time: 521.814008 seconds; average write time: 260.907004 seconds.
Total read time: 65.540780; average read time: 8.192597
Total time: 587.354788, total average time: 58.735479

[2022-12-13T22:23:52] Child[5124]:
Total write time: 142.761014 seconds; average write time: 142.761014 seconds.
Total read time: 446.996671; average read time: 49.666297
Total time: 589.757685, total average time: 58.975769

[2022-12-13T22:23:52] Child[4591]:
Total write time: 284.348444 seconds; average write time: 284.348444 seconds.
Total read time: 303.041515; average read time: 33.671279
Total time: 587.389959, total average time: 58.738996

[2022-12-13T22:23:52] Child[5065]:
Total write time: 0.000000 seconds; average write time: 0.000000 seconds.
Total read time: 589.464555; average read time: 58.946455
Total time: 589.464555, total average time: 58.946455

[2022-12-13T22:23:53] Child[5017]:
Total write time: 259.381702 seconds; average write time: 259.381702 seconds.
Total read time: 327.343608; average read time: 36.371512
Total time: 586.725310, total average time: 58.672531

[2022-12-13T22:23:54] Child[4912]:
Total write time: 327.321550 seconds; average write time: 163.660775 seconds.
Total read time: 261.971654; average read time: 32.746457
Total time: 589.293204, total average time: 58.929320

[2022-12-13T22:23:54] Child[5332]:
Total write time: 0.000000 seconds; average write time: 0.000000 seconds.
Total read time: 589.555489; average read time: 58.955549
Total time: 589.555489, total average time: 58.955549

[2022-12-13T22:23:54] Child[5411]:
Total write time: 72.289373 seconds; average write time: 72.289373 seconds.
Total read time: 516.771035; average read time: 57.419004
Total time: 589.060408, total average time: 58.906041

[2022-12-13T22:23:55] Child[4668]:
Total write time: 545.201512 seconds; average write time: 272.600756 seconds.
Total read time: 48.325254; average read time: 6.040657
Total time: 593.526766, total average time: 59.352677

[2022-12-13T22:23:56] Child[4196]:
Total write time: 245.535372 seconds; average write time: 245.535372 seconds.
Total read time: 347.447475; average read time: 38.605275
Total time: 592.982847, total average time: 59.298285

[2022-12-13T22:23:56] Child[4187]:
Total write time: 378.349901 seconds; average write time: 378.349901 seconds.
Total read time: 212.883944; average read time: 23.653772
Total time: 591.233845, total average time: 59.123385

[2022-12-13T22:23:56] Child[5172]:
Total write time: 343.505803 seconds; average write time: 343.505803 seconds.
Total read time: 246.767478; average read time: 27.418609
Total time: 590.273281, total average time: 59.027328

[2022-12-13T22:23:56] Child[5483]:
Total write time: 0.000000 seconds; average write time: 0.000000 seconds.
Total read time: 592.318697; average read time: 59.231870
Total time: 592.318697, total average time: 59.231870

[2022-12-13T22:23:57] Child[4198]:
Total write time: 87.135364 seconds; average write time: 87.135364 seconds.
Total read time: 500.914694; average read time: 55.657188
Total time: 588.050058, total average time: 58.805006

[2022-12-13T22:23:57] Child[4255]:
Total write time: 408.820709 seconds; average write time: 408.820709 seconds.
Total read time: 182.319031; average read time: 20.257670
Total time: 591.139740, total average time: 59.113974

[2022-12-13T22:23:57] Child[3989]:
Total write time: 399.989044 seconds; average write time: 199.994522 seconds.
Total read time: 195.045756; average read time: 24.380720
Total time: 595.034800, total average time: 59.503480

[2022-12-13T22:23:57] Child[3968]:
Total write time: 277.092926 seconds; average write time: 277.092926 seconds.
Total read time: 315.944161; average read time: 35.104907
Total time: 593.037087, total average time: 59.303709

[2022-12-13T22:23:59] Child[4345]:
Total write time: 382.153625 seconds; average write time: 382.153625 seconds.
Total read time: 210.562806; average read time: 23.395867
Total time: 592.716431, total average time: 59.271643

[2022-12-13T22:23:59] Child[4994]:
Total write time: 229.291654 seconds; average write time: 229.291654 seconds.
Total read time: 365.180659; average read time: 40.575629
Total time: 594.472313, total average time: 59.447231

[2022-12-13T22:23:59] Child[5361]:
Total write time: 0.000000 seconds; average write time: 0.000000 seconds.
Total read time: 594.624091; average read time: 59.462409
Total time: 594.624091, total average time: 59.462409

[2022-12-13T22:24:00] Child[5147]:
Total write time: 441.713455 seconds; average write time: 441.713455 seconds.
Total read time: 152.564937; average read time: 16.951660
Total time: 594.278392, total average time: 59.427839

[2022-12-13T22:24:00] Child[3995]:
Total write time: 447.368602 seconds; average write time: 447.368602 seconds.
Total read time: 149.771623; average read time: 16.641291
Total time: 597.140225, total average time: 59.714022

[2022-12-13T22:24:00] Child[5289]:
Total write time: 298.478373 seconds; average write time: 298.478373 seconds.
Total read time: 298.228735; average read time: 33.136526
Total time: 596.707108, total average time: 59.670711

[2022-12-13T22:24:00] Child[3978]:
Total write time: 504.261624 seconds; average write time: 504.261624 seconds.
Total read time: 93.629810; average read time: 10.403312
Total time: 597.891434, total average time: 59.789143

[2022-12-13T22:24:02] Child[4168]:
Total write time: 226.396731 seconds; average write time: 226.396731 seconds.
Total read time: 368.285781; average read time: 40.920642
Total time: 594.682512, total average time: 59.468251

[2022-12-13T22:24:02] Child[4243]:
Total write time: 220.825289 seconds; average write time: 220.825289 seconds.
Total read time: 376.916387; average read time: 41.879599
Total time: 597.741676, total average time: 59.774168

[2022-12-13T22:24:03] Child[4312]:
Total write time: 503.896601 seconds; average write time: 503.896601 seconds.
Total read time: 95.065755; average read time: 10.562862
Total time: 598.962356, total average time: 59.896236

[2022-12-13T22:24:04] Child[5250]:
Total write time: 327.620224 seconds; average write time: 327.620224 seconds.
Total read time: 270.958204; average read time: 30.106467
Total time: 598.578428, total average time: 59.857843

[2022-12-13T22:24:04] Child[3987]:
Total write time: 90.894265 seconds; average write time: 90.894265 seconds.
Total read time: 506.968311; average read time: 56.329812
Total time: 597.862576, total average time: 59.786258

[2022-12-13T22:24:04] Child[5256]:
Total write time: 493.739774 seconds; average write time: 493.739774 seconds.
Total read time: 101.706182; average read time: 11.300687
Total time: 595.445956, total average time: 59.544596

[2022-12-13T22:24:05] Child[5153]:
Total write time: 269.272209 seconds; average write time: 89.757403 seconds.
Total read time: 331.768513; average read time: 47.395502
Total time: 601.040722, total average time: 60.104072

[2022-12-13T22:24:07] Child[4224]:
Total write time: 0.000000 seconds; average write time: 0.000000 seconds.
Total read time: 599.533667; average read time: 59.953367
Total time: 599.533667, total average time: 59.953367

[2022-12-13T22:24:07] Child[4202]:
Total write time: 0.000000 seconds; average write time: 0.000000 seconds.
Total read time: 604.639020; average read time: 60.463902
Total time: 604.639020, total average time: 60.463902

[2022-12-13T22:24:07] Child[5097]:
Total write time: 200.891402 seconds; average write time: 200.891402 seconds.
Total read time: 401.922351; average read time: 44.658039
Total time: 602.813753, total average time: 60.281375

[2022-12-13T22:24:08] Child[4143]:
Total write time: 452.025429 seconds; average write time: 452.025429 seconds.
Total read time: 148.397672; average read time: 16.488630
Total time: 600.423101, total average time: 60.042310

[2022-12-13T22:24:08] Child[4833]:
Total write time: 519.157330 seconds; average write time: 259.578665 seconds.
Total read time: 84.820632; average read time: 10.602579
Total time: 603.977962, total average time: 60.397796

[2022-12-13T22:24:08] Child[4577]:
Total write time: 120.280929 seconds; average write time: 120.280929 seconds.
Total read time: 481.333576; average read time: 53.481508
Total time: 601.614505, total average time: 60.161451

[2022-12-13T22:24:08] Child[4012]:
Total write time: 392.909760 seconds; average write time: 196.454880 seconds.
Total read time: 212.922307; average read time: 26.615288
Total time: 605.832067, total average time: 60.583207

[2022-12-13T22:24:08] Child[5020]:
Total write time: 18.648281 seconds; average write time: 18.648281 seconds.
Total read time: 583.216560; average read time: 64.801840
Total time: 601.864841, total average time: 60.186484

[2022-12-13T22:24:08] Child[5397]:
Total write time: 0.000000 seconds; average write time: 0.000000 seconds.
Total read time: 603.289782; average read time: 60.328978
Total time: 603.289782, total average time: 60.328978

[2022-12-13T22:24:09] Child[5001]:
Total write time: 367.555363 seconds; average write time: 367.555363 seconds.
Total read time: 239.785715; average read time: 26.642857
Total time: 607.341078, total average time: 60.734108

[2022-12-13T22:24:09] Child[5192]:
Total write time: 412.033600 seconds; average write time: 412.033600 seconds.
Total read time: 193.647825; average read time: 21.516425
Total time: 605.681425, total average time: 60.568143

[2022-12-13T22:24:09] Child[5190]:
Total write time: 427.816448 seconds; average write time: 427.816448 seconds.
Total read time: 178.220706; average read time: 19.802301
Total time: 606.037154, total average time: 60.603715

[2022-12-13T22:24:10] Child[3985]:
Total write time: 447.175543 seconds; average write time: 223.587772 seconds.
Total read time: 160.742176; average read time: 20.092772
Total time: 607.917719, total average time: 60.791772

[2022-12-13T22:24:10] Child[4167]:
Total write time: 374.495070 seconds; average write time: 374.495070 seconds.
Total read time: 230.563474; average read time: 25.618164
Total time: 605.058544, total average time: 60.505854

[2022-12-13T22:24:11] Child[4616]:
Total write time: 296.380391 seconds; average write time: 296.380391 seconds.
Total read time: 310.556418; average read time: 34.506269
Total time: 606.936809, total average time: 60.693681

[2022-12-13T22:24:11] Child[4281]:
Total write time: 311.145113 seconds; average write time: 311.145113 seconds.
Total read time: 297.860092; average read time: 33.095566
Total time: 609.005205, total average time: 60.900520

[2022-12-13T22:24:11] Child[5386]:
Total write time: 462.583172 seconds; average write time: 231.291586 seconds.
Total read time: 145.591658; average read time: 18.198957
Total time: 608.174830, total average time: 60.817483

[2022-12-13T22:24:11] Child[5418]:
Total write time: 404.676718 seconds; average write time: 404.676718 seconds.
Total read time: 204.052580; average read time: 22.672509
Total time: 608.729298, total average time: 60.872930

[2022-12-13T22:24:12] Child[4176]:
Total write time: 347.069832 seconds; average write time: 173.534916 seconds.
Total read time: 261.056056; average read time: 32.632007
Total time: 608.125888, total average time: 60.812589

[2022-12-13T22:24:13] Child[4289]:
Total write time: 313.239969 seconds; average write time: 313.239969 seconds.
Total read time: 295.369613; average read time: 32.818846
Total time: 608.609582, total average time: 60.860958

[2022-12-13T22:24:14] Child[5197]:
Total write time: 495.714974 seconds; average write time: 495.714974 seconds.
Total read time: 112.898238; average read time: 12.544249
Total time: 608.613212, total average time: 60.861321

[2022-12-13T22:24:14] Child[4286]:
Total write time: 255.711731 seconds; average write time: 255.711731 seconds.
Total read time: 354.467043; average read time: 39.385227
Total time: 610.178774, total average time: 61.017877

[2022-12-13T22:24:17] Child[3994]:
Total write time: 468.272094 seconds; average write time: 234.136047 seconds.
Total read time: 142.462975; average read time: 17.807872
Total time: 610.735069, total average time: 61.073507

[2022-12-13T22:24:18] Child[5494]:
Total write time: 304.587055 seconds; average write time: 304.587055 seconds.
Total read time: 308.546605; average read time: 34.282956
Total time: 613.133660, total average time: 61.313366

[2022-12-13T22:24:18] Child[4233]:
Total write time: 326.098758 seconds; average write time: 326.098758 seconds.
Total read time: 288.715894; average read time: 32.079544
Total time: 614.814652, total average time: 61.481465

[2022-12-13T22:24:18] Child[4741]:
Total write time: 95.226461 seconds; average write time: 95.226461 seconds.
Total read time: 517.819527; average read time: 57.535503
Total time: 613.045988, total average time: 61.304599

[2022-12-13T22:24:19] Child[5507]:
Total write time: 303.401506 seconds; average write time: 303.401506 seconds.
Total read time: 312.007606; average read time: 34.667512
Total time: 615.409112, total average time: 61.540911

[2022-12-13T22:24:19] Child[5210]:
Total write time: 312.939594 seconds; average write time: 156.469797 seconds.
Total read time: 301.222989; average read time: 37.652874
Total time: 614.162583, total average time: 61.416258

[2022-12-13T22:24:20] Child[3944]:
Total write time: 334.248623 seconds; average write time: 334.248623 seconds.
Total read time: 281.847664; average read time: 31.316407
Total time: 616.096287, total average time: 61.609629

[2022-12-13T22:24:20] Child[5447]:
Total write time: 236.469714 seconds; average write time: 118.234857 seconds.
Total read time: 375.674741; average read time: 46.959343
Total time: 612.144455, total average time: 61.214445

[2022-12-13T22:24:20] Child[3958]:
Total write time: 0.000000 seconds; average write time: 0.000000 seconds.
Total read time: 615.017279; average read time: 61.501728
Total time: 615.017279, total average time: 61.501728

[2022-12-13T22:24:20] Child[5117]:
Total write time: 348.137772 seconds; average write time: 348.137772 seconds.
Total read time: 269.369853; average read time: 29.929984
Total time: 617.507625, total average time: 61.750763

[2022-12-13T22:24:21] Child[5265]:
Total write time: 354.961694 seconds; average write time: 177.480847 seconds.
Total read time: 266.647954; average read time: 33.330994
Total time: 621.609648, total average time: 62.160965

[2022-12-13T22:24:21] Child[5345]:
Total write time: 295.496704 seconds; average write time: 295.496704 seconds.
Total read time: 321.385651; average read time: 35.709517
Total time: 616.882355, total average time: 61.688235

[2022-12-13T22:24:22] Child[4064]:
Total write time: 0.000000 seconds; average write time: 0.000000 seconds.
Total read time: 616.030004; average read time: 61.603000
Total time: 616.030004, total average time: 61.603000

[2022-12-13T22:24:23] Child[5092]:
Total write time: 407.978178 seconds; average write time: 407.978178 seconds.
Total read time: 205.613799; average read time: 22.845978
Total time: 613.591977, total average time: 61.359198

[2022-12-13T22:24:23] Child[5399]:
Total write time: 504.790492 seconds; average write time: 504.790492 seconds.
Total read time: 115.751031; average read time: 12.861226
Total time: 620.541523, total average time: 62.054152

[2022-12-13T22:24:24] Child[4314]:
Total write time: 517.845955 seconds; average write time: 258.922978 seconds.
Total read time: 100.906507; average read time: 12.613313
Total time: 618.752462, total average time: 61.875246

[2022-12-13T22:24:25] Child[5208]:
Total write time: 111.916395 seconds; average write time: 55.958197 seconds.
Total read time: 508.507987; average read time: 63.563498
Total time: 620.424382, total average time: 62.042438

[2022-12-13T22:24:26] Child[4019]:
Total write time: 240.527093 seconds; average write time: 240.527093 seconds.
Total read time: 382.720122; average read time: 42.524458
Total time: 623.247215, total average time: 62.324722

[2022-12-13T22:24:26] Child[5230]:
Total write time: 339.759502 seconds; average write time: 339.759502 seconds.
Total read time: 281.148460; average read time: 31.238718
Total time: 620.907962, total average time: 62.090796

[2022-12-13T22:24:26] Child[5357]:
Total write time: 434.387300 seconds; average write time: 434.387300 seconds.
Total read time: 186.310878; average read time: 20.701209
Total time: 620.698178, total average time: 62.069818

[2022-12-13T22:24:27] Child[4685]:
Total write time: 434.022012 seconds; average write time: 217.011006 seconds.
Total read time: 185.049467; average read time: 23.131183
Total time: 619.071479, total average time: 61.907148

[2022-12-13T22:24:28] Child[4296]:
Total write time: 0.000000 seconds; average write time: 0.000000 seconds.
Total read time: 625.482345; average read time: 62.548234
Total time: 625.482345, total average time: 62.548234

[2022-12-13T22:24:28] Child[4068]:
Total write time: 209.504899 seconds; average write time: 209.504899 seconds.
Total read time: 416.107672; average read time: 46.234186
Total time: 625.612571, total average time: 62.561257

[2022-12-13T22:24:28] Child[4075]:
Total write time: 432.101652 seconds; average write time: 216.050826 seconds.
Total read time: 195.996650; average read time: 24.499581
Total time: 628.098302, total average time: 62.809830

[2022-12-13T22:24:28] Child[4067]:
Total write time: 285.553643 seconds; average write time: 285.553643 seconds.
Total read time: 335.456797; average read time: 37.272977
Total time: 621.010440, total average time: 62.101044

[2022-12-13T22:24:28] Child[5370]:
Total write time: 359.521619 seconds; average write time: 359.521619 seconds.
Total read time: 263.941447; average read time: 29.326827
Total time: 623.463066, total average time: 62.346307

[2022-12-13T22:24:29] Child[4066]:
Total write time: 277.582405 seconds; average write time: 277.582405 seconds.
Total read time: 347.190220; average read time: 38.576691
Total time: 624.772625, total average time: 62.477263

[2022-12-13T22:24:30] Child[5221]:
Total write time: 255.464682 seconds; average write time: 255.464682 seconds.
Total read time: 370.466315; average read time: 41.162924
Total time: 625.930997, total average time: 62.593100

[2022-12-13T22:24:32] Child[4040]:
Total write time: 330.777413 seconds; average write time: 330.777413 seconds.
Total read time: 298.133084; average read time: 33.125898
Total time: 628.910497, total average time: 62.891050

[2022-12-13T22:24:33] Child[4126]:
Total write time: 0.000000 seconds; average write time: 0.000000 seconds.
Total read time: 629.881590; average read time: 62.988159
Total time: 629.881590, total average time: 62.988159

[2022-12-13T22:24:33] Child[4125]:
Total write time: 211.413707 seconds; average write time: 105.706853 seconds.
Total read time: 416.124302; average read time: 52.015538
Total time: 627.538009, total average time: 62.753801

[2022-12-13T22:24:33] Child[5168]:
Total write time: 449.863836 seconds; average write time: 224.931918 seconds.
Total read time: 180.503428; average read time: 22.562929
Total time: 630.367264, total average time: 63.036726

[2022-12-13T22:24:34] Child[4861]:
Total write time: 178.903460 seconds; average write time: 178.903460 seconds.
Total read time: 448.677443; average read time: 49.853049
Total time: 627.580903, total average time: 62.758090

[2022-12-13T22:24:34] Child[4282]:
Total write time: 433.455289 seconds; average write time: 216.727644 seconds.
Total read time: 196.336854; average read time: 24.542107
Total time: 629.792143, total average time: 62.979214

[2022-12-13T22:24:34] Child[5171]:
Total write time: 583.551431 seconds; average write time: 583.551431 seconds.
Total read time: 44.395255; average read time: 4.932806
Total time: 627.946686, total average time: 62.794669

[2022-12-13T22:24:34] Child[4090]:
Total write time: 391.767953 seconds; average write time: 391.767953 seconds.
Total read time: 236.019621; average read time: 26.224402
Total time: 627.787574, total average time: 62.778757

[2022-12-13T22:24:35] Child[4080]:
Total write time: 296.719546 seconds; average write time: 148.359773 seconds.
Total read time: 335.870348; average read time: 41.983793
Total time: 632.589894, total average time: 63.258989

[2022-12-13T22:24:36] Child[5067]:
Total write time: 467.809237 seconds; average write time: 467.809237 seconds.
Total read time: 162.500777; average read time: 18.055642
Total time: 630.310014, total average time: 63.031001

[2022-12-13T22:24:36] Child[5331]:
Total write time: 126.917418 seconds; average write time: 126.917418 seconds.
Total read time: 506.926517; average read time: 56.325169
Total time: 633.843935, total average time: 63.384394

[2022-12-13T22:24:37] Child[5463]:
Total write time: 435.055858 seconds; average write time: 435.055858 seconds.
Total read time: 199.485061; average read time: 22.165007
Total time: 634.540919, total average time: 63.454092

[2022-12-13T22:24:38] Child[3970]:
Total write time: 545.262874 seconds; average write time: 545.262874 seconds.
Total read time: 90.359595; average read time: 10.039955
Total time: 635.622469, total average time: 63.562247

[2022-12-13T22:24:38] Child[5100]:
Total write time: 301.029908 seconds; average write time: 150.514954 seconds.
Total read time: 336.818268; average read time: 42.102283
Total time: 637.848176, total average time: 63.784818

[2022-12-13T22:24:38] Child[4105]:
Total write time: 0.000000 seconds; average write time: 0.000000 seconds.
Total read time: 635.515029; average read time: 63.551503
Total time: 635.515029, total average time: 63.551503

[2022-12-13T22:24:38] Child[4204]:
Total write time: 200.087684 seconds; average write time: 100.043842 seconds.
Total read time: 431.632851; average read time: 53.954106
Total time: 631.720535, total average time: 63.172053

[2022-12-13T22:24:39] Child[5239]:
Total write time: 387.379725 seconds; average write time: 193.689863 seconds.
Total read time: 246.921559; average read time: 30.865195
Total time: 634.301284, total average time: 63.430128

[2022-12-13T22:24:39] Child[4302]:
Total write time: 389.065165 seconds; average write time: 389.065165 seconds.
Total read time: 244.886668; average read time: 27.209630
Total time: 633.951833, total average time: 63.395183

[2022-12-13T22:24:40] Child[5277]:
Total write time: 260.005713 seconds; average write time: 260.005713 seconds.
Total read time: 375.415936; average read time: 41.712882
Total time: 635.421649, total average time: 63.542165

[2022-12-13T22:24:40] Child[4917]:
Total write time: 377.417415 seconds; average write time: 377.417415 seconds.
Total read time: 258.549554; average read time: 28.727728
Total time: 635.966969, total average time: 63.596697

[2022-12-13T22:24:40] Child[4806]:
Total write time: 16.352690 seconds; average write time: 16.352690 seconds.
Total read time: 618.168112; average read time: 68.685346
Total time: 634.520802, total average time: 63.452080

[2022-12-13T22:24:40] Child[5022]:
Total write time: 279.810453 seconds; average write time: 279.810453 seconds.
Total read time: 354.417968; average read time: 39.379774
Total time: 634.228421, total average time: 63.422842

[2022-12-13T22:24:41] Child[5389]:
Total write time: 223.506347 seconds; average write time: 223.506347 seconds.
Total read time: 414.458902; average read time: 46.050989
Total time: 637.965249, total average time: 63.796525

[2022-12-13T22:24:43] Child[5078]:
Total write time: 290.388174 seconds; average write time: 290.388174 seconds.
Total read time: 345.016673; average read time: 38.335186
Total time: 635.404847, total average time: 63.540485

[2022-12-13T22:24:44] Child[4311]:
Total write time: 436.142372 seconds; average write time: 218.071186 seconds.
Total read time: 200.904497; average read time: 25.113062
Total time: 637.046869, total average time: 63.704687

[2022-12-13T22:24:44] Child[4217]:
Total write time: 0.000000 seconds; average write time: 0.000000 seconds.
Total read time: 641.360281; average read time: 64.136028
Total time: 641.360281, total average time: 64.136028

[2022-12-13T22:24:44] Child[4060]:
Total write time: 0.000000 seconds; average write time: 0.000000 seconds.
Total read time: 637.826290; average read time: 63.782629
Total time: 637.826290, total average time: 63.782629

[2022-12-13T22:24:45] Child[4266]:
Total write time: 446.641201 seconds; average write time: 148.880400 seconds.
Total read time: 194.218562; average read time: 27.745509
Total time: 640.859763, total average time: 64.085976

[2022-12-13T22:24:45] Child[5413]:
Total write time: 507.305183 seconds; average write time: 101.461037 seconds.
Total read time: 131.885627; average read time: 26.377125
Total time: 639.190810, total average time: 63.919081

[2022-12-13T22:24:45] Child[4053]:
Total write time: 369.762134 seconds; average write time: 369.762134 seconds.
Total read time: 271.689873; average read time: 30.187764
Total time: 641.452007, total average time: 64.145201

[2022-12-13T22:24:46] Child[4222]:
Total write time: 87.187048 seconds; average write time: 87.187048 seconds.
Total read time: 555.139116; average read time: 61.682124
Total time: 642.326164, total average time: 64.232616

[2022-12-13T22:24:46] Child[4659]:
Total write time: 551.154813 seconds; average write time: 275.577406 seconds.
Total read time: 90.551571; average read time: 11.318946
Total time: 641.706384, total average time: 64.170638

[2022-12-13T22:24:46] Child[5007]:
Total write time: 555.753177 seconds; average write time: 277.876589 seconds.
Total read time: 82.485695; average read time: 10.310712
Total time: 638.238872, total average time: 63.823887

[2022-12-13T22:24:47] Child[5347]:
Total write time: 144.091603 seconds; average write time: 144.091603 seconds.
Total read time: 499.756039; average read time: 55.528449
Total time: 643.847642, total average time: 64.384764

[2022-12-13T22:24:47] Child[4099]:
Total write time: 521.590715 seconds; average write time: 521.590715 seconds.
Total read time: 121.536687; average read time: 13.504076
Total time: 643.127402, total average time: 64.312740

[2022-12-13T22:24:48] Child[5426]:
Total write time: 546.507722 seconds; average write time: 546.507722 seconds.
Total read time: 96.419371; average read time: 10.713263
Total time: 642.927093, total average time: 64.292709

[2022-12-13T22:24:48] Child[4991]:
Total write time: 452.294441 seconds; average write time: 452.294441 seconds.
Total read time: 191.188428; average read time: 21.243159
Total time: 643.482869, total average time: 64.348287

[2022-12-13T22:24:48] Child[4030]:
Total write time: 426.116555 seconds; average write time: 213.058278 seconds.
Total read time: 218.527420; average read time: 27.315928
Total time: 644.643975, total average time: 64.464398

[2022-12-13T22:24:48] Child[5268]:
Total write time: 357.307922 seconds; average write time: 178.653961 seconds.
Total read time: 289.406308; average read time: 36.175789
Total time: 646.714230, total average time: 64.671423

[2022-12-13T22:24:48] Child[5144]:
Total write time: 322.967086 seconds; average write time: 322.967086 seconds.
Total read time: 320.722588; average read time: 35.635843
Total time: 643.689674, total average time: 64.368967

[2022-12-13T22:24:49] Child[4159]:
Total write time: 362.699735 seconds; average write time: 362.699735 seconds.
Total read time: 283.284796; average read time: 31.476088
Total time: 645.984531, total average time: 64.598453

[2022-12-13T22:24:52] Child[5165]:
Total write time: 0.000000 seconds; average write time: 0.000000 seconds.
Total read time: 644.113173; average read time: 64.411317
Total time: 644.113173, total average time: 64.411317

[2022-12-13T22:24:52] Child[4669]:
Total write time: 56.285049 seconds; average write time: 28.142525 seconds.
Total read time: 589.341282; average read time: 73.667660
Total time: 645.626331, total average time: 64.562633

[2022-12-13T22:24:52] Child[4033]:
Total write time: 0.000000 seconds; average write time: 0.000000 seconds.
Total read time: 649.182223; average read time: 64.918222
Total time: 649.182223, total average time: 64.918222

[2022-12-13T22:24:53] Child[4973]:
Total write time: 185.837385 seconds; average write time: 185.837385 seconds.
Total read time: 460.372615; average read time: 51.152513
Total time: 646.210000, total average time: 64.621000

[2022-12-13T22:24:54] Child[5401]:
Total write time: 0.000000 seconds; average write time: 0.000000 seconds.
Total read time: 648.685192; average read time: 64.868519
Total time: 648.685192, total average time: 64.868519

[2022-12-13T22:24:54] Child[4154]:
Total write time: 547.420399 seconds; average write time: 547.420399 seconds.
Total read time: 103.407914; average read time: 11.489768
Total time: 650.828313, total average time: 65.082831

[2022-12-13T22:24:54] Child[4937]:
Total write time: 0.000000 seconds; average write time: 0.000000 seconds.
Total read time: 651.377117; average read time: 65.137712
Total time: 651.377117, total average time: 65.137712

[2022-12-13T22:24:54] Child[4584]:
Total write time: 468.586893 seconds; average write time: 234.293446 seconds.
Total read time: 178.416921; average read time: 22.302115
Total time: 647.003814, total average time: 64.700381

[2022-12-13T22:24:54] Child[5382]:
Total write time: 185.251622 seconds; average write time: 185.251622 seconds.
Total read time: 463.803373; average read time: 51.533708
Total time: 649.054995, total average time: 64.905500

[2022-12-13T22:24:55] Child[5503]:
Total write time: 487.894289 seconds; average write time: 121.973572 seconds.
Total read time: 162.065485; average read time: 27.010914
Total time: 649.959774, total average time: 64.995977

[2022-12-13T22:25:00] Child[4377]:
Total write time: 242.565553 seconds; average write time: 242.565553 seconds.
Total read time: 410.621787; average read time: 45.624643
Total time: 653.187340, total average time: 65.318734

[2022-12-13T22:25:00] Child[5350]:
Total write time: 426.901159 seconds; average write time: 213.450580 seconds.
Total read time: 229.084605; average read time: 28.635576
Total time: 655.985764, total average time: 65.598576

[2022-12-13T22:25:01] Child[4190]:
Total write time: 395.270788 seconds; average write time: 395.270788 seconds.
Total read time: 262.153488; average read time: 29.128165
Total time: 657.424276, total average time: 65.742428

[2022-12-13T22:25:01] Child[4288]:
Total write time: 0.000000 seconds; average write time: 0.000000 seconds.
Total read time: 652.742115; average read time: 65.274212
Total time: 652.742115, total average time: 65.274212

[2022-12-13T22:25:01] Child[4654]:
Total write time: 336.276717 seconds; average write time: 336.276717 seconds.
Total read time: 317.917044; average read time: 35.324116
Total time: 654.193761, total average time: 65.419376

[2022-12-13T22:25:01] Child[4893]:
Total write time: 364.152306 seconds; average write time: 364.152306 seconds.
Total read time: 295.045595; average read time: 32.782844
Total time: 659.197901, total average time: 65.919790

[2022-12-13T22:25:02] Child[4745]:
Total write time: 537.537790 seconds; average write time: 268.768895 seconds.
Total read time: 120.624963; average read time: 15.078120
Total time: 658.162753, total average time: 65.816275

[2022-12-13T22:25:03] Child[4194]:
Total write time: 178.596691 seconds; average write time: 178.596691 seconds.
Total read time: 476.712752; average read time: 52.968084
Total time: 655.309443, total average time: 65.530944

[2022-12-13T22:25:04] Child[5045]:
Total write time: 338.594088 seconds; average write time: 169.297044 seconds.
Total read time: 321.274718; average read time: 40.159340
Total time: 659.868806, total average time: 65.986881

[2022-12-13T22:25:04] Child[4195]:
Total write time: 137.968807 seconds; average write time: 137.968807 seconds.
Total read time: 521.896749; average read time: 57.988528
Total time: 659.865556, total average time: 65.986556

[2022-12-13T22:25:04] Child[4256]:
Total write time: 489.683682 seconds; average write time: 489.683682 seconds.
Total read time: 168.045298; average read time: 18.671700
Total time: 657.728980, total average time: 65.772898

[2022-12-13T22:25:05] Child[4964]:
Total write time: 494.444083 seconds; average write time: 494.444083 seconds.
Total read time: 163.613771; average read time: 18.179308
Total time: 658.057854, total average time: 65.805785

[2022-12-13T22:25:05] Child[5287]:
Total write time: 357.174543 seconds; average write time: 357.174543 seconds.
Total read time: 303.036195; average read time: 33.670688
Total time: 660.210738, total average time: 66.021074

[2022-12-13T22:25:05] Child[5481]:
Total write time: 408.892407 seconds; average write time: 408.892407 seconds.
Total read time: 251.685381; average read time: 27.965042
Total time: 660.577788, total average time: 66.057779

[2022-12-13T22:25:06] Child[5491]:
Total write time: 189.521373 seconds; average write time: 94.760687 seconds.
Total read time: 471.175360; average read time: 58.896920
Total time: 660.696733, total average time: 66.069673

[2022-12-13T22:25:06] Child[4042]:
Total write time: 565.116966 seconds; average write time: 282.558483 seconds.
Total read time: 96.588523; average read time: 12.073565
Total time: 661.705489, total average time: 66.170549

[2022-12-13T22:25:07] Child[5173]:
Total write time: 506.435851 seconds; average write time: 253.217926 seconds.
Total read time: 154.284969; average read time: 19.285621
Total time: 660.720820, total average time: 66.072082

[2022-12-13T22:25:08] Child[4165]:
Total write time: 302.569265 seconds; average write time: 302.569265 seconds.
Total read time: 359.671515; average read time: 39.963502
Total time: 662.240780, total average time: 66.224078

[2022-12-13T22:25:09] Child[5076]:
Total write time: 430.358947 seconds; average write time: 107.589737 seconds.
Total read time: 234.633358; average read time: 39.105560
Total time: 664.992305, total average time: 66.499230

[2022-12-13T22:25:09] Child[5441]:
Total write time: 284.983838 seconds; average write time: 284.983838 seconds.
Total read time: 378.607429; average read time: 42.067492
Total time: 663.591267, total average time: 66.359127

[2022-12-13T22:25:10] Child[4304]:
Total write time: 289.254736 seconds; average write time: 96.418245 seconds.
Total read time: 372.793693; average read time: 53.256242
Total time: 662.048429, total average time: 66.204843

[2022-12-13T22:25:10] Child[5406]:
Total write time: 0.000000 seconds; average write time: 0.000000 seconds.
Total read time: 664.054887; average read time: 66.405489
Total time: 664.054887, total average time: 66.405489

[2022-12-13T22:25:10] Child[5504]:
Total write time: 256.387518 seconds; average write time: 256.387518 seconds.
Total read time: 407.959259; average read time: 45.328807
Total time: 664.346777, total average time: 66.434678

[2022-12-13T22:25:11] Child[3981]:
Total write time: 185.862733 seconds; average write time: 185.862733 seconds.
Total read time: 486.189265; average read time: 54.021029
Total time: 672.051998, total average time: 67.205200

[2022-12-13T22:25:13] Child[4036]:
Total write time: 542.069911 seconds; average write time: 542.069911 seconds.
Total read time: 125.730493; average read time: 13.970055
Total time: 667.800404, total average time: 66.780040

[2022-12-13T22:25:14] Child[5079]:
Total write time: 244.196129 seconds; average write time: 244.196129 seconds.
Total read time: 429.789015; average read time: 47.754335
Total time: 673.985144, total average time: 67.398514

[2022-12-13T22:25:14] Child[4929]:
Total write time: 0.000000 seconds; average write time: 0.000000 seconds.
Total read time: 667.259443; average read time: 66.725944
Total time: 667.259443, total average time: 66.725944

[2022-12-13T22:25:14] Child[4884]:
Total write time: 481.254754 seconds; average write time: 481.254754 seconds.
Total read time: 187.107345; average read time: 20.789705
Total time: 668.362099, total average time: 66.836210

[2022-12-13T22:25:14] Child[5456]:
Total write time: 377.065384 seconds; average write time: 377.065384 seconds.
Total read time: 292.725782; average read time: 32.525087
Total time: 669.791166, total average time: 66.979117

[2022-12-13T22:25:15] Child[5339]:
Total write time: 554.981729 seconds; average write time: 554.981729 seconds.
Total read time: 116.828022; average read time: 12.980891
Total time: 671.809751, total average time: 67.180975

[2022-12-13T22:25:15] Child[4293]:
Total write time: 474.691990 seconds; average write time: 474.691990 seconds.
Total read time: 199.231107; average read time: 22.136790
Total time: 673.923097, total average time: 67.392310

[2022-12-13T22:25:17] Child[5272]:
Total write time: 295.917228 seconds; average write time: 147.958614 seconds.
Total read time: 379.501485; average read time: 47.437686
Total time: 675.418713, total average time: 67.541871

[2022-12-13T22:25:17] Child[5011]:
Total write time: 342.401699 seconds; average write time: 171.200850 seconds.
Total read time: 330.080113; average read time: 41.260014
Total time: 672.481812, total average time: 67.248181

[2022-12-13T22:25:17] Child[5214]:
Total write time: 620.467058 seconds; average write time: 310.233529 seconds.
Total read time: 50.656339; average read time: 6.332042
Total time: 671.123397, total average time: 67.112340

[2022-12-13T22:25:17] Child[5448]:
Total write time: 0.000000 seconds; average write time: 0.000000 seconds.
Total read time: 672.586379; average read time: 67.258638
Total time: 672.586379, total average time: 67.258638

[2022-12-13T22:25:17] Child[4972]:
Total write time: 398.852961 seconds; average write time: 199.426480 seconds.
Total read time: 276.402739; average read time: 34.550342
Total time: 675.255700, total average time: 67.525570

[2022-12-13T22:25:18] Child[4714]:
Total write time: 545.425298 seconds; average write time: 272.712649 seconds.
Total read time: 130.587765; average read time: 16.323471
Total time: 676.013063, total average time: 67.601306

[2022-12-13T22:25:18] Child[4358]:
Total write time: 483.080975 seconds; average write time: 161.026992 seconds.
Total read time: 188.958654; average read time: 26.994093
Total time: 672.039629, total average time: 67.203963

[2022-12-13T22:25:18] Child[5019]:
Total write time: 252.757307 seconds; average write time: 252.757307 seconds.
Total read time: 418.884611; average read time: 46.542735
Total time: 671.641918, total average time: 67.164192

[2022-12-13T22:25:19] Child[4208]:
Total write time: 595.929469 seconds; average write time: 595.929469 seconds.
Total read time: 77.261908; average read time: 8.584656
Total time: 673.191377, total average time: 67.319138

[2022-12-13T22:25:20] Child[5184]:
Total write time: 436.775000 seconds; average write time: 218.387500 seconds.
Total read time: 240.387171; average read time: 30.048396
Total time: 677.162171, total average time: 67.716217

[2022-12-13T22:25:21] Child[5303]:
Total write time: 419.524171 seconds; average write time: 139.841390 seconds.
Total read time: 259.820967; average read time: 37.117281
Total time: 679.345138, total average time: 67.934514

[2022-12-13T22:25:21] Child[4400]:
Total write time: 233.996480 seconds; average write time: 233.996480 seconds.
Total read time: 445.991266; average read time: 49.554585
Total time: 679.987746, total average time: 67.998775

[2022-12-13T22:25:22] Child[4044]:
Total write time: 0.000000 seconds; average write time: 0.000000 seconds.
Total read time: 679.096185; average read time: 67.909618
Total time: 679.096185, total average time: 67.909618

[2022-12-13T22:25:22] Child[5429]:
Total write time: 432.765483 seconds; average write time: 432.765483 seconds.
Total read time: 245.412657; average read time: 27.268073
Total time: 678.178140, total average time: 67.817814

[2022-12-13T22:25:22] Child[5501]:
Total write time: 346.441345 seconds; average write time: 346.441345 seconds.
Total read time: 329.725511; average read time: 36.636168
Total time: 676.166856, total average time: 67.616686

[2022-12-13T22:25:22] Child[4063]:
Total write time: 600.935586 seconds; average write time: 300.467793 seconds.
Total read time: 77.682771; average read time: 9.710346
Total time: 678.618357, total average time: 67.861836

[2022-12-13T22:25:24] Child[4232]:
Total write time: 365.400345 seconds; average write time: 365.400345 seconds.
Total read time: 314.299155; average read time: 34.922128
Total time: 679.699500, total average time: 67.969950

[2022-12-13T22:25:24] Child[4023]:
Total write time: 3.830323 seconds; average write time: 3.830323 seconds.
Total read time: 677.075600; average read time: 75.230622
Total time: 680.905923, total average time: 68.090592

[2022-12-13T22:25:24] Child[5225]:
Total write time: 262.688686 seconds; average write time: 262.688686 seconds.
Total read time: 418.781319; average read time: 46.531258
Total time: 681.470005, total average time: 68.147001

[2022-12-13T22:25:25] Child[4340]:
Total write time: 436.878918 seconds; average write time: 145.626306 seconds.
Total read time: 244.682433; average read time: 34.954633
Total time: 681.561351, total average time: 68.156135

[2022-12-13T22:25:25] Child[4452]:
Total write time: 77.410731 seconds; average write time: 77.410731 seconds.
Total read time: 601.014200; average read time: 66.779356
Total time: 678.424931, total average time: 67.842493

[2022-12-13T22:25:26] Child[4850]:
Total write time: 365.223972 seconds; average write time: 182.611986 seconds.
Total read time: 314.413062; average read time: 39.301633
Total time: 679.637034, total average time: 67.963703

[2022-12-13T22:25:26] Child[3966]:
Total write time: 384.703089 seconds; average write time: 384.703089 seconds.
Total read time: 294.259111; average read time: 32.695457
Total time: 678.962200, total average time: 67.896220

[2022-12-13T22:25:26] Child[5043]:
Total write time: 560.377391 seconds; average write time: 280.188695 seconds.
Total read time: 123.216977; average read time: 15.402122
Total time: 683.594368, total average time: 68.359437

[2022-12-13T22:25:26] Child[4104]:
Total write time: 526.130745 seconds; average write time: 263.065373 seconds.
Total read time: 155.057723; average read time: 19.382215
Total time: 681.188468, total average time: 68.118847

[2022-12-13T22:25:27] Child[5351]:
Total write time: 208.555641 seconds; average write time: 208.555641 seconds.
Total read time: 471.288177; average read time: 52.365353
Total time: 679.843818, total average time: 67.984382

[2022-12-13T22:25:27] Child[4252]:
Total write time: 494.170073 seconds; average write time: 247.085037 seconds.
Total read time: 185.399953; average read time: 23.174994
Total time: 679.570026, total average time: 67.957003

[2022-12-13T22:25:28] Child[4402]:
Total write time: 379.389961 seconds; average write time: 126.463320 seconds.
Total read time: 307.443022; average read time: 43.920432
Total time: 686.832983, total average time: 68.683298

[2022-12-13T22:25:28] Child[4995]:
Total write time: 548.668128 seconds; average write time: 274.334064 seconds.
Total read time: 136.117657; average read time: 17.014707
Total time: 684.785785, total average time: 68.478578

[2022-12-13T22:25:29] Child[5337]:
Total write time: 425.284052 seconds; average write time: 212.642026 seconds.
Total read time: 259.526893; average read time: 32.440862
Total time: 684.810945, total average time: 68.481094

[2022-12-13T22:25:29] Child[4635]:
Total write time: 362.206636 seconds; average write time: 362.206636 seconds.
Total read time: 319.232445; average read time: 35.470272
Total time: 681.439081, total average time: 68.143908

[2022-12-13T22:25:29] Child[5240]:
Total write time: 516.342149 seconds; average write time: 172.114050 seconds.
Total read time: 164.312294; average read time: 23.473185
Total time: 680.654443, total average time: 68.065444

[2022-12-13T22:25:29] Child[5042]:
Total write time: 508.237390 seconds; average write time: 508.237390 seconds.
Total read time: 176.562969; average read time: 19.618108
Total time: 684.800359, total average time: 68.480036

[2022-12-13T22:25:30] Child[5330]:
Total write time: 306.044377 seconds; average write time: 306.044377 seconds.
Total read time: 374.235490; average read time: 41.581721
Total time: 680.279867, total average time: 68.027987

[2022-12-13T22:25:31] Child[4290]:
Total write time: 375.576650 seconds; average write time: 375.576650 seconds.
Total read time: 311.742464; average read time: 34.638052
Total time: 687.319114, total average time: 68.731911

[2022-12-13T22:25:31] Child[5428]:
Total write time: 509.027557 seconds; average write time: 509.027557 seconds.
Total read time: 179.207976; average read time: 19.911997
Total time: 688.235533, total average time: 68.823553

[2022-12-13T22:25:32] Child[4004]:
Total write time: 485.778575 seconds; average write time: 485.778575 seconds.
Total read time: 201.329303; average read time: 22.369923
Total time: 687.107878, total average time: 68.710788

[2022-12-13T22:25:32] Child[3977]:
Total write time: 115.288818 seconds; average write time: 38.429606 seconds.
Total read time: 573.474257; average read time: 81.924894
Total time: 688.763075, total average time: 68.876307

[2022-12-13T22:25:32] Child[5217]:
Total write time: 285.855983 seconds; average write time: 285.855983 seconds.
Total read time: 397.090523; average read time: 44.121169
Total time: 682.946506, total average time: 68.294651

[2022-12-13T22:25:33] Child[4825]:
Total write time: 501.498544 seconds; average write time: 250.749272 seconds.
Total read time: 187.997695; average read time: 23.499712
Total time: 689.496239, total average time: 68.949624

[2022-12-13T22:25:34] Child[4013]:
Total write time: 569.759221 seconds; average write time: 284.879611 seconds.
Total read time: 118.734295; average read time: 14.841787
Total time: 688.493516, total average time: 68.849352

[2022-12-13T22:25:34] Child[5363]:
Total write time: 0.000000 seconds; average write time: 0.000000 seconds.
Total read time: 689.941394; average read time: 68.994139
Total time: 689.941394, total average time: 68.994139

[2022-12-13T22:25:34] Child[4338]:
Total write time: 293.609738 seconds; average write time: 293.609738 seconds.
Total read time: 397.693857; average read time: 44.188206
Total time: 691.303595, total average time: 69.130359

[2022-12-13T22:25:34] Child[4468]:
Total write time: 267.887940 seconds; average write time: 133.943970 seconds.
Total read time: 419.363989; average read time: 52.420499
Total time: 687.251929, total average time: 68.725193

[2022-12-13T22:25:35] Child[3997]:
Total write time: 445.109487 seconds; average write time: 445.109487 seconds.
Total read time: 245.789419; average read time: 27.309935
Total time: 690.898906, total average time: 69.089891

[2022-12-13T22:25:35] Child[5285]:
Total write time: 617.620377 seconds; average write time: 617.620377 seconds.
Total read time: 68.963593; average read time: 7.662621
Total time: 686.583970, total average time: 68.658397

[2022-12-13T22:25:35] Child[5161]:
Total write time: 0.000000 seconds; average write time: 0.000000 seconds.
Total read time: 688.249996; average read time: 68.825000
Total time: 688.249996, total average time: 68.825000

[2022-12-13T22:25:36] Child[4014]:
Total write time: 505.145425 seconds; average write time: 505.145425 seconds.
Total read time: 181.965655; average read time: 20.218406
Total time: 687.111080, total average time: 68.711108

[2022-12-13T22:25:36] Child[4149]:
Total write time: 466.169435 seconds; average write time: 233.084718 seconds.
Total read time: 221.916480; average read time: 27.739560
Total time: 688.085915, total average time: 68.808592

[2022-12-13T22:25:36] Child[4132]:
Total write time: 517.520619 seconds; average write time: 172.506873 seconds.
Total read time: 172.962254; average read time: 24.708893
Total time: 690.482873, total average time: 69.048287

[2022-12-13T22:25:36] Child[4279]:
Total write time: 0.000000 seconds; average write time: 0.000000 seconds.
Total read time: 692.200672; average read time: 69.220067
Total time: 692.200672, total average time: 69.220067

[2022-12-13T22:25:36] Child[4770]:
Total write time: 631.405855 seconds; average write time: 631.405855 seconds.
Total read time: 57.794834; average read time: 6.421648
Total time: 689.200689, total average time: 68.920069

[2022-12-13T22:25:36] Child[5356]:
Total write time: 455.357609 seconds; average write time: 227.678805 seconds.
Total read time: 234.731181; average read time: 29.341398
Total time: 690.088790, total average time: 69.008879

[2022-12-13T22:25:37] Child[5237]:
Total write time: 606.697706 seconds; average write time: 606.697706 seconds.
Total read time: 85.884014; average read time: 9.542668
Total time: 692.581720, total average time: 69.258172

[2022-12-13T22:25:37] Child[4116]:
Total write time: 0.000000 seconds; average write time: 0.000000 seconds.
Total read time: 695.032102; average read time: 69.503210
Total time: 695.032102, total average time: 69.503210

[2022-12-13T22:25:40] Child[5099]:
Total write time: 672.953029 seconds; average write time: 336.476515 seconds.
Total read time: 23.749718; average read time: 2.968715
Total time: 696.702747, total average time: 69.670275

[2022-12-13T22:25:40] Child[4911]:
Total write time: 268.983939 seconds; average write time: 268.983939 seconds.
Total read time: 424.615124; average read time: 47.179458
Total time: 693.599063, total average time: 69.359906

[2022-12-13T22:25:41] Child[5070]:
Total write time: 528.577223 seconds; average write time: 264.288612 seconds.
Total read time: 166.036085; average read time: 20.754511
Total time: 694.613308, total average time: 69.461331

[2022-12-13T22:25:41] Child[4618]:
Total write time: 616.568804 seconds; average write time: 205.522935 seconds.
Total read time: 80.557859; average read time: 11.508266
Total time: 697.126663, total average time: 69.712666

[2022-12-13T22:25:41] Child[4357]:
Total write time: 621.714443 seconds; average write time: 310.857221 seconds.
Total read time: 75.697111; average read time: 9.462139
Total time: 697.411554, total average time: 69.741155

[2022-12-13T22:25:42] Child[5499]:
Total write time: 657.382545 seconds; average write time: 657.382545 seconds.
Total read time: 34.834824; average read time: 3.870536
Total time: 692.217369, total average time: 69.221737

[2022-12-13T22:25:42] Child[5352]:
Total write time: 499.463500 seconds; average write time: 499.463500 seconds.
Total read time: 197.265614; average read time: 21.918402
Total time: 696.729114, total average time: 69.672911

[2022-12-13T22:25:42] Child[4728]:
Total write time: 491.838194 seconds; average write time: 163.946065 seconds.
Total read time: 202.175367; average read time: 28.882195
Total time: 694.013561, total average time: 69.401356

[2022-12-13T22:25:42] Child[4223]:
Total write time: 583.566853 seconds; average write time: 291.783427 seconds.
Total read time: 117.144674; average read time: 14.643084
Total time: 700.711527, total average time: 70.071153

[2022-12-13T22:25:43] Child[4554]:
Total write time: 519.144258 seconds; average write time: 129.786065 seconds.
Total read time: 180.193269; average read time: 30.032211
Total time: 699.337527, total average time: 69.933753

[2022-12-13T22:25:43] Child[5064]:
Total write time: 142.143329 seconds; average write time: 71.071664 seconds.
Total read time: 550.095303; average read time: 68.761913
Total time: 692.238632, total average time: 69.223863

[2022-12-13T22:25:43] Child[4100]:
Total write time: 385.400812 seconds; average write time: 128.466937 seconds.
Total read time: 311.709277; average read time: 44.529897
Total time: 697.110089, total average time: 69.711009

[2022-12-13T22:25:44] Child[5409]:
Total write time: 614.479805 seconds; average write time: 614.479805 seconds.
Total read time: 81.214374; average read time: 9.023819
Total time: 695.694179, total average time: 69.569418

[2022-12-13T22:25:44] Child[4193]:
Total write time: 395.053634 seconds; average write time: 197.526817 seconds.
Total read time: 304.061678; average read time: 38.007710
Total time: 699.115312, total average time: 69.911531

[2022-12-13T22:25:45] Child[5156]:
Total write time: 446.670040 seconds; average write time: 223.335020 seconds.
Total read time: 254.990443; average read time: 31.873805
Total time: 701.660483, total average time: 70.166048

[2022-12-13T22:25:45] Child[4985]:
Total write time: 631.350028 seconds; average write time: 315.675014 seconds.
Total read time: 70.164115; average read time: 8.770514
Total time: 701.514143, total average time: 70.151414

[2022-12-13T22:25:46] Child[5306]:
Total write time: 345.886011 seconds; average write time: 345.886011 seconds.
Total read time: 351.471075; average read time: 39.052342
Total time: 697.357086, total average time: 69.735709

[2022-12-13T22:25:46] Child[4250]:
Total write time: 591.035577 seconds; average write time: 591.035577 seconds.
Total read time: 103.034898; average read time: 11.448322
Total time: 694.070475, total average time: 69.407048

[2022-12-13T22:25:46] Child[4485]:
Total write time: 648.453190 seconds; average write time: 324.226595 seconds.
Total read time: 52.905369; average read time: 6.613171
Total time: 701.358559, total average time: 70.135856

[2022-12-13T22:25:46] Child[5390]:
Total write time: 446.797392 seconds; average write time: 223.398696 seconds.
Total read time: 253.799198; average read time: 31.724900
Total time: 700.596590, total average time: 70.059659

[2022-12-13T22:25:47] Child[5385]:
Total write time: 584.840312 seconds; average write time: 292.420156 seconds.
Total read time: 119.372737; average read time: 14.921592
Total time: 704.213049, total average time: 70.421305

[2022-12-13T22:25:48] Child[5333]:
Total write time: 227.175201 seconds; average write time: 227.175201 seconds.
Total read time: 477.748024; average read time: 53.083114
Total time: 704.923225, total average time: 70.492323

[2022-12-13T22:25:48] Child[3975]:
Total write time: 304.346029 seconds; average write time: 152.173014 seconds.
Total read time: 397.755408; average read time: 49.719426
Total time: 702.101437, total average time: 70.210144

[2022-12-13T22:25:48] Child[5490]:
Total write time: 401.582824 seconds; average write time: 200.791412 seconds.
Total read time: 304.350595; average read time: 38.043824
Total time: 705.933419, total average time: 70.593342

[2022-12-13T22:25:49] Child[4324]:
Total write time: 499.902038 seconds; average write time: 499.902038 seconds.
Total read time: 205.811746; average read time: 22.867972
Total time: 705.713784, total average time: 70.571378

[2022-12-13T22:25:50] Child[3962]:
Total write time: 494.014130 seconds; average write time: 494.014130 seconds.
Total read time: 212.514153; average read time: 23.612684
Total time: 706.528283, total average time: 70.652828

[2022-12-13T22:25:51] Child[4853]:
Total write time: 593.536634 seconds; average write time: 296.768317 seconds.
Total read time: 115.825409; average read time: 14.478176
Total time: 709.362043, total average time: 70.936204

[2022-12-13T22:25:52] Child[4888]:
Total write time: 512.903716 seconds; average write time: 512.903716 seconds.
Total read time: 196.061876; average read time: 21.784653
Total time: 708.965592, total average time: 70.896559

[2022-12-13T22:25:53] Child[5136]:
Total write time: 313.958990 seconds; average write time: 313.958990 seconds.
Total read time: 390.328126; average read time: 43.369792
Total time: 704.287116, total average time: 70.428712

[2022-12-13T22:25:53] Child[4029]:
Total write time: 651.671627 seconds; average write time: 325.835813 seconds.
Total read time: 56.703408; average read time: 7.087926
Total time: 708.375035, total average time: 70.837503

[2022-12-13T22:25:53] Child[5318]:
Total write time: 188.471972 seconds; average write time: 188.471972 seconds.
Total read time: 520.377404; average read time: 57.819712
Total time: 708.849376, total average time: 70.884938

[2022-12-13T22:25:54] Child[5358]:
Total write time: 253.698254 seconds; average write time: 253.698254 seconds.
Total read time: 456.742734; average read time: 50.749193
Total time: 710.440988, total average time: 71.044099

[2022-12-13T22:25:54] Child[4412]:
Total write time: 536.529997 seconds; average write time: 268.264998 seconds.
Total read time: 177.014239; average read time: 22.126780
Total time: 713.544236, total average time: 71.354424

[2022-12-13T22:25:54] Child[4070]:
Total write time: 583.701078 seconds; average write time: 291.850539 seconds.
Total read time: 126.142810; average read time: 15.767851
Total time: 709.843888, total average time: 70.984389

[2022-12-13T22:25:54] Child[5112]:
Total write time: 301.990075 seconds; average write time: 301.990075 seconds.
Total read time: 407.173995; average read time: 45.241555
Total time: 709.164070, total average time: 70.916407

[2022-12-13T22:25:55] Child[4096]:
Total write time: 504.620859 seconds; average write time: 504.620859 seconds.
Total read time: 204.620399; average read time: 22.735600
Total time: 709.241258, total average time: 70.924126

[2022-12-13T22:25:56] Child[5307]:
Total write time: 408.039234 seconds; average write time: 408.039234 seconds.
Total read time: 303.087361; average read time: 33.676373
Total time: 711.126595, total average time: 71.112660

[2022-12-13T22:25:56] Child[5396]:
Total write time: 644.119061 seconds; average write time: 644.119061 seconds.
Total read time: 70.055554; average read time: 7.783950
Total time: 714.174615, total average time: 71.417462

[2022-12-13T22:25:56] Child[5496]:
Total write time: 384.297962 seconds; average write time: 384.297962 seconds.
Total read time: 323.811883; average read time: 35.979098
Total time: 708.109845, total average time: 70.810985

[2022-12-13T22:25:58] Child[5269]:
Total write time: 627.561717 seconds; average write time: 627.561717 seconds.
Total read time: 85.492183; average read time: 9.499131
Total time: 713.053900, total average time: 71.305390

[2022-12-13T22:25:58] Child[4295]:
Total write time: 359.033665 seconds; average write time: 359.033665 seconds.
Total read time: 352.991631; average read time: 39.221292
Total time: 712.025296, total average time: 71.202530

[2022-12-13T22:25:59] Child[4072]:
Total write time: 233.135111 seconds; average write time: 233.135111 seconds.
Total read time: 481.555270; average read time: 53.506141
Total time: 714.690381, total average time: 71.469038

[2022-12-13T22:25:59] Child[5417]:
Total write time: 475.481122 seconds; average write time: 475.481122 seconds.
Total read time: 240.321704; average read time: 26.702412
Total time: 715.802826, total average time: 71.580283

[2022-12-13T22:26:00] Child[5367]:
Total write time: 378.897170 seconds; average write time: 189.448585 seconds.
Total read time: 338.645276; average read time: 42.330660
Total time: 717.542446, total average time: 71.754245

[2022-12-13T22:26:00] Child[4095]:
Total write time: 257.237926 seconds; average write time: 128.618963 seconds.
Total read time: 462.863429; average read time: 57.857929
Total time: 720.101355, total average time: 72.010136

[2022-12-13T22:26:00] Child[5467]:
Total write time: 176.662814 seconds; average write time: 176.662814 seconds.
Total read time: 539.317891; average read time: 59.924210
Total time: 715.980705, total average time: 71.598071

[2022-12-13T22:26:00] Child[5068]:
Total write time: 583.375111 seconds; average write time: 583.375111 seconds.
Total read time: 130.706765; average read time: 14.522974
Total time: 714.081876, total average time: 71.408188

[2022-12-13T22:26:00] Child[4043]:
Total write time: 217.543283 seconds; average write time: 108.771642 seconds.
Total read time: 494.834332; average read time: 61.854292
Total time: 712.377615, total average time: 71.237762

[2022-12-13T22:26:01] Child[4181]:
Total write time: 641.047336 seconds; average write time: 320.523668 seconds.
Total read time: 77.451464; average read time: 9.681433
Total time: 718.498800, total average time: 71.849880

[2022-12-13T22:26:02] Child[5320]:
Total write time: 550.113416 seconds; average write time: 275.056708 seconds.
Total read time: 166.897034; average read time: 20.862129
Total time: 717.010450, total average time: 71.701045

[2022-12-13T22:26:02] Child[5383]:
Total write time: 638.494843 seconds; average write time: 638.494843 seconds.
Total read time: 73.670650; average read time: 8.185628
Total time: 712.165493, total average time: 71.216549

[2022-12-13T22:26:03] Child[5213]:
Total write time: 649.778023 seconds; average write time: 649.778023 seconds.
Total read time: 67.986538; average read time: 7.554060
Total time: 717.764561, total average time: 71.776456

[2022-12-13T22:26:03] Child[4854]:
Total write time: 349.085729 seconds; average write time: 174.542865 seconds.
Total read time: 369.549840; average read time: 46.193730
Total time: 718.635569, total average time: 71.863557

[2022-12-13T22:26:03] Child[5204]:
Total write time: 604.996487 seconds; average write time: 201.665496 seconds.
Total read time: 114.311442; average read time: 16.330206
Total time: 719.307929, total average time: 71.930793

[2022-12-13T22:26:04] Child[4046]:
Total write time: 597.645991 seconds; average write time: 597.645991 seconds.
Total read time: 120.427575; average read time: 13.380842
Total time: 718.073566, total average time: 71.807357

[2022-12-13T22:26:04] Child[5317]:
Total write time: 599.629891 seconds; average write time: 199.876630 seconds.
Total read time: 120.481433; average read time: 17.211633
Total time: 720.111324, total average time: 72.011132

[2022-12-13T22:26:05] Child[4199]:
Total write time: 597.209475 seconds; average write time: 298.604737 seconds.
Total read time: 125.878737; average read time: 15.734842
Total time: 723.088212, total average time: 72.308821

[2022-12-13T22:26:05] Child[5146]:
Total write time: 644.283041 seconds; average write time: 644.283041 seconds.
Total read time: 74.318280; average read time: 8.257587
Total time: 718.601321, total average time: 71.860132

[2022-12-13T22:26:06] Child[4913]:
Total write time: 572.717511 seconds; average write time: 286.358755 seconds.
Total read time: 147.526689; average read time: 18.440836
Total time: 720.244200, total average time: 72.024420

[2022-12-13T22:26:06] Child[4329]:
Total write time: 561.164440 seconds; average write time: 561.164440 seconds.
Total read time: 159.792453; average read time: 17.754717
Total time: 720.956893, total average time: 72.095689

[2022-12-13T22:26:06] Child[5113]:
Total write time: 604.039824 seconds; average write time: 201.346608 seconds.
Total read time: 113.786863; average read time: 16.255266
Total time: 717.826687, total average time: 71.782669

[2022-12-13T22:26:07] Child[4565]:
Total write time: 416.683272 seconds; average write time: 416.683272 seconds.
Total read time: 304.519103; average read time: 33.835456
Total time: 721.202375, total average time: 72.120238

[2022-12-13T22:26:07] Child[4257]:
Total write time: 641.970269 seconds; average write time: 641.970269 seconds.
Total read time: 81.135748; average read time: 9.015083
Total time: 723.106017, total average time: 72.310602

[2022-12-13T22:26:07] Child[5489]:
Total write time: 618.524677 seconds; average write time: 206.174892 seconds.
Total read time: 102.738123; average read time: 14.676875
Total time: 721.262800, total average time: 72.126280

[2022-12-13T22:26:07] Child[5279]:
Total write time: 420.435057 seconds; average write time: 420.435057 seconds.
Total read time: 304.031696; average read time: 33.781300
Total time: 724.466753, total average time: 72.446675

[2022-12-13T22:26:08] Child[4631]:
Total write time: 494.472498 seconds; average write time: 494.472498 seconds.
Total read time: 225.860553; average read time: 25.095617
Total time: 720.333051, total average time: 72.033305

[2022-12-13T22:26:09] Child[5314]:
Total write time: 671.070062 seconds; average write time: 671.070062 seconds.
Total read time: 50.980953; average read time: 5.664550
Total time: 722.051015, total average time: 72.205101

[2022-12-13T22:26:10] Child[4206]:
Total write time: 510.539692 seconds; average write time: 510.539692 seconds.
Total read time: 212.551334; average read time: 23.616815
Total time: 723.091026, total average time: 72.309103

[2022-12-13T22:26:11] Child[5479]:
Total write time: 621.008549 seconds; average write time: 621.008549 seconds.
Total read time: 104.035753; average read time: 11.559528
Total time: 725.044302, total average time: 72.504430

[2022-12-13T22:26:13] Child[4259]:
Total write time: 665.969548 seconds; average write time: 166.492387 seconds.
Total read time: 61.857150; average read time: 10.309525
Total time: 727.826698, total average time: 72.782670

[2022-12-13T22:26:13] Child[3983]:
Total write time: 511.641734 seconds; average write time: 255.820867 seconds.
Total read time: 219.013707; average read time: 27.376713
Total time: 730.655441, total average time: 73.065544

[2022-12-13T22:26:13] Child[3996]:
Total write time: 52.493034 seconds; average write time: 52.493034 seconds.
Total read time: 674.584771; average read time: 74.953863
Total time: 727.077805, total average time: 72.707780

[2022-12-13T22:26:13] Child[4244]:
Total write time: 572.505476 seconds; average write time: 190.835159 seconds.
Total read time: 155.672504; average read time: 22.238929
Total time: 728.177980, total average time: 72.817798

[2022-12-13T22:26:13] Child[4101]:
Total write time: 614.137294 seconds; average write time: 614.137294 seconds.
Total read time: 113.265626; average read time: 12.585070
Total time: 727.402920, total average time: 72.740292

[2022-12-13T22:26:13] Child[5407]:
Total write time: 604.399300 seconds; average write time: 302.199650 seconds.
Total read time: 128.047654; average read time: 16.005957
Total time: 732.446954, total average time: 73.244695

[2022-12-13T22:26:14] Child[5036]:
Total write time: 402.461454 seconds; average write time: 134.153818 seconds.
Total read time: 329.900320; average read time: 47.128617
Total time: 732.361774, total average time: 73.236177

[2022-12-13T22:26:14] Child[5119]:
Total write time: 506.016614 seconds; average write time: 506.016614 seconds.
Total read time: 226.554661; average read time: 25.172740
Total time: 732.571275, total average time: 73.257127

[2022-12-13T22:26:14] Child[5194]:
Total write time: 594.912979 seconds; average write time: 297.456489 seconds.
Total read time: 136.721090; average read time: 17.090136
Total time: 731.634069, total average time: 73.163407

[2022-12-13T22:26:16] Child[4756]:
Total write time: 582.319833 seconds; average write time: 291.159917 seconds.
Total read time: 148.792736; average read time: 18.599092
Total time: 731.112569, total average time: 73.111257

[2022-12-13T22:26:16] Child[5085]:
Total write time: 715.262641 seconds; average write time: 357.631321 seconds.
Total read time: 16.511722; average read time: 2.063965
Total time: 731.774363, total average time: 73.177436

[2022-12-13T22:26:17] Child[3943]:
Total write time: 633.917168 seconds; average write time: 211.305723 seconds.
Total read time: 101.024310; average read time: 14.432044
Total time: 734.941478, total average time: 73.494148

[2022-12-13T22:26:19] Child[4271]:
Total write time: 693.559353 seconds; average write time: 231.186451 seconds.
Total read time: 43.306408; average read time: 6.186630
Total time: 736.865761, total average time: 73.686576

[2022-12-13T22:26:19] Child[4641]:
Total write time: 488.485629 seconds; average write time: 244.242815 seconds.
Total read time: 244.668129; average read time: 30.583516
Total time: 733.153758, total average time: 73.315376

[2022-12-13T22:26:19] Child[5098]:
Total write time: 315.457438 seconds; average write time: 105.152479 seconds.
Total read time: 418.311442; average read time: 59.758777
Total time: 733.768880, total average time: 73.376888

[2022-12-13T22:26:20] Child[5131]:
Total write time: 259.918554 seconds; average write time: 86.639518 seconds.
Total read time: 476.479155; average read time: 68.068451
Total time: 736.397709, total average time: 73.639771

[2022-12-13T22:26:21] Child[5283]:
Total write time: 451.250428 seconds; average write time: 225.625214 seconds.
Total read time: 286.745673; average read time: 35.843209
Total time: 737.996101, total average time: 73.799610

[2022-12-13T22:26:21] Child[4792]:
Total write time: 396.088981 seconds; average write time: 396.088981 seconds.
Total read time: 340.126036; average read time: 37.791782
Total time: 736.215017, total average time: 73.621502

[2022-12-13T22:26:22] Child[4341]:
Total write time: 585.702815 seconds; average write time: 585.702815 seconds.
Total read time: 154.250282; average read time: 17.138920
Total time: 739.953097, total average time: 73.995310

[2022-12-13T22:26:22] Child[5313]:
Total write time: 616.367504 seconds; average write time: 616.367504 seconds.
Total read time: 116.943639; average read time: 12.993738
Total time: 733.311143, total average time: 73.331114

[2022-12-13T22:26:23] Child[4420]:
Total write time: 614.262681 seconds; average write time: 614.262681 seconds.
Total read time: 126.833745; average read time: 14.092638
Total time: 741.096426, total average time: 74.109643

[2022-12-13T22:26:24] Child[4087]:
Total write time: 356.015575 seconds; average write time: 178.007788 seconds.
Total read time: 384.673977; average read time: 48.084247
Total time: 740.689552, total average time: 74.068955

[2022-12-13T22:26:24] Child[4249]:
Total write time: 522.099269 seconds; average write time: 174.033090 seconds.
Total read time: 219.390356; average read time: 31.341479
Total time: 741.489625, total average time: 74.148962

[2022-12-13T22:26:25] Child[5414]:
Total write time: 678.504266 seconds; average write time: 339.252133 seconds.
Total read time: 64.270928; average read time: 8.033866
Total time: 742.775194, total average time: 74.277519

[2022-12-13T22:26:26] Child[5439]:
Total write time: 379.495930 seconds; average write time: 379.495930 seconds.
Total read time: 361.244676; average read time: 40.138297
Total time: 740.740606, total average time: 74.074061

[2022-12-13T22:26:26] Child[4180]:
Total write time: 500.103683 seconds; average write time: 500.103683 seconds.
Total read time: 242.592937; average read time: 26.954771
Total time: 742.696620, total average time: 74.269662

[2022-12-13T22:26:27] Child[4083]:
Total write time: 598.633491 seconds; average write time: 598.633491 seconds.
Total read time: 142.372629; average read time: 15.819181
Total time: 741.006120, total average time: 74.100612

[2022-12-13T22:26:27] Child[5181]:
Total write time: 479.990488 seconds; average write time: 479.990488 seconds.
Total read time: 263.717304; average read time: 29.301923
Total time: 743.707792, total average time: 74.370779

[2022-12-13T22:26:27] Child[4930]:
Total write time: 568.256112 seconds; average write time: 568.256112 seconds.
Total read time: 174.359381; average read time: 19.373265
Total time: 742.615493, total average time: 74.261549

[2022-12-13T22:26:28] Child[5465]:
Total write time: 498.244603 seconds; average write time: 498.244603 seconds.
Total read time: 242.867812; average read time: 26.985312
Total time: 741.112415, total average time: 74.111242

[2022-12-13T22:26:28] Child[5170]:
Total write time: 671.342193 seconds; average write time: 671.342193 seconds.
Total read time: 73.333623; average read time: 8.148180
Total time: 744.675816, total average time: 74.467582

[2022-12-13T22:26:28] Child[5322]:
Total write time: 584.055574 seconds; average write time: 292.027787 seconds.
Total read time: 162.132390; average read time: 20.266549
Total time: 746.187964, total average time: 74.618796

[2022-12-13T22:26:28] Child[4028]:
Total write time: 720.330444 seconds; average write time: 720.330444 seconds.
Total read time: 24.039307; average read time: 2.671034
Total time: 744.369751, total average time: 74.436975

[2022-12-13T22:26:28] Child[4269]:
Total write time: 209.163803 seconds; average write time: 209.163803 seconds.
Total read time: 535.913374; average read time: 59.545930
Total time: 745.077177, total average time: 74.507718

[2022-12-13T22:26:28] Child[4298]:
Total write time: 0.000000 seconds; average write time: 0.000000 seconds.
Total read time: 745.400334; average read time: 74.540033
Total time: 745.400334, total average time: 74.540033

[2022-12-13T22:26:29] Child[5031]:
Total write time: 504.697012 seconds; average write time: 504.697012 seconds.
Total read time: 238.530014; average read time: 26.503335
Total time: 743.227026, total average time: 74.322703

[2022-12-13T22:26:29] Child[5349]:
Total write time: 354.373039 seconds; average write time: 354.373039 seconds.
Total read time: 389.444116; average read time: 43.271568
Total time: 743.817155, total average time: 74.381715

[2022-12-13T22:26:29] Child[4003]:
Total write time: 630.093705 seconds; average write time: 315.046852 seconds.
Total read time: 112.997649; average read time: 14.124706
Total time: 743.091354, total average time: 74.309135

[2022-12-13T22:26:30] Child[5086]:
Total write time: 348.402461 seconds; average write time: 174.201231 seconds.
Total read time: 396.392276; average read time: 49.549034
Total time: 744.794737, total average time: 74.479474

[2022-12-13T22:26:30] Child[5371]:
Total write time: 712.430363 seconds; average write time: 178.107591 seconds.
Total read time: 34.227288; average read time: 5.704548
Total time: 746.657651, total average time: 74.665765

[2022-12-13T22:26:30] Child[5359]:
Total write time: 429.659290 seconds; average write time: 429.659290 seconds.
Total read time: 317.088566; average read time: 35.232063
Total time: 746.747856, total average time: 74.674786

[2022-12-13T22:26:31] Child[5492]:
Total write time: 524.983359 seconds; average write time: 262.491679 seconds.
Total read time: 217.846410; average read time: 27.230801
Total time: 742.829769, total average time: 74.282977

[2022-12-13T22:26:31] Child[4411]:
Total write time: 412.187922 seconds; average write time: 412.187922 seconds.
Total read time: 336.875812; average read time: 37.430646
Total time: 749.063734, total average time: 74.906373

[2022-12-13T22:26:32] Child[4123]:
Total write time: 512.567017 seconds; average write time: 512.567017 seconds.
Total read time: 235.073399; average read time: 26.119267
Total time: 747.640416, total average time: 74.764042

[2022-12-13T22:26:34] Child[4057]:
Total write time: 715.942893 seconds; average write time: 238.647631 seconds.
Total read time: 34.169061; average read time: 4.881294
Total time: 750.111954, total average time: 75.011195

[2022-12-13T22:26:34] Child[5381]:
Total write time: 271.254379 seconds; average write time: 271.254379 seconds.
Total read time: 479.828965; average read time: 53.314329
Total time: 751.083344, total average time: 75.108334

[2022-12-13T22:26:35] Child[4885]:
Total write time: 622.253511 seconds; average write time: 622.253511 seconds.
Total read time: 127.682822; average read time: 14.186980
Total time: 749.936333, total average time: 74.993633

[2022-12-13T22:26:36] Child[4261]:
Total write time: 460.359845 seconds; average write time: 460.359845 seconds.
Total read time: 293.225410; average read time: 32.580601
Total time: 753.585255, total average time: 75.358525

[2022-12-13T22:26:36] Child[4041]:
Total write time: 559.758802 seconds; average write time: 559.758802 seconds.
Total read time: 193.172392; average read time: 21.463599
Total time: 752.931194, total average time: 75.293119

[2022-12-13T22:26:37] Child[4785]:
Total write time: 631.752916 seconds; average write time: 631.752916 seconds.
Total read time: 113.627203; average read time: 12.625245
Total time: 745.380119, total average time: 74.538012

[2022-12-13T22:26:37] Child[5294]:
Total write time: 599.874837 seconds; average write time: 149.968709 seconds.
Total read time: 152.422071; average read time: 25.403679
Total time: 752.296908, total average time: 75.229691

[2022-12-13T22:26:37] Child[4121]:
Total write time: 703.478609 seconds; average write time: 703.478609 seconds.
Total read time: 48.659793; average read time: 5.406644
Total time: 752.138402, total average time: 75.213840

[2022-12-13T22:26:37] Child[5354]:
Total write time: 544.621223 seconds; average write time: 544.621223 seconds.
Total read time: 205.733025; average read time: 22.859225
Total time: 750.354248, total average time: 75.035425

[2022-12-13T22:26:37] Child[4076]:
Total write time: 415.688795 seconds; average write time: 415.688795 seconds.
Total read time: 337.950548; average read time: 37.550061
Total time: 753.639343, total average time: 75.363934

[2022-12-13T22:26:38] Child[5039]:
Total write time: 283.153927 seconds; average write time: 283.153927 seconds.
Total read time: 470.082120; average read time: 52.231347
Total time: 753.236047, total average time: 75.323605

[2022-12-13T22:26:39] Child[4142]:
Total write time: 739.251556 seconds; average write time: 739.251556 seconds.
Total read time: 14.379807; average read time: 1.597756
Total time: 753.631363, total average time: 75.363136

[2022-12-13T22:26:39] Child[4895]:
Total write time: 612.088071 seconds; average write time: 306.044036 seconds.
Total read time: 141.663256; average read time: 17.707907
Total time: 753.751327, total average time: 75.375133

[2022-12-13T22:26:40] Child[5506]:
Total write time: 488.943741 seconds; average write time: 244.471870 seconds.
Total read time: 265.251979; average read time: 33.156497
Total time: 754.195720, total average time: 75.419572

[2022-12-13T22:26:40] Child[5400]:
Total write time: 545.129507 seconds; average write time: 545.129507 seconds.
Total read time: 209.052990; average read time: 23.228110
Total time: 754.182497, total average time: 75.418250

[2022-12-13T22:26:40] Child[4135]:
Total write time: 415.738668 seconds; average write time: 415.738668 seconds.
Total read time: 343.533481; average read time: 38.170387
Total time: 759.272149, total average time: 75.927215

[2022-12-13T22:26:40] Child[4226]:
Total write time: 607.187756 seconds; average write time: 607.187756 seconds.
Total read time: 150.235383; average read time: 16.692820
Total time: 757.423139, total average time: 75.742314

[2022-12-13T22:26:40] Child[4607]:
Total write time: 597.381281 seconds; average write time: 597.381281 seconds.
Total read time: 159.427598; average read time: 17.714178
Total time: 756.808879, total average time: 75.680888

[2022-12-13T22:26:41] Child[4501]:
Total write time: 390.395135 seconds; average write time: 390.395135 seconds.
Total read time: 366.872916; average read time: 40.763657
Total time: 757.268051, total average time: 75.726805

[2022-12-13T22:26:41] Child[4570]:
Total write time: 635.864166 seconds; average write time: 211.954722 seconds.
Total read time: 118.276684; average read time: 16.896669
Total time: 754.140850, total average time: 75.414085

[2022-12-13T22:26:42] Child[4156]:
Total write time: 668.722464 seconds; average write time: 334.361232 seconds.
Total read time: 88.476009; average read time: 11.059501
Total time: 757.198473, total average time: 75.719847

[2022-12-13T22:26:42] Child[4077]:
Total write time: 374.020964 seconds; average write time: 374.020964 seconds.
Total read time: 383.407251; average read time: 42.600806
Total time: 757.428215, total average time: 75.742822

[2022-12-13T22:26:42] Child[5267]:
Total write time: 412.869712 seconds; average write time: 412.869712 seconds.
Total read time: 343.791824; average read time: 38.199092
Total time: 756.661536, total average time: 75.666154

[2022-12-13T22:26:44] Child[5380]:
Total write time: 394.143331 seconds; average write time: 197.071665 seconds.
Total read time: 364.776677; average read time: 45.597085
Total time: 758.920008, total average time: 75.892001

[2022-12-13T22:26:44] Child[4182]:
Total write time: 418.753485 seconds; average write time: 209.376743 seconds.
Total read time: 341.264677; average read time: 42.658085
Total time: 760.018162, total average time: 76.001816

[2022-12-13T22:26:44] Child[4115]:
Total write time: 380.041087 seconds; average write time: 380.041087 seconds.
Total read time: 379.035735; average read time: 42.115082
Total time: 759.076822, total average time: 75.907682

[2022-12-13T22:26:45] Child[4085]:
Total write time: 736.347224 seconds; average write time: 147.269445 seconds.
Total read time: 24.098369; average read time: 4.819674
Total time: 760.445593, total average time: 76.044559

[2022-12-13T22:26:45] Child[4514]:
Total write time: 666.936788 seconds; average write time: 333.468394 seconds.
Total read time: 90.336499; average read time: 11.292062
Total time: 757.273287, total average time: 75.727329

[2022-12-13T22:26:46] Child[5420]:
Total write time: 284.065505 seconds; average write time: 142.032752 seconds.
Total read time: 477.805107; average read time: 59.725638
Total time: 761.870612, total average time: 76.187061

[2022-12-13T22:26:47] Child[4175]:
Total write time: 605.893484 seconds; average write time: 302.946742 seconds.
Total read time: 157.743769; average read time: 19.717971
Total time: 763.637253, total average time: 76.363725

[2022-12-13T22:26:48] Child[5405]:
Total write time: 243.598508 seconds; average write time: 243.598508 seconds.
Total read time: 522.666133; average read time: 58.074015
Total time: 766.264641, total average time: 76.626464

[2022-12-13T22:26:48] Child[4015]:
Total write time: 462.999631 seconds; average write time: 231.499816 seconds.
Total read time: 298.002953; average read time: 37.250369
Total time: 761.002584, total average time: 76.100258

[2022-12-13T22:26:49] Child[4228]:
Total write time: 678.292988 seconds; average write time: 226.097663 seconds.
Total read time: 86.768816; average read time: 12.395545
Total time: 765.061804, total average time: 76.506180

[2022-12-13T22:26:49] Child[5300]:
Total write time: 656.299822 seconds; average write time: 218.766607 seconds.
Total read time: 104.282291; average read time: 14.897470
Total time: 760.582113, total average time: 76.058211

[2022-12-13T22:26:50] Child[4139]:
Total write time: 646.108240 seconds; average write time: 323.054120 seconds.
Total read time: 118.665826; average read time: 14.833228
Total time: 764.774066, total average time: 76.477407

[2022-12-13T22:26:50] Child[4051]:
Total write time: 377.190571 seconds; average write time: 188.595285 seconds.
Total read time: 390.318332; average read time: 48.789791
Total time: 767.508903, total average time: 76.750890

[2022-12-13T22:26:52] Child[5226]:
Total write time: 701.909958 seconds; average write time: 350.954979 seconds.
Total read time: 65.587636; average read time: 8.198455
Total time: 767.497594, total average time: 76.749759

[2022-12-13T22:26:52] Child[5415]:
Total write time: 379.625322 seconds; average write time: 189.812661 seconds.
Total read time: 390.514531; average read time: 48.814316
Total time: 770.139853, total average time: 77.013985

[2022-12-13T22:26:53] Child[5495]:
Total write time: 343.467288 seconds; average write time: 343.467288 seconds.
Total read time: 421.700891; average read time: 46.855655
Total time: 765.168179, total average time: 76.516818

[2022-12-13T22:26:53] Child[5451]:
Total write time: 483.717896 seconds; average write time: 161.239299 seconds.
Total read time: 281.903207; average read time: 40.271887
Total time: 765.621103, total average time: 76.562110

[2022-12-13T22:26:55] Child[5368]:
Total write time: 295.010126 seconds; average write time: 295.010126 seconds.
Total read time: 474.875554; average read time: 52.763950
Total time: 769.885680, total average time: 76.988568

[2022-12-13T22:26:55] Child[5435]:
Total write time: 454.020292 seconds; average write time: 151.340097 seconds.
Total read time: 315.324011; average read time: 45.046287
Total time: 769.344303, total average time: 76.934430

[2022-12-13T22:26:55] Child[5160]:
Total write time: 298.759588 seconds; average write time: 298.759588 seconds.
Total read time: 471.248608; average read time: 52.360956
Total time: 770.008196, total average time: 77.000820

[2022-12-13T22:26:55] Child[3967]:
Total write time: 700.460473 seconds; average write time: 233.486824 seconds.
Total read time: 72.536466; average read time: 10.362352
Total time: 772.996939, total average time: 77.299694

[2022-12-13T22:26:55] Child[4278]:
Total write time: 613.576126 seconds; average write time: 306.788063 seconds.
Total read time: 154.954009; average read time: 19.369251
Total time: 768.530135, total average time: 76.853014

[2022-12-13T22:26:56] Child[5013]:
Total write time: 754.689105 seconds; average write time: 754.689105 seconds.
Total read time: 12.648164; average read time: 1.405352
Total time: 767.337269, total average time: 76.733727

[2022-12-13T22:26:56] Child[5486]:
Total write time: 303.298597 seconds; average write time: 303.298597 seconds.
Total read time: 469.093531; average read time: 52.121503
Total time: 772.392128, total average time: 77.239213

[2022-12-13T22:26:56] Child[4758]:
Total write time: 505.727997 seconds; average write time: 505.727997 seconds.
Total read time: 266.060797; average read time: 29.562311
Total time: 771.788794, total average time: 77.178879

[2022-12-13T22:26:57] Child[5056]:
Total write time: 751.318764 seconds; average write time: 375.659382 seconds.
Total read time: 22.564300; average read time: 2.820537
Total time: 773.883064, total average time: 77.388306

[2022-12-13T22:26:57] Child[5198]:
Total write time: 534.836519 seconds; average write time: 267.418259 seconds.
Total read time: 237.314979; average read time: 29.664372
Total time: 772.151498, total average time: 77.215150

[2022-12-13T22:26:57] Child[4665]:
Total write time: 367.664225 seconds; average write time: 367.664225 seconds.
Total read time: 405.468645; average read time: 45.052072
Total time: 773.132870, total average time: 77.313287

[2022-12-13T22:26:57] Child[4186]:
Total write time: 345.059010 seconds; average write time: 345.059010 seconds.
Total read time: 426.052410; average read time: 47.339157
Total time: 771.111420, total average time: 77.111142

[2022-12-13T22:26:59] Child[5102]:
Total write time: 390.315954 seconds; average write time: 390.315954 seconds.
Total read time: 380.321932; average read time: 42.257992
Total time: 770.637886, total average time: 77.063789

[2022-12-13T22:27:00] Child[3991]:
Total write time: 341.790195 seconds; average write time: 341.790195 seconds.
Total read time: 433.280062; average read time: 48.142229
Total time: 775.070257, total average time: 77.507026

[2022-12-13T22:27:00] Child[4062]:
Total write time: 340.882653 seconds; average write time: 340.882653 seconds.
Total read time: 433.350755; average read time: 48.150084
Total time: 774.233408, total average time: 77.423341

[2022-12-13T22:27:02] Child[5044]:
Total write time: 593.783557 seconds; average write time: 296.891778 seconds.
Total read time: 182.317674; average read time: 22.789709
Total time: 776.101231, total average time: 77.610123

[2022-12-13T22:27:02] Child[4362]:
Total write time: 762.385307 seconds; average write time: 152.477061 seconds.
Total read time: 17.259760; average read time: 3.451952
Total time: 779.645067, total average time: 77.964507

[2022-12-13T22:27:03] Child[4342]:
Total write time: 650.676877 seconds; average write time: 325.338438 seconds.
Total read time: 126.189471; average read time: 15.773684
Total time: 776.866348, total average time: 77.686635

[2022-12-13T22:27:03] Child[4542]:
Total write time: 753.416852 seconds; average write time: 251.138951 seconds.
Total read time: 23.515163; average read time: 3.359309
Total time: 776.932015, total average time: 77.693202

[2022-12-13T22:27:03] Child[4113]:
Total write time: 703.446672 seconds; average write time: 351.723336 seconds.
Total read time: 72.991896; average read time: 9.123987
Total time: 776.438568, total average time: 77.643857

[2022-12-13T22:27:04] Child[5040]:
Total write time: 623.007353 seconds; average write time: 155.751838 seconds.
Total read time: 158.180376; average read time: 26.363396
Total time: 781.187729, total average time: 78.118773

[2022-12-13T22:27:04] Child[3986]:
Total write time: 592.125618 seconds; average write time: 197.375206 seconds.
Total read time: 184.229633; average read time: 26.318519
Total time: 776.355251, total average time: 77.635525

[2022-12-13T22:27:05] Child[5257]:
Total write time: 709.468813 seconds; average write time: 354.734406 seconds.
Total read time: 70.743693; average read time: 8.842962
Total time: 780.212506, total average time: 78.021251

[2022-12-13T22:27:06] Child[5130]:
Total write time: 665.216696 seconds; average write time: 166.304174 seconds.
Total read time: 116.572386; average read time: 19.428731
Total time: 781.789082, total average time: 78.178908

[2022-12-13T22:27:06] Child[5222]:
Total write time: 544.131243 seconds; average write time: 544.131243 seconds.
Total read time: 239.073963; average read time: 26.563774
Total time: 783.205206, total average time: 78.320521

[2022-12-13T22:27:08] Child[5295]:
Total write time: 639.856648 seconds; average write time: 159.964162 seconds.
Total read time: 143.771308; average read time: 23.961885
Total time: 783.627956, total average time: 78.362796

[2022-12-13T22:27:08] Child[4788]:
Total write time: 757.054502 seconds; average write time: 378.527251 seconds.
Total read time: 22.484031; average read time: 2.810504
Total time: 779.538533, total average time: 77.953853

[2022-12-13T22:27:09] Child[5430]:
Total write time: 543.639756 seconds; average write time: 181.213252 seconds.
Total read time: 238.545533; average read time: 34.077933
Total time: 782.185289, total average time: 78.218529

[2022-12-13T22:27:11] Child[5482]:
Total write time: 646.107047 seconds; average write time: 646.107047 seconds.
Total read time: 137.541768; average read time: 15.282419
Total time: 783.648815, total average time: 78.364881

[2022-12-13T22:27:11] Child[4449]:
Total write time: 490.308115 seconds; average write time: 163.436038 seconds.
Total read time: 293.288090; average read time: 41.898299
Total time: 783.596205, total average time: 78.359621

[2022-12-13T22:27:12] Child[5326]:
Total write time: 501.531195 seconds; average write time: 250.765598 seconds.
Total read time: 285.169041; average read time: 35.646130
Total time: 786.700236, total average time: 78.670024

[2022-12-13T22:27:13] Child[4634]:
Total write time: 698.883740 seconds; average write time: 349.441870 seconds.
Total read time: 88.910147; average read time: 11.113768
Total time: 787.793887, total average time: 78.779389

[2022-12-13T22:27:13] Child[4005]:
Total write time: 537.492303 seconds; average write time: 268.746151 seconds.
Total read time: 254.003417; average read time: 31.750427
Total time: 791.495720, total average time: 79.149572

[2022-12-13T22:27:13] Child[4277]:
Total write time: 744.408528 seconds; average write time: 372.204264 seconds.
Total read time: 47.199312; average read time: 5.899914
Total time: 791.607840, total average time: 79.160784

[2022-12-13T22:27:13] Child[5471]:
Total write time: 670.330467 seconds; average write time: 223.443489 seconds.
Total read time: 119.105547; average read time: 17.015078
Total time: 789.436014, total average time: 78.943601

[2022-12-13T22:27:15] Child[4011]:
Total write time: 540.246420 seconds; average write time: 540.246420 seconds.
Total read time: 250.191600; average read time: 27.799067
Total time: 790.438020, total average time: 79.043802

[2022-12-13T22:27:15] Child[4901]:
Total write time: 444.104263 seconds; average write time: 222.052132 seconds.
Total read time: 341.354408; average read time: 42.669301
Total time: 785.458671, total average time: 78.545867

[2022-12-13T22:27:17] Child[4354]:
Total write time: 448.189862 seconds; average write time: 224.094931 seconds.
Total read time: 345.648505; average read time: 43.206063
Total time: 793.838367, total average time: 79.383837

[2022-12-13T22:27:18] Child[5175]:
Total write time: 478.697013 seconds; average write time: 478.697013 seconds.
Total read time: 312.326498; average read time: 34.702944
Total time: 791.023511, total average time: 79.102351

[2022-12-13T22:27:21] Child[5199]:
Total write time: 650.612439 seconds; average write time: 325.306219 seconds.
Total read time: 142.312130; average read time: 17.789016
Total time: 792.924569, total average time: 79.292457

[2022-12-13T22:27:22] Child[4276]:
Total write time: 720.049520 seconds; average write time: 720.049520 seconds.
Total read time: 74.384867; average read time: 8.264985
Total time: 794.434387, total average time: 79.443439

[2022-12-13T22:27:22] Child[5434]:
Total write time: 571.326717 seconds; average write time: 571.326717 seconds.
Total read time: 227.733642; average read time: 25.303738
Total time: 799.060359, total average time: 79.906036

[2022-12-13T22:27:22] Child[4950]:
Total write time: 456.049049 seconds; average write time: 228.024525 seconds.
Total read time: 340.474147; average read time: 42.559268
Total time: 796.523196, total average time: 79.652320

[2022-12-13T22:27:23] Child[4906]:
Total write time: 655.865365 seconds; average write time: 327.932682 seconds.
Total read time: 143.003554; average read time: 17.875444
Total time: 798.868919, total average time: 79.886892

[2022-12-13T22:27:24] Child[4977]:
Total write time: 739.964095 seconds; average write time: 369.982048 seconds.
Total read time: 56.671096; average read time: 7.083887
Total time: 796.635191, total average time: 79.663519

[2022-12-13T22:27:24] Child[4519]:
Total write time: 666.954590 seconds; average write time: 333.477295 seconds.
Total read time: 136.463365; average read time: 17.057921
Total time: 803.417955, total average time: 80.341796

[2022-12-13T22:27:26] Child[3999]:
Total write time: 767.839860 seconds; average write time: 767.839860 seconds.
Total read time: 31.756253; average read time: 3.528473
Total time: 799.596113, total average time: 79.959611

[2022-12-13T22:27:26] Child[4395]:
Total write time: 567.307949 seconds; average write time: 283.653975 seconds.
Total read time: 234.966027; average read time: 29.370753
Total time: 802.273976, total average time: 80.227398

[2022-12-13T22:27:28] Child[4106]:
Total write time: 527.186887 seconds; average write time: 527.186887 seconds.
Total read time: 278.478114; average read time: 30.942013
Total time: 805.665001, total average time: 80.566500

[2022-12-13T22:27:29] Child[4507]:
Total write time: 663.176392 seconds; average write time: 663.176392 seconds.
Total read time: 144.659309; average read time: 16.073257
Total time: 807.835701, total average time: 80.783570

[2022-12-13T22:27:29] Child[5328]:
Total write time: 681.813425 seconds; average write time: 340.906713 seconds.
Total read time: 125.061627; average read time: 15.632703
Total time: 806.875052, total average time: 80.687505

[2022-12-13T22:27:31] Child[4476]:
Total write time: 662.602861 seconds; average write time: 662.602861 seconds.
Total read time: 145.502964; average read time: 16.166996
Total time: 808.105825, total average time: 80.810582

[2022-12-13T22:27:32] Child[5290]:
Total write time: 745.721172 seconds; average write time: 745.721172 seconds.
Total read time: 61.419863; average read time: 6.824429
Total time: 807.141035, total average time: 80.714103

[2022-12-13T22:27:32] Child[4242]:
Total write time: 727.334277 seconds; average write time: 363.667139 seconds.
Total read time: 82.108344; average read time: 10.263543
Total time: 809.442621, total average time: 80.944262

[2022-12-13T22:27:34] Child[5258]:
Total write time: 543.291423 seconds; average write time: 543.291423 seconds.
Total read time: 266.433146; average read time: 29.603683
Total time: 809.724569, total average time: 80.972457

[2022-12-13T22:27:35] Child[3952]:
Total write time: 520.525230 seconds; average write time: 260.262615 seconds.
Total read time: 294.075412; average read time: 36.759426
Total time: 814.600642, total average time: 81.460064

[2022-12-13T22:27:35] Child[4114]:
Total write time: 780.205213 seconds; average write time: 390.102606 seconds.
Total read time: 32.288079; average read time: 4.036010
Total time: 812.493292, total average time: 81.249329

[2022-12-13T22:27:36] Child[5375]:
Total write time: 696.491848 seconds; average write time: 139.298370 seconds.
Total read time: 120.869562; average read time: 24.173912
Total time: 817.361410, total average time: 81.736141

[2022-12-13T22:27:37] Child[5215]:
Total write time: 558.404299 seconds; average write time: 558.404299 seconds.
Total read time: 253.874063; average read time: 28.208229
Total time: 812.278362, total average time: 81.227836

[2022-12-13T22:27:37] Child[4122]:
Total write time: 516.338026 seconds; average write time: 516.338026 seconds.
Total read time: 295.415413; average read time: 32.823935
Total time: 811.753439, total average time: 81.175344

[2022-12-13T22:27:41] Child[3951]:
Total write time: 701.507799 seconds; average write time: 350.753899 seconds.
Total read time: 114.009892; average read time: 14.251236
Total time: 815.517691, total average time: 81.551769

[2022-12-13T22:27:41] Child[4074]:
Total write time: 762.527398 seconds; average write time: 762.527398 seconds.
Total read time: 58.628391; average read time: 6.514266
Total time: 821.155789, total average time: 82.115579

[2022-12-13T22:27:49] Child[4999]:
Total write time: 770.481421 seconds; average write time: 770.481421 seconds.
Total read time: 53.300451; average read time: 5.922272
Total time: 823.781872, total average time: 82.378187

[2022-12-13T22:27:50] Child[5342]:
Total write time: 749.358746 seconds; average write time: 749.358746 seconds.
Total read time: 73.031460; average read time: 8.114607
Total time: 822.390206, total average time: 82.239021

[2022-12-13T22:27:51] Child[5087]:
Total write time: 551.268503 seconds; average write time: 275.634252 seconds.
Total read time: 270.099823; average read time: 33.762478
Total time: 821.368326, total average time: 82.136833

[2022-12-13T22:27:51] Child[4708]:
Total write time: 705.541222 seconds; average write time: 705.541222 seconds.
Total read time: 124.010512; average read time: 13.778946
Total time: 829.551734, total average time: 82.955173

[2022-12-13T22:27:52] Child[5458]:
Total write time: 482.000681 seconds; average write time: 160.666894 seconds.
Total read time: 345.258969; average read time: 49.322710
Total time: 827.259650, total average time: 82.725965

[2022-12-13T22:27:53] Child[3998]:
Total write time: 606.592193 seconds; average write time: 303.296096 seconds.
Total read time: 222.658728; average read time: 27.832341
Total time: 829.250921, total average time: 82.925092

[2022-12-13T22:27:54] Child[5284]:
Total write time: 557.982529 seconds; average write time: 278.991264 seconds.
Total read time: 274.175238; average read time: 34.271905
Total time: 832.157767, total average time: 83.215777

[2022-12-13T22:27:56] Child[3961]:
Total write time: 352.213171 seconds; average write time: 352.213171 seconds.
Total read time: 478.406236; average read time: 53.156248
Total time: 830.619407, total average time: 83.061941

[2022-12-13T22:27:57] Child[4367]:
Total write time: 509.148952 seconds; average write time: 169.716317 seconds.
Total read time: 324.802157; average read time: 46.400308
Total time: 833.951109, total average time: 83.395111

[2022-12-13T22:27:58] Child[5487]:
Total write time: 711.113130 seconds; average write time: 711.113130 seconds.
Total read time: 125.120781; average read time: 13.902309
Total time: 836.233911, total average time: 83.623391

[2022-12-13T22:27:58] Child[4151]:
Total write time: 328.138670 seconds; average write time: 328.138670 seconds.
Total read time: 502.602061; average read time: 55.844673
Total time: 830.740731, total average time: 83.074073

[2022-12-13T22:27:59] Child[4213]:
Total write time: 762.334862 seconds; average write time: 381.167431 seconds.
Total read time: 75.019894; average read time: 9.377487
Total time: 837.354756, total average time: 83.735476

[2022-12-13T22:28:00] Child[3956]:
Total write time: 797.902033 seconds; average write time: 398.951016 seconds.
Total read time: 36.374300; average read time: 4.546787
Total time: 834.276333, total average time: 83.427633

[2022-12-13T22:28:00] Child[4020]:
Total write time: 465.688350 seconds; average write time: 232.844175 seconds.
Total read time: 363.817103; average read time: 45.477138
Total time: 829.505453, total average time: 82.950545

[2022-12-13T22:28:01] Child[4642]:
Total write time: 738.609875 seconds; average write time: 369.304937 seconds.
Total read time: 98.338916; average read time: 12.292364
Total time: 836.948791, total average time: 83.694879

[2022-12-13T22:28:02] Child[4933]:
Total write time: 509.123763 seconds; average write time: 509.123763 seconds.
Total read time: 328.531483; average read time: 36.503498
Total time: 837.655246, total average time: 83.765525

[2022-12-13T22:28:02] Child[5446]:
Total write time: 657.228167 seconds; average write time: 219.076056 seconds.
Total read time: 182.639236; average read time: 26.091319
Total time: 839.867403, total average time: 83.986740

[2022-12-13T22:28:07] Child[3969]:
Total write time: 622.952585 seconds; average write time: 311.476292 seconds.
Total read time: 221.938701; average read time: 27.742338
Total time: 844.891286, total average time: 84.489129

[2022-12-13T22:28:07] Child[4922]:
Total write time: 774.051370 seconds; average write time: 193.512843 seconds.
Total read time: 70.266846; average read time: 11.711141
Total time: 844.318216, total average time: 84.431822

[2022-12-13T22:28:08] Child[4225]:
Total write time: 779.354762 seconds; average write time: 779.354762 seconds.
Total read time: 62.687468; average read time: 6.965274
Total time: 842.042230, total average time: 84.204223

[2022-12-13T22:28:09] Child[4951]:
Total write time: 622.202305 seconds; average write time: 622.202305 seconds.
Total read time: 223.762556; average read time: 24.862506
Total time: 845.964861, total average time: 84.596486

[2022-12-13T22:28:11] Child[4523]:
Total write time: 340.133932 seconds; average write time: 340.133932 seconds.
Total read time: 506.852001; average read time: 56.316889
Total time: 846.985933, total average time: 84.698593

[2022-12-13T22:28:13] Child[3960]:
Total write time: 708.515037 seconds; average write time: 177.128759 seconds.
Total read time: 137.588481; average read time: 22.931414
Total time: 846.103518, total average time: 84.610352

[2022-12-13T22:28:18] Child[4544]:
Total write time: 573.636451 seconds; average write time: 286.818225 seconds.
Total read time: 277.375020; average read time: 34.671878
Total time: 851.011471, total average time: 85.101147

[2022-12-13T22:28:19] Child[5457]:
Total write time: 853.707652 seconds; average write time: 853.707652 seconds.
Total read time: 0.000086; average read time: 0.000010
Total time: 853.707738, total average time: 85.370774

[2022-12-13T22:28:22] Child[5159]:
Total write time: 720.265392 seconds; average write time: 360.132696 seconds.
Total read time: 138.650094; average read time: 17.331262
Total time: 858.915486, total average time: 85.891549

[2022-12-13T22:28:25] Child[5394]:
Total write time: 506.475470 seconds; average write time: 253.237735 seconds.
Total read time: 354.504427; average read time: 44.313053
Total time: 860.979897, total average time: 86.097990

[2022-12-13T22:28:26] Child[5498]:
Total write time: 787.717088 seconds; average write time: 393.858544 seconds.
Total read time: 76.462548; average read time: 9.557818
Total time: 864.179636, total average time: 86.417964

[2022-12-13T22:28:26] Child[5403]:
Total write time: 633.946348 seconds; average write time: 316.973174 seconds.
Total read time: 227.799695; average read time: 28.474962
Total time: 861.746043, total average time: 86.174604

[2022-12-13T22:28:26] Child[4216]:
Total write time: 822.066683 seconds; average write time: 411.033342 seconds.
Total read time: 41.245174; average read time: 5.155647
Total time: 863.311857, total average time: 86.331186

[2022-12-13T22:28:26] Child[4027]:
Total write time: 507.970783 seconds; average write time: 507.970783 seconds.
Total read time: 357.321777; average read time: 39.702420
Total time: 865.292560, total average time: 86.529256

[2022-12-13T22:28:28] Child[4155]:
Total write time: 776.580704 seconds; average write time: 258.860235 seconds.
Total read time: 85.121093; average read time: 12.160156
Total time: 861.701797, total average time: 86.170180

[2022-12-13T22:28:31] Child[4171]:
Total write time: 759.630588 seconds; average write time: 189.907647 seconds.
Total read time: 108.203882; average read time: 18.033980
Total time: 867.834470, total average time: 86.783447

[2022-12-13T22:28:31] Child[4558]:
Total write time: 700.031311 seconds; average write time: 350.015655 seconds.
Total read time: 165.441461; average read time: 20.680183
Total time: 865.472772, total average time: 86.547277

[2022-12-13T22:28:32] Child[5128]:
Total write time: 867.445061 seconds; average write time: 433.722531 seconds.
Total read time: 3.579792; average read time: 0.447474
Total time: 871.024853, total average time: 87.102485

[2022-12-13T22:28:34] Child[4172]:
Total write time: 687.325093 seconds; average write time: 343.662547 seconds.
Total read time: 183.981236; average read time: 22.997654
Total time: 871.306329, total average time: 87.130633

[2022-12-13T22:28:35] Child[5309]:
Total write time: 693.550913 seconds; average write time: 693.550913 seconds.
Total read time: 173.312035; average read time: 19.256893
Total time: 866.862948, total average time: 86.686295

[2022-12-13T22:28:36] Child[5310]:
Total write time: 517.644057 seconds; average write time: 517.644057 seconds.
Total read time: 353.276157; average read time: 39.252906
Total time: 870.920214, total average time: 87.092021

[2022-12-13T22:28:37] Child[4117]:
Total write time: 629.484678 seconds; average write time: 314.742339 seconds.
Total read time: 247.412537; average read time: 30.926567
Total time: 876.897215, total average time: 87.689722

[2022-12-13T22:28:37] Child[4007]:
Total write time: 630.349838 seconds; average write time: 630.349838 seconds.
Total read time: 243.040541; average read time: 27.004505
Total time: 873.390379, total average time: 87.339038

[2022-12-13T22:28:43] Child[4239]:
Total write time: 851.648639 seconds; average write time: 425.824320 seconds.
Total read time: 27.843975; average read time: 3.480497
Total time: 879.492614, total average time: 87.949261

[2022-12-13T22:28:44] Child[5028]:
Total write time: 570.938044 seconds; average write time: 190.312681 seconds.
Total read time: 306.230771; average read time: 43.747253
Total time: 877.168815, total average time: 87.716881

[2022-12-13T22:28:44] Child[5472]:
Total write time: 773.696882 seconds; average write time: 773.696882 seconds.
Total read time: 109.032789; average read time: 12.114754
Total time: 882.729671, total average time: 88.272967

[2022-12-13T22:28:44] Child[5360]:
Total write time: 628.717588 seconds; average write time: 628.717588 seconds.
Total read time: 249.170303; average read time: 27.685589
Total time: 877.887891, total average time: 87.788789

[2022-12-13T22:28:44] Child[5343]:
Total write time: 813.873414 seconds; average write time: 406.936707 seconds.
Total read time: 61.395615; average read time: 7.674452
Total time: 875.269029, total average time: 87.526903

[2022-12-13T22:28:45] Child[5104]:
Total write time: 655.940872 seconds; average write time: 327.970436 seconds.
Total read time: 222.827295; average read time: 27.853412
Total time: 878.768167, total average time: 87.876817

[2022-12-13T22:28:46] Child[4532]:
Total write time: 821.892086 seconds; average write time: 205.473021 seconds.
Total read time: 53.895141; average read time: 8.982523
Total time: 875.787227, total average time: 87.578723

[2022-12-13T22:28:46] Child[5140]:
Total write time: 550.632071 seconds; average write time: 550.632071 seconds.
Total read time: 333.360780; average read time: 37.040087
Total time: 883.992851, total average time: 88.399285

[2022-12-13T22:28:46] Child[5212]:
Total write time: 314.953282 seconds; average write time: 314.953282 seconds.
Total read time: 564.886951; average read time: 62.765217
Total time: 879.840233, total average time: 87.984023

[2022-12-13T22:28:49] Child[4071]:
Total write time: 849.941405 seconds; average write time: 424.970703 seconds.
Total read time: 34.508788; average read time: 4.313599
Total time: 884.450193, total average time: 88.445019

[2022-12-13T22:28:51] Child[4140]:
Total write time: 615.957377 seconds; average write time: 307.978688 seconds.
Total read time: 269.630753; average read time: 33.703844
Total time: 885.588130, total average time: 88.558813

[2022-12-13T22:28:52] Child[4559]:
Total write time: 745.961490 seconds; average write time: 248.653830 seconds.
Total read time: 144.120029; average read time: 20.588576
Total time: 890.081519, total average time: 89.008152

[2022-12-13T22:28:52] Child[4871]:
Total write time: 842.743853 seconds; average write time: 280.914618 seconds.
Total read time: 39.155739; average read time: 5.593677
Total time: 881.899592, total average time: 88.189959

[2022-12-13T22:28:54] Child[5402]:
Total write time: 836.420071 seconds; average write time: 836.420071 seconds.
Total read time: 50.262174; average read time: 5.584686
Total time: 886.682245, total average time: 88.668224

[2022-12-13T22:28:54] Child[5327]:
Total write time: 807.535721 seconds; average write time: 403.767860 seconds.
Total read time: 77.700191; average read time: 9.712524
Total time: 885.235912, total average time: 88.523591

[2022-12-13T22:28:54] Child[5460]:
Total write time: 721.218248 seconds; average write time: 240.406083 seconds.
Total read time: 169.683578; average read time: 24.240511
Total time: 890.901826, total average time: 89.090183

[2022-12-13T22:28:55] Child[4079]:
Total write time: 771.143085 seconds; average write time: 257.047695 seconds.
Total read time: 122.921324; average read time: 17.560189
Total time: 894.064409, total average time: 89.406441

[2022-12-13T22:28:58] Child[4052]:
Total write time: 632.251018 seconds; average write time: 316.125509 seconds.
Total read time: 261.319576; average read time: 32.664947
Total time: 893.570594, total average time: 89.357059

[2022-12-13T22:29:00] Child[4746]:
Total write time: 699.265349 seconds; average write time: 699.265349 seconds.
Total read time: 195.149456; average read time: 21.683273
Total time: 894.414805, total average time: 89.441480

[2022-12-13T22:29:00] Child[4170]:
Total write time: 859.332692 seconds; average write time: 286.444231 seconds.
Total read time: 37.670429; average read time: 5.381490
Total time: 897.003121, total average time: 89.700312

[2022-12-13T22:29:01] Child[4285]:
Total write time: 867.962339 seconds; average write time: 289.320780 seconds.
Total read time: 28.732044; average read time: 4.104578
Total time: 896.694383, total average time: 89.669438


 VALIDATING RESULTS 
shared[0]: readers[898], writers[99]
shared[1]: readers[881], writers[93]
shared[2]: readers[910], writers[75]
shared[3]: readers[893], writers[85]
shared[4]: readers[941], writers[94]
shared[5]: readers[925], writers[104]
shared[6]: readers[889], writers[108]
shared[7]: readers[894], writers[110]
shared[8]: readers[883], writers[106]
shared[9]: readers[896], writers[116]
--------------------
total: readers[9010], writers[990]
Total should be equal to (peers * LOOPS)[10000]
Result is right!
