2023.04.21 13:09:25 INFO  Started: Metals version 0.11.11 in workspace '/Users/micuks/dev/mycode/javaHadoop/lab4.scala.sql' for client Visual Studio Code 1.77.3.[0m
SLF4J: No SLF4J providers were found.
SLF4J: Defaulting to no-operation (NOP) logger implementation
SLF4J: See https://www.slf4j.org/codes.html#noProviders for further details.
SLF4J: Class path contains SLF4J bindings targeting slf4j-api versions 1.7.x or earlier.
SLF4J: Ignoring binding found at [jar:file:/Users/micuks/Library/Caches/Coursier/v1/https/repo1.maven.org/maven2/com/outr/scribe-slf4j_2.13/3.11.0/scribe-slf4j_2.13-3.11.0.jar!/org/slf4j/impl/StaticLoggerBinder.class]
SLF4J: See https://www.slf4j.org/codes.html#ignoredBindings for an explanation.
2023.04.21 13:09:25 INFO  time: initialize in 0.51s[0m
2023.04.21 13:09:27 WARN  Build server is not auto-connectable.[0m
2023.04.21 13:09:27 WARN  no build target for: /Users/micuks/dev/mycode/javaHadoop/lab4.scala.sql/src/main/scala/org/wql2020211597/scala/sql/App.scala[0m
Apr 21, 2023 1:09:29 PM org.eclipse.lsp4j.jsonrpc.services.GenericEndpoint notify
INFO: Unsupported notification method: $/setTrace
2023.04.21 13:09:30 INFO  no build target found for /Users/micuks/dev/mycode/javaHadoop/lab4.scala.sql/src/main/scala/org/wql2020211597/scala/sql/App.scala. Using presentation compiler with project's scala-library version: 3.2.2[0m
2023.04.21 13:09:31 INFO  running '/Users/micuks/Library/Java/JavaVirtualMachines/corretto-17.0.4.1/Contents/Home/bin/java -Dfile.encoding=UTF-8 -Dmaven.multiModuleProjectDirectory=/Users/micuks/dev/mycode/javaHadoop/lab4.scala.sql -Dmaven.home=/var/folders/4j/pvfxsg2j2d9dxpc2jlpvzh6c0000gn/T/metals5485601851820956138 -cp /var/folders/4j/pvfxsg2j2d9dxpc2jlpvzh6c0000gn/T/metals5485601851820956138/maven-wrapper.jar org.apache.maven.wrapper.MavenWrapperMain generate-sources ch.epfl.scala:bloop-maven-plugin:2.0.0:bloopInstall -DdownloadSources=true'[0m
2023.04.21 13:09:32 INFO  time: code lens generation in 4.36s[0m
2023.04.21 13:09:32 INFO  time: code lens generation in 1.76s[0m
2023.04.21 13:09:32 INFO  time: code lens generation in 2.49s[0m
2023.04.21 13:09:34 WARN  no build target for: /Users/micuks/dev/mycode/javaHadoop/lab4.scala.sql/src/main/scala/org/wql2020211597/scala/sql/InsertStudent.scala[0m
2023.04.21 13:09:35 WARN  no build target for: /Users/micuks/dev/mycode/javaHadoop/lab4.scala.sql/src/main/scala/org/wql2020211597/scala/sql/InsertStudent.scala[0m
2023.04.21 13:09:35 INFO  [INFO] Scanning for projects...[0m
2023.04.21 13:09:35 INFO  [INFO] [0m
2023.04.21 13:09:35 INFO  [INFO] ---------------< org.wql2020211597.scala.sql:scala.sql >----------------[0m
2023.04.21 13:09:35 INFO  [INFO] Building scala.sql 1.0-SNAPSHOT[0m
2023.04.21 13:09:35 INFO  [INFO] --------------------------------[ jar ]---------------------------------[0m
Apr 21, 2023 1:09:35 PM org.eclipse.lsp4j.jsonrpc.services.GenericEndpoint notify
INFO: Unsupported notification method: $/setTrace
2023.04.21 13:09:35 INFO  [INFO] [0m
2023.04.21 13:09:35 INFO  [INFO] --- bloop-maven-plugin:2.0.0:bloopInstall (default-cli) @ scala.sql ---[0m
2023.04.21 13:09:36 INFO  [INFO] Using empty launcher: no run setup for scala.sql.[0m
2023.04.21 13:09:36 INFO  [INFO] Resolving artifact: org.scala-lang:scala-library:jar:2.12.17:compile (sources = false)[0m
2023.04.21 13:09:36 INFO  [INFO] SUCCESS: org.scala-lang:scala-library:jar:2.12.17:compile (sources = false)[0m
2023.04.21 13:09:36 INFO  [INFO] Resolving artifact: org.scala-lang:scala-library:jar:2.12.17:compile (sources = true)[0m
2023.04.21 13:09:36 INFO  [INFO] SUCCESS: org.scala-lang:scala-library:jar:2.12.17:compile (sources = true)[0m
2023.04.21 13:09:36 INFO  [INFO] Resolving artifact: org.apache.spark:spark-core_2.12:jar:3.4.0:compile (sources = false)[0m
2023.04.21 13:09:36 INFO  [INFO] SUCCESS: org.apache.spark:spark-core_2.12:jar:3.4.0:compile (sources = false)[0m
2023.04.21 13:09:36 INFO  [INFO] Resolving artifact: org.apache.spark:spark-core_2.12:jar:3.4.0:compile (sources = true)[0m
2023.04.21 13:09:36 INFO  [INFO] SUCCESS: org.apache.spark:spark-core_2.12:jar:3.4.0:compile (sources = true)[0m
2023.04.21 13:09:36 INFO  [INFO] Resolving artifact: org.apache.avro:avro:jar:1.11.1:compile (sources = false)[0m
2023.04.21 13:09:36 INFO  [INFO] SUCCESS: org.apache.avro:avro:jar:1.11.1:compile (sources = false)[0m
2023.04.21 13:09:36 INFO  [INFO] Resolving artifact: org.apache.avro:avro:jar:1.11.1:compile (sources = true)[0m
2023.04.21 13:09:36 INFO  [INFO] SUCCESS: org.apache.avro:avro:jar:1.11.1:compile (sources = true)[0m
2023.04.21 13:09:36 INFO  [INFO] Resolving artifact: com.fasterxml.jackson.core:jackson-core:jar:2.12.7:compile (sources = false)[0m
2023.04.21 13:09:36 INFO  [INFO] SUCCESS: com.fasterxml.jackson.core:jackson-core:jar:2.12.7:compile (sources = false)[0m
2023.04.21 13:09:36 INFO  [INFO] Resolving artifact: com.fasterxml.jackson.core:jackson-core:jar:2.12.7:compile (sources = true)[0m
2023.04.21 13:09:36 INFO  [INFO] SUCCESS: com.fasterxml.jackson.core:jackson-core:jar:2.12.7:compile (sources = true)[0m
2023.04.21 13:09:36 INFO  [INFO] Resolving artifact: org.apache.avro:avro-mapred:jar:1.11.1:compile (sources = false)[0m
2023.04.21 13:09:36 INFO  [INFO] SUCCESS: org.apache.avro:avro-mapred:jar:1.11.1:compile (sources = false)[0m
2023.04.21 13:09:36 INFO  [INFO] Resolving artifact: org.apache.avro:avro-mapred:jar:1.11.1:compile (sources = true)[0m
2023.04.21 13:09:36 INFO  [INFO] SUCCESS: org.apache.avro:avro-mapred:jar:1.11.1:compile (sources = true)[0m
2023.04.21 13:09:36 INFO  [INFO] Resolving artifact: org.apache.avro:avro-ipc:jar:1.11.1:compile (sources = false)[0m
2023.04.21 13:09:36 INFO  [INFO] SUCCESS: org.apache.avro:avro-ipc:jar:1.11.1:compile (sources = false)[0m
2023.04.21 13:09:36 INFO  [INFO] Resolving artifact: org.apache.avro:avro-ipc:jar:1.11.1:compile (sources = true)[0m
2023.04.21 13:09:36 INFO  [INFO] SUCCESS: org.apache.avro:avro-ipc:jar:1.11.1:compile (sources = true)[0m
2023.04.21 13:09:36 INFO  [INFO] Resolving artifact: org.tukaani:xz:jar:1.9:compile (sources = false)[0m
2023.04.21 13:09:36 INFO  [INFO] SUCCESS: org.tukaani:xz:jar:1.9:compile (sources = false)[0m
2023.04.21 13:09:36 INFO  [INFO] Resolving artifact: org.tukaani:xz:jar:1.9:compile (sources = true)[0m
2023.04.21 13:09:36 INFO  [INFO] SUCCESS: org.tukaani:xz:jar:1.9:compile (sources = true)[0m
2023.04.21 13:09:36 INFO  [INFO] Resolving artifact: com.twitter:chill_2.12:jar:0.10.0:compile (sources = false)[0m
2023.04.21 13:09:36 INFO  [INFO] SUCCESS: com.twitter:chill_2.12:jar:0.10.0:compile (sources = false)[0m
2023.04.21 13:09:36 INFO  [INFO] Resolving artifact: com.twitter:chill_2.12:jar:0.10.0:compile (sources = true)[0m
2023.04.21 13:09:36 INFO  [INFO] SUCCESS: com.twitter:chill_2.12:jar:0.10.0:compile (sources = true)[0m
2023.04.21 13:09:36 INFO  [INFO] Resolving artifact: com.esotericsoftware:kryo-shaded:jar:4.0.2:compile (sources = false)[0m
2023.04.21 13:09:36 INFO  [INFO] SUCCESS: com.esotericsoftware:kryo-shaded:jar:4.0.2:compile (sources = false)[0m
2023.04.21 13:09:36 INFO  [INFO] Resolving artifact: com.esotericsoftware:kryo-shaded:jar:4.0.2:compile (sources = true)[0m
2023.04.21 13:09:36 INFO  [INFO] SUCCESS: com.esotericsoftware:kryo-shaded:jar:4.0.2:compile (sources = true)[0m
2023.04.21 13:09:36 INFO  [INFO] Resolving artifact: com.esotericsoftware:minlog:jar:1.3.0:compile (sources = false)[0m
2023.04.21 13:09:36 INFO  [INFO] SUCCESS: com.esotericsoftware:minlog:jar:1.3.0:compile (sources = false)[0m
2023.04.21 13:09:36 INFO  [INFO] Resolving artifact: com.esotericsoftware:minlog:jar:1.3.0:compile (sources = true)[0m
2023.04.21 13:09:36 INFO  [INFO] SUCCESS: com.esotericsoftware:minlog:jar:1.3.0:compile (sources = true)[0m
2023.04.21 13:09:36 INFO  [INFO] Resolving artifact: org.objenesis:objenesis:jar:2.5.1:compile (sources = false)[0m
2023.04.21 13:09:36 INFO  [INFO] SUCCESS: org.objenesis:objenesis:jar:2.5.1:compile (sources = false)[0m
2023.04.21 13:09:36 INFO  [INFO] Resolving artifact: org.objenesis:objenesis:jar:2.5.1:compile (sources = true)[0m
2023.04.21 13:09:36 INFO  [INFO] SUCCESS: org.objenesis:objenesis:jar:2.5.1:compile (sources = true)[0m
2023.04.21 13:09:36 INFO  [INFO] Resolving artifact: com.twitter:chill-java:jar:0.10.0:compile (sources = false)[0m
2023.04.21 13:09:36 INFO  [INFO] SUCCESS: com.twitter:chill-java:jar:0.10.0:compile (sources = false)[0m
2023.04.21 13:09:36 INFO  [INFO] Resolving artifact: com.twitter:chill-java:jar:0.10.0:compile (sources = true)[0m
2023.04.21 13:09:36 INFO  [INFO] SUCCESS: com.twitter:chill-java:jar:0.10.0:compile (sources = true)[0m
2023.04.21 13:09:36 INFO  [INFO] Resolving artifact: org.apache.xbean:xbean-asm9-shaded:jar:4.22:compile (sources = false)[0m
2023.04.21 13:09:36 INFO  [INFO] SUCCESS: org.apache.xbean:xbean-asm9-shaded:jar:4.22:compile (sources = false)[0m
2023.04.21 13:09:36 INFO  [INFO] Resolving artifact: org.apache.xbean:xbean-asm9-shaded:jar:4.22:compile (sources = true)[0m
2023.04.21 13:09:36 INFO  [INFO] SUCCESS: org.apache.xbean:xbean-asm9-shaded:jar:4.22:compile (sources = true)[0m
2023.04.21 13:09:36 INFO  [INFO] Resolving artifact: org.apache.hadoop:hadoop-client-api:jar:3.3.4:compile (sources = false)[0m
2023.04.21 13:09:36 INFO  [INFO] SUCCESS: org.apache.hadoop:hadoop-client-api:jar:3.3.4:compile (sources = false)[0m
2023.04.21 13:09:36 INFO  [INFO] Resolving artifact: org.apache.hadoop:hadoop-client-api:jar:3.3.4:compile (sources = true)[0m
2023.04.21 13:09:36 INFO  [INFO] SUCCESS: org.apache.hadoop:hadoop-client-api:jar:3.3.4:compile (sources = true)[0m
2023.04.21 13:09:36 INFO  [INFO] Resolving artifact: org.apache.hadoop:hadoop-client-runtime:jar:3.3.4:compile (sources = false)[0m
2023.04.21 13:09:36 INFO  [INFO] SUCCESS: org.apache.hadoop:hadoop-client-runtime:jar:3.3.4:compile (sources = false)[0m
2023.04.21 13:09:36 INFO  [INFO] Resolving artifact: org.apache.hadoop:hadoop-client-runtime:jar:3.3.4:compile (sources = true)[0m
2023.04.21 13:09:36 INFO  Downloading from central: https://repo.maven.apache.org/maven2/org/apache/hadoop/hadoop-client-runtime/3.3.4/hadoop-client-runtime-3.3.4-sources.jar[0m
2023.04.21 13:09:41 INFO  [ERROR] FAILURE org.apache.hadoop:hadoop-client-runtime:jar:3.3.4:compile (sources = true)[0m
2023.04.21 13:09:41 INFO  org.eclipse.aether.resolution.ArtifactResolutionException: Could not transfer artifact org.apache.hadoop:hadoop-client-runtime:jar:sources:3.3.4 from/to central (https://repo.maven.apache.org/maven2): transfer failed for https://repo.maven.apache.org/maven2/org/apache/hadoop/hadoop-client-runtime/3.3.4/hadoop-client-runtime-3.3.4-sources.jar, proxy: ProxyInfo{host='127.0.0.1', userName='null', port=8001, type='http', nonProxyHosts='null'}[0m
2023.04.21 13:09:41 INFO      at org.eclipse.aether.internal.impl.DefaultArtifactResolver.resolve (DefaultArtifactResolver.java:425)[0m
2023.04.21 13:09:41 INFO      at org.eclipse.aether.internal.impl.DefaultArtifactResolver.resolveArtifacts (DefaultArtifactResolver.java:229)[0m
2023.04.21 13:09:41 INFO      at org.eclipse.aether.internal.impl.DefaultArtifactResolver.resolveArtifact (DefaultArtifactResolver.java:207)[0m
2023.04.21 13:09:41 INFO      at org.eclipse.aether.internal.impl.DefaultRepositorySystem.resolveArtifact (DefaultRepositorySystem.java:262)[0m
2023.04.21 13:09:41 INFO      at bloop.integrations.maven.MojoImplementation$.bloop$integrations$maven$MojoImplementation$$resolveArtifact$1 (MojoImplementation.scala:117)[0m
2023.04.21 13:09:41 INFO      at bloop.integrations.maven.MojoImplementation$$anonfun$2.applyOrElse (MojoImplementation.scala:244)[0m
2023.04.21 13:09:41 INFO      at bloop.integrations.maven.MojoImplementation$$anonfun$2.applyOrElse (MojoImplementation.scala:226)[0m
2023.04.21 13:09:41 INFO      at scala.collection.StrictOptimizedIterableOps.collect (StrictOptimizedIterableOps.scala:151)[0m
2023.04.21 13:09:41 INFO      at scala.collection.StrictOptimizedIterableOps.collect$ (StrictOptimizedIterableOps.scala:136)[0m
2023.04.21 13:09:41 INFO      at scala.collection.convert.JavaCollectionWrappers$JSetWrapper.collect (JavaCollectionWrappers.scala:180)[0m
2023.04.21 13:09:41 INFO      at bloop.integrations.maven.MojoImplementation$.writeConfig$1 (MojoImplementation.scala:226)[0m
2023.04.21 13:09:41 INFO      at bloop.integrations.maven.MojoImplementation$.writeCompileAndTestConfiguration (MojoImplementation.scala:301)[0m
2023.04.21 13:09:41 INFO      at bloop.integrations.maven.MojoImplementation.writeCompileAndTestConfiguration (MojoImplementation.scala)[0m
2023.04.21 13:09:41 INFO      at bloop.integrations.maven.BloopMojo.execute (BloopMojo.java:104)[0m
2023.04.21 13:09:41 INFO      at org.apache.maven.plugin.DefaultBuildPluginManager.executeMojo (DefaultBuildPluginManager.java:137)[0m
2023.04.21 13:09:41 INFO      at org.apache.maven.lifecycle.internal.MojoExecutor.doExecute2 (MojoExecutor.java:370)[0m
2023.04.21 13:09:41 INFO      at org.apache.maven.lifecycle.internal.MojoExecutor.doExecute (MojoExecutor.java:351)[0m
2023.04.21 13:09:41 INFO      at org.apache.maven.lifecycle.internal.MojoExecutor.execute (MojoExecutor.java:215)[0m
2023.04.21 13:09:41 INFO      at org.apache.maven.lifecycle.internal.MojoExecutor.execute (MojoExecutor.java:171)[0m
2023.04.21 13:09:41 INFO      at org.apache.maven.lifecycle.internal.MojoExecutor.execute (MojoExecutor.java:163)[0m
2023.04.21 13:09:41 INFO      at org.apache.maven.lifecycle.internal.LifecycleModuleBuilder.buildProject (LifecycleModuleBuilder.java:117)[0m
2023.04.21 13:09:41 INFO      at org.apache.maven.lifecycle.internal.LifecycleModuleBuilder.buildProject (LifecycleModuleBuilder.java:81)[0m
2023.04.21 13:09:41 INFO      at org.apache.maven.lifecycle.internal.builder.singlethreaded.SingleThreadedBuilder.build (SingleThreadedBuilder.java:56)[0m
2023.04.21 13:09:41 INFO      at org.apache.maven.lifecycle.internal.LifecycleStarter.execute (LifecycleStarter.java:128)[0m
2023.04.21 13:09:41 INFO      at org.apache.maven.DefaultMaven.doExecute (DefaultMaven.java:294)[0m
2023.04.21 13:09:41 INFO      at org.apache.maven.DefaultMaven.doExecute (DefaultMaven.java:192)[0m
2023.04.21 13:09:41 INFO      at org.apache.maven.DefaultMaven.execute (DefaultMaven.java:105)[0m
2023.04.21 13:09:41 INFO      at org.apache.maven.cli.MavenCli.execute (MavenCli.java:960)[0m
2023.04.21 13:09:41 INFO      at org.apache.maven.cli.MavenCli.doMain (MavenCli.java:293)[0m
2023.04.21 13:09:41 INFO      at org.apache.maven.cli.MavenCli.main (MavenCli.java:196)[0m
2023.04.21 13:09:41 INFO      at jdk.internal.reflect.NativeMethodAccessorImpl.invoke0 (Native Method)[0m
2023.04.21 13:09:41 INFO      at jdk.internal.reflect.NativeMethodAccessorImpl.invoke (NativeMethodAccessorImpl.java:77)[0m
2023.04.21 13:09:41 INFO      at jdk.internal.reflect.DelegatingMethodAccessorImpl.invoke (DelegatingMethodAccessorImpl.java:43)[0m
2023.04.21 13:09:41 INFO      at java.lang.reflect.Method.invoke (Method.java:568)[0m
2023.04.21 13:09:41 INFO      at org.codehaus.plexus.classworlds.launcher.Launcher.launchEnhanced (Launcher.java:282)[0m
2023.04.21 13:09:41 INFO      at org.codehaus.plexus.classworlds.launcher.Launcher.launch (Launcher.java:225)[0m
2023.04.21 13:09:41 INFO      at org.codehaus.plexus.classworlds.launcher.Launcher.mainWithExitCode (Launcher.java:406)[0m
2023.04.21 13:09:41 INFO      at org.codehaus.plexus.classworlds.launcher.Launcher.main (Launcher.java:347)[0m
2023.04.21 13:09:41 INFO      at jdk.internal.reflect.NativeMethodAccessorImpl.invoke0 (Native Method)[0m
2023.04.21 13:09:41 INFO      at jdk.internal.reflect.NativeMethodAccessorImpl.invoke (NativeMethodAccessorImpl.java:77)[0m
2023.04.21 13:09:41 INFO      at jdk.internal.reflect.DelegatingMethodAccessorImpl.invoke (DelegatingMethodAccessorImpl.java:43)[0m
2023.04.21 13:09:41 INFO      at java.lang.reflect.Method.invoke (Method.java:568)[0m
2023.04.21 13:09:41 INFO      at org.apache.maven.wrapper.BootstrapMainStarter.start (BootstrapMainStarter.java:53)[0m
2023.04.21 13:09:41 INFO      at org.apache.maven.wrapper.WrapperExecutor.execute (WrapperExecutor.java:152)[0m
2023.04.21 13:09:41 INFO      at org.apache.maven.wrapper.MavenWrapperMain.main (MavenWrapperMain.java:76)[0m
2023.04.21 13:09:41 INFO  Caused by: org.eclipse.aether.transfer.ArtifactTransferException: Could not transfer artifact org.apache.hadoop:hadoop-client-runtime:jar:sources:3.3.4 from/to central (https://repo.maven.apache.org/maven2): transfer failed for https://repo.maven.apache.org/maven2/org/apache/hadoop/hadoop-client-runtime/3.3.4/hadoop-client-runtime-3.3.4-sources.jar, proxy: ProxyInfo{host='127.0.0.1', userName='null', port=8001, type='http', nonProxyHosts='null'}[0m
2023.04.21 13:09:41 INFO      at org.eclipse.aether.connector.basic.ArtifactTransportListener.transferFailed (ArtifactTransportListener.java:52)[0m
2023.04.21 13:09:41 INFO      at org.eclipse.aether.connector.basic.BasicRepositoryConnector$TaskRunner.run (BasicRepositoryConnector.java:369)[0m
2023.04.21 13:09:41 INFO      at org.eclipse.aether.util.concurrency.RunnableErrorForwarder$1.run (RunnableErrorForwarder.java:75)[0m
2023.04.21 13:09:41 INFO      at org.eclipse.aether.connector.basic.BasicRepositoryConnector$DirectExecutor.execute (BasicRepositoryConnector.java:628)[0m
2023.04.21 13:09:41 INFO      at org.eclipse.aether.connector.basic.BasicRepositoryConnector.get (BasicRepositoryConnector.java:262)[0m
2023.04.21 13:09:41 INFO      at org.eclipse.aether.internal.impl.DefaultArtifactResolver.performDownloads (DefaultArtifactResolver.java:514)[0m
2023.04.21 13:09:41 INFO      at org.eclipse.aether.internal.impl.DefaultArtifactResolver.resolve (DefaultArtifactResolver.java:402)[0m
2023.04.21 13:09:41 INFO      at org.eclipse.aether.internal.impl.DefaultArtifactResolver.resolveArtifacts (DefaultArtifactResolver.java:229)[0m
2023.04.21 13:09:41 INFO      at org.eclipse.aether.internal.impl.DefaultArtifactResolver.resolveArtifact (DefaultArtifactResolver.java:207)[0m
2023.04.21 13:09:41 INFO      at org.eclipse.aether.internal.impl.DefaultRepositorySystem.resolveArtifact (DefaultRepositorySystem.java:262)[0m
2023.04.21 13:09:41 INFO      at bloop.integrations.maven.MojoImplementation$.bloop$integrations$maven$MojoImplementation$$resolveArtifact$1 (MojoImplementation.scala:117)[0m
2023.04.21 13:09:41 INFO      at bloop.integrations.maven.MojoImplementation$$anonfun$2.applyOrElse (MojoImplementation.scala:244)[0m
2023.04.21 13:09:41 INFO      at bloop.integrations.maven.MojoImplementation$$anonfun$2.applyOrElse (MojoImplementation.scala:226)[0m
2023.04.21 13:09:41 INFO      at scala.collection.StrictOptimizedIterableOps.collect (StrictOptimizedIterableOps.scala:151)[0m
2023.04.21 13:09:41 INFO      at scala.collection.StrictOptimizedIterableOps.collect$ (StrictOptimizedIterableOps.scala:136)[0m
2023.04.21 13:09:41 INFO      at scala.collection.convert.JavaCollectionWrappers$JSetWrapper.collect (JavaCollectionWrappers.scala:180)[0m
2023.04.21 13:09:41 INFO      at bloop.integrations.maven.MojoImplementation$.writeConfig$1 (MojoImplementation.scala:226)[0m
2023.04.21 13:09:41 INFO      at bloop.integrations.maven.MojoImplementation$.writeCompileAndTestConfiguration (MojoImplementation.scala:301)[0m
2023.04.21 13:09:41 INFO      at bloop.integrations.maven.MojoImplementation.writeCompileAndTestConfiguration (MojoImplementation.scala)[0m
2023.04.21 13:09:41 INFO      at bloop.integrations.maven.BloopMojo.execute (BloopMojo.java:104)[0m
2023.04.21 13:09:41 INFO      at org.apache.maven.plugin.DefaultBuildPluginManager.executeMojo (DefaultBuildPluginManager.java:137)[0m
2023.04.21 13:09:41 INFO      at org.apache.maven.lifecycle.internal.MojoExecutor.doExecute2 (MojoExecutor.java:370)[0m
2023.04.21 13:09:41 INFO      at org.apache.maven.lifecycle.internal.MojoExecutor.doExecute (MojoExecutor.java:351)[0m
2023.04.21 13:09:41 INFO      at org.apache.maven.lifecycle.internal.MojoExecutor.execute (MojoExecutor.java:215)[0m
2023.04.21 13:09:41 INFO      at org.apache.maven.lifecycle.internal.MojoExecutor.execute (MojoExecutor.java:171)[0m
2023.04.21 13:09:41 INFO      at org.apache.maven.lifecycle.internal.MojoExecutor.execute (MojoExecutor.java:163)[0m
2023.04.21 13:09:41 INFO      at org.apache.maven.lifecycle.internal.LifecycleModuleBuilder.buildProject (LifecycleModuleBuilder.java:117)[0m
2023.04.21 13:09:41 INFO      at org.apache.maven.lifecycle.internal.LifecycleModuleBuilder.buildProject (LifecycleModuleBuilder.java:81)[0m
2023.04.21 13:09:41 INFO      at org.apache.maven.lifecycle.internal.builder.singlethreaded.SingleThreadedBuilder.build (SingleThreadedBuilder.java:56)[0m
2023.04.21 13:09:41 INFO      at org.apache.maven.lifecycle.internal.LifecycleStarter.execute (LifecycleStarter.java:128)[0m
2023.04.21 13:09:41 INFO      at org.apache.maven.DefaultMaven.doExecute (DefaultMaven.java:294)[0m
2023.04.21 13:09:41 INFO      at org.apache.maven.DefaultMaven.doExecute (DefaultMaven.java:192)[0m
2023.04.21 13:09:41 INFO      at org.apache.maven.DefaultMaven.execute (DefaultMaven.java:105)[0m
2023.04.21 13:09:41 INFO      at org.apache.maven.cli.MavenCli.execute (MavenCli.java:960)[0m
2023.04.21 13:09:41 INFO      at org.apache.maven.cli.MavenCli.doMain (MavenCli.java:293)[0m
2023.04.21 13:09:41 INFO      at org.apache.maven.cli.MavenCli.main (MavenCli.java:196)[0m
2023.04.21 13:09:41 INFO      at jdk.internal.reflect.NativeMethodAccessorImpl.invoke0 (Native Method)[0m
2023.04.21 13:09:41 INFO      at jdk.internal.reflect.NativeMethodAccessorImpl.invoke (NativeMethodAccessorImpl.java:77)[0m
2023.04.21 13:09:41 INFO      at jdk.internal.reflect.DelegatingMethodAccessorImpl.invoke (DelegatingMethodAccessorImpl.java:43)[0m
2023.04.21 13:09:41 INFO      at java.lang.reflect.Method.invoke (Method.java:568)[0m
2023.04.21 13:09:41 INFO      at org.codehaus.plexus.classworlds.launcher.Launcher.launchEnhanced (Launcher.java:282)[0m
2023.04.21 13:09:41 INFO      at org.codehaus.plexus.classworlds.launcher.Launcher.launch (Launcher.java:225)[0m
2023.04.21 13:09:41 INFO      at org.codehaus.plexus.classworlds.launcher.Launcher.mainWithExitCode (Launcher.java:406)[0m
2023.04.21 13:09:41 INFO      at org.codehaus.plexus.classworlds.launcher.Launcher.main (Launcher.java:347)[0m
2023.04.21 13:09:41 INFO      at jdk.internal.reflect.NativeMethodAccessorImpl.invoke0 (Native Method)[0m
2023.04.21 13:09:41 INFO      at jdk.internal.reflect.NativeMethodAccessorImpl.invoke (NativeMethodAccessorImpl.java:77)[0m
2023.04.21 13:09:41 INFO      at jdk.internal.reflect.DelegatingMethodAccessorImpl.invoke (DelegatingMethodAccessorImpl.java:43)[0m
2023.04.21 13:09:41 INFO      at java.lang.reflect.Method.invoke (Method.java:568)[0m
2023.04.21 13:09:41 INFO      at org.apache.maven.wrapper.BootstrapMainStarter.start (BootstrapMainStarter.java:53)[0m
2023.04.21 13:09:41 INFO      at org.apache.maven.wrapper.WrapperExecutor.execute (WrapperExecutor.java:152)[0m
2023.04.21 13:09:41 INFO      at org.apache.maven.wrapper.MavenWrapperMain.main (MavenWrapperMain.java:76)[0m
2023.04.21 13:09:41 INFO  Caused by: org.apache.maven.wagon.TransferFailedException: transfer failed for https://repo.maven.apache.org/maven2/org/apache/hadoop/hadoop-client-runtime/3.3.4/hadoop-client-runtime-3.3.4-sources.jar, proxy: ProxyInfo{host='127.0.0.1', userName='null', port=8001, type='http', nonProxyHosts='null'}[0m
2023.04.21 13:09:41 INFO      at org.apache.maven.wagon.providers.http.wagon.shared.AbstractHttpClientWagon.fillInputData (AbstractHttpClientWagon.java:1250)[0m
2023.04.21 13:09:41 INFO      at org.apache.maven.wagon.providers.http.wagon.shared.AbstractHttpClientWagon.fillInputData (AbstractHttpClientWagon.java:1140)[0m
2023.04.21 13:09:41 INFO      at org.apache.maven.wagon.StreamWagon.getInputStream (StreamWagon.java:126)[0m
2023.04.21 13:09:41 INFO      at org.apache.maven.wagon.StreamWagon.getIfNewer (StreamWagon.java:88)[0m
2023.04.21 13:09:41 INFO      at org.apache.maven.wagon.StreamWagon.get (StreamWagon.java:61)[0m
2023.04.21 13:09:41 INFO      at org.eclipse.aether.transport.wagon.WagonTransporter$GetTaskRunner.run (WagonTransporter.java:546)[0m
2023.04.21 13:09:41 INFO      at org.eclipse.aether.transport.wagon.WagonTransporter.execute (WagonTransporter.java:430)[0m
2023.04.21 13:09:41 INFO      at org.eclipse.aether.transport.wagon.WagonTransporter.get (WagonTransporter.java:407)[0m
2023.04.21 13:09:41 INFO      at org.eclipse.aether.connector.basic.BasicRepositoryConnector$GetTaskRunner.runTask (BasicRepositoryConnector.java:457)[0m
2023.04.21 13:09:41 INFO      at org.eclipse.aether.connector.basic.BasicRepositoryConnector$TaskRunner.run (BasicRepositoryConnector.java:364)[0m
2023.04.21 13:09:41 INFO      at org.eclipse.aether.util.concurrency.RunnableErrorForwarder$1.run (RunnableErrorForwarder.java:75)[0m
2023.04.21 13:09:41 INFO      at org.eclipse.aether.connector.basic.BasicRepositoryConnector$DirectExecutor.execute (BasicRepositoryConnector.java:628)[0m
2023.04.21 13:09:41 INFO      at org.eclipse.aether.connector.basic.BasicRepositoryConnector.get (BasicRepositoryConnector.java:262)[0m
2023.04.21 13:09:41 INFO      at org.eclipse.aether.internal.impl.DefaultArtifactResolver.performDownloads (DefaultArtifactResolver.java:514)[0m
2023.04.21 13:09:41 INFO      at org.eclipse.aether.internal.impl.DefaultArtifactResolver.resolve (DefaultArtifactResolver.java:402)[0m
2023.04.21 13:09:41 INFO      at org.eclipse.aether.internal.impl.DefaultArtifactResolver.resolveArtifacts (DefaultArtifactResolver.java:229)[0m
2023.04.21 13:09:41 INFO      at org.eclipse.aether.internal.impl.DefaultArtifactResolver.resolveArtifact (DefaultArtifactResolver.java:207)[0m
2023.04.21 13:09:41 INFO      at org.eclipse.aether.internal.impl.DefaultRepositorySystem.resolveArtifact (DefaultRepositorySystem.java:262)[0m
2023.04.21 13:09:41 INFO      at bloop.integrations.maven.MojoImplementation$.bloop$integrations$maven$MojoImplementation$$resolveArtifact$1 (MojoImplementation.scala:117)[0m
2023.04.21 13:09:41 INFO      at bloop.integrations.maven.MojoImplementation$$anonfun$2.applyOrElse (MojoImplementation.scala:244)[0m
2023.04.21 13:09:41 INFO      at bloop.integrations.maven.MojoImplementation$$anonfun$2.applyOrElse (MojoImplementation.scala:226)[0m
2023.04.21 13:09:41 INFO      at scala.collection.StrictOptimizedIterableOps.collect (StrictOptimizedIterableOps.scala:151)[0m
2023.04.21 13:09:41 INFO      at scala.collection.StrictOptimizedIterableOps.collect$ (StrictOptimizedIterableOps.scala:136)[0m
2023.04.21 13:09:41 INFO      at scala.collection.convert.JavaCollectionWrappers$JSetWrapper.collect (JavaCollectionWrappers.scala:180)[0m
2023.04.21 13:09:41 INFO      at bloop.integrations.maven.MojoImplementation$.writeConfig$1 (MojoImplementation.scala:226)[0m
2023.04.21 13:09:41 INFO      at bloop.integrations.maven.MojoImplementation$.writeCompileAndTestConfiguration (MojoImplementation.scala:301)[0m
2023.04.21 13:09:41 INFO      at bloop.integrations.maven.MojoImplementation.writeCompileAndTestConfiguration (MojoImplementation.scala)[0m
2023.04.21 13:09:41 INFO      at bloop.integrations.maven.BloopMojo.execute (BloopMojo.java:104)[0m
2023.04.21 13:09:41 INFO      at org.apache.maven.plugin.DefaultBuildPluginManager.executeMojo (DefaultBuildPluginManager.java:137)[0m
2023.04.21 13:09:41 INFO      at org.apache.maven.lifecycle.internal.MojoExecutor.doExecute2 (MojoExecutor.java:370)[0m
2023.04.21 13:09:41 INFO      at org.apache.maven.lifecycle.internal.MojoExecutor.doExecute (MojoExecutor.java:351)[0m
2023.04.21 13:09:41 INFO      at org.apache.maven.lifecycle.internal.MojoExecutor.execute (MojoExecutor.java:215)[0m
2023.04.21 13:09:41 INFO      at org.apache.maven.lifecycle.internal.MojoExecutor.execute (MojoExecutor.java:171)[0m
2023.04.21 13:09:41 INFO      at org.apache.maven.lifecycle.internal.MojoExecutor.execute (MojoExecutor.java:163)[0m
2023.04.21 13:09:41 INFO      at org.apache.maven.lifecycle.internal.LifecycleModuleBuilder.buildProject (LifecycleModuleBuilder.java:117)[0m
2023.04.21 13:09:41 INFO      at org.apache.maven.lifecycle.internal.LifecycleModuleBuilder.buildProject (LifecycleModuleBuilder.java:81)[0m
2023.04.21 13:09:41 INFO      at org.apache.maven.lifecycle.internal.builder.singlethreaded.SingleThreadedBuilder.build (SingleThreadedBuilder.java:56)[0m
2023.04.21 13:09:41 INFO      at org.apache.maven.lifecycle.internal.LifecycleStarter.execute (LifecycleStarter.java:128)[0m
2023.04.21 13:09:41 INFO      at org.apache.maven.DefaultMaven.doExecute (DefaultMaven.java:294)[0m
2023.04.21 13:09:41 INFO      at org.apache.maven.DefaultMaven.doExecute (DefaultMaven.java:192)[0m
2023.04.21 13:09:41 INFO      at org.apache.maven.DefaultMaven.execute (DefaultMaven.java:105)[0m
2023.04.21 13:09:41 INFO      at org.apache.maven.cli.MavenCli.execute (MavenCli.java:960)[0m
2023.04.21 13:09:41 INFO      at org.apache.maven.cli.MavenCli.doMain (MavenCli.java:293)[0m
2023.04.21 13:09:41 INFO      at org.apache.maven.cli.MavenCli.main (MavenCli.java:196)[0m
2023.04.21 13:09:41 INFO      at jdk.internal.reflect.NativeMethodAccessorImpl.invoke0 (Native Method)[0m
2023.04.21 13:09:41 INFO      at jdk.internal.reflect.NativeMethodAccessorImpl.invoke (NativeMethodAccessorImpl.java:77)[0m
2023.04.21 13:09:41 INFO      at jdk.internal.reflect.DelegatingMethodAccessorImpl.invoke (DelegatingMethodAccessorImpl.java:43)[0m
2023.04.21 13:09:41 INFO      at java.lang.reflect.Method.invoke (Method.java:568)[0m
2023.04.21 13:09:41 INFO      at org.codehaus.plexus.classworlds.launcher.Launcher.launchEnhanced (Launcher.java:282)[0m
2023.04.21 13:09:41 INFO      at org.codehaus.plexus.classworlds.launcher.Launcher.launch (Launcher.java:225)[0m
2023.04.21 13:09:41 INFO      at org.codehaus.plexus.classworlds.launcher.Launcher.mainWithExitCode (Launcher.java:406)[0m
2023.04.21 13:09:41 INFO      at org.codehaus.plexus.classworlds.launcher.Launcher.main (Launcher.java:347)[0m
2023.04.21 13:09:41 INFO      at jdk.internal.reflect.NativeMethodAccessorImpl.invoke0 (Native Method)[0m
2023.04.21 13:09:41 INFO      at jdk.internal.reflect.NativeMethodAccessorImpl.invoke (NativeMethodAccessorImpl.java:77)[0m
2023.04.21 13:09:41 INFO      at jdk.internal.reflect.DelegatingMethodAccessorImpl.invoke (DelegatingMethodAccessorImpl.java:43)[0m
2023.04.21 13:09:41 INFO      at java.lang.reflect.Method.invoke (Method.java:568)[0m
2023.04.21 13:09:41 INFO      at org.apache.maven.wrapper.BootstrapMainStarter.start (BootstrapMainStarter.java:53)[0m
2023.04.21 13:09:41 INFO      at org.apache.maven.wrapper.WrapperExecutor.execute (WrapperExecutor.java:152)[0m
2023.04.21 13:09:41 INFO      at org.apache.maven.wrapper.MavenWrapperMain.main (MavenWrapperMain.java:76)[0m
2023.04.21 13:09:41 INFO  Caused by: java.net.SocketException: Connection reset[0m
2023.04.21 13:09:41 INFO      at sun.nio.ch.NioSocketImpl.implRead (NioSocketImpl.java:323)[0m
2023.04.21 13:09:41 INFO      at sun.nio.ch.NioSocketImpl.read (NioSocketImpl.java:350)[0m
2023.04.21 13:09:41 INFO      at sun.nio.ch.NioSocketImpl$1.read (NioSocketImpl.java:803)[0m
2023.04.21 13:09:41 INFO      at java.net.Socket$SocketInputStream.read (Socket.java:966)[0m
2023.04.21 13:09:41 INFO      at sun.security.ssl.SSLSocketInputRecord.read (SSLSocketInputRecord.java:478)[0m
2023.04.21 13:09:41 INFO      at sun.security.ssl.SSLSocketInputRecord.readHeader (SSLSocketInputRecord.java:472)[0m
2023.04.21 13:09:41 INFO      at sun.security.ssl.SSLSocketInputRecord.decode (SSLSocketInputRecord.java:160)[0m
2023.04.21 13:09:41 INFO      at sun.security.ssl.SSLTransport.decode (SSLTransport.java:111)[0m
2023.04.21 13:09:41 INFO      at sun.security.ssl.SSLSocketImpl.decode (SSLSocketImpl.java:1505)[0m
2023.04.21 13:09:41 INFO      at sun.security.ssl.SSLSocketImpl.readHandshakeRecord (SSLSocketImpl.java:1420)[0m
2023.04.21 13:09:41 INFO      at sun.security.ssl.SSLSocketImpl.startHandshake (SSLSocketImpl.java:455)[0m
2023.04.21 13:09:41 INFO      at sun.security.ssl.SSLSocketImpl.startHandshake (SSLSocketImpl.java:426)[0m
2023.04.21 13:09:41 INFO      at org.apache.maven.wagon.providers.http.httpclient.conn.ssl.SSLConnectionSocketFactory.createLayeredSocket (SSLConnectionSocketFactory.java:436)[0m
2023.04.21 13:09:41 INFO      at org.apache.maven.wagon.providers.http.httpclient.impl.conn.DefaultHttpClientConnectionOperator.upgrade (DefaultHttpClientConnectionOperator.java:191)[0m
2023.04.21 13:09:41 INFO      at org.apache.maven.wagon.providers.http.httpclient.impl.conn.PoolingHttpClientConnectionManager.upgrade (PoolingHttpClientConnectionManager.java:392)[0m
2023.04.21 13:09:41 INFO      at org.apache.maven.wagon.providers.http.httpclient.impl.execchain.MainClientExec.establishRoute (MainClientExec.java:428)[0m
2023.04.21 13:09:41 INFO      at org.apache.maven.wagon.providers.http.httpclient.impl.execchain.MainClientExec.execute (MainClientExec.java:236)[0m
2023.04.21 13:09:41 INFO      at org.apache.maven.wagon.providers.http.httpclient.impl.execchain.ProtocolExec.execute (ProtocolExec.java:186)[0m
2023.04.21 13:09:41 INFO      at org.apache.maven.wagon.providers.http.httpclient.impl.execchain.RetryExec.execute (RetryExec.java:89)[0m
2023.04.21 13:09:41 INFO      at org.apache.maven.wagon.providers.http.httpclient.impl.execchain.RedirectExec.execute (RedirectExec.java:110)[0m
2023.04.21 13:09:41 INFO      at org.apache.maven.wagon.providers.http.httpclient.impl.client.InternalHttpClient.doExecute (InternalHttpClient.java:185)[0m
2023.04.21 13:09:41 INFO      at org.apache.maven.wagon.providers.http.httpclient.impl.client.CloseableHttpClient.execute (CloseableHttpClient.java:83)[0m
2023.04.21 13:09:41 INFO      at org.apache.maven.wagon.providers.http.wagon.shared.AbstractHttpClientWagon.execute (AbstractHttpClientWagon.java:1005)[0m
2023.04.21 13:09:41 INFO      at org.apache.maven.wagon.providers.http.wagon.shared.AbstractHttpClientWagon.fillInputData (AbstractHttpClientWagon.java:1162)[0m
2023.04.21 13:09:41 INFO      at org.apache.maven.wagon.providers.http.wagon.shared.AbstractHttpClientWagon.fillInputData (AbstractHttpClientWagon.java:1140)[0m
2023.04.21 13:09:41 INFO      at org.apache.maven.wagon.StreamWagon.getInputStream (StreamWagon.java:126)[0m
2023.04.21 13:09:41 INFO      at org.apache.maven.wagon.StreamWagon.getIfNewer (StreamWagon.java:88)[0m
2023.04.21 13:09:41 INFO      at org.apache.maven.wagon.StreamWagon.get (StreamWagon.java:61)[0m
2023.04.21 13:09:41 INFO      at org.eclipse.aether.transport.wagon.WagonTransporter$GetTaskRunner.run (WagonTransporter.java:546)[0m
2023.04.21 13:09:41 INFO      at org.eclipse.aether.transport.wagon.WagonTransporter.execute (WagonTransporter.java:430)[0m
2023.04.21 13:09:41 INFO      at org.eclipse.aether.transport.wagon.WagonTransporter.get (WagonTransporter.java:407)[0m
2023.04.21 13:09:41 INFO      at org.eclipse.aether.connector.basic.BasicRepositoryConnector$GetTaskRunner.runTask (BasicRepositoryConnector.java:457)[0m
2023.04.21 13:09:41 INFO      at org.eclipse.aether.connector.basic.BasicRepositoryConnector$TaskRunner.run (BasicRepositoryConnector.java:364)[0m
2023.04.21 13:09:41 INFO      at org.eclipse.aether.util.concurrency.RunnableErrorForwarder$1.run (RunnableErrorForwarder.java:75)[0m
2023.04.21 13:09:41 INFO      at org.eclipse.aether.connector.basic.BasicRepositoryConnector$DirectExecutor.execute (BasicRepositoryConnector.java:628)[0m
2023.04.21 13:09:41 INFO      at org.eclipse.aether.connector.basic.BasicRepositoryConnector.get (BasicRepositoryConnector.java:262)[0m
2023.04.21 13:09:41 INFO      at org.eclipse.aether.internal.impl.DefaultArtifactResolver.performDownloads (DefaultArtifactResolver.java:514)[0m
2023.04.21 13:09:41 INFO      at org.eclipse.aether.internal.impl.DefaultArtifactResolver.resolve (DefaultArtifactResolver.java:402)[0m
2023.04.21 13:09:41 INFO      at org.eclipse.aether.internal.impl.DefaultArtifactResolver.resolveArtifacts (DefaultArtifactResolver.java:229)[0m
2023.04.21 13:09:41 INFO      at org.eclipse.aether.internal.impl.DefaultArtifactResolver.resolveArtifact (DefaultArtifactResolver.java:207)[0m
2023.04.21 13:09:41 INFO      at org.eclipse.aether.internal.impl.DefaultRepositorySystem.resolveArtifact (DefaultRepositorySystem.java:262)[0m
2023.04.21 13:09:41 INFO      at bloop.integrations.maven.MojoImplementation$.bloop$integrations$maven$MojoImplementation$$resolveArtifact$1 (MojoImplementation.scala:117)[0m
2023.04.21 13:09:41 INFO      at bloop.integrations.maven.MojoImplementation$$anonfun$2.applyOrElse (MojoImplementation.scala:244)[0m
2023.04.21 13:09:41 INFO      at bloop.integrations.maven.MojoImplementation$$anonfun$2.applyOrElse (MojoImplementation.scala:226)[0m
2023.04.21 13:09:41 INFO      at scala.collection.StrictOptimizedIterableOps.collect (StrictOptimizedIterableOps.scala:151)[0m
2023.04.21 13:09:41 INFO      at scala.collection.StrictOptimizedIterableOps.collect$ (StrictOptimizedIterableOps.scala:136)[0m
2023.04.21 13:09:41 INFO      at scala.collection.convert.JavaCollectionWrappers$JSetWrapper.collect (JavaCollectionWrappers.scala:180)[0m
2023.04.21 13:09:41 INFO      at bloop.integrations.maven.MojoImplementation$.writeConfig$1 (MojoImplementation.scala:226)[0m
2023.04.21 13:09:41 INFO      at bloop.integrations.maven.MojoImplementation$.writeCompileAndTestConfiguration (MojoImplementation.scala:301)[0m
2023.04.21 13:09:41 INFO      at bloop.integrations.maven.MojoImplementation.writeCompileAndTestConfiguration (MojoImplementation.scala)[0m
2023.04.21 13:09:41 INFO      at bloop.integrations.maven.BloopMojo.execute (BloopMojo.java:104)[0m
2023.04.21 13:09:41 INFO      at org.apache.maven.plugin.DefaultBuildPluginManager.executeMojo (DefaultBuildPluginManager.java:137)[0m
2023.04.21 13:09:41 INFO      at org.apache.maven.lifecycle.internal.MojoExecutor.doExecute2 (MojoExecutor.java:370)[0m
2023.04.21 13:09:41 INFO      at org.apache.maven.lifecycle.internal.MojoExecutor.doExecute (MojoExecutor.java:351)[0m
2023.04.21 13:09:41 INFO      at org.apache.maven.lifecycle.internal.MojoExecutor.execute (MojoExecutor.java:215)[0m
2023.04.21 13:09:41 INFO      at org.apache.maven.lifecycle.internal.MojoExecutor.execute (MojoExecutor.java:171)[0m
2023.04.21 13:09:41 INFO      at org.apache.maven.lifecycle.internal.MojoExecutor.execute (MojoExecutor.java:163)[0m
2023.04.21 13:09:41 INFO      at org.apache.maven.lifecycle.internal.LifecycleModuleBuilder.buildProject (LifecycleModuleBuilder.java:117)[0m
2023.04.21 13:09:41 INFO      at org.apache.maven.lifecycle.internal.LifecycleModuleBuilder.buildProject (LifecycleModuleBuilder.java:81)[0m
2023.04.21 13:09:41 INFO      at org.apache.maven.lifecycle.internal.builder.singlethreaded.SingleThreadedBuilder.build (SingleThreadedBuilder.java:56)[0m
2023.04.21 13:09:41 INFO      at org.apache.maven.lifecycle.internal.LifecycleStarter.execute (LifecycleStarter.java:128)[0m
2023.04.21 13:09:41 INFO      at org.apache.maven.DefaultMaven.doExecute (DefaultMaven.java:294)[0m
2023.04.21 13:09:41 INFO      at org.apache.maven.DefaultMaven.doExecute (DefaultMaven.java:192)[0m
2023.04.21 13:09:41 INFO      at org.apache.maven.DefaultMaven.execute (DefaultMaven.java:105)[0m
2023.04.21 13:09:41 INFO      at org.apache.maven.cli.MavenCli.execute (MavenCli.java:960)[0m
2023.04.21 13:09:41 INFO      at org.apache.maven.cli.MavenCli.doMain (MavenCli.java:293)[0m
2023.04.21 13:09:41 INFO      at org.apache.maven.cli.MavenCli.main (MavenCli.java:196)[0m
2023.04.21 13:09:41 INFO      at jdk.internal.reflect.NativeMethodAccessorImpl.invoke0 (Native Method)[0m
2023.04.21 13:09:41 INFO      at jdk.internal.reflect.NativeMethodAccessorImpl.invoke (NativeMethodAccessorImpl.java:77)[0m
2023.04.21 13:09:41 INFO      at jdk.internal.reflect.DelegatingMethodAccessorImpl.invoke (DelegatingMethodAccessorImpl.java:43)[0m
2023.04.21 13:09:41 INFO      at java.lang.reflect.Method.invoke (Method.java:568)[0m
2023.04.21 13:09:41 INFO      at org.codehaus.plexus.classworlds.launcher.Launcher.launchEnhanced (Launcher.java:282)[0m
2023.04.21 13:09:41 INFO      at org.codehaus.plexus.classworlds.launcher.Launcher.launch (Launcher.java:225)[0m
2023.04.21 13:09:41 INFO      at org.codehaus.plexus.classworlds.launcher.Launcher.mainWithExitCode (Launcher.java:406)[0m
2023.04.21 13:09:41 INFO      at org.codehaus.plexus.classworlds.launcher.Launcher.main (Launcher.java:347)[0m
2023.04.21 13:09:41 INFO      at jdk.internal.reflect.NativeMethodAccessorImpl.invoke0 (Native Method)[0m
2023.04.21 13:09:41 INFO      at jdk.internal.reflect.NativeMethodAccessorImpl.invoke (NativeMethodAccessorImpl.java:77)[0m
2023.04.21 13:09:41 INFO      at jdk.internal.reflect.DelegatingMethodAccessorImpl.invoke (DelegatingMethodAccessorImpl.java:43)[0m
2023.04.21 13:09:41 INFO      at java.lang.reflect.Method.invoke (Method.java:568)[0m
2023.04.21 13:09:41 INFO      at org.apache.maven.wrapper.BootstrapMainStarter.start (BootstrapMainStarter.java:53)[0m
2023.04.21 13:09:41 INFO      at org.apache.maven.wrapper.WrapperExecutor.execute (WrapperExecutor.java:152)[0m
2023.04.21 13:09:41 INFO      at org.apache.maven.wrapper.MavenWrapperMain.main (MavenWrapperMain.java:76)[0m
2023.04.21 13:09:41 INFO  [INFO] Resolving artifact: commons-logging:commons-logging:jar:1.1.3:runtime (sources = false)[0m
2023.04.21 13:09:41 INFO  [INFO] SUCCESS: commons-logging:commons-logging:jar:1.1.3:runtime (sources = false)[0m
2023.04.21 13:09:41 INFO  [INFO] Resolving artifact: commons-logging:commons-logging:jar:1.1.3:runtime (sources = true)[0m
2023.04.21 13:09:41 INFO  [INFO] SUCCESS: commons-logging:commons-logging:jar:1.1.3:runtime (sources = true)[0m
2023.04.21 13:09:41 INFO  [INFO] Resolving artifact: org.apache.spark:spark-launcher_2.12:jar:3.4.0:compile (sources = false)[0m
2023.04.21 13:09:41 INFO  [INFO] SUCCESS: org.apache.spark:spark-launcher_2.12:jar:3.4.0:compile (sources = false)[0m
2023.04.21 13:09:41 INFO  [INFO] Resolving artifact: org.apache.spark:spark-launcher_2.12:jar:3.4.0:compile (sources = true)[0m
2023.04.21 13:09:41 INFO  [INFO] SUCCESS: org.apache.spark:spark-launcher_2.12:jar:3.4.0:compile (sources = true)[0m
2023.04.21 13:09:41 INFO  [INFO] Resolving artifact: org.apache.spark:spark-kvstore_2.12:jar:3.4.0:compile (sources = false)[0m
2023.04.21 13:09:41 INFO  [INFO] SUCCESS: org.apache.spark:spark-kvstore_2.12:jar:3.4.0:compile (sources = false)[0m
2023.04.21 13:09:41 INFO  [INFO] Resolving artifact: org.apache.spark:spark-kvstore_2.12:jar:3.4.0:compile (sources = true)[0m
2023.04.21 13:09:41 INFO  [INFO] SUCCESS: org.apache.spark:spark-kvstore_2.12:jar:3.4.0:compile (sources = true)[0m
2023.04.21 13:09:41 INFO  [INFO] Resolving artifact: org.fusesource.leveldbjni:leveldbjni-all:jar:1.8:compile (sources = false)[0m
2023.04.21 13:09:41 INFO  [INFO] SUCCESS: org.fusesource.leveldbjni:leveldbjni-all:jar:1.8:compile (sources = false)[0m
2023.04.21 13:09:41 INFO  [INFO] Resolving artifact: org.fusesource.leveldbjni:leveldbjni-all:jar:1.8:compile (sources = true)[0m
2023.04.21 13:09:41 INFO  [INFO] SUCCESS: org.fusesource.leveldbjni:leveldbjni-all:jar:1.8:compile (sources = true)[0m
2023.04.21 13:09:41 INFO  [INFO] Resolving artifact: com.fasterxml.jackson.core:jackson-annotations:jar:2.14.2:compile (sources = false)[0m
2023.04.21 13:09:41 INFO  [INFO] SUCCESS: com.fasterxml.jackson.core:jackson-annotations:jar:2.14.2:compile (sources = false)[0m
2023.04.21 13:09:41 INFO  [INFO] Resolving artifact: com.fasterxml.jackson.core:jackson-annotations:jar:2.14.2:compile (sources = true)[0m
2023.04.21 13:09:41 INFO  [INFO] SUCCESS: com.fasterxml.jackson.core:jackson-annotations:jar:2.14.2:compile (sources = true)[0m
2023.04.21 13:09:41 INFO  [INFO] Resolving artifact: org.apache.spark:spark-network-common_2.12:jar:3.4.0:compile (sources = false)[0m
2023.04.21 13:09:41 INFO  [INFO] SUCCESS: org.apache.spark:spark-network-common_2.12:jar:3.4.0:compile (sources = false)[0m
2023.04.21 13:09:41 INFO  [INFO] Resolving artifact: org.apache.spark:spark-network-common_2.12:jar:3.4.0:compile (sources = true)[0m
2023.04.21 13:09:41 INFO  [INFO] SUCCESS: org.apache.spark:spark-network-common_2.12:jar:3.4.0:compile (sources = true)[0m
2023.04.21 13:09:41 INFO  [INFO] Resolving artifact: com.google.crypto.tink:tink:jar:1.7.0:compile (sources = false)[0m
2023.04.21 13:09:41 INFO  [INFO] SUCCESS: com.google.crypto.tink:tink:jar:1.7.0:compile (sources = false)[0m
2023.04.21 13:09:41 INFO  [INFO] Resolving artifact: com.google.crypto.tink:tink:jar:1.7.0:compile (sources = true)[0m
2023.04.21 13:09:41 INFO  [INFO] SUCCESS: com.google.crypto.tink:tink:jar:1.7.0:compile (sources = true)[0m
2023.04.21 13:09:41 INFO  [INFO] Resolving artifact: com.google.code.gson:gson:jar:2.8.9:compile (sources = false)[0m
2023.04.21 13:09:41 INFO  [INFO] SUCCESS: com.google.code.gson:gson:jar:2.8.9:compile (sources = false)[0m
2023.04.21 13:09:41 INFO  [INFO] Resolving artifact: com.google.code.gson:gson:jar:2.8.9:compile (sources = true)[0m
2023.04.21 13:09:41 INFO  [INFO] SUCCESS: com.google.code.gson:gson:jar:2.8.9:compile (sources = true)[0m
2023.04.21 13:09:41 INFO  [INFO] Resolving artifact: org.apache.spark:spark-network-shuffle_2.12:jar:3.4.0:compile (sources = false)[0m
2023.04.21 13:09:41 INFO  [INFO] SUCCESS: org.apache.spark:spark-network-shuffle_2.12:jar:3.4.0:compile (sources = false)[0m
2023.04.21 13:09:41 INFO  [INFO] Resolving artifact: org.apache.spark:spark-network-shuffle_2.12:jar:3.4.0:compile (sources = true)[0m
2023.04.21 13:09:41 INFO  [INFO] SUCCESS: org.apache.spark:spark-network-shuffle_2.12:jar:3.4.0:compile (sources = true)[0m
2023.04.21 13:09:41 INFO  [INFO] Resolving artifact: org.apache.spark:spark-unsafe_2.12:jar:3.4.0:compile (sources = false)[0m
2023.04.21 13:09:41 INFO  [INFO] SUCCESS: org.apache.spark:spark-unsafe_2.12:jar:3.4.0:compile (sources = false)[0m
2023.04.21 13:09:41 INFO  [INFO] Resolving artifact: org.apache.spark:spark-unsafe_2.12:jar:3.4.0:compile (sources = true)[0m
2023.04.21 13:09:41 INFO  [INFO] SUCCESS: org.apache.spark:spark-unsafe_2.12:jar:3.4.0:compile (sources = true)[0m
2023.04.21 13:09:41 INFO  [INFO] Resolving artifact: javax.activation:activation:jar:1.1.1:compile (sources = false)[0m
2023.04.21 13:09:41 INFO  [INFO] SUCCESS: javax.activation:activation:jar:1.1.1:compile (sources = false)[0m
2023.04.21 13:09:41 INFO  [INFO] Resolving artifact: javax.activation:activation:jar:1.1.1:compile (sources = true)[0m
2023.04.21 13:09:41 INFO  [INFO] SUCCESS: javax.activation:activation:jar:1.1.1:compile (sources = true)[0m
2023.04.21 13:09:41 INFO  [INFO] Resolving artifact: org.apache.curator:curator-recipes:jar:2.13.0:compile (sources = false)[0m
2023.04.21 13:09:41 INFO  [INFO] SUCCESS: org.apache.curator:curator-recipes:jar:2.13.0:compile (sources = false)[0m
2023.04.21 13:09:41 INFO  [INFO] Resolving artifact: org.apache.curator:curator-recipes:jar:2.13.0:compile (sources = true)[0m
2023.04.21 13:09:41 INFO  [INFO] SUCCESS: org.apache.curator:curator-recipes:jar:2.13.0:compile (sources = true)[0m
2023.04.21 13:09:41 INFO  [INFO] Resolving artifact: org.apache.curator:curator-framework:jar:2.13.0:compile (sources = false)[0m
2023.04.21 13:09:41 INFO  [INFO] SUCCESS: org.apache.curator:curator-framework:jar:2.13.0:compile (sources = false)[0m
2023.04.21 13:09:41 INFO  [INFO] Resolving artifact: org.apache.curator:curator-framework:jar:2.13.0:compile (sources = true)[0m
2023.04.21 13:09:41 INFO  [INFO] SUCCESS: org.apache.curator:curator-framework:jar:2.13.0:compile (sources = true)[0m
2023.04.21 13:09:41 INFO  [INFO] Resolving artifact: org.apache.curator:curator-client:jar:2.13.0:compile (sources = false)[0m
2023.04.21 13:09:41 INFO  [INFO] SUCCESS: org.apache.curator:curator-client:jar:2.13.0:compile (sources = false)[0m
2023.04.21 13:09:41 INFO  [INFO] Resolving artifact: org.apache.curator:curator-client:jar:2.13.0:compile (sources = true)[0m
2023.04.21 13:09:41 INFO  [INFO] SUCCESS: org.apache.curator:curator-client:jar:2.13.0:compile (sources = true)[0m
2023.04.21 13:09:41 INFO  [INFO] Resolving artifact: com.google.guava:guava:jar:16.0.1:compile (sources = false)[0m
2023.04.21 13:09:41 INFO  [INFO] SUCCESS: com.google.guava:guava:jar:16.0.1:compile (sources = false)[0m
2023.04.21 13:09:41 INFO  [INFO] Resolving artifact: com.google.guava:guava:jar:16.0.1:compile (sources = true)[0m
2023.04.21 13:09:41 INFO  [INFO] SUCCESS: com.google.guava:guava:jar:16.0.1:compile (sources = true)[0m
2023.04.21 13:09:41 INFO  [INFO] Resolving artifact: org.apache.zookeeper:zookeeper:jar:3.6.3:compile (sources = false)[0m
2023.04.21 13:09:41 INFO  [INFO] SUCCESS: org.apache.zookeeper:zookeeper:jar:3.6.3:compile (sources = false)[0m
2023.04.21 13:09:41 INFO  [INFO] Resolving artifact: org.apache.zookeeper:zookeeper:jar:3.6.3:compile (sources = true)[0m
2023.04.21 13:09:41 INFO  [INFO] SUCCESS: org.apache.zookeeper:zookeeper:jar:3.6.3:compile (sources = true)[0m
2023.04.21 13:09:41 INFO  [INFO] Resolving artifact: org.apache.zookeeper:zookeeper-jute:jar:3.6.3:compile (sources = false)[0m
2023.04.21 13:09:41 INFO  [INFO] SUCCESS: org.apache.zookeeper:zookeeper-jute:jar:3.6.3:compile (sources = false)[0m
2023.04.21 13:09:41 INFO  [INFO] Resolving artifact: org.apache.zookeeper:zookeeper-jute:jar:3.6.3:compile (sources = true)[0m
2023.04.21 13:09:41 INFO  [INFO] SUCCESS: org.apache.zookeeper:zookeeper-jute:jar:3.6.3:compile (sources = true)[0m
2023.04.21 13:09:41 INFO  [INFO] Resolving artifact: org.apache.yetus:audience-annotations:jar:0.5.0:compile (sources = false)[0m
2023.04.21 13:09:41 INFO  [INFO] SUCCESS: org.apache.yetus:audience-annotations:jar:0.5.0:compile (sources = false)[0m
2023.04.21 13:09:41 INFO  [INFO] Resolving artifact: org.apache.yetus:audience-annotations:jar:0.5.0:compile (sources = true)[0m
2023.04.21 13:09:41 INFO  [INFO] SUCCESS: org.apache.yetus:audience-annotations:jar:0.5.0:compile (sources = true)[0m
2023.04.21 13:09:41 INFO  [INFO] Resolving artifact: jakarta.servlet:jakarta.servlet-api:jar:4.0.3:compile (sources = false)[0m
2023.04.21 13:09:41 INFO  [INFO] SUCCESS: jakarta.servlet:jakarta.servlet-api:jar:4.0.3:compile (sources = false)[0m
2023.04.21 13:09:41 INFO  [INFO] Resolving artifact: jakarta.servlet:jakarta.servlet-api:jar:4.0.3:compile (sources = true)[0m
2023.04.21 13:09:41 INFO  [INFO] SUCCESS: jakarta.servlet:jakarta.servlet-api:jar:4.0.3:compile (sources = true)[0m
2023.04.21 13:09:41 INFO  [INFO] Resolving artifact: commons-codec:commons-codec:jar:1.15:compile (sources = false)[0m
2023.04.21 13:09:41 INFO  [INFO] SUCCESS: commons-codec:commons-codec:jar:1.15:compile (sources = false)[0m
2023.04.21 13:09:41 INFO  [INFO] Resolving artifact: commons-codec:commons-codec:jar:1.15:compile (sources = true)[0m
2023.04.21 13:09:41 INFO  [INFO] SUCCESS: commons-codec:commons-codec:jar:1.15:compile (sources = true)[0m
2023.04.21 13:09:41 INFO  [INFO] Resolving artifact: org.apache.commons:commons-compress:jar:1.22:compile (sources = false)[0m
2023.04.21 13:09:41 INFO  [INFO] SUCCESS: org.apache.commons:commons-compress:jar:1.22:compile (sources = false)[0m
2023.04.21 13:09:41 INFO  [INFO] Resolving artifact: org.apache.commons:commons-compress:jar:1.22:compile (sources = true)[0m
2023.04.21 13:09:41 INFO  [INFO] SUCCESS: org.apache.commons:commons-compress:jar:1.22:compile (sources = true)[0m
2023.04.21 13:09:41 INFO  [INFO] Resolving artifact: org.apache.commons:commons-lang3:jar:3.12.0:compile (sources = false)[0m
2023.04.21 13:09:41 INFO  [INFO] SUCCESS: org.apache.commons:commons-lang3:jar:3.12.0:compile (sources = false)[0m
2023.04.21 13:09:41 INFO  [INFO] Resolving artifact: org.apache.commons:commons-lang3:jar:3.12.0:compile (sources = true)[0m
2023.04.21 13:09:41 INFO  [INFO] SUCCESS: org.apache.commons:commons-lang3:jar:3.12.0:compile (sources = true)[0m
2023.04.21 13:09:41 INFO  [INFO] Resolving artifact: org.apache.commons:commons-math3:jar:3.6.1:compile (sources = false)[0m
2023.04.21 13:09:41 INFO  [INFO] SUCCESS: org.apache.commons:commons-math3:jar:3.6.1:compile (sources = false)[0m
2023.04.21 13:09:41 INFO  [INFO] Resolving artifact: org.apache.commons:commons-math3:jar:3.6.1:compile (sources = true)[0m
2023.04.21 13:09:41 INFO  [INFO] SUCCESS: org.apache.commons:commons-math3:jar:3.6.1:compile (sources = true)[0m
2023.04.21 13:09:41 INFO  [INFO] Resolving artifact: org.apache.commons:commons-text:jar:1.10.0:compile (sources = false)[0m
2023.04.21 13:09:41 INFO  [INFO] SUCCESS: org.apache.commons:commons-text:jar:1.10.0:compile (sources = false)[0m
2023.04.21 13:09:41 INFO  [INFO] Resolving artifact: org.apache.commons:commons-text:jar:1.10.0:compile (sources = true)[0m
2023.04.21 13:09:41 INFO  [INFO] SUCCESS: org.apache.commons:commons-text:jar:1.10.0:compile (sources = true)[0m
2023.04.21 13:09:41 INFO  [INFO] Resolving artifact: commons-io:commons-io:jar:2.11.0:compile (sources = false)[0m
2023.04.21 13:09:41 INFO  [INFO] SUCCESS: commons-io:commons-io:jar:2.11.0:compile (sources = false)[0m
2023.04.21 13:09:41 INFO  [INFO] Resolving artifact: commons-io:commons-io:jar:2.11.0:compile (sources = true)[0m
2023.04.21 13:09:41 INFO  [INFO] SUCCESS: commons-io:commons-io:jar:2.11.0:compile (sources = true)[0m
2023.04.21 13:09:41 INFO  [INFO] Resolving artifact: commons-collections:commons-collections:jar:3.2.2:compile (sources = false)[0m
2023.04.21 13:09:41 INFO  [INFO] SUCCESS: commons-collections:commons-collections:jar:3.2.2:compile (sources = false)[0m
2023.04.21 13:09:41 INFO  [INFO] Resolving artifact: commons-collections:commons-collections:jar:3.2.2:compile (sources = true)[0m
2023.04.21 13:09:41 INFO  [INFO] SUCCESS: commons-collections:commons-collections:jar:3.2.2:compile (sources = true)[0m
2023.04.21 13:09:41 INFO  [INFO] Resolving artifact: org.apache.commons:commons-collections4:jar:4.4:compile (sources = false)[0m
2023.04.21 13:09:41 INFO  [INFO] SUCCESS: org.apache.commons:commons-collections4:jar:4.4:compile (sources = false)[0m
2023.04.21 13:09:41 INFO  [INFO] Resolving artifact: org.apache.commons:commons-collections4:jar:4.4:compile (sources = true)[0m
2023.04.21 13:09:41 INFO  [INFO] SUCCESS: org.apache.commons:commons-collections4:jar:4.4:compile (sources = true)[0m
2023.04.21 13:09:41 INFO  [INFO] Resolving artifact: com.google.code.findbugs:jsr305:jar:3.0.0:compile (sources = false)[0m
2023.04.21 13:09:41 INFO  [INFO] SUCCESS: com.google.code.findbugs:jsr305:jar:3.0.0:compile (sources = false)[0m
2023.04.21 13:09:41 INFO  [INFO] Resolving artifact: com.google.code.findbugs:jsr305:jar:3.0.0:compile (sources = true)[0m
2023.04.21 13:09:41 INFO  [INFO] SUCCESS: com.google.code.findbugs:jsr305:jar:3.0.0:compile (sources = true)[0m
2023.04.21 13:09:41 INFO  [INFO] Resolving artifact: org.slf4j:slf4j-api:jar:2.0.6:compile (sources = false)[0m
2023.04.21 13:09:41 INFO  [INFO] SUCCESS: org.slf4j:slf4j-api:jar:2.0.6:compile (sources = false)[0m
2023.04.21 13:09:41 INFO  [INFO] Resolving artifact: org.slf4j:slf4j-api:jar:2.0.6:compile (sources = true)[0m
2023.04.21 13:09:41 INFO  [INFO] SUCCESS: org.slf4j:slf4j-api:jar:2.0.6:compile (sources = true)[0m
2023.04.21 13:09:41 INFO  [INFO] Resolving artifact: org.slf4j:jul-to-slf4j:jar:2.0.6:compile (sources = false)[0m
2023.04.21 13:09:41 INFO  [INFO] SUCCESS: org.slf4j:jul-to-slf4j:jar:2.0.6:compile (sources = false)[0m
2023.04.21 13:09:41 INFO  [INFO] Resolving artifact: org.slf4j:jul-to-slf4j:jar:2.0.6:compile (sources = true)[0m
2023.04.21 13:09:41 INFO  [INFO] SUCCESS: org.slf4j:jul-to-slf4j:jar:2.0.6:compile (sources = true)[0m
2023.04.21 13:09:41 INFO  [INFO] Resolving artifact: org.slf4j:jcl-over-slf4j:jar:2.0.6:compile (sources = false)[0m
2023.04.21 13:09:41 INFO  [INFO] SUCCESS: org.slf4j:jcl-over-slf4j:jar:2.0.6:compile (sources = false)[0m
2023.04.21 13:09:41 INFO  [INFO] Resolving artifact: org.slf4j:jcl-over-slf4j:jar:2.0.6:compile (sources = true)[0m
2023.04.21 13:09:41 INFO  [INFO] SUCCESS: org.slf4j:jcl-over-slf4j:jar:2.0.6:compile (sources = true)[0m
2023.04.21 13:09:41 INFO  [INFO] Resolving artifact: org.apache.logging.log4j:log4j-slf4j2-impl:jar:2.19.0:compile (sources = false)[0m
2023.04.21 13:09:41 INFO  [INFO] SUCCESS: org.apache.logging.log4j:log4j-slf4j2-impl:jar:2.19.0:compile (sources = false)[0m
2023.04.21 13:09:41 INFO  [INFO] Resolving artifact: org.apache.logging.log4j:log4j-slf4j2-impl:jar:2.19.0:compile (sources = true)[0m
2023.04.21 13:09:41 INFO  [INFO] SUCCESS: org.apache.logging.log4j:log4j-slf4j2-impl:jar:2.19.0:compile (sources = true)[0m
2023.04.21 13:09:41 INFO  [INFO] Resolving artifact: org.apache.logging.log4j:log4j-api:jar:2.19.0:compile (sources = false)[0m
2023.04.21 13:09:41 INFO  [INFO] SUCCESS: org.apache.logging.log4j:log4j-api:jar:2.19.0:compile (sources = false)[0m
2023.04.21 13:09:41 INFO  [INFO] Resolving artifact: org.apache.logging.log4j:log4j-api:jar:2.19.0:compile (sources = true)[0m
2023.04.21 13:09:41 INFO  [INFO] SUCCESS: org.apache.logging.log4j:log4j-api:jar:2.19.0:compile (sources = true)[0m
2023.04.21 13:09:41 INFO  [INFO] Resolving artifact: org.apache.logging.log4j:log4j-core:jar:2.19.0:compile (sources = false)[0m
2023.04.21 13:09:41 INFO  [INFO] SUCCESS: org.apache.logging.log4j:log4j-core:jar:2.19.0:compile (sources = false)[0m
2023.04.21 13:09:41 INFO  [INFO] Resolving artifact: org.apache.logging.log4j:log4j-core:jar:2.19.0:compile (sources = true)[0m
2023.04.21 13:09:41 INFO  [INFO] SUCCESS: org.apache.logging.log4j:log4j-core:jar:2.19.0:compile (sources = true)[0m
2023.04.21 13:09:41 INFO  [INFO] Resolving artifact: org.apache.logging.log4j:log4j-1.2-api:jar:2.19.0:compile (sources = false)[0m
2023.04.21 13:09:41 INFO  [INFO] SUCCESS: org.apache.logging.log4j:log4j-1.2-api:jar:2.19.0:compile (sources = false)[0m
2023.04.21 13:09:41 INFO  [INFO] Resolving artifact: org.apache.logging.log4j:log4j-1.2-api:jar:2.19.0:compile (sources = true)[0m
2023.04.21 13:09:41 INFO  [INFO] SUCCESS: org.apache.logging.log4j:log4j-1.2-api:jar:2.19.0:compile (sources = true)[0m
2023.04.21 13:09:41 INFO  [INFO] Resolving artifact: com.ning:compress-lzf:jar:1.1.2:compile (sources = false)[0m
2023.04.21 13:09:41 INFO  [INFO] SUCCESS: com.ning:compress-lzf:jar:1.1.2:compile (sources = false)[0m
2023.04.21 13:09:41 INFO  [INFO] Resolving artifact: com.ning:compress-lzf:jar:1.1.2:compile (sources = true)[0m
2023.04.21 13:09:41 INFO  [INFO] SUCCESS: com.ning:compress-lzf:jar:1.1.2:compile (sources = true)[0m
2023.04.21 13:09:41 INFO  [INFO] Resolving artifact: org.xerial.snappy:snappy-java:jar:1.1.9.1:compile (sources = false)[0m
2023.04.21 13:09:41 INFO  [INFO] SUCCESS: org.xerial.snappy:snappy-java:jar:1.1.9.1:compile (sources = false)[0m
2023.04.21 13:09:41 INFO  [INFO] Resolving artifact: org.xerial.snappy:snappy-java:jar:1.1.9.1:compile (sources = true)[0m
2023.04.21 13:09:41 INFO  [INFO] SUCCESS: org.xerial.snappy:snappy-java:jar:1.1.9.1:compile (sources = true)[0m
2023.04.21 13:09:41 INFO  [INFO] Resolving artifact: org.lz4:lz4-java:jar:1.8.0:compile (sources = false)[0m
2023.04.21 13:09:41 INFO  [INFO] SUCCESS: org.lz4:lz4-java:jar:1.8.0:compile (sources = false)[0m
2023.04.21 13:09:41 INFO  [INFO] Resolving artifact: org.lz4:lz4-java:jar:1.8.0:compile (sources = true)[0m
2023.04.21 13:09:41 INFO  [INFO] SUCCESS: org.lz4:lz4-java:jar:1.8.0:compile (sources = true)[0m
2023.04.21 13:09:41 INFO  [INFO] Resolving artifact: com.github.luben:zstd-jni:jar:1.5.2-5:compile (sources = false)[0m
2023.04.21 13:09:41 INFO  [INFO] SUCCESS: com.github.luben:zstd-jni:jar:1.5.2-5:compile (sources = false)[0m
2023.04.21 13:09:41 INFO  [INFO] Resolving artifact: com.github.luben:zstd-jni:jar:1.5.2-5:compile (sources = true)[0m
2023.04.21 13:09:41 INFO  [INFO] SUCCESS: com.github.luben:zstd-jni:jar:1.5.2-5:compile (sources = true)[0m
2023.04.21 13:09:41 INFO  [INFO] Resolving artifact: org.roaringbitmap:RoaringBitmap:jar:0.9.38:compile (sources = false)[0m
2023.04.21 13:09:41 INFO  [INFO] SUCCESS: org.roaringbitmap:RoaringBitmap:jar:0.9.38:compile (sources = false)[0m
2023.04.21 13:09:41 INFO  [INFO] Resolving artifact: org.roaringbitmap:RoaringBitmap:jar:0.9.38:compile (sources = true)[0m
2023.04.21 13:09:41 INFO  [INFO] SUCCESS: org.roaringbitmap:RoaringBitmap:jar:0.9.38:compile (sources = true)[0m
2023.04.21 13:09:41 INFO  [INFO] Resolving artifact: org.roaringbitmap:shims:jar:0.9.38:runtime (sources = false)[0m
2023.04.21 13:09:41 INFO  [INFO] SUCCESS: org.roaringbitmap:shims:jar:0.9.38:runtime (sources = false)[0m
2023.04.21 13:09:41 INFO  [INFO] Resolving artifact: org.roaringbitmap:shims:jar:0.9.38:runtime (sources = true)[0m
2023.04.21 13:09:41 INFO  [INFO] SUCCESS: org.roaringbitmap:shims:jar:0.9.38:runtime (sources = true)[0m
2023.04.21 13:09:41 INFO  [INFO] Resolving artifact: org.scala-lang.modules:scala-xml_2.12:jar:2.1.0:compile (sources = false)[0m
2023.04.21 13:09:41 INFO  [INFO] SUCCESS: org.scala-lang.modules:scala-xml_2.12:jar:2.1.0:compile (sources = false)[0m
2023.04.21 13:09:41 INFO  [INFO] Resolving artifact: org.scala-lang.modules:scala-xml_2.12:jar:2.1.0:compile (sources = true)[0m
2023.04.21 13:09:41 INFO  [INFO] SUCCESS: org.scala-lang.modules:scala-xml_2.12:jar:2.1.0:compile (sources = true)[0m
2023.04.21 13:09:41 INFO  [INFO] Resolving artifact: org.scala-lang:scala-reflect:jar:2.12.17:compile (sources = false)[0m
2023.04.21 13:09:41 INFO  [INFO] SUCCESS: org.scala-lang:scala-reflect:jar:2.12.17:compile (sources = false)[0m
2023.04.21 13:09:41 INFO  [INFO] Resolving artifact: org.scala-lang:scala-reflect:jar:2.12.17:compile (sources = true)[0m
2023.04.21 13:09:41 INFO  [INFO] SUCCESS: org.scala-lang:scala-reflect:jar:2.12.17:compile (sources = true)[0m
2023.04.21 13:09:41 INFO  [INFO] Resolving artifact: org.json4s:json4s-jackson_2.12:jar:3.7.0-M11:compile (sources = false)[0m
2023.04.21 13:09:41 INFO  [INFO] SUCCESS: org.json4s:json4s-jackson_2.12:jar:3.7.0-M11:compile (sources = false)[0m
2023.04.21 13:09:41 INFO  [INFO] Resolving artifact: org.json4s:json4s-jackson_2.12:jar:3.7.0-M11:compile (sources = true)[0m
2023.04.21 13:09:41 INFO  [INFO] SUCCESS: org.json4s:json4s-jackson_2.12:jar:3.7.0-M11:compile (sources = true)[0m
2023.04.21 13:09:41 INFO  [INFO] Resolving artifact: org.json4s:json4s-core_2.12:jar:3.7.0-M11:compile (sources = false)[0m
2023.04.21 13:09:41 INFO  [INFO] SUCCESS: org.json4s:json4s-core_2.12:jar:3.7.0-M11:compile (sources = false)[0m
2023.04.21 13:09:41 INFO  [INFO] Resolving artifact: org.json4s:json4s-core_2.12:jar:3.7.0-M11:compile (sources = true)[0m
2023.04.21 13:09:41 INFO  [INFO] SUCCESS: org.json4s:json4s-core_2.12:jar:3.7.0-M11:compile (sources = true)[0m
2023.04.21 13:09:41 INFO  [INFO] Resolving artifact: org.json4s:json4s-ast_2.12:jar:3.7.0-M11:compile (sources = false)[0m
2023.04.21 13:09:41 INFO  [INFO] SUCCESS: org.json4s:json4s-ast_2.12:jar:3.7.0-M11:compile (sources = false)[0m
2023.04.21 13:09:41 INFO  [INFO] Resolving artifact: org.json4s:json4s-ast_2.12:jar:3.7.0-M11:compile (sources = true)[0m
2023.04.21 13:09:41 INFO  [INFO] SUCCESS: org.json4s:json4s-ast_2.12:jar:3.7.0-M11:compile (sources = true)[0m
2023.04.21 13:09:41 INFO  [INFO] Resolving artifact: org.json4s:json4s-scalap_2.12:jar:3.7.0-M11:compile (sources = false)[0m
2023.04.21 13:09:41 INFO  [INFO] SUCCESS: org.json4s:json4s-scalap_2.12:jar:3.7.0-M11:compile (sources = false)[0m
2023.04.21 13:09:41 INFO  [INFO] Resolving artifact: org.json4s:json4s-scalap_2.12:jar:3.7.0-M11:compile (sources = true)[0m
2023.04.21 13:09:41 INFO  [INFO] SUCCESS: org.json4s:json4s-scalap_2.12:jar:3.7.0-M11:compile (sources = true)[0m
2023.04.21 13:09:41 INFO  [INFO] Resolving artifact: org.glassfish.jersey.core:jersey-client:jar:2.36:compile (sources = false)[0m
2023.04.21 13:09:41 INFO  [INFO] SUCCESS: org.glassfish.jersey.core:jersey-client:jar:2.36:compile (sources = false)[0m
2023.04.21 13:09:41 INFO  [INFO] Resolving artifact: org.glassfish.jersey.core:jersey-client:jar:2.36:compile (sources = true)[0m
2023.04.21 13:09:41 INFO  [INFO] SUCCESS: org.glassfish.jersey.core:jersey-client:jar:2.36:compile (sources = true)[0m
2023.04.21 13:09:41 INFO  [INFO] Resolving artifact: jakarta.ws.rs:jakarta.ws.rs-api:jar:2.1.6:compile (sources = false)[0m
2023.04.21 13:09:41 INFO  [INFO] SUCCESS: jakarta.ws.rs:jakarta.ws.rs-api:jar:2.1.6:compile (sources = false)[0m
2023.04.21 13:09:41 INFO  [INFO] Resolving artifact: jakarta.ws.rs:jakarta.ws.rs-api:jar:2.1.6:compile (sources = true)[0m
2023.04.21 13:09:41 INFO  [INFO] SUCCESS: jakarta.ws.rs:jakarta.ws.rs-api:jar:2.1.6:compile (sources = true)[0m
2023.04.21 13:09:41 INFO  [INFO] Resolving artifact: org.glassfish.hk2.external:jakarta.inject:jar:2.6.1:compile (sources = false)[0m
2023.04.21 13:09:41 INFO  [INFO] SUCCESS: org.glassfish.hk2.external:jakarta.inject:jar:2.6.1:compile (sources = false)[0m
2023.04.21 13:09:41 INFO  [INFO] Resolving artifact: org.glassfish.hk2.external:jakarta.inject:jar:2.6.1:compile (sources = true)[0m
2023.04.21 13:09:41 INFO  [INFO] SUCCESS: org.glassfish.hk2.external:jakarta.inject:jar:2.6.1:compile (sources = true)[0m
2023.04.21 13:09:41 INFO  [INFO] Resolving artifact: org.glassfish.jersey.core:jersey-common:jar:2.36:compile (sources = false)[0m
2023.04.21 13:09:41 INFO  [INFO] SUCCESS: org.glassfish.jersey.core:jersey-common:jar:2.36:compile (sources = false)[0m
2023.04.21 13:09:41 INFO  [INFO] Resolving artifact: org.glassfish.jersey.core:jersey-common:jar:2.36:compile (sources = true)[0m
2023.04.21 13:09:41 INFO  [INFO] SUCCESS: org.glassfish.jersey.core:jersey-common:jar:2.36:compile (sources = true)[0m
2023.04.21 13:09:41 INFO  [INFO] Resolving artifact: jakarta.annotation:jakarta.annotation-api:jar:1.3.5:compile (sources = false)[0m
2023.04.21 13:09:41 INFO  [INFO] SUCCESS: jakarta.annotation:jakarta.annotation-api:jar:1.3.5:compile (sources = false)[0m
2023.04.21 13:09:41 INFO  [INFO] Resolving artifact: jakarta.annotation:jakarta.annotation-api:jar:1.3.5:compile (sources = true)[0m
2023.04.21 13:09:41 INFO  [INFO] SUCCESS: jakarta.annotation:jakarta.annotation-api:jar:1.3.5:compile (sources = true)[0m
2023.04.21 13:09:41 INFO  [INFO] Resolving artifact: org.glassfish.hk2:osgi-resource-locator:jar:1.0.3:compile (sources = false)[0m
2023.04.21 13:09:41 INFO  [INFO] SUCCESS: org.glassfish.hk2:osgi-resource-locator:jar:1.0.3:compile (sources = false)[0m
2023.04.21 13:09:41 INFO  [INFO] Resolving artifact: org.glassfish.hk2:osgi-resource-locator:jar:1.0.3:compile (sources = true)[0m
2023.04.21 13:09:41 INFO  [INFO] SUCCESS: org.glassfish.hk2:osgi-resource-locator:jar:1.0.3:compile (sources = true)[0m
2023.04.21 13:09:41 INFO  [INFO] Resolving artifact: org.glassfish.jersey.core:jersey-server:jar:2.36:compile (sources = false)[0m
2023.04.21 13:09:41 INFO  [INFO] SUCCESS: org.glassfish.jersey.core:jersey-server:jar:2.36:compile (sources = false)[0m
2023.04.21 13:09:41 INFO  [INFO] Resolving artifact: org.glassfish.jersey.core:jersey-server:jar:2.36:compile (sources = true)[0m
2023.04.21 13:09:41 INFO  [INFO] SUCCESS: org.glassfish.jersey.core:jersey-server:jar:2.36:compile (sources = true)[0m
2023.04.21 13:09:41 INFO  [INFO] Resolving artifact: jakarta.validation:jakarta.validation-api:jar:2.0.2:compile (sources = false)[0m
2023.04.21 13:09:41 INFO  [INFO] SUCCESS: jakarta.validation:jakarta.validation-api:jar:2.0.2:compile (sources = false)[0m
2023.04.21 13:09:41 INFO  [INFO] Resolving artifact: jakarta.validation:jakarta.validation-api:jar:2.0.2:compile (sources = true)[0m
2023.04.21 13:09:41 INFO  [INFO] SUCCESS: jakarta.validation:jakarta.validation-api:jar:2.0.2:compile (sources = true)[0m
2023.04.21 13:09:41 INFO  [INFO] Resolving artifact: org.glassfish.jersey.containers:jersey-container-servlet:jar:2.36:compile (sources = false)[0m
2023.04.21 13:09:41 INFO  [INFO] SUCCESS: org.glassfish.jersey.containers:jersey-container-servlet:jar:2.36:compile (sources = false)[0m
2023.04.21 13:09:41 INFO  [INFO] Resolving artifact: org.glassfish.jersey.containers:jersey-container-servlet:jar:2.36:compile (sources = true)[0m
2023.04.21 13:09:41 INFO  [INFO] SUCCESS: org.glassfish.jersey.containers:jersey-container-servlet:jar:2.36:compile (sources = true)[0m
2023.04.21 13:09:41 INFO  [INFO] Resolving artifact: org.glassfish.jersey.containers:jersey-container-servlet-core:jar:2.36:compile (sources = false)[0m
2023.04.21 13:09:41 INFO  [INFO] SUCCESS: org.glassfish.jersey.containers:jersey-container-servlet-core:jar:2.36:compile (sources = false)[0m
2023.04.21 13:09:41 INFO  [INFO] Resolving artifact: org.glassfish.jersey.containers:jersey-container-servlet-core:jar:2.36:compile (sources = true)[0m
2023.04.21 13:09:41 INFO  [INFO] SUCCESS: org.glassfish.jersey.containers:jersey-container-servlet-core:jar:2.36:compile (sources = true)[0m
2023.04.21 13:09:41 INFO  [INFO] Resolving artifact: org.glassfish.jersey.inject:jersey-hk2:jar:2.36:compile (sources = false)[0m
2023.04.21 13:09:41 INFO  [INFO] SUCCESS: org.glassfish.jersey.inject:jersey-hk2:jar:2.36:compile (sources = false)[0m
2023.04.21 13:09:41 INFO  [INFO] Resolving artifact: org.glassfish.jersey.inject:jersey-hk2:jar:2.36:compile (sources = true)[0m
2023.04.21 13:09:41 INFO  [INFO] SUCCESS: org.glassfish.jersey.inject:jersey-hk2:jar:2.36:compile (sources = true)[0m
2023.04.21 13:09:41 INFO  [INFO] Resolving artifact: org.glassfish.hk2:hk2-locator:jar:2.6.1:compile (sources = false)[0m
2023.04.21 13:09:41 INFO  [INFO] SUCCESS: org.glassfish.hk2:hk2-locator:jar:2.6.1:compile (sources = false)[0m
2023.04.21 13:09:41 INFO  [INFO] Resolving artifact: org.glassfish.hk2:hk2-locator:jar:2.6.1:compile (sources = true)[0m
2023.04.21 13:09:41 INFO  [INFO] SUCCESS: org.glassfish.hk2:hk2-locator:jar:2.6.1:compile (sources = true)[0m
2023.04.21 13:09:41 INFO  [INFO] Resolving artifact: org.glassfish.hk2.external:aopalliance-repackaged:jar:2.6.1:compile (sources = false)[0m
2023.04.21 13:09:41 INFO  [INFO] SUCCESS: org.glassfish.hk2.external:aopalliance-repackaged:jar:2.6.1:compile (sources = false)[0m
2023.04.21 13:09:41 INFO  [INFO] Resolving artifact: org.glassfish.hk2.external:aopalliance-repackaged:jar:2.6.1:compile (sources = true)[0m
2023.04.21 13:09:41 INFO  [INFO] SUCCESS: org.glassfish.hk2.external:aopalliance-repackaged:jar:2.6.1:compile (sources = true)[0m
2023.04.21 13:09:41 INFO  [INFO] Resolving artifact: org.glassfish.hk2:hk2-api:jar:2.6.1:compile (sources = false)[0m
2023.04.21 13:09:41 INFO  [INFO] SUCCESS: org.glassfish.hk2:hk2-api:jar:2.6.1:compile (sources = false)[0m
2023.04.21 13:09:41 INFO  [INFO] Resolving artifact: org.glassfish.hk2:hk2-api:jar:2.6.1:compile (sources = true)[0m
2023.04.21 13:09:41 INFO  [INFO] SUCCESS: org.glassfish.hk2:hk2-api:jar:2.6.1:compile (sources = true)[0m
2023.04.21 13:09:41 INFO  [INFO] Resolving artifact: org.glassfish.hk2:hk2-utils:jar:2.6.1:compile (sources = false)[0m
2023.04.21 13:09:41 INFO  [INFO] SUCCESS: org.glassfish.hk2:hk2-utils:jar:2.6.1:compile (sources = false)[0m
2023.04.21 13:09:41 INFO  [INFO] Resolving artifact: org.glassfish.hk2:hk2-utils:jar:2.6.1:compile (sources = true)[0m
2023.04.21 13:09:41 INFO  [INFO] SUCCESS: org.glassfish.hk2:hk2-utils:jar:2.6.1:compile (sources = true)[0m
2023.04.21 13:09:41 INFO  [INFO] Resolving artifact: org.javassist:javassist:jar:3.25.0-GA:compile (sources = false)[0m
2023.04.21 13:09:41 INFO  [INFO] SUCCESS: org.javassist:javassist:jar:3.25.0-GA:compile (sources = false)[0m
2023.04.21 13:09:41 INFO  [INFO] Resolving artifact: org.javassist:javassist:jar:3.25.0-GA:compile (sources = true)[0m
2023.04.21 13:09:41 INFO  [INFO] SUCCESS: org.javassist:javassist:jar:3.25.0-GA:compile (sources = true)[0m
2023.04.21 13:09:41 INFO  [INFO] Resolving artifact: io.netty:netty-all:jar:4.1.87.Final:compile (sources = false)[0m
2023.04.21 13:09:41 INFO  [INFO] SUCCESS: io.netty:netty-all:jar:4.1.87.Final:compile (sources = false)[0m
2023.04.21 13:09:41 INFO  [INFO] Resolving artifact: io.netty:netty-all:jar:4.1.87.Final:compile (sources = true)[0m
2023.04.21 13:09:41 INFO  Downloading from central: https://repo.maven.apache.org/maven2/io/netty/netty-all/4.1.87.Final/netty-all-4.1.87.Final-sources.jar[0m
2023.04.21 13:09:45 WARN  no build target for: /Users/micuks/dev/mycode/javaHadoop/lab4.scala.sql/src/main/scala/org/wql2020211597/scala/sql/InsertStudent.scala[0m
2023.04.21 13:09:46 WARN  no build target for: /Users/micuks/dev/mycode/javaHadoop/lab4.scala.sql/src/main/scala/org/wql2020211597/scala/sql/InsertStudent.scala[0m
2023.04.21 13:09:47 INFO  [ERROR] FAILURE io.netty:netty-all:jar:4.1.87.Final:compile (sources = true)[0m
2023.04.21 13:09:47 INFO  org.eclipse.aether.resolution.ArtifactResolutionException: Could not transfer artifact io.netty:netty-all:jar:sources:4.1.87.Final from/to central (https://repo.maven.apache.org/maven2): transfer failed for https://repo.maven.apache.org/maven2/io/netty/netty-all/4.1.87.Final/netty-all-4.1.87.Final-sources.jar, proxy: ProxyInfo{host='127.0.0.1', userName='null', port=8001, type='http', nonProxyHosts='null'}[0m
2023.04.21 13:09:47 INFO      at org.eclipse.aether.internal.impl.DefaultArtifactResolver.resolve (DefaultArtifactResolver.java:425)[0m
2023.04.21 13:09:47 INFO      at org.eclipse.aether.internal.impl.DefaultArtifactResolver.resolveArtifacts (DefaultArtifactResolver.java:229)[0m
2023.04.21 13:09:47 INFO      at org.eclipse.aether.internal.impl.DefaultArtifactResolver.resolveArtifact (DefaultArtifactResolver.java:207)[0m
2023.04.21 13:09:47 INFO      at org.eclipse.aether.internal.impl.DefaultRepositorySystem.resolveArtifact (DefaultRepositorySystem.java:262)[0m
2023.04.21 13:09:47 INFO      at bloop.integrations.maven.MojoImplementation$.bloop$integrations$maven$MojoImplementation$$resolveArtifact$1 (MojoImplementation.scala:117)[0m
2023.04.21 13:09:47 INFO      at bloop.integrations.maven.MojoImplementation$$anonfun$2.applyOrElse (MojoImplementation.scala:244)[0m
2023.04.21 13:09:47 INFO      at bloop.integrations.maven.MojoImplementation$$anonfun$2.applyOrElse (MojoImplementation.scala:226)[0m
2023.04.21 13:09:47 INFO      at scala.collection.StrictOptimizedIterableOps.collect (StrictOptimizedIterableOps.scala:151)[0m
2023.04.21 13:09:47 INFO      at scala.collection.StrictOptimizedIterableOps.collect$ (StrictOptimizedIterableOps.scala:136)[0m
2023.04.21 13:09:47 INFO      at scala.collection.convert.JavaCollectionWrappers$JSetWrapper.collect (JavaCollectionWrappers.scala:180)[0m
2023.04.21 13:09:47 INFO      at bloop.integrations.maven.MojoImplementation$.writeConfig$1 (MojoImplementation.scala:226)[0m
2023.04.21 13:09:47 INFO      at bloop.integrations.maven.MojoImplementation$.writeCompileAndTestConfiguration (MojoImplementation.scala:301)[0m
2023.04.21 13:09:47 INFO      at bloop.integrations.maven.MojoImplementation.writeCompileAndTestConfiguration (MojoImplementation.scala)[0m
2023.04.21 13:09:47 INFO      at bloop.integrations.maven.BloopMojo.execute (BloopMojo.java:104)[0m
2023.04.21 13:09:47 INFO      at org.apache.maven.plugin.DefaultBuildPluginManager.executeMojo (DefaultBuildPluginManager.java:137)[0m
2023.04.21 13:09:47 INFO      at org.apache.maven.lifecycle.internal.MojoExecutor.doExecute2 (MojoExecutor.java:370)[0m
2023.04.21 13:09:47 INFO      at org.apache.maven.lifecycle.internal.MojoExecutor.doExecute (MojoExecutor.java:351)[0m
2023.04.21 13:09:47 INFO      at org.apache.maven.lifecycle.internal.MojoExecutor.execute (MojoExecutor.java:215)[0m
2023.04.21 13:09:47 INFO      at org.apache.maven.lifecycle.internal.MojoExecutor.execute (MojoExecutor.java:171)[0m
2023.04.21 13:09:47 INFO      at org.apache.maven.lifecycle.internal.MojoExecutor.execute (MojoExecutor.java:163)[0m
2023.04.21 13:09:47 INFO      at org.apache.maven.lifecycle.internal.LifecycleModuleBuilder.buildProject (LifecycleModuleBuilder.java:117)[0m
2023.04.21 13:09:47 INFO      at org.apache.maven.lifecycle.internal.LifecycleModuleBuilder.buildProject (LifecycleModuleBuilder.java:81)[0m
2023.04.21 13:09:47 INFO      at org.apache.maven.lifecycle.internal.builder.singlethreaded.SingleThreadedBuilder.build (SingleThreadedBuilder.java:56)[0m
2023.04.21 13:09:47 INFO      at org.apache.maven.lifecycle.internal.LifecycleStarter.execute (LifecycleStarter.java:128)[0m
2023.04.21 13:09:47 INFO      at org.apache.maven.DefaultMaven.doExecute (DefaultMaven.java:294)[0m
2023.04.21 13:09:47 INFO      at org.apache.maven.DefaultMaven.doExecute (DefaultMaven.java:192)[0m
2023.04.21 13:09:47 INFO      at org.apache.maven.DefaultMaven.execute (DefaultMaven.java:105)[0m
2023.04.21 13:09:47 INFO      at org.apache.maven.cli.MavenCli.execute (MavenCli.java:960)[0m
2023.04.21 13:09:47 INFO      at org.apache.maven.cli.MavenCli.doMain (MavenCli.java:293)[0m
2023.04.21 13:09:47 INFO      at org.apache.maven.cli.MavenCli.main (MavenCli.java:196)[0m
2023.04.21 13:09:47 INFO      at jdk.internal.reflect.NativeMethodAccessorImpl.invoke0 (Native Method)[0m
2023.04.21 13:09:47 INFO      at jdk.internal.reflect.NativeMethodAccessorImpl.invoke (NativeMethodAccessorImpl.java:77)[0m
2023.04.21 13:09:47 INFO      at jdk.internal.reflect.DelegatingMethodAccessorImpl.invoke (DelegatingMethodAccessorImpl.java:43)[0m
2023.04.21 13:09:47 INFO      at java.lang.reflect.Method.invoke (Method.java:568)[0m
2023.04.21 13:09:47 INFO      at org.codehaus.plexus.classworlds.launcher.Launcher.launchEnhanced (Launcher.java:282)[0m
2023.04.21 13:09:47 INFO      at org.codehaus.plexus.classworlds.launcher.Launcher.launch (Launcher.java:225)[0m
2023.04.21 13:09:47 INFO      at org.codehaus.plexus.classworlds.launcher.Launcher.mainWithExitCode (Launcher.java:406)[0m
2023.04.21 13:09:47 INFO      at org.codehaus.plexus.classworlds.launcher.Launcher.main (Launcher.java:347)[0m
2023.04.21 13:09:47 INFO      at jdk.internal.reflect.NativeMethodAccessorImpl.invoke0 (Native Method)[0m
2023.04.21 13:09:47 INFO      at jdk.internal.reflect.NativeMethodAccessorImpl.invoke (NativeMethodAccessorImpl.java:77)[0m
2023.04.21 13:09:47 INFO      at jdk.internal.reflect.DelegatingMethodAccessorImpl.invoke (DelegatingMethodAccessorImpl.java:43)[0m
2023.04.21 13:09:47 INFO      at java.lang.reflect.Method.invoke (Method.java:568)[0m
2023.04.21 13:09:47 INFO      at org.apache.maven.wrapper.BootstrapMainStarter.start (BootstrapMainStarter.java:53)[0m
2023.04.21 13:09:47 INFO      at org.apache.maven.wrapper.WrapperExecutor.execute (WrapperExecutor.java:152)[0m
2023.04.21 13:09:47 INFO      at org.apache.maven.wrapper.MavenWrapperMain.main (MavenWrapperMain.java:76)[0m
2023.04.21 13:09:47 INFO  Caused by: org.eclipse.aether.transfer.ArtifactTransferException: Could not transfer artifact io.netty:netty-all:jar:sources:4.1.87.Final from/to central (https://repo.maven.apache.org/maven2): transfer failed for https://repo.maven.apache.org/maven2/io/netty/netty-all/4.1.87.Final/netty-all-4.1.87.Final-sources.jar, proxy: ProxyInfo{host='127.0.0.1', userName='null', port=8001, type='http', nonProxyHosts='null'}[0m
2023.04.21 13:09:47 INFO      at org.eclipse.aether.connector.basic.ArtifactTransportListener.transferFailed (ArtifactTransportListener.java:52)[0m
2023.04.21 13:09:47 INFO      at org.eclipse.aether.connector.basic.BasicRepositoryConnector$TaskRunner.run (BasicRepositoryConnector.java:369)[0m
2023.04.21 13:09:47 INFO      at org.eclipse.aether.util.concurrency.RunnableErrorForwarder$1.run (RunnableErrorForwarder.java:75)[0m
2023.04.21 13:09:47 INFO      at org.eclipse.aether.connector.basic.BasicRepositoryConnector$DirectExecutor.execute (BasicRepositoryConnector.java:628)[0m
2023.04.21 13:09:47 INFO      at org.eclipse.aether.connector.basic.BasicRepositoryConnector.get (BasicRepositoryConnector.java:262)[0m
2023.04.21 13:09:47 INFO      at org.eclipse.aether.internal.impl.DefaultArtifactResolver.performDownloads (DefaultArtifactResolver.java:514)[0m
2023.04.21 13:09:47 INFO      at org.eclipse.aether.internal.impl.DefaultArtifactResolver.resolve (DefaultArtifactResolver.java:402)[0m
2023.04.21 13:09:47 INFO      at org.eclipse.aether.internal.impl.DefaultArtifactResolver.resolveArtifacts (DefaultArtifactResolver.java:229)[0m
2023.04.21 13:09:47 INFO      at org.eclipse.aether.internal.impl.DefaultArtifactResolver.resolveArtifact (DefaultArtifactResolver.java:207)[0m
2023.04.21 13:09:47 INFO      at org.eclipse.aether.internal.impl.DefaultRepositorySystem.resolveArtifact (DefaultRepositorySystem.java:262)[0m
2023.04.21 13:09:47 INFO      at bloop.integrations.maven.MojoImplementation$.bloop$integrations$maven$MojoImplementation$$resolveArtifact$1 (MojoImplementation.scala:117)[0m
2023.04.21 13:09:47 INFO      at bloop.integrations.maven.MojoImplementation$$anonfun$2.applyOrElse (MojoImplementation.scala:244)[0m
2023.04.21 13:09:47 INFO      at bloop.integrations.maven.MojoImplementation$$anonfun$2.applyOrElse (MojoImplementation.scala:226)[0m
2023.04.21 13:09:47 INFO      at scala.collection.StrictOptimizedIterableOps.collect (StrictOptimizedIterableOps.scala:151)[0m
2023.04.21 13:09:47 INFO      at scala.collection.StrictOptimizedIterableOps.collect$ (StrictOptimizedIterableOps.scala:136)[0m
2023.04.21 13:09:47 INFO      at scala.collection.convert.JavaCollectionWrappers$JSetWrapper.collect (JavaCollectionWrappers.scala:180)[0m
2023.04.21 13:09:47 INFO      at bloop.integrations.maven.MojoImplementation$.writeConfig$1 (MojoImplementation.scala:226)[0m
2023.04.21 13:09:47 INFO      at bloop.integrations.maven.MojoImplementation$.writeCompileAndTestConfiguration (MojoImplementation.scala:301)[0m
2023.04.21 13:09:47 INFO      at bloop.integrations.maven.MojoImplementation.writeCompileAndTestConfiguration (MojoImplementation.scala)[0m
2023.04.21 13:09:47 INFO      at bloop.integrations.maven.BloopMojo.execute (BloopMojo.java:104)[0m
2023.04.21 13:09:47 INFO      at org.apache.maven.plugin.DefaultBuildPluginManager.executeMojo (DefaultBuildPluginManager.java:137)[0m
2023.04.21 13:09:47 INFO      at org.apache.maven.lifecycle.internal.MojoExecutor.doExecute2 (MojoExecutor.java:370)[0m
2023.04.21 13:09:47 INFO      at org.apache.maven.lifecycle.internal.MojoExecutor.doExecute (MojoExecutor.java:351)[0m
2023.04.21 13:09:47 INFO      at org.apache.maven.lifecycle.internal.MojoExecutor.execute (MojoExecutor.java:215)[0m
2023.04.21 13:09:47 INFO      at org.apache.maven.lifecycle.internal.MojoExecutor.execute (MojoExecutor.java:171)[0m
2023.04.21 13:09:47 INFO      at org.apache.maven.lifecycle.internal.MojoExecutor.execute (MojoExecutor.java:163)[0m
2023.04.21 13:09:47 INFO      at org.apache.maven.lifecycle.internal.LifecycleModuleBuilder.buildProject (LifecycleModuleBuilder.java:117)[0m
2023.04.21 13:09:47 INFO      at org.apache.maven.lifecycle.internal.LifecycleModuleBuilder.buildProject (LifecycleModuleBuilder.java:81)[0m
2023.04.21 13:09:47 INFO      at org.apache.maven.lifecycle.internal.builder.singlethreaded.SingleThreadedBuilder.build (SingleThreadedBuilder.java:56)[0m
2023.04.21 13:09:47 INFO      at org.apache.maven.lifecycle.internal.LifecycleStarter.execute (LifecycleStarter.java:128)[0m
2023.04.21 13:09:47 INFO      at org.apache.maven.DefaultMaven.doExecute (DefaultMaven.java:294)[0m
2023.04.21 13:09:47 INFO      at org.apache.maven.DefaultMaven.doExecute (DefaultMaven.java:192)[0m
2023.04.21 13:09:47 INFO      at org.apache.maven.DefaultMaven.execute (DefaultMaven.java:105)[0m
2023.04.21 13:09:47 INFO      at org.apache.maven.cli.MavenCli.execute (MavenCli.java:960)[0m
2023.04.21 13:09:47 INFO      at org.apache.maven.cli.MavenCli.doMain (MavenCli.java:293)[0m
2023.04.21 13:09:47 INFO      at org.apache.maven.cli.MavenCli.main (MavenCli.java:196)[0m
2023.04.21 13:09:47 INFO      at jdk.internal.reflect.NativeMethodAccessorImpl.invoke0 (Native Method)[0m
2023.04.21 13:09:47 INFO      at jdk.internal.reflect.NativeMethodAccessorImpl.invoke (NativeMethodAccessorImpl.java:77)[0m
2023.04.21 13:09:47 INFO      at jdk.internal.reflect.DelegatingMethodAccessorImpl.invoke (DelegatingMethodAccessorImpl.java:43)[0m
2023.04.21 13:09:47 INFO      at java.lang.reflect.Method.invoke (Method.java:568)[0m
2023.04.21 13:09:47 INFO      at org.codehaus.plexus.classworlds.launcher.Launcher.launchEnhanced (Launcher.java:282)[0m
2023.04.21 13:09:47 INFO      at org.codehaus.plexus.classworlds.launcher.Launcher.launch (Launcher.java:225)[0m
2023.04.21 13:09:47 INFO      at org.codehaus.plexus.classworlds.launcher.Launcher.mainWithExitCode (Launcher.java:406)[0m
2023.04.21 13:09:47 INFO      at org.codehaus.plexus.classworlds.launcher.Launcher.main (Launcher.java:347)[0m
2023.04.21 13:09:47 INFO      at jdk.internal.reflect.NativeMethodAccessorImpl.invoke0 (Native Method)[0m
2023.04.21 13:09:47 INFO      at jdk.internal.reflect.NativeMethodAccessorImpl.invoke (NativeMethodAccessorImpl.java:77)[0m
2023.04.21 13:09:47 INFO      at jdk.internal.reflect.DelegatingMethodAccessorImpl.invoke (DelegatingMethodAccessorImpl.java:43)[0m
2023.04.21 13:09:47 INFO      at java.lang.reflect.Method.invoke (Method.java:568)[0m
2023.04.21 13:09:47 INFO      at org.apache.maven.wrapper.BootstrapMainStarter.start (BootstrapMainStarter.java:53)[0m
2023.04.21 13:09:47 INFO      at org.apache.maven.wrapper.WrapperExecutor.execute (WrapperExecutor.java:152)[0m
2023.04.21 13:09:47 INFO      at org.apache.maven.wrapper.MavenWrapperMain.main (MavenWrapperMain.java:76)[0m
2023.04.21 13:09:47 INFO  Caused by: org.apache.maven.wagon.TransferFailedException: transfer failed for https://repo.maven.apache.org/maven2/io/netty/netty-all/4.1.87.Final/netty-all-4.1.87.Final-sources.jar, proxy: ProxyInfo{host='127.0.0.1', userName='null', port=8001, type='http', nonProxyHosts='null'}[0m
2023.04.21 13:09:47 INFO      at org.apache.maven.wagon.providers.http.wagon.shared.AbstractHttpClientWagon.fillInputData (AbstractHttpClientWagon.java:1250)[0m
2023.04.21 13:09:47 INFO      at org.apache.maven.wagon.providers.http.wagon.shared.AbstractHttpClientWagon.fillInputData (AbstractHttpClientWagon.java:1140)[0m
2023.04.21 13:09:47 INFO      at org.apache.maven.wagon.StreamWagon.getInputStream (StreamWagon.java:126)[0m
2023.04.21 13:09:47 INFO      at org.apache.maven.wagon.StreamWagon.getIfNewer (StreamWagon.java:88)[0m
2023.04.21 13:09:47 INFO      at org.apache.maven.wagon.StreamWagon.get (StreamWagon.java:61)[0m
2023.04.21 13:09:47 INFO      at org.eclipse.aether.transport.wagon.WagonTransporter$GetTaskRunner.run (WagonTransporter.java:546)[0m
2023.04.21 13:09:47 INFO      at org.eclipse.aether.transport.wagon.WagonTransporter.execute (WagonTransporter.java:430)[0m
2023.04.21 13:09:47 INFO      at org.eclipse.aether.transport.wagon.WagonTransporter.get (WagonTransporter.java:407)[0m
2023.04.21 13:09:47 INFO      at org.eclipse.aether.connector.basic.BasicRepositoryConnector$GetTaskRunner.runTask (BasicRepositoryConnector.java:457)[0m
2023.04.21 13:09:47 INFO      at org.eclipse.aether.connector.basic.BasicRepositoryConnector$TaskRunner.run (BasicRepositoryConnector.java:364)[0m
2023.04.21 13:09:47 INFO      at org.eclipse.aether.util.concurrency.RunnableErrorForwarder$1.run (RunnableErrorForwarder.java:75)[0m
2023.04.21 13:09:47 INFO      at org.eclipse.aether.connector.basic.BasicRepositoryConnector$DirectExecutor.execute (BasicRepositoryConnector.java:628)[0m
2023.04.21 13:09:47 INFO      at org.eclipse.aether.connector.basic.BasicRepositoryConnector.get (BasicRepositoryConnector.java:262)[0m
2023.04.21 13:09:47 INFO      at org.eclipse.aether.internal.impl.DefaultArtifactResolver.performDownloads (DefaultArtifactResolver.java:514)[0m
2023.04.21 13:09:47 INFO      at org.eclipse.aether.internal.impl.DefaultArtifactResolver.resolve (DefaultArtifactResolver.java:402)[0m
2023.04.21 13:09:47 INFO      at org.eclipse.aether.internal.impl.DefaultArtifactResolver.resolveArtifacts (DefaultArtifactResolver.java:229)[0m
2023.04.21 13:09:47 INFO      at org.eclipse.aether.internal.impl.DefaultArtifactResolver.resolveArtifact (DefaultArtifactResolver.java:207)[0m
2023.04.21 13:09:47 INFO      at org.eclipse.aether.internal.impl.DefaultRepositorySystem.resolveArtifact (DefaultRepositorySystem.java:262)[0m
2023.04.21 13:09:47 INFO      at bloop.integrations.maven.MojoImplementation$.bloop$integrations$maven$MojoImplementation$$resolveArtifact$1 (MojoImplementation.scala:117)[0m
2023.04.21 13:09:47 INFO      at bloop.integrations.maven.MojoImplementation$$anonfun$2.applyOrElse (MojoImplementation.scala:244)[0m
2023.04.21 13:09:47 INFO      at bloop.integrations.maven.MojoImplementation$$anonfun$2.applyOrElse (MojoImplementation.scala:226)[0m
2023.04.21 13:09:47 INFO      at scala.collection.StrictOptimizedIterableOps.collect (StrictOptimizedIterableOps.scala:151)[0m
2023.04.21 13:09:47 INFO      at scala.collection.StrictOptimizedIterableOps.collect$ (StrictOptimizedIterableOps.scala:136)[0m
2023.04.21 13:09:47 INFO      at scala.collection.convert.JavaCollectionWrappers$JSetWrapper.collect (JavaCollectionWrappers.scala:180)[0m
2023.04.21 13:09:47 INFO      at bloop.integrations.maven.MojoImplementation$.writeConfig$1 (MojoImplementation.scala:226)[0m
2023.04.21 13:09:47 INFO      at bloop.integrations.maven.MojoImplementation$.writeCompileAndTestConfiguration (MojoImplementation.scala:301)[0m
2023.04.21 13:09:47 INFO      at bloop.integrations.maven.MojoImplementation.writeCompileAndTestConfiguration (MojoImplementation.scala)[0m
2023.04.21 13:09:47 INFO      at bloop.integrations.maven.BloopMojo.execute (BloopMojo.java:104)[0m
2023.04.21 13:09:47 INFO      at org.apache.maven.plugin.DefaultBuildPluginManager.executeMojo (DefaultBuildPluginManager.java:137)[0m
2023.04.21 13:09:47 INFO      at org.apache.maven.lifecycle.internal.MojoExecutor.doExecute2 (MojoExecutor.java:370)[0m
2023.04.21 13:09:47 INFO      at org.apache.maven.lifecycle.internal.MojoExecutor.doExecute (MojoExecutor.java:351)[0m
2023.04.21 13:09:47 INFO      at org.apache.maven.lifecycle.internal.MojoExecutor.execute (MojoExecutor.java:215)[0m
2023.04.21 13:09:47 INFO      at org.apache.maven.lifecycle.internal.MojoExecutor.execute (MojoExecutor.java:171)[0m
2023.04.21 13:09:47 INFO      at org.apache.maven.lifecycle.internal.MojoExecutor.execute (MojoExecutor.java:163)[0m
2023.04.21 13:09:47 INFO      at org.apache.maven.lifecycle.internal.LifecycleModuleBuilder.buildProject (LifecycleModuleBuilder.java:117)[0m
2023.04.21 13:09:47 INFO      at org.apache.maven.lifecycle.internal.LifecycleModuleBuilder.buildProject (LifecycleModuleBuilder.java:81)[0m
2023.04.21 13:09:47 INFO      at org.apache.maven.lifecycle.internal.builder.singlethreaded.SingleThreadedBuilder.build (SingleThreadedBuilder.java:56)[0m
2023.04.21 13:09:47 INFO      at org.apache.maven.lifecycle.internal.LifecycleStarter.execute (LifecycleStarter.java:128)[0m
2023.04.21 13:09:47 INFO      at org.apache.maven.DefaultMaven.doExecute (DefaultMaven.java:294)[0m
2023.04.21 13:09:47 INFO      at org.apache.maven.DefaultMaven.doExecute (DefaultMaven.java:192)[0m
2023.04.21 13:09:47 INFO      at org.apache.maven.DefaultMaven.execute (DefaultMaven.java:105)[0m
2023.04.21 13:09:47 INFO      at org.apache.maven.cli.MavenCli.execute (MavenCli.java:960)[0m
2023.04.21 13:09:47 INFO      at org.apache.maven.cli.MavenCli.doMain (MavenCli.java:293)[0m
2023.04.21 13:09:47 INFO      at org.apache.maven.cli.MavenCli.main (MavenCli.java:196)[0m
2023.04.21 13:09:47 INFO      at jdk.internal.reflect.NativeMethodAccessorImpl.invoke0 (Native Method)[0m
2023.04.21 13:09:47 INFO      at jdk.internal.reflect.NativeMethodAccessorImpl.invoke (NativeMethodAccessorImpl.java:77)[0m
2023.04.21 13:09:47 INFO      at jdk.internal.reflect.DelegatingMethodAccessorImpl.invoke (DelegatingMethodAccessorImpl.java:43)[0m
2023.04.21 13:09:47 INFO      at java.lang.reflect.Method.invoke (Method.java:568)[0m
2023.04.21 13:09:47 INFO      at org.codehaus.plexus.classworlds.launcher.Launcher.launchEnhanced (Launcher.java:282)[0m
2023.04.21 13:09:47 INFO      at org.codehaus.plexus.classworlds.launcher.Launcher.launch (Launcher.java:225)[0m
2023.04.21 13:09:47 INFO      at org.codehaus.plexus.classworlds.launcher.Launcher.mainWithExitCode (Launcher.java:406)[0m
2023.04.21 13:09:47 INFO      at org.codehaus.plexus.classworlds.launcher.Launcher.main (Launcher.java:347)[0m
2023.04.21 13:09:47 INFO      at jdk.internal.reflect.NativeMethodAccessorImpl.invoke0 (Native Method)[0m
2023.04.21 13:09:47 INFO      at jdk.internal.reflect.NativeMethodAccessorImpl.invoke (NativeMethodAccessorImpl.java:77)[0m
2023.04.21 13:09:47 INFO      at jdk.internal.reflect.DelegatingMethodAccessorImpl.invoke (DelegatingMethodAccessorImpl.java:43)[0m
2023.04.21 13:09:47 INFO      at java.lang.reflect.Method.invoke (Method.java:568)[0m
2023.04.21 13:09:47 INFO      at org.apache.maven.wrapper.BootstrapMainStarter.start (BootstrapMainStarter.java:53)[0m
2023.04.21 13:09:47 INFO      at org.apache.maven.wrapper.WrapperExecutor.execute (WrapperExecutor.java:152)[0m
2023.04.21 13:09:47 INFO      at org.apache.maven.wrapper.MavenWrapperMain.main (MavenWrapperMain.java:76)[0m
2023.04.21 13:09:47 INFO  Caused by: java.net.SocketException: Connection reset[0m
2023.04.21 13:09:47 INFO      at sun.nio.ch.NioSocketImpl.implRead (NioSocketImpl.java:323)[0m
2023.04.21 13:09:47 INFO      at sun.nio.ch.NioSocketImpl.read (NioSocketImpl.java:350)[0m
2023.04.21 13:09:47 INFO      at sun.nio.ch.NioSocketImpl$1.read (NioSocketImpl.java:803)[0m
2023.04.21 13:09:47 INFO      at java.net.Socket$SocketInputStream.read (Socket.java:966)[0m
2023.04.21 13:09:47 INFO      at sun.security.ssl.SSLSocketInputRecord.read (SSLSocketInputRecord.java:478)[0m
2023.04.21 13:09:47 INFO      at sun.security.ssl.SSLSocketInputRecord.readHeader (SSLSocketInputRecord.java:472)[0m
2023.04.21 13:09:47 INFO      at sun.security.ssl.SSLSocketInputRecord.decode (SSLSocketInputRecord.java:160)[0m
2023.04.21 13:09:47 INFO      at sun.security.ssl.SSLTransport.decode (SSLTransport.java:111)[0m
2023.04.21 13:09:47 INFO      at sun.security.ssl.SSLSocketImpl.decode (SSLSocketImpl.java:1505)[0m
2023.04.21 13:09:47 INFO      at sun.security.ssl.SSLSocketImpl.readHandshakeRecord (SSLSocketImpl.java:1420)[0m
2023.04.21 13:09:47 INFO      at sun.security.ssl.SSLSocketImpl.startHandshake (SSLSocketImpl.java:455)[0m
2023.04.21 13:09:47 INFO      at sun.security.ssl.SSLSocketImpl.startHandshake (SSLSocketImpl.java:426)[0m
2023.04.21 13:09:47 INFO      at org.apache.maven.wagon.providers.http.httpclient.conn.ssl.SSLConnectionSocketFactory.createLayeredSocket (SSLConnectionSocketFactory.java:436)[0m
2023.04.21 13:09:47 INFO      at org.apache.maven.wagon.providers.http.httpclient.impl.conn.DefaultHttpClientConnectionOperator.upgrade (DefaultHttpClientConnectionOperator.java:191)[0m
2023.04.21 13:09:47 INFO      at org.apache.maven.wagon.providers.http.httpclient.impl.conn.PoolingHttpClientConnectionManager.upgrade (PoolingHttpClientConnectionManager.java:392)[0m
2023.04.21 13:09:47 INFO      at org.apache.maven.wagon.providers.http.httpclient.impl.execchain.MainClientExec.establishRoute (MainClientExec.java:428)[0m
2023.04.21 13:09:47 INFO      at org.apache.maven.wagon.providers.http.httpclient.impl.execchain.MainClientExec.execute (MainClientExec.java:236)[0m
2023.04.21 13:09:47 INFO      at org.apache.maven.wagon.providers.http.httpclient.impl.execchain.ProtocolExec.execute (ProtocolExec.java:186)[0m
2023.04.21 13:09:47 INFO      at org.apache.maven.wagon.providers.http.httpclient.impl.execchain.RetryExec.execute (RetryExec.java:89)[0m
2023.04.21 13:09:47 INFO      at org.apache.maven.wagon.providers.http.httpclient.impl.execchain.RedirectExec.execute (RedirectExec.java:110)[0m
2023.04.21 13:09:47 INFO      at org.apache.maven.wagon.providers.http.httpclient.impl.client.InternalHttpClient.doExecute (InternalHttpClient.java:185)[0m
2023.04.21 13:09:47 INFO      at org.apache.maven.wagon.providers.http.httpclient.impl.client.CloseableHttpClient.execute (CloseableHttpClient.java:83)[0m
2023.04.21 13:09:47 INFO      at org.apache.maven.wagon.providers.http.wagon.shared.AbstractHttpClientWagon.execute (AbstractHttpClientWagon.java:1005)[0m
2023.04.21 13:09:47 INFO      at org.apache.maven.wagon.providers.http.wagon.shared.AbstractHttpClientWagon.fillInputData (AbstractHttpClientWagon.java:1162)[0m
2023.04.21 13:09:47 INFO      at org.apache.maven.wagon.providers.http.wagon.shared.AbstractHttpClientWagon.fillInputData (AbstractHttpClientWagon.java:1140)[0m
2023.04.21 13:09:47 INFO      at org.apache.maven.wagon.StreamWagon.getInputStream (StreamWagon.java:126)[0m
2023.04.21 13:09:47 INFO      at org.apache.maven.wagon.StreamWagon.getIfNewer (StreamWagon.java:88)[0m
2023.04.21 13:09:47 INFO      at org.apache.maven.wagon.StreamWagon.get (StreamWagon.java:61)[0m
2023.04.21 13:09:47 INFO      at org.eclipse.aether.transport.wagon.WagonTransporter$GetTaskRunner.run (WagonTransporter.java:546)[0m
2023.04.21 13:09:47 INFO      at org.eclipse.aether.transport.wagon.WagonTransporter.execute (WagonTransporter.java:430)[0m
2023.04.21 13:09:47 INFO      at org.eclipse.aether.transport.wagon.WagonTransporter.get (WagonTransporter.java:407)[0m
2023.04.21 13:09:47 INFO      at org.eclipse.aether.connector.basic.BasicRepositoryConnector$GetTaskRunner.runTask (BasicRepositoryConnector.java:457)[0m
2023.04.21 13:09:47 INFO      at org.eclipse.aether.connector.basic.BasicRepositoryConnector$TaskRunner.run (BasicRepositoryConnector.java:364)[0m
2023.04.21 13:09:47 INFO      at org.eclipse.aether.util.concurrency.RunnableErrorForwarder$1.run (RunnableErrorForwarder.java:75)[0m
2023.04.21 13:09:47 INFO      at org.eclipse.aether.connector.basic.BasicRepositoryConnector$DirectExecutor.execute (BasicRepositoryConnector.java:628)[0m
2023.04.21 13:09:47 INFO      at org.eclipse.aether.connector.basic.BasicRepositoryConnector.get (BasicRepositoryConnector.java:262)[0m
2023.04.21 13:09:47 INFO      at org.eclipse.aether.internal.impl.DefaultArtifactResolver.performDownloads (DefaultArtifactResolver.java:514)[0m
2023.04.21 13:09:47 INFO      at org.eclipse.aether.internal.impl.DefaultArtifactResolver.resolve (DefaultArtifactResolver.java:402)[0m
2023.04.21 13:09:47 INFO      at org.eclipse.aether.internal.impl.DefaultArtifactResolver.resolveArtifacts (DefaultArtifactResolver.java:229)[0m
2023.04.21 13:09:47 INFO      at org.eclipse.aether.internal.impl.DefaultArtifactResolver.resolveArtifact (DefaultArtifactResolver.java:207)[0m
2023.04.21 13:09:47 INFO      at org.eclipse.aether.internal.impl.DefaultRepositorySystem.resolveArtifact (DefaultRepositorySystem.java:262)[0m
2023.04.21 13:09:47 INFO      at bloop.integrations.maven.MojoImplementation$.bloop$integrations$maven$MojoImplementation$$resolveArtifact$1 (MojoImplementation.scala:117)[0m
2023.04.21 13:09:47 INFO      at bloop.integrations.maven.MojoImplementation$$anonfun$2.applyOrElse (MojoImplementation.scala:244)[0m
2023.04.21 13:09:47 INFO      at bloop.integrations.maven.MojoImplementation$$anonfun$2.applyOrElse (MojoImplementation.scala:226)[0m
2023.04.21 13:09:47 INFO      at scala.collection.StrictOptimizedIterableOps.collect (StrictOptimizedIterableOps.scala:151)[0m
2023.04.21 13:09:47 INFO      at scala.collection.StrictOptimizedIterableOps.collect$ (StrictOptimizedIterableOps.scala:136)[0m
2023.04.21 13:09:47 INFO      at scala.collection.convert.JavaCollectionWrappers$JSetWrapper.collect (JavaCollectionWrappers.scala:180)[0m
2023.04.21 13:09:47 INFO      at bloop.integrations.maven.MojoImplementation$.writeConfig$1 (MojoImplementation.scala:226)[0m
2023.04.21 13:09:47 INFO      at bloop.integrations.maven.MojoImplementation$.writeCompileAndTestConfiguration (MojoImplementation.scala:301)[0m
2023.04.21 13:09:47 INFO      at bloop.integrations.maven.MojoImplementation.writeCompileAndTestConfiguration (MojoImplementation.scala)[0m
2023.04.21 13:09:47 INFO      at bloop.integrations.maven.BloopMojo.execute (BloopMojo.java:104)[0m
2023.04.21 13:09:47 INFO      at org.apache.maven.plugin.DefaultBuildPluginManager.executeMojo (DefaultBuildPluginManager.java:137)[0m
2023.04.21 13:09:47 INFO      at org.apache.maven.lifecycle.internal.MojoExecutor.doExecute2 (MojoExecutor.java:370)[0m
2023.04.21 13:09:47 INFO      at org.apache.maven.lifecycle.internal.MojoExecutor.doExecute (MojoExecutor.java:351)[0m
2023.04.21 13:09:47 INFO      at org.apache.maven.lifecycle.internal.MojoExecutor.execute (MojoExecutor.java:215)[0m
2023.04.21 13:09:47 INFO      at org.apache.maven.lifecycle.internal.MojoExecutor.execute (MojoExecutor.java:171)[0m
2023.04.21 13:09:47 INFO      at org.apache.maven.lifecycle.internal.MojoExecutor.execute (MojoExecutor.java:163)[0m
2023.04.21 13:09:47 INFO      at org.apache.maven.lifecycle.internal.LifecycleModuleBuilder.buildProject (LifecycleModuleBuilder.java:117)[0m
2023.04.21 13:09:47 INFO      at org.apache.maven.lifecycle.internal.LifecycleModuleBuilder.buildProject (LifecycleModuleBuilder.java:81)[0m
2023.04.21 13:09:47 INFO      at org.apache.maven.lifecycle.internal.builder.singlethreaded.SingleThreadedBuilder.build (SingleThreadedBuilder.java:56)[0m
2023.04.21 13:09:47 INFO      at org.apache.maven.lifecycle.internal.LifecycleStarter.execute (LifecycleStarter.java:128)[0m
2023.04.21 13:09:47 INFO      at org.apache.maven.DefaultMaven.doExecute (DefaultMaven.java:294)[0m
2023.04.21 13:09:47 INFO      at org.apache.maven.DefaultMaven.doExecute (DefaultMaven.java:192)[0m
2023.04.21 13:09:47 INFO      at org.apache.maven.DefaultMaven.execute (DefaultMaven.java:105)[0m
2023.04.21 13:09:47 INFO      at org.apache.maven.cli.MavenCli.execute (MavenCli.java:960)[0m
2023.04.21 13:09:47 INFO      at org.apache.maven.cli.MavenCli.doMain (MavenCli.java:293)[0m
2023.04.21 13:09:47 INFO      at org.apache.maven.cli.MavenCli.main (MavenCli.java:196)[0m
2023.04.21 13:09:47 INFO      at jdk.internal.reflect.NativeMethodAccessorImpl.invoke0 (Native Method)[0m
2023.04.21 13:09:47 INFO      at jdk.internal.reflect.NativeMethodAccessorImpl.invoke (NativeMethodAccessorImpl.java:77)[0m
2023.04.21 13:09:47 INFO      at jdk.internal.reflect.DelegatingMethodAccessorImpl.invoke (DelegatingMethodAccessorImpl.java:43)[0m
2023.04.21 13:09:47 INFO      at java.lang.reflect.Method.invoke (Method.java:568)[0m
2023.04.21 13:09:47 INFO      at org.codehaus.plexus.classworlds.launcher.Launcher.launchEnhanced (Launcher.java:282)[0m
2023.04.21 13:09:47 INFO      at org.codehaus.plexus.classworlds.launcher.Launcher.launch (Launcher.java:225)[0m
2023.04.21 13:09:47 INFO      at org.codehaus.plexus.classworlds.launcher.Launcher.mainWithExitCode (Launcher.java:406)[0m
2023.04.21 13:09:47 INFO      at org.codehaus.plexus.classworlds.launcher.Launcher.main (Launcher.java:347)[0m
2023.04.21 13:09:47 INFO      at jdk.internal.reflect.NativeMethodAccessorImpl.invoke0 (Native Method)[0m
2023.04.21 13:09:47 INFO      at jdk.internal.reflect.NativeMethodAccessorImpl.invoke (NativeMethodAccessorImpl.java:77)[0m
2023.04.21 13:09:47 INFO      at jdk.internal.reflect.DelegatingMethodAccessorImpl.invoke (DelegatingMethodAccessorImpl.java:43)[0m
2023.04.21 13:09:47 INFO      at java.lang.reflect.Method.invoke (Method.java:568)[0m
2023.04.21 13:09:47 INFO      at org.apache.maven.wrapper.BootstrapMainStarter.start (BootstrapMainStarter.java:53)[0m
2023.04.21 13:09:47 INFO      at org.apache.maven.wrapper.WrapperExecutor.execute (WrapperExecutor.java:152)[0m
2023.04.21 13:09:47 INFO      at org.apache.maven.wrapper.MavenWrapperMain.main (MavenWrapperMain.java:76)[0m
2023.04.21 13:09:47 INFO  [INFO] Resolving artifact: io.netty:netty-buffer:jar:4.1.87.Final:compile (sources = false)[0m
2023.04.21 13:09:47 INFO  [INFO] SUCCESS: io.netty:netty-buffer:jar:4.1.87.Final:compile (sources = false)[0m
2023.04.21 13:09:47 INFO  [INFO] Resolving artifact: io.netty:netty-buffer:jar:4.1.87.Final:compile (sources = true)[0m
2023.04.21 13:09:47 INFO  [INFO] SUCCESS: io.netty:netty-buffer:jar:4.1.87.Final:compile (sources = true)[0m
2023.04.21 13:09:47 INFO  [INFO] Resolving artifact: io.netty:netty-codec:jar:4.1.87.Final:compile (sources = false)[0m
2023.04.21 13:09:47 INFO  [INFO] SUCCESS: io.netty:netty-codec:jar:4.1.87.Final:compile (sources = false)[0m
2023.04.21 13:09:47 INFO  [INFO] Resolving artifact: io.netty:netty-codec:jar:4.1.87.Final:compile (sources = true)[0m
2023.04.21 13:09:47 INFO  [INFO] SUCCESS: io.netty:netty-codec:jar:4.1.87.Final:compile (sources = true)[0m
2023.04.21 13:09:47 INFO  [INFO] Resolving artifact: io.netty:netty-codec-http:jar:4.1.87.Final:compile (sources = false)[0m
2023.04.21 13:09:47 INFO  [INFO] SUCCESS: io.netty:netty-codec-http:jar:4.1.87.Final:compile (sources = false)[0m
2023.04.21 13:09:47 INFO  [INFO] Resolving artifact: io.netty:netty-codec-http:jar:4.1.87.Final:compile (sources = true)[0m
2023.04.21 13:09:47 INFO  [INFO] SUCCESS: io.netty:netty-codec-http:jar:4.1.87.Final:compile (sources = true)[0m
2023.04.21 13:09:47 INFO  [INFO] Resolving artifact: io.netty:netty-codec-http2:jar:4.1.87.Final:compile (sources = false)[0m
2023.04.21 13:09:47 INFO  [INFO] SUCCESS: io.netty:netty-codec-http2:jar:4.1.87.Final:compile (sources = false)[0m
2023.04.21 13:09:47 INFO  [INFO] Resolving artifact: io.netty:netty-codec-http2:jar:4.1.87.Final:compile (sources = true)[0m
2023.04.21 13:09:47 INFO  [INFO] SUCCESS: io.netty:netty-codec-http2:jar:4.1.87.Final:compile (sources = true)[0m
2023.04.21 13:09:47 INFO  [INFO] Resolving artifact: io.netty:netty-codec-socks:jar:4.1.87.Final:compile (sources = false)[0m
2023.04.21 13:09:47 INFO  [INFO] SUCCESS: io.netty:netty-codec-socks:jar:4.1.87.Final:compile (sources = false)[0m
2023.04.21 13:09:47 INFO  [INFO] Resolving artifact: io.netty:netty-codec-socks:jar:4.1.87.Final:compile (sources = true)[0m
2023.04.21 13:09:47 INFO  [INFO] SUCCESS: io.netty:netty-codec-socks:jar:4.1.87.Final:compile (sources = true)[0m
2023.04.21 13:09:47 INFO  [INFO] Resolving artifact: io.netty:netty-common:jar:4.1.87.Final:compile (sources = false)[0m
2023.04.21 13:09:47 INFO  [INFO] SUCCESS: io.netty:netty-common:jar:4.1.87.Final:compile (sources = false)[0m
2023.04.21 13:09:47 INFO  [INFO] Resolving artifact: io.netty:netty-common:jar:4.1.87.Final:compile (sources = true)[0m
2023.04.21 13:09:47 INFO  [INFO] SUCCESS: io.netty:netty-common:jar:4.1.87.Final:compile (sources = true)[0m
2023.04.21 13:09:47 INFO  [INFO] Resolving artifact: io.netty:netty-handler:jar:4.1.87.Final:compile (sources = false)[0m
2023.04.21 13:09:47 INFO  [INFO] SUCCESS: io.netty:netty-handler:jar:4.1.87.Final:compile (sources = false)[0m
2023.04.21 13:09:47 INFO  [INFO] Resolving artifact: io.netty:netty-handler:jar:4.1.87.Final:compile (sources = true)[0m
2023.04.21 13:09:47 INFO  [INFO] SUCCESS: io.netty:netty-handler:jar:4.1.87.Final:compile (sources = true)[0m
2023.04.21 13:09:47 INFO  [INFO] Resolving artifact: io.netty:netty-transport-native-unix-common:jar:4.1.87.Final:compile (sources = false)[0m
2023.04.21 13:09:47 INFO  [INFO] SUCCESS: io.netty:netty-transport-native-unix-common:jar:4.1.87.Final:compile (sources = false)[0m
2023.04.21 13:09:47 INFO  [INFO] Resolving artifact: io.netty:netty-transport-native-unix-common:jar:4.1.87.Final:compile (sources = true)[0m
2023.04.21 13:09:47 INFO  [INFO] SUCCESS: io.netty:netty-transport-native-unix-common:jar:4.1.87.Final:compile (sources = true)[0m
2023.04.21 13:09:47 INFO  [INFO] Resolving artifact: io.netty:netty-handler-proxy:jar:4.1.87.Final:compile (sources = false)[0m
2023.04.21 13:09:47 INFO  [INFO] SUCCESS: io.netty:netty-handler-proxy:jar:4.1.87.Final:compile (sources = false)[0m
2023.04.21 13:09:47 INFO  [INFO] Resolving artifact: io.netty:netty-handler-proxy:jar:4.1.87.Final:compile (sources = true)[0m
2023.04.21 13:09:47 INFO  [INFO] SUCCESS: io.netty:netty-handler-proxy:jar:4.1.87.Final:compile (sources = true)[0m
2023.04.21 13:09:47 INFO  [INFO] Resolving artifact: io.netty:netty-resolver:jar:4.1.87.Final:compile (sources = false)[0m
2023.04.21 13:09:47 INFO  [INFO] SUCCESS: io.netty:netty-resolver:jar:4.1.87.Final:compile (sources = false)[0m
2023.04.21 13:09:47 INFO  [INFO] Resolving artifact: io.netty:netty-resolver:jar:4.1.87.Final:compile (sources = true)[0m
2023.04.21 13:09:47 INFO  [INFO] SUCCESS: io.netty:netty-resolver:jar:4.1.87.Final:compile (sources = true)[0m
2023.04.21 13:09:47 INFO  [INFO] Resolving artifact: io.netty:netty-transport:jar:4.1.87.Final:compile (sources = false)[0m
2023.04.21 13:09:47 INFO  [INFO] SUCCESS: io.netty:netty-transport:jar:4.1.87.Final:compile (sources = false)[0m
2023.04.21 13:09:47 INFO  [INFO] Resolving artifact: io.netty:netty-transport:jar:4.1.87.Final:compile (sources = true)[0m
2023.04.21 13:09:47 INFO  [INFO] SUCCESS: io.netty:netty-transport:jar:4.1.87.Final:compile (sources = true)[0m
2023.04.21 13:09:47 INFO  [INFO] Resolving artifact: io.netty:netty-transport-classes-epoll:jar:4.1.87.Final:compile (sources = false)[0m
2023.04.21 13:09:47 INFO  [INFO] SUCCESS: io.netty:netty-transport-classes-epoll:jar:4.1.87.Final:compile (sources = false)[0m
2023.04.21 13:09:47 INFO  [INFO] Resolving artifact: io.netty:netty-transport-classes-epoll:jar:4.1.87.Final:compile (sources = true)[0m
2023.04.21 13:09:47 INFO  [INFO] SUCCESS: io.netty:netty-transport-classes-epoll:jar:4.1.87.Final:compile (sources = true)[0m
2023.04.21 13:09:47 INFO  [INFO] Resolving artifact: io.netty:netty-transport-classes-kqueue:jar:4.1.87.Final:compile (sources = false)[0m
2023.04.21 13:09:47 INFO  [INFO] SUCCESS: io.netty:netty-transport-classes-kqueue:jar:4.1.87.Final:compile (sources = false)[0m
2023.04.21 13:09:47 INFO  [INFO] Resolving artifact: io.netty:netty-transport-classes-kqueue:jar:4.1.87.Final:compile (sources = true)[0m
2023.04.21 13:09:47 INFO  [INFO] SUCCESS: io.netty:netty-transport-classes-kqueue:jar:4.1.87.Final:compile (sources = true)[0m
2023.04.21 13:09:47 INFO  [INFO] Resolving artifact: io.netty:netty-transport-native-epoll:jar:linux-x86_64:4.1.87.Final:compile (sources = false)[0m
2023.04.21 13:09:47 INFO  [INFO] SUCCESS: io.netty:netty-transport-native-epoll:jar:linux-x86_64:4.1.87.Final:compile (sources = false)[0m
2023.04.21 13:09:47 INFO  [INFO] Resolving artifact: io.netty:netty-transport-native-epoll:jar:linux-x86_64:4.1.87.Final:compile (sources = true)[0m
2023.04.21 13:09:47 INFO  [INFO] SUCCESS: io.netty:netty-transport-native-epoll:jar:linux-x86_64:4.1.87.Final:compile (sources = true)[0m
2023.04.21 13:09:47 INFO  [INFO] Resolving artifact: io.netty:netty-transport-native-epoll:jar:linux-aarch_64:4.1.87.Final:compile (sources = false)[0m
2023.04.21 13:09:47 INFO  [INFO] SUCCESS: io.netty:netty-transport-native-epoll:jar:linux-aarch_64:4.1.87.Final:compile (sources = false)[0m
2023.04.21 13:09:47 INFO  [INFO] Resolving artifact: io.netty:netty-transport-native-epoll:jar:linux-aarch_64:4.1.87.Final:compile (sources = true)[0m
2023.04.21 13:09:47 INFO  [INFO] SUCCESS: io.netty:netty-transport-native-epoll:jar:linux-aarch_64:4.1.87.Final:compile (sources = true)[0m
2023.04.21 13:09:47 INFO  [INFO] Resolving artifact: io.netty:netty-transport-native-kqueue:jar:osx-aarch_64:4.1.87.Final:compile (sources = false)[0m
2023.04.21 13:09:47 INFO  [INFO] SUCCESS: io.netty:netty-transport-native-kqueue:jar:osx-aarch_64:4.1.87.Final:compile (sources = false)[0m
2023.04.21 13:09:47 INFO  [INFO] Resolving artifact: io.netty:netty-transport-native-kqueue:jar:osx-aarch_64:4.1.87.Final:compile (sources = true)[0m
2023.04.21 13:09:47 INFO  [INFO] SUCCESS: io.netty:netty-transport-native-kqueue:jar:osx-aarch_64:4.1.87.Final:compile (sources = true)[0m
2023.04.21 13:09:47 INFO  [INFO] Resolving artifact: io.netty:netty-transport-native-kqueue:jar:osx-x86_64:4.1.87.Final:compile (sources = false)[0m
2023.04.21 13:09:47 INFO  [INFO] SUCCESS: io.netty:netty-transport-native-kqueue:jar:osx-x86_64:4.1.87.Final:compile (sources = false)[0m
2023.04.21 13:09:47 INFO  [INFO] Resolving artifact: io.netty:netty-transport-native-kqueue:jar:osx-x86_64:4.1.87.Final:compile (sources = true)[0m
2023.04.21 13:09:47 INFO  [INFO] SUCCESS: io.netty:netty-transport-native-kqueue:jar:osx-x86_64:4.1.87.Final:compile (sources = true)[0m
2023.04.21 13:09:47 INFO  [INFO] Resolving artifact: com.clearspring.analytics:stream:jar:2.9.6:compile (sources = false)[0m
2023.04.21 13:09:47 INFO  [INFO] SUCCESS: com.clearspring.analytics:stream:jar:2.9.6:compile (sources = false)[0m
2023.04.21 13:09:47 INFO  [INFO] Resolving artifact: com.clearspring.analytics:stream:jar:2.9.6:compile (sources = true)[0m
2023.04.21 13:09:47 INFO  [INFO] SUCCESS: com.clearspring.analytics:stream:jar:2.9.6:compile (sources = true)[0m
2023.04.21 13:09:47 INFO  [INFO] Resolving artifact: io.dropwizard.metrics:metrics-core:jar:4.2.15:compile (sources = false)[0m
2023.04.21 13:09:47 INFO  [INFO] SUCCESS: io.dropwizard.metrics:metrics-core:jar:4.2.15:compile (sources = false)[0m
2023.04.21 13:09:47 INFO  [INFO] Resolving artifact: io.dropwizard.metrics:metrics-core:jar:4.2.15:compile (sources = true)[0m
2023.04.21 13:09:47 INFO  [INFO] SUCCESS: io.dropwizard.metrics:metrics-core:jar:4.2.15:compile (sources = true)[0m
2023.04.21 13:09:47 INFO  [INFO] Resolving artifact: io.dropwizard.metrics:metrics-jvm:jar:4.2.15:compile (sources = false)[0m
2023.04.21 13:09:47 INFO  [INFO] SUCCESS: io.dropwizard.metrics:metrics-jvm:jar:4.2.15:compile (sources = false)[0m
2023.04.21 13:09:47 INFO  [INFO] Resolving artifact: io.dropwizard.metrics:metrics-jvm:jar:4.2.15:compile (sources = true)[0m
2023.04.21 13:09:47 INFO  [INFO] SUCCESS: io.dropwizard.metrics:metrics-jvm:jar:4.2.15:compile (sources = true)[0m
2023.04.21 13:09:47 INFO  [INFO] Resolving artifact: io.dropwizard.metrics:metrics-json:jar:4.2.15:compile (sources = false)[0m
2023.04.21 13:09:47 INFO  [INFO] SUCCESS: io.dropwizard.metrics:metrics-json:jar:4.2.15:compile (sources = false)[0m
2023.04.21 13:09:47 INFO  [INFO] Resolving artifact: io.dropwizard.metrics:metrics-json:jar:4.2.15:compile (sources = true)[0m
2023.04.21 13:09:47 INFO  [INFO] SUCCESS: io.dropwizard.metrics:metrics-json:jar:4.2.15:compile (sources = true)[0m
2023.04.21 13:09:47 INFO  [INFO] Resolving artifact: io.dropwizard.metrics:metrics-graphite:jar:4.2.15:compile (sources = false)[0m
2023.04.21 13:09:47 INFO  [INFO] SUCCESS: io.dropwizard.metrics:metrics-graphite:jar:4.2.15:compile (sources = false)[0m
2023.04.21 13:09:47 INFO  [INFO] Resolving artifact: io.dropwizard.metrics:metrics-graphite:jar:4.2.15:compile (sources = true)[0m
2023.04.21 13:09:47 INFO  [INFO] SUCCESS: io.dropwizard.metrics:metrics-graphite:jar:4.2.15:compile (sources = true)[0m
2023.04.21 13:09:47 INFO  [INFO] Resolving artifact: io.dropwizard.metrics:metrics-jmx:jar:4.2.15:compile (sources = false)[0m
2023.04.21 13:09:47 INFO  [INFO] SUCCESS: io.dropwizard.metrics:metrics-jmx:jar:4.2.15:compile (sources = false)[0m
2023.04.21 13:09:47 INFO  [INFO] Resolving artifact: io.dropwizard.metrics:metrics-jmx:jar:4.2.15:compile (sources = true)[0m
2023.04.21 13:09:47 INFO  [INFO] SUCCESS: io.dropwizard.metrics:metrics-jmx:jar:4.2.15:compile (sources = true)[0m
2023.04.21 13:09:47 INFO  [INFO] Resolving artifact: com.fasterxml.jackson.core:jackson-databind:jar:2.14.2:compile (sources = false)[0m
2023.04.21 13:09:47 INFO  [INFO] SUCCESS: com.fasterxml.jackson.core:jackson-databind:jar:2.14.2:compile (sources = false)[0m
2023.04.21 13:09:47 INFO  [INFO] Resolving artifact: com.fasterxml.jackson.core:jackson-databind:jar:2.14.2:compile (sources = true)[0m
2023.04.21 13:09:47 INFO  [INFO] SUCCESS: com.fasterxml.jackson.core:jackson-databind:jar:2.14.2:compile (sources = true)[0m
2023.04.21 13:09:47 INFO  [INFO] Resolving artifact: com.fasterxml.jackson.module:jackson-module-scala_2.12:jar:2.14.2:compile (sources = false)[0m
2023.04.21 13:09:47 INFO  [INFO] SUCCESS: com.fasterxml.jackson.module:jackson-module-scala_2.12:jar:2.14.2:compile (sources = false)[0m
2023.04.21 13:09:47 INFO  [INFO] Resolving artifact: com.fasterxml.jackson.module:jackson-module-scala_2.12:jar:2.14.2:compile (sources = true)[0m
2023.04.21 13:09:47 INFO  [INFO] SUCCESS: com.fasterxml.jackson.module:jackson-module-scala_2.12:jar:2.14.2:compile (sources = true)[0m
2023.04.21 13:09:47 INFO  [INFO] Resolving artifact: com.thoughtworks.paranamer:paranamer:jar:2.8:compile (sources = false)[0m
2023.04.21 13:09:47 INFO  [INFO] SUCCESS: com.thoughtworks.paranamer:paranamer:jar:2.8:compile (sources = false)[0m
2023.04.21 13:09:47 INFO  [INFO] Resolving artifact: com.thoughtworks.paranamer:paranamer:jar:2.8:compile (sources = true)[0m
2023.04.21 13:09:47 INFO  [INFO] SUCCESS: com.thoughtworks.paranamer:paranamer:jar:2.8:compile (sources = true)[0m
2023.04.21 13:09:47 INFO  [INFO] Resolving artifact: org.apache.ivy:ivy:jar:2.5.1:compile (sources = false)[0m
2023.04.21 13:09:47 INFO  [INFO] SUCCESS: org.apache.ivy:ivy:jar:2.5.1:compile (sources = false)[0m
2023.04.21 13:09:47 INFO  [INFO] Resolving artifact: org.apache.ivy:ivy:jar:2.5.1:compile (sources = true)[0m
2023.04.21 13:09:47 INFO  [INFO] SUCCESS: org.apache.ivy:ivy:jar:2.5.1:compile (sources = true)[0m
2023.04.21 13:09:47 INFO  [INFO] Resolving artifact: oro:oro:jar:2.0.8:compile (sources = false)[0m
2023.04.21 13:09:47 INFO  [INFO] SUCCESS: oro:oro:jar:2.0.8:compile (sources = false)[0m
2023.04.21 13:09:47 INFO  [INFO] Resolving artifact: oro:oro:jar:2.0.8:compile (sources = true)[0m
2023.04.21 13:09:47 INFO  [INFO] SUCCESS: oro:oro:jar:2.0.8:compile (sources = true)[0m
2023.04.21 13:09:47 INFO  [INFO] Resolving artifact: net.razorvine:pickle:jar:1.3:compile (sources = false)[0m
2023.04.21 13:09:47 INFO  [INFO] SUCCESS: net.razorvine:pickle:jar:1.3:compile (sources = false)[0m
2023.04.21 13:09:47 INFO  [INFO] Resolving artifact: net.razorvine:pickle:jar:1.3:compile (sources = true)[0m
2023.04.21 13:09:47 INFO  [INFO] SUCCESS: net.razorvine:pickle:jar:1.3:compile (sources = true)[0m
2023.04.21 13:09:47 INFO  [INFO] Resolving artifact: net.sf.py4j:py4j:jar:0.10.9.7:compile (sources = false)[0m
2023.04.21 13:09:47 INFO  [INFO] SUCCESS: net.sf.py4j:py4j:jar:0.10.9.7:compile (sources = false)[0m
2023.04.21 13:09:47 INFO  [INFO] Resolving artifact: net.sf.py4j:py4j:jar:0.10.9.7:compile (sources = true)[0m
2023.04.21 13:09:47 INFO  [INFO] SUCCESS: net.sf.py4j:py4j:jar:0.10.9.7:compile (sources = true)[0m
2023.04.21 13:09:47 INFO  [INFO] Resolving artifact: org.apache.spark:spark-tags_2.12:jar:3.4.0:compile (sources = false)[0m
2023.04.21 13:09:47 INFO  [INFO] SUCCESS: org.apache.spark:spark-tags_2.12:jar:3.4.0:compile (sources = false)[0m
2023.04.21 13:09:47 INFO  [INFO] Resolving artifact: org.apache.spark:spark-tags_2.12:jar:3.4.0:compile (sources = true)[0m
2023.04.21 13:09:47 INFO  [INFO] SUCCESS: org.apache.spark:spark-tags_2.12:jar:3.4.0:compile (sources = true)[0m
2023.04.21 13:09:47 INFO  [INFO] Resolving artifact: org.apache.commons:commons-crypto:jar:1.1.0:compile (sources = false)[0m
2023.04.21 13:09:47 INFO  [INFO] SUCCESS: org.apache.commons:commons-crypto:jar:1.1.0:compile (sources = false)[0m
2023.04.21 13:09:47 INFO  [INFO] Resolving artifact: org.apache.commons:commons-crypto:jar:1.1.0:compile (sources = true)[0m
2023.04.21 13:09:47 INFO  [INFO] SUCCESS: org.apache.commons:commons-crypto:jar:1.1.0:compile (sources = true)[0m
2023.04.21 13:09:47 INFO  [INFO] Resolving artifact: org.apache.spark:spark-sql_2.12:jar:3.4.0:provided (sources = false)[0m
2023.04.21 13:09:47 INFO  [INFO] SUCCESS: org.apache.spark:spark-sql_2.12:jar:3.4.0:provided (sources = false)[0m
2023.04.21 13:09:47 INFO  [INFO] Resolving artifact: org.apache.spark:spark-sql_2.12:jar:3.4.0:provided (sources = true)[0m
2023.04.21 13:09:47 INFO  [INFO] SUCCESS: org.apache.spark:spark-sql_2.12:jar:3.4.0:provided (sources = true)[0m
2023.04.21 13:09:47 INFO  [INFO] Resolving artifact: org.rocksdb:rocksdbjni:jar:7.9.2:compile (sources = false)[0m
2023.04.21 13:09:47 INFO  [INFO] SUCCESS: org.rocksdb:rocksdbjni:jar:7.9.2:compile (sources = false)[0m
2023.04.21 13:09:47 INFO  [INFO] Resolving artifact: org.rocksdb:rocksdbjni:jar:7.9.2:compile (sources = true)[0m
2023.04.21 13:09:47 INFO  [INFO] SUCCESS: org.rocksdb:rocksdbjni:jar:7.9.2:compile (sources = true)[0m
2023.04.21 13:09:47 INFO  [INFO] Resolving artifact: com.univocity:univocity-parsers:jar:2.9.1:provided (sources = false)[0m
2023.04.21 13:09:47 INFO  [INFO] SUCCESS: com.univocity:univocity-parsers:jar:2.9.1:provided (sources = false)[0m
2023.04.21 13:09:47 INFO  [INFO] Resolving artifact: com.univocity:univocity-parsers:jar:2.9.1:provided (sources = true)[0m
2023.04.21 13:09:47 INFO  [INFO] SUCCESS: com.univocity:univocity-parsers:jar:2.9.1:provided (sources = true)[0m
2023.04.21 13:09:47 INFO  [INFO] Resolving artifact: org.apache.spark:spark-sketch_2.12:jar:3.4.0:provided (sources = false)[0m
2023.04.21 13:09:47 INFO  [INFO] SUCCESS: org.apache.spark:spark-sketch_2.12:jar:3.4.0:provided (sources = false)[0m
2023.04.21 13:09:47 INFO  [INFO] Resolving artifact: org.apache.spark:spark-sketch_2.12:jar:3.4.0:provided (sources = true)[0m
2023.04.21 13:09:47 INFO  [INFO] SUCCESS: org.apache.spark:spark-sketch_2.12:jar:3.4.0:provided (sources = true)[0m
2023.04.21 13:09:47 INFO  [INFO] Resolving artifact: org.apache.spark:spark-catalyst_2.12:jar:3.4.0:provided (sources = false)[0m
2023.04.21 13:09:47 INFO  [INFO] SUCCESS: org.apache.spark:spark-catalyst_2.12:jar:3.4.0:provided (sources = false)[0m
2023.04.21 13:09:47 INFO  [INFO] Resolving artifact: org.apache.spark:spark-catalyst_2.12:jar:3.4.0:provided (sources = true)[0m
2023.04.21 13:09:47 INFO  [INFO] SUCCESS: org.apache.spark:spark-catalyst_2.12:jar:3.4.0:provided (sources = true)[0m
2023.04.21 13:09:47 INFO  [INFO] Resolving artifact: org.scala-lang.modules:scala-parser-combinators_2.12:jar:2.1.1:provided (sources = false)[0m
2023.04.21 13:09:47 INFO  [INFO] SUCCESS: org.scala-lang.modules:scala-parser-combinators_2.12:jar:2.1.1:provided (sources = false)[0m
2023.04.21 13:09:47 INFO  [INFO] Resolving artifact: org.scala-lang.modules:scala-parser-combinators_2.12:jar:2.1.1:provided (sources = true)[0m
2023.04.21 13:09:47 INFO  [INFO] SUCCESS: org.scala-lang.modules:scala-parser-combinators_2.12:jar:2.1.1:provided (sources = true)[0m
2023.04.21 13:09:47 INFO  [INFO] Resolving artifact: org.codehaus.janino:janino:jar:3.1.9:provided (sources = false)[0m
2023.04.21 13:09:47 INFO  [INFO] SUCCESS: org.codehaus.janino:janino:jar:3.1.9:provided (sources = false)[0m
2023.04.21 13:09:47 INFO  [INFO] Resolving artifact: org.codehaus.janino:janino:jar:3.1.9:provided (sources = true)[0m
2023.04.21 13:09:47 INFO  [INFO] SUCCESS: org.codehaus.janino:janino:jar:3.1.9:provided (sources = true)[0m
2023.04.21 13:09:47 INFO  [INFO] Resolving artifact: org.codehaus.janino:commons-compiler:jar:3.1.9:provided (sources = false)[0m
2023.04.21 13:09:47 INFO  [INFO] SUCCESS: org.codehaus.janino:commons-compiler:jar:3.1.9:provided (sources = false)[0m
2023.04.21 13:09:47 INFO  [INFO] Resolving artifact: org.codehaus.janino:commons-compiler:jar:3.1.9:provided (sources = true)[0m
2023.04.21 13:09:47 INFO  [INFO] SUCCESS: org.codehaus.janino:commons-compiler:jar:3.1.9:provided (sources = true)[0m
2023.04.21 13:09:47 INFO  [INFO] Resolving artifact: org.antlr:antlr4-runtime:jar:4.9.3:provided (sources = false)[0m
2023.04.21 13:09:47 INFO  [INFO] SUCCESS: org.antlr:antlr4-runtime:jar:4.9.3:provided (sources = false)[0m
2023.04.21 13:09:47 INFO  [INFO] Resolving artifact: org.antlr:antlr4-runtime:jar:4.9.3:provided (sources = true)[0m
2023.04.21 13:09:47 INFO  [INFO] SUCCESS: org.antlr:antlr4-runtime:jar:4.9.3:provided (sources = true)[0m
2023.04.21 13:09:47 INFO  [INFO] Resolving artifact: org.apache.arrow:arrow-vector:jar:11.0.0:provided (sources = false)[0m
2023.04.21 13:09:47 INFO  [INFO] SUCCESS: org.apache.arrow:arrow-vector:jar:11.0.0:provided (sources = false)[0m
2023.04.21 13:09:47 INFO  [INFO] Resolving artifact: org.apache.arrow:arrow-vector:jar:11.0.0:provided (sources = true)[0m
2023.04.21 13:09:47 INFO  [INFO] SUCCESS: org.apache.arrow:arrow-vector:jar:11.0.0:provided (sources = true)[0m
2023.04.21 13:09:47 INFO  [INFO] Resolving artifact: org.apache.arrow:arrow-format:jar:11.0.0:provided (sources = false)[0m
2023.04.21 13:09:47 INFO  [INFO] SUCCESS: org.apache.arrow:arrow-format:jar:11.0.0:provided (sources = false)[0m
2023.04.21 13:09:47 INFO  [INFO] Resolving artifact: org.apache.arrow:arrow-format:jar:11.0.0:provided (sources = true)[0m
2023.04.21 13:09:47 INFO  [INFO] SUCCESS: org.apache.arrow:arrow-format:jar:11.0.0:provided (sources = true)[0m
2023.04.21 13:09:47 INFO  [INFO] Resolving artifact: org.apache.arrow:arrow-memory-core:jar:11.0.0:provided (sources = false)[0m
2023.04.21 13:09:47 INFO  [INFO] SUCCESS: org.apache.arrow:arrow-memory-core:jar:11.0.0:provided (sources = false)[0m
2023.04.21 13:09:47 INFO  [INFO] Resolving artifact: org.apache.arrow:arrow-memory-core:jar:11.0.0:provided (sources = true)[0m
2023.04.21 13:09:47 INFO  [INFO] SUCCESS: org.apache.arrow:arrow-memory-core:jar:11.0.0:provided (sources = true)[0m
2023.04.21 13:09:47 INFO  [INFO] Resolving artifact: com.fasterxml.jackson.datatype:jackson-datatype-jsr310:jar:2.13.4:provided (sources = false)[0m
2023.04.21 13:09:47 INFO  [INFO] SUCCESS: com.fasterxml.jackson.datatype:jackson-datatype-jsr310:jar:2.13.4:provided (sources = false)[0m
2023.04.21 13:09:47 INFO  [INFO] Resolving artifact: com.fasterxml.jackson.datatype:jackson-datatype-jsr310:jar:2.13.4:provided (sources = true)[0m
2023.04.21 13:09:47 INFO  [INFO] SUCCESS: com.fasterxml.jackson.datatype:jackson-datatype-jsr310:jar:2.13.4:provided (sources = true)[0m
2023.04.21 13:09:47 INFO  [INFO] Resolving artifact: com.google.flatbuffers:flatbuffers-java:jar:1.12.0:provided (sources = false)[0m
2023.04.21 13:09:47 INFO  [INFO] SUCCESS: com.google.flatbuffers:flatbuffers-java:jar:1.12.0:provided (sources = false)[0m
2023.04.21 13:09:47 INFO  [INFO] Resolving artifact: com.google.flatbuffers:flatbuffers-java:jar:1.12.0:provided (sources = true)[0m
2023.04.21 13:09:47 INFO  [INFO] SUCCESS: com.google.flatbuffers:flatbuffers-java:jar:1.12.0:provided (sources = true)[0m
2023.04.21 13:09:47 INFO  [INFO] Resolving artifact: org.apache.arrow:arrow-memory-netty:jar:11.0.0:provided (sources = false)[0m
2023.04.21 13:09:47 INFO  [INFO] SUCCESS: org.apache.arrow:arrow-memory-netty:jar:11.0.0:provided (sources = false)[0m
2023.04.21 13:09:47 INFO  [INFO] Resolving artifact: org.apache.arrow:arrow-memory-netty:jar:11.0.0:provided (sources = true)[0m
2023.04.21 13:09:47 INFO  [INFO] SUCCESS: org.apache.arrow:arrow-memory-netty:jar:11.0.0:provided (sources = true)[0m
2023.04.21 13:09:47 INFO  [INFO] Resolving artifact: org.apache.orc:orc-core:jar:shaded-protobuf:1.8.3:provided (sources = false)[0m
2023.04.21 13:09:47 INFO  [INFO] SUCCESS: org.apache.orc:orc-core:jar:shaded-protobuf:1.8.3:provided (sources = false)[0m
2023.04.21 13:09:47 INFO  [INFO] Resolving artifact: org.apache.orc:orc-core:jar:shaded-protobuf:1.8.3:provided (sources = true)[0m
2023.04.21 13:09:47 INFO  [INFO] SUCCESS: org.apache.orc:orc-core:jar:shaded-protobuf:1.8.3:provided (sources = true)[0m
2023.04.21 13:09:47 INFO  [INFO] Resolving artifact: org.apache.orc:orc-shims:jar:1.8.3:provided (sources = false)[0m
2023.04.21 13:09:47 INFO  [INFO] SUCCESS: org.apache.orc:orc-shims:jar:1.8.3:provided (sources = false)[0m
2023.04.21 13:09:47 INFO  [INFO] Resolving artifact: org.apache.orc:orc-shims:jar:1.8.3:provided (sources = true)[0m
2023.04.21 13:09:47 INFO  [INFO] SUCCESS: org.apache.orc:orc-shims:jar:1.8.3:provided (sources = true)[0m
2023.04.21 13:09:47 INFO  [INFO] Resolving artifact: io.airlift:aircompressor:jar:0.21:provided (sources = false)[0m
2023.04.21 13:09:47 INFO  [INFO] SUCCESS: io.airlift:aircompressor:jar:0.21:provided (sources = false)[0m
2023.04.21 13:09:47 INFO  [INFO] Resolving artifact: io.airlift:aircompressor:jar:0.21:provided (sources = true)[0m
2023.04.21 13:09:47 INFO  [INFO] SUCCESS: io.airlift:aircompressor:jar:0.21:provided (sources = true)[0m
2023.04.21 13:09:47 INFO  [INFO] Resolving artifact: org.jetbrains:annotations:jar:17.0.0:provided (sources = false)[0m
2023.04.21 13:09:47 INFO  [INFO] SUCCESS: org.jetbrains:annotations:jar:17.0.0:provided (sources = false)[0m
2023.04.21 13:09:47 INFO  [INFO] Resolving artifact: org.jetbrains:annotations:jar:17.0.0:provided (sources = true)[0m
2023.04.21 13:09:47 INFO  [INFO] SUCCESS: org.jetbrains:annotations:jar:17.0.0:provided (sources = true)[0m
2023.04.21 13:09:47 INFO  [INFO] Resolving artifact: org.threeten:threeten-extra:jar:1.7.1:provided (sources = false)[0m
2023.04.21 13:09:47 INFO  [INFO] SUCCESS: org.threeten:threeten-extra:jar:1.7.1:provided (sources = false)[0m
2023.04.21 13:09:47 INFO  [INFO] Resolving artifact: org.threeten:threeten-extra:jar:1.7.1:provided (sources = true)[0m
2023.04.21 13:09:47 INFO  [INFO] SUCCESS: org.threeten:threeten-extra:jar:1.7.1:provided (sources = true)[0m
2023.04.21 13:09:47 INFO  [INFO] Resolving artifact: org.apache.orc:orc-mapreduce:jar:shaded-protobuf:1.8.3:provided (sources = false)[0m
2023.04.21 13:09:47 INFO  [INFO] SUCCESS: org.apache.orc:orc-mapreduce:jar:shaded-protobuf:1.8.3:provided (sources = false)[0m
2023.04.21 13:09:47 INFO  [INFO] Resolving artifact: org.apache.orc:orc-mapreduce:jar:shaded-protobuf:1.8.3:provided (sources = true)[0m
2023.04.21 13:09:47 INFO  [INFO] SUCCESS: org.apache.orc:orc-mapreduce:jar:shaded-protobuf:1.8.3:provided (sources = true)[0m
2023.04.21 13:09:47 INFO  [INFO] Resolving artifact: org.apache.hive:hive-storage-api:jar:2.8.1:provided (sources = false)[0m
2023.04.21 13:09:47 INFO  [INFO] SUCCESS: org.apache.hive:hive-storage-api:jar:2.8.1:provided (sources = false)[0m
2023.04.21 13:09:47 INFO  [INFO] Resolving artifact: org.apache.hive:hive-storage-api:jar:2.8.1:provided (sources = true)[0m
2023.04.21 13:09:47 INFO  [INFO] SUCCESS: org.apache.hive:hive-storage-api:jar:2.8.1:provided (sources = true)[0m
2023.04.21 13:09:47 INFO  [INFO] Resolving artifact: org.apache.parquet:parquet-column:jar:1.12.3:provided (sources = false)[0m
2023.04.21 13:09:47 INFO  [INFO] SUCCESS: org.apache.parquet:parquet-column:jar:1.12.3:provided (sources = false)[0m
2023.04.21 13:09:47 INFO  [INFO] Resolving artifact: org.apache.parquet:parquet-column:jar:1.12.3:provided (sources = true)[0m
2023.04.21 13:09:47 INFO  [INFO] SUCCESS: org.apache.parquet:parquet-column:jar:1.12.3:provided (sources = true)[0m
2023.04.21 13:09:47 INFO  [INFO] Resolving artifact: org.apache.parquet:parquet-common:jar:1.12.3:provided (sources = false)[0m
2023.04.21 13:09:47 INFO  [INFO] SUCCESS: org.apache.parquet:parquet-common:jar:1.12.3:provided (sources = false)[0m
2023.04.21 13:09:47 INFO  [INFO] Resolving artifact: org.apache.parquet:parquet-common:jar:1.12.3:provided (sources = true)[0m
2023.04.21 13:09:47 INFO  [INFO] SUCCESS: org.apache.parquet:parquet-common:jar:1.12.3:provided (sources = true)[0m
2023.04.21 13:09:47 INFO  [INFO] Resolving artifact: org.apache.parquet:parquet-encoding:jar:1.12.3:provided (sources = false)[0m
2023.04.21 13:09:47 INFO  [INFO] SUCCESS: org.apache.parquet:parquet-encoding:jar:1.12.3:provided (sources = false)[0m
2023.04.21 13:09:47 INFO  [INFO] Resolving artifact: org.apache.parquet:parquet-encoding:jar:1.12.3:provided (sources = true)[0m
2023.04.21 13:09:47 INFO  [INFO] SUCCESS: org.apache.parquet:parquet-encoding:jar:1.12.3:provided (sources = true)[0m
2023.04.21 13:09:47 INFO  [INFO] Resolving artifact: org.apache.parquet:parquet-hadoop:jar:1.12.3:provided (sources = false)[0m
2023.04.21 13:09:47 INFO  [INFO] SUCCESS: org.apache.parquet:parquet-hadoop:jar:1.12.3:provided (sources = false)[0m
2023.04.21 13:09:47 INFO  [INFO] Resolving artifact: org.apache.parquet:parquet-hadoop:jar:1.12.3:provided (sources = true)[0m
2023.04.21 13:09:47 INFO  [INFO] SUCCESS: org.apache.parquet:parquet-hadoop:jar:1.12.3:provided (sources = true)[0m
2023.04.21 13:09:47 INFO  [INFO] Resolving artifact: org.apache.parquet:parquet-format-structures:jar:1.12.3:provided (sources = false)[0m
2023.04.21 13:09:47 INFO  [INFO] SUCCESS: org.apache.parquet:parquet-format-structures:jar:1.12.3:provided (sources = false)[0m
2023.04.21 13:09:47 INFO  [INFO] Resolving artifact: org.apache.parquet:parquet-format-structures:jar:1.12.3:provided (sources = true)[0m
2023.04.21 13:09:47 INFO  [INFO] SUCCESS: org.apache.parquet:parquet-format-structures:jar:1.12.3:provided (sources = true)[0m
2023.04.21 13:09:47 INFO  [INFO] Resolving artifact: org.apache.parquet:parquet-jackson:jar:1.12.3:provided (sources = false)[0m
2023.04.21 13:09:47 INFO  [INFO] SUCCESS: org.apache.parquet:parquet-jackson:jar:1.12.3:provided (sources = false)[0m
2023.04.21 13:09:47 INFO  [INFO] Resolving artifact: org.apache.parquet:parquet-jackson:jar:1.12.3:provided (sources = true)[0m
2023.04.21 13:09:47 INFO  [INFO] SUCCESS: org.apache.parquet:parquet-jackson:jar:1.12.3:provided (sources = true)[0m
2023.04.21 13:09:47 INFO  [INFO] Resolving artifact: com.google.protobuf:protobuf-java:jar:3.21.12:compile (sources = false)[0m
2023.04.21 13:09:47 INFO  [INFO] SUCCESS: com.google.protobuf:protobuf-java:jar:3.21.12:compile (sources = false)[0m
2023.04.21 13:09:47 INFO  [INFO] Resolving artifact: com.google.protobuf:protobuf-java:jar:3.21.12:compile (sources = true)[0m
2023.04.21 13:09:47 INFO  [INFO] SUCCESS: com.google.protobuf:protobuf-java:jar:3.21.12:compile (sources = true)[0m
2023.04.21 13:09:47 INFO  [INFO] Resolving artifact: junit:junit:jar:4.12:test (sources = false)[0m
2023.04.21 13:09:47 INFO  [INFO] SUCCESS: junit:junit:jar:4.12:test (sources = false)[0m
2023.04.21 13:09:47 INFO  [INFO] Resolving artifact: junit:junit:jar:4.12:test (sources = true)[0m
2023.04.21 13:09:47 INFO  [INFO] SUCCESS: junit:junit:jar:4.12:test (sources = true)[0m
2023.04.21 13:09:47 INFO  [INFO] Resolving artifact: org.hamcrest:hamcrest-core:jar:1.3:test (sources = false)[0m
2023.04.21 13:09:47 INFO  [INFO] SUCCESS: org.hamcrest:hamcrest-core:jar:1.3:test (sources = false)[0m
2023.04.21 13:09:47 INFO  [INFO] Resolving artifact: org.hamcrest:hamcrest-core:jar:1.3:test (sources = true)[0m
2023.04.21 13:09:47 INFO  [INFO] SUCCESS: org.hamcrest:hamcrest-core:jar:1.3:test (sources = true)[0m
2023.04.21 13:09:47 INFO  [INFO] Resolving artifact: org.scalatest:scalatest_2.12:jar:3.0.5:test (sources = false)[0m
2023.04.21 13:09:47 INFO  [INFO] SUCCESS: org.scalatest:scalatest_2.12:jar:3.0.5:test (sources = false)[0m
2023.04.21 13:09:47 INFO  [INFO] Resolving artifact: org.scalatest:scalatest_2.12:jar:3.0.5:test (sources = true)[0m
2023.04.21 13:09:47 INFO  [INFO] SUCCESS: org.scalatest:scalatest_2.12:jar:3.0.5:test (sources = true)[0m
2023.04.21 13:09:47 INFO  [INFO] Resolving artifact: org.scalactic:scalactic_2.12:jar:3.0.5:test (sources = false)[0m
2023.04.21 13:09:47 INFO  [INFO] SUCCESS: org.scalactic:scalactic_2.12:jar:3.0.5:test (sources = false)[0m
2023.04.21 13:09:47 INFO  [INFO] Resolving artifact: org.scalactic:scalactic_2.12:jar:3.0.5:test (sources = true)[0m
2023.04.21 13:09:47 INFO  [INFO] SUCCESS: org.scalactic:scalactic_2.12:jar:3.0.5:test (sources = true)[0m
2023.04.21 13:09:47 INFO  [INFO] Resolving artifact: org.specs2:specs2-core_2.12:jar:4.2.0:test (sources = false)[0m
2023.04.21 13:09:47 INFO  [INFO] SUCCESS: org.specs2:specs2-core_2.12:jar:4.2.0:test (sources = false)[0m
2023.04.21 13:09:47 INFO  [INFO] Resolving artifact: org.specs2:specs2-core_2.12:jar:4.2.0:test (sources = true)[0m
2023.04.21 13:09:47 INFO  [INFO] SUCCESS: org.specs2:specs2-core_2.12:jar:4.2.0:test (sources = true)[0m
2023.04.21 13:09:47 INFO  [INFO] Resolving artifact: org.specs2:specs2-matcher_2.12:jar:4.2.0:test (sources = false)[0m
2023.04.21 13:09:47 INFO  [INFO] SUCCESS: org.specs2:specs2-matcher_2.12:jar:4.2.0:test (sources = false)[0m
2023.04.21 13:09:47 INFO  [INFO] Resolving artifact: org.specs2:specs2-matcher_2.12:jar:4.2.0:test (sources = true)[0m
2023.04.21 13:09:47 INFO  [INFO] SUCCESS: org.specs2:specs2-matcher_2.12:jar:4.2.0:test (sources = true)[0m
2023.04.21 13:09:47 INFO  [INFO] Resolving artifact: org.specs2:specs2-common_2.12:jar:4.2.0:test (sources = false)[0m
2023.04.21 13:09:47 INFO  [INFO] SUCCESS: org.specs2:specs2-common_2.12:jar:4.2.0:test (sources = false)[0m
2023.04.21 13:09:47 INFO  [INFO] Resolving artifact: org.specs2:specs2-common_2.12:jar:4.2.0:test (sources = true)[0m
2023.04.21 13:09:47 INFO  [INFO] SUCCESS: org.specs2:specs2-common_2.12:jar:4.2.0:test (sources = true)[0m
2023.04.21 13:09:47 INFO  [INFO] Resolving artifact: org.specs2:specs2-fp_2.12:jar:4.2.0:test (sources = false)[0m
2023.04.21 13:09:47 INFO  [INFO] SUCCESS: org.specs2:specs2-fp_2.12:jar:4.2.0:test (sources = false)[0m
2023.04.21 13:09:47 INFO  [INFO] Resolving artifact: org.specs2:specs2-fp_2.12:jar:4.2.0:test (sources = true)[0m
2023.04.21 13:09:47 INFO  [INFO] SUCCESS: org.specs2:specs2-fp_2.12:jar:4.2.0:test (sources = true)[0m
2023.04.21 13:09:47 INFO  [INFO] Resolving artifact: org.scala-sbt:test-interface:jar:1.0:test (sources = false)[0m
2023.04.21 13:09:47 INFO  [INFO] SUCCESS: org.scala-sbt:test-interface:jar:1.0:test (sources = false)[0m
2023.04.21 13:09:47 INFO  [INFO] Resolving artifact: org.scala-sbt:test-interface:jar:1.0:test (sources = true)[0m
2023.04.21 13:09:47 INFO  [INFO] SUCCESS: org.scala-sbt:test-interface:jar:1.0:test (sources = true)[0m
2023.04.21 13:09:47 INFO  [INFO] Resolving artifact: org.specs2:specs2-junit_2.12:jar:4.2.0:test (sources = false)[0m
2023.04.21 13:09:47 INFO  [INFO] SUCCESS: org.specs2:specs2-junit_2.12:jar:4.2.0:test (sources = false)[0m
2023.04.21 13:09:47 INFO  [INFO] Resolving artifact: org.specs2:specs2-junit_2.12:jar:4.2.0:test (sources = true)[0m
2023.04.21 13:09:47 INFO  [INFO] SUCCESS: org.specs2:specs2-junit_2.12:jar:4.2.0:test (sources = true)[0m
2023.04.21 13:09:47 INFO  [INFO] Generated .bloop/scala.sql.json[0m
2023.04.21 13:09:47 INFO  [INFO] Resolving artifact: org.scala-lang:scala-library:jar:2.12.17:compile (sources = false)[0m
2023.04.21 13:09:47 INFO  [INFO] SUCCESS: org.scala-lang:scala-library:jar:2.12.17:compile (sources = false)[0m
2023.04.21 13:09:47 INFO  [INFO] Resolving artifact: org.scala-lang:scala-library:jar:2.12.17:compile (sources = true)[0m
2023.04.21 13:09:47 INFO  [INFO] SUCCESS: org.scala-lang:scala-library:jar:2.12.17:compile (sources = true)[0m
2023.04.21 13:09:47 INFO  [INFO] Resolving artifact: org.apache.spark:spark-core_2.12:jar:3.4.0:compile (sources = false)[0m
2023.04.21 13:09:47 INFO  [INFO] SUCCESS: org.apache.spark:spark-core_2.12:jar:3.4.0:compile (sources = false)[0m
2023.04.21 13:09:47 INFO  [INFO] Resolving artifact: org.apache.spark:spark-core_2.12:jar:3.4.0:compile (sources = true)[0m
2023.04.21 13:09:47 INFO  [INFO] SUCCESS: org.apache.spark:spark-core_2.12:jar:3.4.0:compile (sources = true)[0m
2023.04.21 13:09:47 INFO  [INFO] Resolving artifact: org.apache.avro:avro:jar:1.11.1:compile (sources = false)[0m
2023.04.21 13:09:47 INFO  [INFO] SUCCESS: org.apache.avro:avro:jar:1.11.1:compile (sources = false)[0m
2023.04.21 13:09:47 INFO  [INFO] Resolving artifact: org.apache.avro:avro:jar:1.11.1:compile (sources = true)[0m
2023.04.21 13:09:47 INFO  [INFO] SUCCESS: org.apache.avro:avro:jar:1.11.1:compile (sources = true)[0m
2023.04.21 13:09:47 INFO  [INFO] Resolving artifact: com.fasterxml.jackson.core:jackson-core:jar:2.12.7:compile (sources = false)[0m
2023.04.21 13:09:47 INFO  [INFO] SUCCESS: com.fasterxml.jackson.core:jackson-core:jar:2.12.7:compile (sources = false)[0m
2023.04.21 13:09:47 INFO  [INFO] Resolving artifact: com.fasterxml.jackson.core:jackson-core:jar:2.12.7:compile (sources = true)[0m
2023.04.21 13:09:47 INFO  [INFO] SUCCESS: com.fasterxml.jackson.core:jackson-core:jar:2.12.7:compile (sources = true)[0m
2023.04.21 13:09:47 INFO  [INFO] Resolving artifact: org.apache.avro:avro-mapred:jar:1.11.1:compile (sources = false)[0m
2023.04.21 13:09:47 INFO  [INFO] SUCCESS: org.apache.avro:avro-mapred:jar:1.11.1:compile (sources = false)[0m
2023.04.21 13:09:47 INFO  [INFO] Resolving artifact: org.apache.avro:avro-mapred:jar:1.11.1:compile (sources = true)[0m
2023.04.21 13:09:47 INFO  [INFO] SUCCESS: org.apache.avro:avro-mapred:jar:1.11.1:compile (sources = true)[0m
2023.04.21 13:09:47 INFO  [INFO] Resolving artifact: org.apache.avro:avro-ipc:jar:1.11.1:compile (sources = false)[0m
2023.04.21 13:09:47 INFO  [INFO] SUCCESS: org.apache.avro:avro-ipc:jar:1.11.1:compile (sources = false)[0m
2023.04.21 13:09:47 INFO  [INFO] Resolving artifact: org.apache.avro:avro-ipc:jar:1.11.1:compile (sources = true)[0m
2023.04.21 13:09:47 INFO  [INFO] SUCCESS: org.apache.avro:avro-ipc:jar:1.11.1:compile (sources = true)[0m
2023.04.21 13:09:47 INFO  [INFO] Resolving artifact: org.tukaani:xz:jar:1.9:compile (sources = false)[0m
2023.04.21 13:09:47 INFO  [INFO] SUCCESS: org.tukaani:xz:jar:1.9:compile (sources = false)[0m
2023.04.21 13:09:47 INFO  [INFO] Resolving artifact: org.tukaani:xz:jar:1.9:compile (sources = true)[0m
2023.04.21 13:09:47 INFO  [INFO] SUCCESS: org.tukaani:xz:jar:1.9:compile (sources = true)[0m
2023.04.21 13:09:47 INFO  [INFO] Resolving artifact: com.twitter:chill_2.12:jar:0.10.0:compile (sources = false)[0m
2023.04.21 13:09:47 INFO  [INFO] SUCCESS: com.twitter:chill_2.12:jar:0.10.0:compile (sources = false)[0m
2023.04.21 13:09:47 INFO  [INFO] Resolving artifact: com.twitter:chill_2.12:jar:0.10.0:compile (sources = true)[0m
2023.04.21 13:09:47 INFO  [INFO] SUCCESS: com.twitter:chill_2.12:jar:0.10.0:compile (sources = true)[0m
2023.04.21 13:09:47 INFO  [INFO] Resolving artifact: com.esotericsoftware:kryo-shaded:jar:4.0.2:compile (sources = false)[0m
2023.04.21 13:09:47 INFO  [INFO] SUCCESS: com.esotericsoftware:kryo-shaded:jar:4.0.2:compile (sources = false)[0m
2023.04.21 13:09:47 INFO  [INFO] Resolving artifact: com.esotericsoftware:kryo-shaded:jar:4.0.2:compile (sources = true)[0m
2023.04.21 13:09:47 INFO  [INFO] SUCCESS: com.esotericsoftware:kryo-shaded:jar:4.0.2:compile (sources = true)[0m
2023.04.21 13:09:47 INFO  [INFO] Resolving artifact: com.esotericsoftware:minlog:jar:1.3.0:compile (sources = false)[0m
2023.04.21 13:09:47 INFO  [INFO] SUCCESS: com.esotericsoftware:minlog:jar:1.3.0:compile (sources = false)[0m
2023.04.21 13:09:47 INFO  [INFO] Resolving artifact: com.esotericsoftware:minlog:jar:1.3.0:compile (sources = true)[0m
2023.04.21 13:09:47 INFO  [INFO] SUCCESS: com.esotericsoftware:minlog:jar:1.3.0:compile (sources = true)[0m
2023.04.21 13:09:47 INFO  [INFO] Resolving artifact: org.objenesis:objenesis:jar:2.5.1:compile (sources = false)[0m
2023.04.21 13:09:47 INFO  [INFO] SUCCESS: org.objenesis:objenesis:jar:2.5.1:compile (sources = false)[0m
2023.04.21 13:09:47 INFO  [INFO] Resolving artifact: org.objenesis:objenesis:jar:2.5.1:compile (sources = true)[0m
2023.04.21 13:09:47 INFO  [INFO] SUCCESS: org.objenesis:objenesis:jar:2.5.1:compile (sources = true)[0m
2023.04.21 13:09:47 INFO  [INFO] Resolving artifact: com.twitter:chill-java:jar:0.10.0:compile (sources = false)[0m
2023.04.21 13:09:47 INFO  [INFO] SUCCESS: com.twitter:chill-java:jar:0.10.0:compile (sources = false)[0m
2023.04.21 13:09:47 INFO  [INFO] Resolving artifact: com.twitter:chill-java:jar:0.10.0:compile (sources = true)[0m
2023.04.21 13:09:47 INFO  [INFO] SUCCESS: com.twitter:chill-java:jar:0.10.0:compile (sources = true)[0m
2023.04.21 13:09:47 INFO  [INFO] Resolving artifact: org.apache.xbean:xbean-asm9-shaded:jar:4.22:compile (sources = false)[0m
2023.04.21 13:09:47 INFO  [INFO] SUCCESS: org.apache.xbean:xbean-asm9-shaded:jar:4.22:compile (sources = false)[0m
2023.04.21 13:09:47 INFO  [INFO] Resolving artifact: org.apache.xbean:xbean-asm9-shaded:jar:4.22:compile (sources = true)[0m
2023.04.21 13:09:47 INFO  [INFO] SUCCESS: org.apache.xbean:xbean-asm9-shaded:jar:4.22:compile (sources = true)[0m
2023.04.21 13:09:47 INFO  [INFO] Resolving artifact: org.apache.hadoop:hadoop-client-api:jar:3.3.4:compile (sources = false)[0m
2023.04.21 13:09:47 INFO  [INFO] SUCCESS: org.apache.hadoop:hadoop-client-api:jar:3.3.4:compile (sources = false)[0m
2023.04.21 13:09:47 INFO  [INFO] Resolving artifact: org.apache.hadoop:hadoop-client-api:jar:3.3.4:compile (sources = true)[0m
2023.04.21 13:09:47 INFO  [INFO] SUCCESS: org.apache.hadoop:hadoop-client-api:jar:3.3.4:compile (sources = true)[0m
2023.04.21 13:09:47 INFO  [INFO] Resolving artifact: org.apache.hadoop:hadoop-client-runtime:jar:3.3.4:compile (sources = false)[0m
2023.04.21 13:09:47 INFO  [INFO] SUCCESS: org.apache.hadoop:hadoop-client-runtime:jar:3.3.4:compile (sources = false)[0m
2023.04.21 13:09:47 INFO  [INFO] Resolving artifact: org.apache.hadoop:hadoop-client-runtime:jar:3.3.4:compile (sources = true)[0m
2023.04.21 13:09:47 INFO  [ERROR] FAILURE org.apache.hadoop:hadoop-client-runtime:jar:3.3.4:compile (sources = true)[0m
2023.04.21 13:09:47 INFO  org.eclipse.aether.resolution.ArtifactResolutionException: org.apache.hadoop:hadoop-client-runtime:jar:sources:3.3.4 failed to transfer from https://repo.maven.apache.org/maven2 during a previous attempt. This failure was cached in the local repository and resolution is not reattempted until the update interval of central has elapsed or updates are forced. Original error: Could not transfer artifact org.apache.hadoop:hadoop-client-runtime:jar:sources:3.3.4 from/to central (https://repo.maven.apache.org/maven2): transfer failed for https://repo.maven.apache.org/maven2/org/apache/hadoop/hadoop-client-runtime/3.3.4/hadoop-client-runtime-3.3.4-sources.jar, proxy: ProxyInfo{host='127.0.0.1', userName='null', port=8001, type='http', nonProxyHosts='null'}[0m
2023.04.21 13:09:47 INFO      at org.eclipse.aether.internal.impl.DefaultArtifactResolver.resolve (DefaultArtifactResolver.java:425)[0m
2023.04.21 13:09:47 INFO      at org.eclipse.aether.internal.impl.DefaultArtifactResolver.resolveArtifacts (DefaultArtifactResolver.java:229)[0m
2023.04.21 13:09:47 INFO      at org.eclipse.aether.internal.impl.DefaultArtifactResolver.resolveArtifact (DefaultArtifactResolver.java:207)[0m
2023.04.21 13:09:47 INFO      at org.eclipse.aether.internal.impl.DefaultRepositorySystem.resolveArtifact (DefaultRepositorySystem.java:262)[0m
2023.04.21 13:09:47 INFO      at bloop.integrations.maven.MojoImplementation$.bloop$integrations$maven$MojoImplementation$$resolveArtifact$1 (MojoImplementation.scala:117)[0m
2023.04.21 13:09:47 INFO      at bloop.integrations.maven.MojoImplementation$$anonfun$2.applyOrElse (MojoImplementation.scala:244)[0m
2023.04.21 13:09:47 INFO      at bloop.integrations.maven.MojoImplementation$$anonfun$2.applyOrElse (MojoImplementation.scala:226)[0m
2023.04.21 13:09:47 INFO      at scala.collection.StrictOptimizedIterableOps.collect (StrictOptimizedIterableOps.scala:151)[0m
2023.04.21 13:09:47 INFO      at scala.collection.StrictOptimizedIterableOps.collect$ (StrictOptimizedIterableOps.scala:136)[0m
2023.04.21 13:09:47 INFO      at scala.collection.convert.JavaCollectionWrappers$JSetWrapper.collect (JavaCollectionWrappers.scala:180)[0m
2023.04.21 13:09:47 INFO      at bloop.integrations.maven.MojoImplementation$.writeConfig$1 (MojoImplementation.scala:226)[0m
2023.04.21 13:09:47 INFO      at bloop.integrations.maven.MojoImplementation$.writeCompileAndTestConfiguration (MojoImplementation.scala:310)[0m
2023.04.21 13:09:47 INFO      at bloop.integrations.maven.MojoImplementation.writeCompileAndTestConfiguration (MojoImplementation.scala)[0m
2023.04.21 13:09:47 INFO      at bloop.integrations.maven.BloopMojo.execute (BloopMojo.java:104)[0m
2023.04.21 13:09:47 INFO      at org.apache.maven.plugin.DefaultBuildPluginManager.executeMojo (DefaultBuildPluginManager.java:137)[0m
2023.04.21 13:09:47 INFO      at org.apache.maven.lifecycle.internal.MojoExecutor.doExecute2 (MojoExecutor.java:370)[0m
2023.04.21 13:09:47 INFO      at org.apache.maven.lifecycle.internal.MojoExecutor.doExecute (MojoExecutor.java:351)[0m
2023.04.21 13:09:47 INFO      at org.apache.maven.lifecycle.internal.MojoExecutor.execute (MojoExecutor.java:215)[0m
2023.04.21 13:09:47 INFO      at org.apache.maven.lifecycle.internal.MojoExecutor.execute (MojoExecutor.java:171)[0m
2023.04.21 13:09:47 INFO      at org.apache.maven.lifecycle.internal.MojoExecutor.execute (MojoExecutor.java:163)[0m
2023.04.21 13:09:47 INFO      at org.apache.maven.lifecycle.internal.LifecycleModuleBuilder.buildProject (LifecycleModuleBuilder.java:117)[0m
2023.04.21 13:09:47 INFO      at org.apache.maven.lifecycle.internal.LifecycleModuleBuilder.buildProject (LifecycleModuleBuilder.java:81)[0m
2023.04.21 13:09:47 INFO      at org.apache.maven.lifecycle.internal.builder.singlethreaded.SingleThreadedBuilder.build (SingleThreadedBuilder.java:56)[0m
2023.04.21 13:09:47 INFO      at org.apache.maven.lifecycle.internal.LifecycleStarter.execute (LifecycleStarter.java:128)[0m
2023.04.21 13:09:47 INFO      at org.apache.maven.DefaultMaven.doExecute (DefaultMaven.java:294)[0m
2023.04.21 13:09:47 INFO      at org.apache.maven.DefaultMaven.doExecute (DefaultMaven.java:192)[0m
2023.04.21 13:09:47 INFO      at org.apache.maven.DefaultMaven.execute (DefaultMaven.java:105)[0m
2023.04.21 13:09:47 INFO      at org.apache.maven.cli.MavenCli.execute (MavenCli.java:960)[0m
2023.04.21 13:09:47 INFO      at org.apache.maven.cli.MavenCli.doMain (MavenCli.java:293)[0m
2023.04.21 13:09:47 INFO      at org.apache.maven.cli.MavenCli.main (MavenCli.java:196)[0m
2023.04.21 13:09:47 INFO      at jdk.internal.reflect.NativeMethodAccessorImpl.invoke0 (Native Method)[0m
2023.04.21 13:09:47 INFO      at jdk.internal.reflect.NativeMethodAccessorImpl.invoke (NativeMethodAccessorImpl.java:77)[0m
2023.04.21 13:09:47 INFO      at jdk.internal.reflect.DelegatingMethodAccessorImpl.invoke (DelegatingMethodAccessorImpl.java:43)[0m
2023.04.21 13:09:47 INFO      at java.lang.reflect.Method.invoke (Method.java:568)[0m
2023.04.21 13:09:47 INFO      at org.codehaus.plexus.classworlds.launcher.Launcher.launchEnhanced (Launcher.java:282)[0m
2023.04.21 13:09:47 INFO      at org.codehaus.plexus.classworlds.launcher.Launcher.launch (Launcher.java:225)[0m
2023.04.21 13:09:47 INFO      at org.codehaus.plexus.classworlds.launcher.Launcher.mainWithExitCode (Launcher.java:406)[0m
2023.04.21 13:09:47 INFO      at org.codehaus.plexus.classworlds.launcher.Launcher.main (Launcher.java:347)[0m
2023.04.21 13:09:47 INFO      at jdk.internal.reflect.NativeMethodAccessorImpl.invoke0 (Native Method)[0m
2023.04.21 13:09:47 INFO      at jdk.internal.reflect.NativeMethodAccessorImpl.invoke (NativeMethodAccessorImpl.java:77)[0m
2023.04.21 13:09:47 INFO      at jdk.internal.reflect.DelegatingMethodAccessorImpl.invoke (DelegatingMethodAccessorImpl.java:43)[0m
2023.04.21 13:09:47 INFO      at java.lang.reflect.Method.invoke (Method.java:568)[0m
2023.04.21 13:09:47 INFO      at org.apache.maven.wrapper.BootstrapMainStarter.start (BootstrapMainStarter.java:53)[0m
2023.04.21 13:09:47 INFO      at org.apache.maven.wrapper.WrapperExecutor.execute (WrapperExecutor.java:152)[0m
2023.04.21 13:09:47 INFO      at org.apache.maven.wrapper.MavenWrapperMain.main (MavenWrapperMain.java:76)[0m
2023.04.21 13:09:47 INFO  Caused by: org.eclipse.aether.transfer.ArtifactTransferException: org.apache.hadoop:hadoop-client-runtime:jar:sources:3.3.4 failed to transfer from https://repo.maven.apache.org/maven2 during a previous attempt. This failure was cached in the local repository and resolution is not reattempted until the update interval of central has elapsed or updates are forced. Original error: Could not transfer artifact org.apache.hadoop:hadoop-client-runtime:jar:sources:3.3.4 from/to central (https://repo.maven.apache.org/maven2): transfer failed for https://repo.maven.apache.org/maven2/org/apache/hadoop/hadoop-client-runtime/3.3.4/hadoop-client-runtime-3.3.4-sources.jar, proxy: ProxyInfo{host='127.0.0.1', userName='null', port=8001, type='http', nonProxyHosts='null'}[0m
2023.04.21 13:09:47 INFO      at org.eclipse.aether.internal.impl.DefaultUpdateCheckManager.newException (DefaultUpdateCheckManager.java:225)[0m
2023.04.21 13:09:47 INFO      at org.eclipse.aether.internal.impl.DefaultUpdateCheckManager.checkArtifact (DefaultUpdateCheckManager.java:169)[0m
2023.04.21 13:09:47 INFO      at org.eclipse.aether.internal.impl.DefaultArtifactResolver.gatherDownloads (DefaultArtifactResolver.java:574)[0m
2023.04.21 13:09:47 INFO      at org.eclipse.aether.internal.impl.DefaultArtifactResolver.performDownloads (DefaultArtifactResolver.java:484)[0m
2023.04.21 13:09:47 INFO      at org.eclipse.aether.internal.impl.DefaultArtifactResolver.resolve (DefaultArtifactResolver.java:402)[0m
2023.04.21 13:09:47 INFO      at org.eclipse.aether.internal.impl.DefaultArtifactResolver.resolveArtifacts (DefaultArtifactResolver.java:229)[0m
2023.04.21 13:09:47 INFO      at org.eclipse.aether.internal.impl.DefaultArtifactResolver.resolveArtifact (DefaultArtifactResolver.java:207)[0m
2023.04.21 13:09:47 INFO      at org.eclipse.aether.internal.impl.DefaultRepositorySystem.resolveArtifact (DefaultRepositorySystem.java:262)[0m
2023.04.21 13:09:47 INFO      at bloop.integrations.maven.MojoImplementation$.bloop$integrations$maven$MojoImplementation$$resolveArtifact$1 (MojoImplementation.scala:117)[0m
2023.04.21 13:09:47 INFO      at bloop.integrations.maven.MojoImplementation$$anonfun$2.applyOrElse (MojoImplementation.scala:244)[0m
2023.04.21 13:09:47 INFO      at bloop.integrations.maven.MojoImplementation$$anonfun$2.applyOrElse (MojoImplementation.scala:226)[0m
2023.04.21 13:09:47 INFO      at scala.collection.StrictOptimizedIterableOps.collect (StrictOptimizedIterableOps.scala:151)[0m
2023.04.21 13:09:47 INFO      at scala.collection.StrictOptimizedIterableOps.collect$ (StrictOptimizedIterableOps.scala:136)[0m
2023.04.21 13:09:47 INFO      at scala.collection.convert.JavaCollectionWrappers$JSetWrapper.collect (JavaCollectionWrappers.scala:180)[0m
2023.04.21 13:09:47 INFO      at bloop.integrations.maven.MojoImplementation$.writeConfig$1 (MojoImplementation.scala:226)[0m
2023.04.21 13:09:47 INFO      at bloop.integrations.maven.MojoImplementation$.writeCompileAndTestConfiguration (MojoImplementation.scala:310)[0m
2023.04.21 13:09:47 INFO      at bloop.integrations.maven.MojoImplementation.writeCompileAndTestConfiguration (MojoImplementation.scala)[0m
2023.04.21 13:09:47 INFO      at bloop.integrations.maven.BloopMojo.execute (BloopMojo.java:104)[0m
2023.04.21 13:09:47 INFO      at org.apache.maven.plugin.DefaultBuildPluginManager.executeMojo (DefaultBuildPluginManager.java:137)[0m
2023.04.21 13:09:47 INFO      at org.apache.maven.lifecycle.internal.MojoExecutor.doExecute2 (MojoExecutor.java:370)[0m
2023.04.21 13:09:47 INFO      at org.apache.maven.lifecycle.internal.MojoExecutor.doExecute (MojoExecutor.java:351)[0m
2023.04.21 13:09:47 INFO      at org.apache.maven.lifecycle.internal.MojoExecutor.execute (MojoExecutor.java:215)[0m
2023.04.21 13:09:47 INFO      at org.apache.maven.lifecycle.internal.MojoExecutor.execute (MojoExecutor.java:171)[0m
2023.04.21 13:09:47 INFO      at org.apache.maven.lifecycle.internal.MojoExecutor.execute (MojoExecutor.java:163)[0m
2023.04.21 13:09:47 INFO      at org.apache.maven.lifecycle.internal.LifecycleModuleBuilder.buildProject (LifecycleModuleBuilder.java:117)[0m
2023.04.21 13:09:47 INFO      at org.apache.maven.lifecycle.internal.LifecycleModuleBuilder.buildProject (LifecycleModuleBuilder.java:81)[0m
2023.04.21 13:09:47 INFO      at org.apache.maven.lifecycle.internal.builder.singlethreaded.SingleThreadedBuilder.build (SingleThreadedBuilder.java:56)[0m
2023.04.21 13:09:47 INFO      at org.apache.maven.lifecycle.internal.LifecycleStarter.execute (LifecycleStarter.java:128)[0m
2023.04.21 13:09:47 INFO      at org.apache.maven.DefaultMaven.doExecute (DefaultMaven.java:294)[0m
2023.04.21 13:09:47 INFO      at org.apache.maven.DefaultMaven.doExecute (DefaultMaven.java:192)[0m
2023.04.21 13:09:47 INFO      at org.apache.maven.DefaultMaven.execute (DefaultMaven.java:105)[0m
2023.04.21 13:09:47 INFO      at org.apache.maven.cli.MavenCli.execute (MavenCli.java:960)[0m
2023.04.21 13:09:47 INFO      at org.apache.maven.cli.MavenCli.doMain (MavenCli.java:293)[0m
2023.04.21 13:09:47 INFO      at org.apache.maven.cli.MavenCli.main (MavenCli.java:196)[0m
2023.04.21 13:09:47 INFO      at jdk.internal.reflect.NativeMethodAccessorImpl.invoke0 (Native Method)[0m
2023.04.21 13:09:47 INFO      at jdk.internal.reflect.NativeMethodAccessorImpl.invoke (NativeMethodAccessorImpl.java:77)[0m
2023.04.21 13:09:47 INFO      at jdk.internal.reflect.DelegatingMethodAccessorImpl.invoke (DelegatingMethodAccessorImpl.java:43)[0m
2023.04.21 13:09:47 INFO      at java.lang.reflect.Method.invoke (Method.java:568)[0m
2023.04.21 13:09:47 INFO      at org.codehaus.plexus.classworlds.launcher.Launcher.launchEnhanced (Launcher.java:282)[0m
2023.04.21 13:09:47 INFO      at org.codehaus.plexus.classworlds.launcher.Launcher.launch (Launcher.java:225)[0m
2023.04.21 13:09:47 INFO      at org.codehaus.plexus.classworlds.launcher.Launcher.mainWithExitCode (Launcher.java:406)[0m
2023.04.21 13:09:47 INFO      at org.codehaus.plexus.classworlds.launcher.Launcher.main (Launcher.java:347)[0m
2023.04.21 13:09:47 INFO      at jdk.internal.reflect.NativeMethodAccessorImpl.invoke0 (Native Method)[0m
2023.04.21 13:09:47 INFO      at jdk.internal.reflect.NativeMethodAccessorImpl.invoke (NativeMethodAccessorImpl.java:77)[0m
2023.04.21 13:09:47 INFO      at jdk.internal.reflect.DelegatingMethodAccessorImpl.invoke (DelegatingMethodAccessorImpl.java:43)[0m
2023.04.21 13:09:47 INFO      at java.lang.reflect.Method.invoke (Method.java:568)[0m
2023.04.21 13:09:47 INFO      at org.apache.maven.wrapper.BootstrapMainStarter.start (BootstrapMainStarter.java:53)[0m
2023.04.21 13:09:47 INFO      at org.apache.maven.wrapper.WrapperExecutor.execute (WrapperExecutor.java:152)[0m
2023.04.21 13:09:47 INFO      at org.apache.maven.wrapper.MavenWrapperMain.main (MavenWrapperMain.java:76)[0m
2023.04.21 13:09:47 INFO  [INFO] Resolving artifact: commons-logging:commons-logging:jar:1.1.3:runtime (sources = false)[0m
2023.04.21 13:09:47 INFO  [INFO] SUCCESS: commons-logging:commons-logging:jar:1.1.3:runtime (sources = false)[0m
2023.04.21 13:09:47 INFO  [INFO] Resolving artifact: commons-logging:commons-logging:jar:1.1.3:runtime (sources = true)[0m
2023.04.21 13:09:47 INFO  [INFO] SUCCESS: commons-logging:commons-logging:jar:1.1.3:runtime (sources = true)[0m
2023.04.21 13:09:47 INFO  [INFO] Resolving artifact: org.apache.spark:spark-launcher_2.12:jar:3.4.0:compile (sources = false)[0m
2023.04.21 13:09:47 INFO  [INFO] SUCCESS: org.apache.spark:spark-launcher_2.12:jar:3.4.0:compile (sources = false)[0m
2023.04.21 13:09:47 INFO  [INFO] Resolving artifact: org.apache.spark:spark-launcher_2.12:jar:3.4.0:compile (sources = true)[0m
2023.04.21 13:09:47 INFO  [INFO] SUCCESS: org.apache.spark:spark-launcher_2.12:jar:3.4.0:compile (sources = true)[0m
2023.04.21 13:09:47 INFO  [INFO] Resolving artifact: org.apache.spark:spark-kvstore_2.12:jar:3.4.0:compile (sources = false)[0m
2023.04.21 13:09:47 INFO  [INFO] SUCCESS: org.apache.spark:spark-kvstore_2.12:jar:3.4.0:compile (sources = false)[0m
2023.04.21 13:09:47 INFO  [INFO] Resolving artifact: org.apache.spark:spark-kvstore_2.12:jar:3.4.0:compile (sources = true)[0m
2023.04.21 13:09:47 INFO  [INFO] SUCCESS: org.apache.spark:spark-kvstore_2.12:jar:3.4.0:compile (sources = true)[0m
2023.04.21 13:09:47 INFO  [INFO] Resolving artifact: org.fusesource.leveldbjni:leveldbjni-all:jar:1.8:compile (sources = false)[0m
2023.04.21 13:09:47 INFO  [INFO] SUCCESS: org.fusesource.leveldbjni:leveldbjni-all:jar:1.8:compile (sources = false)[0m
2023.04.21 13:09:47 INFO  [INFO] Resolving artifact: org.fusesource.leveldbjni:leveldbjni-all:jar:1.8:compile (sources = true)[0m
2023.04.21 13:09:47 INFO  [INFO] SUCCESS: org.fusesource.leveldbjni:leveldbjni-all:jar:1.8:compile (sources = true)[0m
2023.04.21 13:09:47 INFO  [INFO] Resolving artifact: com.fasterxml.jackson.core:jackson-annotations:jar:2.14.2:compile (sources = false)[0m
2023.04.21 13:09:47 INFO  [INFO] SUCCESS: com.fasterxml.jackson.core:jackson-annotations:jar:2.14.2:compile (sources = false)[0m
2023.04.21 13:09:47 INFO  [INFO] Resolving artifact: com.fasterxml.jackson.core:jackson-annotations:jar:2.14.2:compile (sources = true)[0m
2023.04.21 13:09:47 INFO  [INFO] SUCCESS: com.fasterxml.jackson.core:jackson-annotations:jar:2.14.2:compile (sources = true)[0m
2023.04.21 13:09:47 INFO  [INFO] Resolving artifact: org.apache.spark:spark-network-common_2.12:jar:3.4.0:compile (sources = false)[0m
2023.04.21 13:09:47 INFO  [INFO] SUCCESS: org.apache.spark:spark-network-common_2.12:jar:3.4.0:compile (sources = false)[0m
2023.04.21 13:09:47 INFO  [INFO] Resolving artifact: org.apache.spark:spark-network-common_2.12:jar:3.4.0:compile (sources = true)[0m
2023.04.21 13:09:47 INFO  [INFO] SUCCESS: org.apache.spark:spark-network-common_2.12:jar:3.4.0:compile (sources = true)[0m
2023.04.21 13:09:47 INFO  [INFO] Resolving artifact: com.google.crypto.tink:tink:jar:1.7.0:compile (sources = false)[0m
2023.04.21 13:09:47 INFO  [INFO] SUCCESS: com.google.crypto.tink:tink:jar:1.7.0:compile (sources = false)[0m
2023.04.21 13:09:47 INFO  [INFO] Resolving artifact: com.google.crypto.tink:tink:jar:1.7.0:compile (sources = true)[0m
2023.04.21 13:09:47 INFO  [INFO] SUCCESS: com.google.crypto.tink:tink:jar:1.7.0:compile (sources = true)[0m
2023.04.21 13:09:47 INFO  [INFO] Resolving artifact: com.google.code.gson:gson:jar:2.8.9:compile (sources = false)[0m
2023.04.21 13:09:47 INFO  [INFO] SUCCESS: com.google.code.gson:gson:jar:2.8.9:compile (sources = false)[0m
2023.04.21 13:09:47 INFO  [INFO] Resolving artifact: com.google.code.gson:gson:jar:2.8.9:compile (sources = true)[0m
2023.04.21 13:09:47 INFO  [INFO] SUCCESS: com.google.code.gson:gson:jar:2.8.9:compile (sources = true)[0m
2023.04.21 13:09:47 INFO  [INFO] Resolving artifact: org.apache.spark:spark-network-shuffle_2.12:jar:3.4.0:compile (sources = false)[0m
2023.04.21 13:09:47 INFO  [INFO] SUCCESS: org.apache.spark:spark-network-shuffle_2.12:jar:3.4.0:compile (sources = false)[0m
2023.04.21 13:09:47 INFO  [INFO] Resolving artifact: org.apache.spark:spark-network-shuffle_2.12:jar:3.4.0:compile (sources = true)[0m
2023.04.21 13:09:47 INFO  [INFO] SUCCESS: org.apache.spark:spark-network-shuffle_2.12:jar:3.4.0:compile (sources = true)[0m
2023.04.21 13:09:47 INFO  [INFO] Resolving artifact: org.apache.spark:spark-unsafe_2.12:jar:3.4.0:compile (sources = false)[0m
2023.04.21 13:09:47 INFO  [INFO] SUCCESS: org.apache.spark:spark-unsafe_2.12:jar:3.4.0:compile (sources = false)[0m
2023.04.21 13:09:47 INFO  [INFO] Resolving artifact: org.apache.spark:spark-unsafe_2.12:jar:3.4.0:compile (sources = true)[0m
2023.04.21 13:09:47 INFO  [INFO] SUCCESS: org.apache.spark:spark-unsafe_2.12:jar:3.4.0:compile (sources = true)[0m
2023.04.21 13:09:47 INFO  [INFO] Resolving artifact: javax.activation:activation:jar:1.1.1:compile (sources = false)[0m
2023.04.21 13:09:47 INFO  [INFO] SUCCESS: javax.activation:activation:jar:1.1.1:compile (sources = false)[0m
2023.04.21 13:09:47 INFO  [INFO] Resolving artifact: javax.activation:activation:jar:1.1.1:compile (sources = true)[0m
2023.04.21 13:09:47 INFO  [INFO] SUCCESS: javax.activation:activation:jar:1.1.1:compile (sources = true)[0m
2023.04.21 13:09:47 INFO  [INFO] Resolving artifact: org.apache.curator:curator-recipes:jar:2.13.0:compile (sources = false)[0m
2023.04.21 13:09:47 INFO  [INFO] SUCCESS: org.apache.curator:curator-recipes:jar:2.13.0:compile (sources = false)[0m
2023.04.21 13:09:47 INFO  [INFO] Resolving artifact: org.apache.curator:curator-recipes:jar:2.13.0:compile (sources = true)[0m
2023.04.21 13:09:47 INFO  [INFO] SUCCESS: org.apache.curator:curator-recipes:jar:2.13.0:compile (sources = true)[0m
2023.04.21 13:09:47 INFO  [INFO] Resolving artifact: org.apache.curator:curator-framework:jar:2.13.0:compile (sources = false)[0m
2023.04.21 13:09:47 INFO  [INFO] SUCCESS: org.apache.curator:curator-framework:jar:2.13.0:compile (sources = false)[0m
2023.04.21 13:09:47 INFO  [INFO] Resolving artifact: org.apache.curator:curator-framework:jar:2.13.0:compile (sources = true)[0m
2023.04.21 13:09:47 INFO  [INFO] SUCCESS: org.apache.curator:curator-framework:jar:2.13.0:compile (sources = true)[0m
2023.04.21 13:09:47 INFO  [INFO] Resolving artifact: org.apache.curator:curator-client:jar:2.13.0:compile (sources = false)[0m
2023.04.21 13:09:47 INFO  [INFO] SUCCESS: org.apache.curator:curator-client:jar:2.13.0:compile (sources = false)[0m
2023.04.21 13:09:47 INFO  [INFO] Resolving artifact: org.apache.curator:curator-client:jar:2.13.0:compile (sources = true)[0m
2023.04.21 13:09:47 INFO  [INFO] SUCCESS: org.apache.curator:curator-client:jar:2.13.0:compile (sources = true)[0m
2023.04.21 13:09:47 INFO  [INFO] Resolving artifact: com.google.guava:guava:jar:16.0.1:compile (sources = false)[0m
2023.04.21 13:09:47 INFO  [INFO] SUCCESS: com.google.guava:guava:jar:16.0.1:compile (sources = false)[0m
2023.04.21 13:09:47 INFO  [INFO] Resolving artifact: com.google.guava:guava:jar:16.0.1:compile (sources = true)[0m
2023.04.21 13:09:47 INFO  [INFO] SUCCESS: com.google.guava:guava:jar:16.0.1:compile (sources = true)[0m
2023.04.21 13:09:47 INFO  [INFO] Resolving artifact: org.apache.zookeeper:zookeeper:jar:3.6.3:compile (sources = false)[0m
2023.04.21 13:09:47 INFO  [INFO] SUCCESS: org.apache.zookeeper:zookeeper:jar:3.6.3:compile (sources = false)[0m
2023.04.21 13:09:47 INFO  [INFO] Resolving artifact: org.apache.zookeeper:zookeeper:jar:3.6.3:compile (sources = true)[0m
2023.04.21 13:09:47 INFO  [INFO] SUCCESS: org.apache.zookeeper:zookeeper:jar:3.6.3:compile (sources = true)[0m
2023.04.21 13:09:47 INFO  [INFO] Resolving artifact: org.apache.zookeeper:zookeeper-jute:jar:3.6.3:compile (sources = false)[0m
2023.04.21 13:09:47 INFO  [INFO] SUCCESS: org.apache.zookeeper:zookeeper-jute:jar:3.6.3:compile (sources = false)[0m
2023.04.21 13:09:47 INFO  [INFO] Resolving artifact: org.apache.zookeeper:zookeeper-jute:jar:3.6.3:compile (sources = true)[0m
2023.04.21 13:09:47 INFO  [INFO] SUCCESS: org.apache.zookeeper:zookeeper-jute:jar:3.6.3:compile (sources = true)[0m
2023.04.21 13:09:47 INFO  [INFO] Resolving artifact: org.apache.yetus:audience-annotations:jar:0.5.0:compile (sources = false)[0m
2023.04.21 13:09:47 INFO  [INFO] SUCCESS: org.apache.yetus:audience-annotations:jar:0.5.0:compile (sources = false)[0m
2023.04.21 13:09:47 INFO  [INFO] Resolving artifact: org.apache.yetus:audience-annotations:jar:0.5.0:compile (sources = true)[0m
2023.04.21 13:09:47 INFO  [INFO] SUCCESS: org.apache.yetus:audience-annotations:jar:0.5.0:compile (sources = true)[0m
2023.04.21 13:09:47 INFO  [INFO] Resolving artifact: jakarta.servlet:jakarta.servlet-api:jar:4.0.3:compile (sources = false)[0m
2023.04.21 13:09:47 INFO  [INFO] SUCCESS: jakarta.servlet:jakarta.servlet-api:jar:4.0.3:compile (sources = false)[0m
2023.04.21 13:09:47 INFO  [INFO] Resolving artifact: jakarta.servlet:jakarta.servlet-api:jar:4.0.3:compile (sources = true)[0m
2023.04.21 13:09:47 INFO  [INFO] SUCCESS: jakarta.servlet:jakarta.servlet-api:jar:4.0.3:compile (sources = true)[0m
2023.04.21 13:09:47 INFO  [INFO] Resolving artifact: commons-codec:commons-codec:jar:1.15:compile (sources = false)[0m
2023.04.21 13:09:47 INFO  [INFO] SUCCESS: commons-codec:commons-codec:jar:1.15:compile (sources = false)[0m
2023.04.21 13:09:47 INFO  [INFO] Resolving artifact: commons-codec:commons-codec:jar:1.15:compile (sources = true)[0m
2023.04.21 13:09:47 INFO  [INFO] SUCCESS: commons-codec:commons-codec:jar:1.15:compile (sources = true)[0m
2023.04.21 13:09:47 INFO  [INFO] Resolving artifact: org.apache.commons:commons-compress:jar:1.22:compile (sources = false)[0m
2023.04.21 13:09:47 INFO  [INFO] SUCCESS: org.apache.commons:commons-compress:jar:1.22:compile (sources = false)[0m
2023.04.21 13:09:47 INFO  [INFO] Resolving artifact: org.apache.commons:commons-compress:jar:1.22:compile (sources = true)[0m
2023.04.21 13:09:47 INFO  [INFO] SUCCESS: org.apache.commons:commons-compress:jar:1.22:compile (sources = true)[0m
2023.04.21 13:09:47 INFO  [INFO] Resolving artifact: org.apache.commons:commons-lang3:jar:3.12.0:compile (sources = false)[0m
2023.04.21 13:09:47 INFO  [INFO] SUCCESS: org.apache.commons:commons-lang3:jar:3.12.0:compile (sources = false)[0m
2023.04.21 13:09:47 INFO  [INFO] Resolving artifact: org.apache.commons:commons-lang3:jar:3.12.0:compile (sources = true)[0m
2023.04.21 13:09:47 INFO  [INFO] SUCCESS: org.apache.commons:commons-lang3:jar:3.12.0:compile (sources = true)[0m
2023.04.21 13:09:47 INFO  [INFO] Resolving artifact: org.apache.commons:commons-math3:jar:3.6.1:compile (sources = false)[0m
2023.04.21 13:09:47 INFO  [INFO] SUCCESS: org.apache.commons:commons-math3:jar:3.6.1:compile (sources = false)[0m
2023.04.21 13:09:47 INFO  [INFO] Resolving artifact: org.apache.commons:commons-math3:jar:3.6.1:compile (sources = true)[0m
2023.04.21 13:09:47 INFO  [INFO] SUCCESS: org.apache.commons:commons-math3:jar:3.6.1:compile (sources = true)[0m
2023.04.21 13:09:47 INFO  [INFO] Resolving artifact: org.apache.commons:commons-text:jar:1.10.0:compile (sources = false)[0m
2023.04.21 13:09:47 INFO  [INFO] SUCCESS: org.apache.commons:commons-text:jar:1.10.0:compile (sources = false)[0m
2023.04.21 13:09:47 INFO  [INFO] Resolving artifact: org.apache.commons:commons-text:jar:1.10.0:compile (sources = true)[0m
2023.04.21 13:09:47 INFO  [INFO] SUCCESS: org.apache.commons:commons-text:jar:1.10.0:compile (sources = true)[0m
2023.04.21 13:09:47 INFO  [INFO] Resolving artifact: commons-io:commons-io:jar:2.11.0:compile (sources = false)[0m
2023.04.21 13:09:47 INFO  [INFO] SUCCESS: commons-io:commons-io:jar:2.11.0:compile (sources = false)[0m
2023.04.21 13:09:47 INFO  [INFO] Resolving artifact: commons-io:commons-io:jar:2.11.0:compile (sources = true)[0m
2023.04.21 13:09:47 INFO  [INFO] SUCCESS: commons-io:commons-io:jar:2.11.0:compile (sources = true)[0m
2023.04.21 13:09:47 INFO  [INFO] Resolving artifact: commons-collections:commons-collections:jar:3.2.2:compile (sources = false)[0m
2023.04.21 13:09:47 INFO  [INFO] SUCCESS: commons-collections:commons-collections:jar:3.2.2:compile (sources = false)[0m
2023.04.21 13:09:47 INFO  [INFO] Resolving artifact: commons-collections:commons-collections:jar:3.2.2:compile (sources = true)[0m
2023.04.21 13:09:47 INFO  [INFO] SUCCESS: commons-collections:commons-collections:jar:3.2.2:compile (sources = true)[0m
2023.04.21 13:09:47 INFO  [INFO] Resolving artifact: org.apache.commons:commons-collections4:jar:4.4:compile (sources = false)[0m
2023.04.21 13:09:47 INFO  [INFO] SUCCESS: org.apache.commons:commons-collections4:jar:4.4:compile (sources = false)[0m
2023.04.21 13:09:47 INFO  [INFO] Resolving artifact: org.apache.commons:commons-collections4:jar:4.4:compile (sources = true)[0m
2023.04.21 13:09:47 INFO  [INFO] SUCCESS: org.apache.commons:commons-collections4:jar:4.4:compile (sources = true)[0m
2023.04.21 13:09:47 INFO  [INFO] Resolving artifact: com.google.code.findbugs:jsr305:jar:3.0.0:compile (sources = false)[0m
2023.04.21 13:09:47 INFO  [INFO] SUCCESS: com.google.code.findbugs:jsr305:jar:3.0.0:compile (sources = false)[0m
2023.04.21 13:09:47 INFO  [INFO] Resolving artifact: com.google.code.findbugs:jsr305:jar:3.0.0:compile (sources = true)[0m
2023.04.21 13:09:47 INFO  [INFO] SUCCESS: com.google.code.findbugs:jsr305:jar:3.0.0:compile (sources = true)[0m
2023.04.21 13:09:47 INFO  [INFO] Resolving artifact: org.slf4j:slf4j-api:jar:2.0.6:compile (sources = false)[0m
2023.04.21 13:09:47 INFO  [INFO] SUCCESS: org.slf4j:slf4j-api:jar:2.0.6:compile (sources = false)[0m
2023.04.21 13:09:47 INFO  [INFO] Resolving artifact: org.slf4j:slf4j-api:jar:2.0.6:compile (sources = true)[0m
2023.04.21 13:09:47 INFO  [INFO] SUCCESS: org.slf4j:slf4j-api:jar:2.0.6:compile (sources = true)[0m
2023.04.21 13:09:47 INFO  [INFO] Resolving artifact: org.slf4j:jul-to-slf4j:jar:2.0.6:compile (sources = false)[0m
2023.04.21 13:09:47 INFO  [INFO] SUCCESS: org.slf4j:jul-to-slf4j:jar:2.0.6:compile (sources = false)[0m
2023.04.21 13:09:47 INFO  [INFO] Resolving artifact: org.slf4j:jul-to-slf4j:jar:2.0.6:compile (sources = true)[0m
2023.04.21 13:09:47 INFO  [INFO] SUCCESS: org.slf4j:jul-to-slf4j:jar:2.0.6:compile (sources = true)[0m
2023.04.21 13:09:47 INFO  [INFO] Resolving artifact: org.slf4j:jcl-over-slf4j:jar:2.0.6:compile (sources = false)[0m
2023.04.21 13:09:47 INFO  [INFO] SUCCESS: org.slf4j:jcl-over-slf4j:jar:2.0.6:compile (sources = false)[0m
2023.04.21 13:09:47 INFO  [INFO] Resolving artifact: org.slf4j:jcl-over-slf4j:jar:2.0.6:compile (sources = true)[0m
2023.04.21 13:09:47 INFO  [INFO] SUCCESS: org.slf4j:jcl-over-slf4j:jar:2.0.6:compile (sources = true)[0m
2023.04.21 13:09:47 INFO  [INFO] Resolving artifact: org.apache.logging.log4j:log4j-slf4j2-impl:jar:2.19.0:compile (sources = false)[0m
2023.04.21 13:09:47 INFO  [INFO] SUCCESS: org.apache.logging.log4j:log4j-slf4j2-impl:jar:2.19.0:compile (sources = false)[0m
2023.04.21 13:09:47 INFO  [INFO] Resolving artifact: org.apache.logging.log4j:log4j-slf4j2-impl:jar:2.19.0:compile (sources = true)[0m
2023.04.21 13:09:47 INFO  [INFO] SUCCESS: org.apache.logging.log4j:log4j-slf4j2-impl:jar:2.19.0:compile (sources = true)[0m
2023.04.21 13:09:47 INFO  [INFO] Resolving artifact: org.apache.logging.log4j:log4j-api:jar:2.19.0:compile (sources = false)[0m
2023.04.21 13:09:47 INFO  [INFO] SUCCESS: org.apache.logging.log4j:log4j-api:jar:2.19.0:compile (sources = false)[0m
2023.04.21 13:09:47 INFO  [INFO] Resolving artifact: org.apache.logging.log4j:log4j-api:jar:2.19.0:compile (sources = true)[0m
2023.04.21 13:09:47 INFO  [INFO] SUCCESS: org.apache.logging.log4j:log4j-api:jar:2.19.0:compile (sources = true)[0m
2023.04.21 13:09:47 INFO  [INFO] Resolving artifact: org.apache.logging.log4j:log4j-core:jar:2.19.0:compile (sources = false)[0m
2023.04.21 13:09:47 INFO  [INFO] SUCCESS: org.apache.logging.log4j:log4j-core:jar:2.19.0:compile (sources = false)[0m
2023.04.21 13:09:47 INFO  [INFO] Resolving artifact: org.apache.logging.log4j:log4j-core:jar:2.19.0:compile (sources = true)[0m
2023.04.21 13:09:47 INFO  [INFO] SUCCESS: org.apache.logging.log4j:log4j-core:jar:2.19.0:compile (sources = true)[0m
2023.04.21 13:09:47 INFO  [INFO] Resolving artifact: org.apache.logging.log4j:log4j-1.2-api:jar:2.19.0:compile (sources = false)[0m
2023.04.21 13:09:47 INFO  [INFO] SUCCESS: org.apache.logging.log4j:log4j-1.2-api:jar:2.19.0:compile (sources = false)[0m
2023.04.21 13:09:47 INFO  [INFO] Resolving artifact: org.apache.logging.log4j:log4j-1.2-api:jar:2.19.0:compile (sources = true)[0m
2023.04.21 13:09:47 INFO  [INFO] SUCCESS: org.apache.logging.log4j:log4j-1.2-api:jar:2.19.0:compile (sources = true)[0m
2023.04.21 13:09:47 INFO  [INFO] Resolving artifact: com.ning:compress-lzf:jar:1.1.2:compile (sources = false)[0m
2023.04.21 13:09:47 INFO  [INFO] SUCCESS: com.ning:compress-lzf:jar:1.1.2:compile (sources = false)[0m
2023.04.21 13:09:47 INFO  [INFO] Resolving artifact: com.ning:compress-lzf:jar:1.1.2:compile (sources = true)[0m
2023.04.21 13:09:47 INFO  [INFO] SUCCESS: com.ning:compress-lzf:jar:1.1.2:compile (sources = true)[0m
2023.04.21 13:09:47 INFO  [INFO] Resolving artifact: org.xerial.snappy:snappy-java:jar:1.1.9.1:compile (sources = false)[0m
2023.04.21 13:09:47 INFO  [INFO] SUCCESS: org.xerial.snappy:snappy-java:jar:1.1.9.1:compile (sources = false)[0m
2023.04.21 13:09:47 INFO  [INFO] Resolving artifact: org.xerial.snappy:snappy-java:jar:1.1.9.1:compile (sources = true)[0m
2023.04.21 13:09:47 INFO  [INFO] SUCCESS: org.xerial.snappy:snappy-java:jar:1.1.9.1:compile (sources = true)[0m
2023.04.21 13:09:47 INFO  [INFO] Resolving artifact: org.lz4:lz4-java:jar:1.8.0:compile (sources = false)[0m
2023.04.21 13:09:47 INFO  [INFO] SUCCESS: org.lz4:lz4-java:jar:1.8.0:compile (sources = false)[0m
2023.04.21 13:09:47 INFO  [INFO] Resolving artifact: org.lz4:lz4-java:jar:1.8.0:compile (sources = true)[0m
2023.04.21 13:09:47 INFO  [INFO] SUCCESS: org.lz4:lz4-java:jar:1.8.0:compile (sources = true)[0m
2023.04.21 13:09:47 INFO  [INFO] Resolving artifact: com.github.luben:zstd-jni:jar:1.5.2-5:compile (sources = false)[0m
2023.04.21 13:09:47 INFO  [INFO] SUCCESS: com.github.luben:zstd-jni:jar:1.5.2-5:compile (sources = false)[0m
2023.04.21 13:09:47 INFO  [INFO] Resolving artifact: com.github.luben:zstd-jni:jar:1.5.2-5:compile (sources = true)[0m
2023.04.21 13:09:47 INFO  [INFO] SUCCESS: com.github.luben:zstd-jni:jar:1.5.2-5:compile (sources = true)[0m
2023.04.21 13:09:47 INFO  [INFO] Resolving artifact: org.roaringbitmap:RoaringBitmap:jar:0.9.38:compile (sources = false)[0m
2023.04.21 13:09:47 INFO  [INFO] SUCCESS: org.roaringbitmap:RoaringBitmap:jar:0.9.38:compile (sources = false)[0m
2023.04.21 13:09:47 INFO  [INFO] Resolving artifact: org.roaringbitmap:RoaringBitmap:jar:0.9.38:compile (sources = true)[0m
2023.04.21 13:09:47 INFO  [INFO] SUCCESS: org.roaringbitmap:RoaringBitmap:jar:0.9.38:compile (sources = true)[0m
2023.04.21 13:09:47 INFO  [INFO] Resolving artifact: org.roaringbitmap:shims:jar:0.9.38:runtime (sources = false)[0m
2023.04.21 13:09:47 INFO  [INFO] SUCCESS: org.roaringbitmap:shims:jar:0.9.38:runtime (sources = false)[0m
2023.04.21 13:09:47 INFO  [INFO] Resolving artifact: org.roaringbitmap:shims:jar:0.9.38:runtime (sources = true)[0m
2023.04.21 13:09:47 INFO  [INFO] SUCCESS: org.roaringbitmap:shims:jar:0.9.38:runtime (sources = true)[0m
2023.04.21 13:09:47 INFO  [INFO] Resolving artifact: org.scala-lang.modules:scala-xml_2.12:jar:2.1.0:compile (sources = false)[0m
2023.04.21 13:09:47 INFO  [INFO] SUCCESS: org.scala-lang.modules:scala-xml_2.12:jar:2.1.0:compile (sources = false)[0m
2023.04.21 13:09:47 INFO  [INFO] Resolving artifact: org.scala-lang.modules:scala-xml_2.12:jar:2.1.0:compile (sources = true)[0m
2023.04.21 13:09:47 INFO  [INFO] SUCCESS: org.scala-lang.modules:scala-xml_2.12:jar:2.1.0:compile (sources = true)[0m
2023.04.21 13:09:47 INFO  [INFO] Resolving artifact: org.scala-lang:scala-reflect:jar:2.12.17:compile (sources = false)[0m
2023.04.21 13:09:47 INFO  [INFO] SUCCESS: org.scala-lang:scala-reflect:jar:2.12.17:compile (sources = false)[0m
2023.04.21 13:09:47 INFO  [INFO] Resolving artifact: org.scala-lang:scala-reflect:jar:2.12.17:compile (sources = true)[0m
2023.04.21 13:09:47 INFO  [INFO] SUCCESS: org.scala-lang:scala-reflect:jar:2.12.17:compile (sources = true)[0m
2023.04.21 13:09:47 INFO  [INFO] Resolving artifact: org.json4s:json4s-jackson_2.12:jar:3.7.0-M11:compile (sources = false)[0m
2023.04.21 13:09:47 INFO  [INFO] SUCCESS: org.json4s:json4s-jackson_2.12:jar:3.7.0-M11:compile (sources = false)[0m
2023.04.21 13:09:47 INFO  [INFO] Resolving artifact: org.json4s:json4s-jackson_2.12:jar:3.7.0-M11:compile (sources = true)[0m
2023.04.21 13:09:47 INFO  [INFO] SUCCESS: org.json4s:json4s-jackson_2.12:jar:3.7.0-M11:compile (sources = true)[0m
2023.04.21 13:09:47 INFO  [INFO] Resolving artifact: org.json4s:json4s-core_2.12:jar:3.7.0-M11:compile (sources = false)[0m
2023.04.21 13:09:47 INFO  [INFO] SUCCESS: org.json4s:json4s-core_2.12:jar:3.7.0-M11:compile (sources = false)[0m
2023.04.21 13:09:47 INFO  [INFO] Resolving artifact: org.json4s:json4s-core_2.12:jar:3.7.0-M11:compile (sources = true)[0m
2023.04.21 13:09:47 INFO  [INFO] SUCCESS: org.json4s:json4s-core_2.12:jar:3.7.0-M11:compile (sources = true)[0m
2023.04.21 13:09:47 INFO  [INFO] Resolving artifact: org.json4s:json4s-ast_2.12:jar:3.7.0-M11:compile (sources = false)[0m
2023.04.21 13:09:47 INFO  [INFO] SUCCESS: org.json4s:json4s-ast_2.12:jar:3.7.0-M11:compile (sources = false)[0m
2023.04.21 13:09:47 INFO  [INFO] Resolving artifact: org.json4s:json4s-ast_2.12:jar:3.7.0-M11:compile (sources = true)[0m
2023.04.21 13:09:47 INFO  [INFO] SUCCESS: org.json4s:json4s-ast_2.12:jar:3.7.0-M11:compile (sources = true)[0m
2023.04.21 13:09:47 INFO  [INFO] Resolving artifact: org.json4s:json4s-scalap_2.12:jar:3.7.0-M11:compile (sources = false)[0m
2023.04.21 13:09:47 INFO  [INFO] SUCCESS: org.json4s:json4s-scalap_2.12:jar:3.7.0-M11:compile (sources = false)[0m
2023.04.21 13:09:47 INFO  [INFO] Resolving artifact: org.json4s:json4s-scalap_2.12:jar:3.7.0-M11:compile (sources = true)[0m
2023.04.21 13:09:47 INFO  [INFO] SUCCESS: org.json4s:json4s-scalap_2.12:jar:3.7.0-M11:compile (sources = true)[0m
2023.04.21 13:09:47 INFO  [INFO] Resolving artifact: org.glassfish.jersey.core:jersey-client:jar:2.36:compile (sources = false)[0m
2023.04.21 13:09:47 INFO  [INFO] SUCCESS: org.glassfish.jersey.core:jersey-client:jar:2.36:compile (sources = false)[0m
2023.04.21 13:09:47 INFO  [INFO] Resolving artifact: org.glassfish.jersey.core:jersey-client:jar:2.36:compile (sources = true)[0m
2023.04.21 13:09:47 INFO  [INFO] SUCCESS: org.glassfish.jersey.core:jersey-client:jar:2.36:compile (sources = true)[0m
2023.04.21 13:09:47 INFO  [INFO] Resolving artifact: jakarta.ws.rs:jakarta.ws.rs-api:jar:2.1.6:compile (sources = false)[0m
2023.04.21 13:09:47 INFO  [INFO] SUCCESS: jakarta.ws.rs:jakarta.ws.rs-api:jar:2.1.6:compile (sources = false)[0m
2023.04.21 13:09:47 INFO  [INFO] Resolving artifact: jakarta.ws.rs:jakarta.ws.rs-api:jar:2.1.6:compile (sources = true)[0m
2023.04.21 13:09:47 INFO  [INFO] SUCCESS: jakarta.ws.rs:jakarta.ws.rs-api:jar:2.1.6:compile (sources = true)[0m
2023.04.21 13:09:47 INFO  [INFO] Resolving artifact: org.glassfish.hk2.external:jakarta.inject:jar:2.6.1:compile (sources = false)[0m
2023.04.21 13:09:47 INFO  [INFO] SUCCESS: org.glassfish.hk2.external:jakarta.inject:jar:2.6.1:compile (sources = false)[0m
2023.04.21 13:09:47 INFO  [INFO] Resolving artifact: org.glassfish.hk2.external:jakarta.inject:jar:2.6.1:compile (sources = true)[0m
2023.04.21 13:09:47 INFO  [INFO] SUCCESS: org.glassfish.hk2.external:jakarta.inject:jar:2.6.1:compile (sources = true)[0m
2023.04.21 13:09:47 INFO  [INFO] Resolving artifact: org.glassfish.jersey.core:jersey-common:jar:2.36:compile (sources = false)[0m
2023.04.21 13:09:47 INFO  [INFO] SUCCESS: org.glassfish.jersey.core:jersey-common:jar:2.36:compile (sources = false)[0m
2023.04.21 13:09:47 INFO  [INFO] Resolving artifact: org.glassfish.jersey.core:jersey-common:jar:2.36:compile (sources = true)[0m
2023.04.21 13:09:47 INFO  [INFO] SUCCESS: org.glassfish.jersey.core:jersey-common:jar:2.36:compile (sources = true)[0m
2023.04.21 13:09:47 INFO  [INFO] Resolving artifact: jakarta.annotation:jakarta.annotation-api:jar:1.3.5:compile (sources = false)[0m
2023.04.21 13:09:47 INFO  [INFO] SUCCESS: jakarta.annotation:jakarta.annotation-api:jar:1.3.5:compile (sources = false)[0m
2023.04.21 13:09:47 INFO  [INFO] Resolving artifact: jakarta.annotation:jakarta.annotation-api:jar:1.3.5:compile (sources = true)[0m
2023.04.21 13:09:47 INFO  [INFO] SUCCESS: jakarta.annotation:jakarta.annotation-api:jar:1.3.5:compile (sources = true)[0m
2023.04.21 13:09:47 INFO  [INFO] Resolving artifact: org.glassfish.hk2:osgi-resource-locator:jar:1.0.3:compile (sources = false)[0m
2023.04.21 13:09:47 INFO  [INFO] SUCCESS: org.glassfish.hk2:osgi-resource-locator:jar:1.0.3:compile (sources = false)[0m
2023.04.21 13:09:47 INFO  [INFO] Resolving artifact: org.glassfish.hk2:osgi-resource-locator:jar:1.0.3:compile (sources = true)[0m
2023.04.21 13:09:47 INFO  [INFO] SUCCESS: org.glassfish.hk2:osgi-resource-locator:jar:1.0.3:compile (sources = true)[0m
2023.04.21 13:09:47 INFO  [INFO] Resolving artifact: org.glassfish.jersey.core:jersey-server:jar:2.36:compile (sources = false)[0m
2023.04.21 13:09:47 INFO  [INFO] SUCCESS: org.glassfish.jersey.core:jersey-server:jar:2.36:compile (sources = false)[0m
2023.04.21 13:09:47 INFO  [INFO] Resolving artifact: org.glassfish.jersey.core:jersey-server:jar:2.36:compile (sources = true)[0m
2023.04.21 13:09:47 INFO  [INFO] SUCCESS: org.glassfish.jersey.core:jersey-server:jar:2.36:compile (sources = true)[0m
2023.04.21 13:09:47 INFO  [INFO] Resolving artifact: jakarta.validation:jakarta.validation-api:jar:2.0.2:compile (sources = false)[0m
2023.04.21 13:09:47 INFO  [INFO] SUCCESS: jakarta.validation:jakarta.validation-api:jar:2.0.2:compile (sources = false)[0m
2023.04.21 13:09:47 INFO  [INFO] Resolving artifact: jakarta.validation:jakarta.validation-api:jar:2.0.2:compile (sources = true)[0m
2023.04.21 13:09:47 INFO  [INFO] SUCCESS: jakarta.validation:jakarta.validation-api:jar:2.0.2:compile (sources = true)[0m
2023.04.21 13:09:47 INFO  [INFO] Resolving artifact: org.glassfish.jersey.containers:jersey-container-servlet:jar:2.36:compile (sources = false)[0m
2023.04.21 13:09:47 INFO  [INFO] SUCCESS: org.glassfish.jersey.containers:jersey-container-servlet:jar:2.36:compile (sources = false)[0m
2023.04.21 13:09:47 INFO  [INFO] Resolving artifact: org.glassfish.jersey.containers:jersey-container-servlet:jar:2.36:compile (sources = true)[0m
2023.04.21 13:09:47 INFO  [INFO] SUCCESS: org.glassfish.jersey.containers:jersey-container-servlet:jar:2.36:compile (sources = true)[0m
2023.04.21 13:09:47 INFO  [INFO] Resolving artifact: org.glassfish.jersey.containers:jersey-container-servlet-core:jar:2.36:compile (sources = false)[0m
2023.04.21 13:09:47 INFO  [INFO] SUCCESS: org.glassfish.jersey.containers:jersey-container-servlet-core:jar:2.36:compile (sources = false)[0m
2023.04.21 13:09:47 INFO  [INFO] Resolving artifact: org.glassfish.jersey.containers:jersey-container-servlet-core:jar:2.36:compile (sources = true)[0m
2023.04.21 13:09:47 INFO  [INFO] SUCCESS: org.glassfish.jersey.containers:jersey-container-servlet-core:jar:2.36:compile (sources = true)[0m
2023.04.21 13:09:47 INFO  [INFO] Resolving artifact: org.glassfish.jersey.inject:jersey-hk2:jar:2.36:compile (sources = false)[0m
2023.04.21 13:09:47 INFO  [INFO] SUCCESS: org.glassfish.jersey.inject:jersey-hk2:jar:2.36:compile (sources = false)[0m
2023.04.21 13:09:47 INFO  [INFO] Resolving artifact: org.glassfish.jersey.inject:jersey-hk2:jar:2.36:compile (sources = true)[0m
2023.04.21 13:09:47 INFO  [INFO] SUCCESS: org.glassfish.jersey.inject:jersey-hk2:jar:2.36:compile (sources = true)[0m
2023.04.21 13:09:47 INFO  [INFO] Resolving artifact: org.glassfish.hk2:hk2-locator:jar:2.6.1:compile (sources = false)[0m
2023.04.21 13:09:47 INFO  [INFO] SUCCESS: org.glassfish.hk2:hk2-locator:jar:2.6.1:compile (sources = false)[0m
2023.04.21 13:09:47 INFO  [INFO] Resolving artifact: org.glassfish.hk2:hk2-locator:jar:2.6.1:compile (sources = true)[0m
2023.04.21 13:09:47 INFO  [INFO] SUCCESS: org.glassfish.hk2:hk2-locator:jar:2.6.1:compile (sources = true)[0m
2023.04.21 13:09:47 INFO  [INFO] Resolving artifact: org.glassfish.hk2.external:aopalliance-repackaged:jar:2.6.1:compile (sources = false)[0m
2023.04.21 13:09:47 INFO  [INFO] SUCCESS: org.glassfish.hk2.external:aopalliance-repackaged:jar:2.6.1:compile (sources = false)[0m
2023.04.21 13:09:47 INFO  [INFO] Resolving artifact: org.glassfish.hk2.external:aopalliance-repackaged:jar:2.6.1:compile (sources = true)[0m
2023.04.21 13:09:47 INFO  [INFO] SUCCESS: org.glassfish.hk2.external:aopalliance-repackaged:jar:2.6.1:compile (sources = true)[0m
2023.04.21 13:09:47 INFO  [INFO] Resolving artifact: org.glassfish.hk2:hk2-api:jar:2.6.1:compile (sources = false)[0m
2023.04.21 13:09:47 INFO  [INFO] SUCCESS: org.glassfish.hk2:hk2-api:jar:2.6.1:compile (sources = false)[0m
2023.04.21 13:09:47 INFO  [INFO] Resolving artifact: org.glassfish.hk2:hk2-api:jar:2.6.1:compile (sources = true)[0m
2023.04.21 13:09:47 INFO  [INFO] SUCCESS: org.glassfish.hk2:hk2-api:jar:2.6.1:compile (sources = true)[0m
2023.04.21 13:09:47 INFO  [INFO] Resolving artifact: org.glassfish.hk2:hk2-utils:jar:2.6.1:compile (sources = false)[0m
2023.04.21 13:09:47 INFO  [INFO] SUCCESS: org.glassfish.hk2:hk2-utils:jar:2.6.1:compile (sources = false)[0m
2023.04.21 13:09:47 INFO  [INFO] Resolving artifact: org.glassfish.hk2:hk2-utils:jar:2.6.1:compile (sources = true)[0m
2023.04.21 13:09:47 INFO  [INFO] SUCCESS: org.glassfish.hk2:hk2-utils:jar:2.6.1:compile (sources = true)[0m
2023.04.21 13:09:47 INFO  [INFO] Resolving artifact: org.javassist:javassist:jar:3.25.0-GA:compile (sources = false)[0m
2023.04.21 13:09:47 INFO  [INFO] SUCCESS: org.javassist:javassist:jar:3.25.0-GA:compile (sources = false)[0m
2023.04.21 13:09:47 INFO  [INFO] Resolving artifact: org.javassist:javassist:jar:3.25.0-GA:compile (sources = true)[0m
2023.04.21 13:09:47 INFO  [INFO] SUCCESS: org.javassist:javassist:jar:3.25.0-GA:compile (sources = true)[0m
2023.04.21 13:09:47 INFO  [INFO] Resolving artifact: io.netty:netty-all:jar:4.1.87.Final:compile (sources = false)[0m
2023.04.21 13:09:47 INFO  [INFO] SUCCESS: io.netty:netty-all:jar:4.1.87.Final:compile (sources = false)[0m
2023.04.21 13:09:47 INFO  [INFO] Resolving artifact: io.netty:netty-all:jar:4.1.87.Final:compile (sources = true)[0m
2023.04.21 13:09:47 INFO  [ERROR] FAILURE io.netty:netty-all:jar:4.1.87.Final:compile (sources = true)[0m
2023.04.21 13:09:47 INFO  org.eclipse.aether.resolution.ArtifactResolutionException: io.netty:netty-all:jar:sources:4.1.87.Final failed to transfer from https://repo.maven.apache.org/maven2 during a previous attempt. This failure was cached in the local repository and resolution is not reattempted until the update interval of central has elapsed or updates are forced. Original error: Could not transfer artifact io.netty:netty-all:jar:sources:4.1.87.Final from/to central (https://repo.maven.apache.org/maven2): transfer failed for https://repo.maven.apache.org/maven2/io/netty/netty-all/4.1.87.Final/netty-all-4.1.87.Final-sources.jar, proxy: ProxyInfo{host='127.0.0.1', userName='null', port=8001, type='http', nonProxyHosts='null'}[0m
2023.04.21 13:09:47 INFO      at org.eclipse.aether.internal.impl.DefaultArtifactResolver.resolve (DefaultArtifactResolver.java:425)[0m
2023.04.21 13:09:47 INFO      at org.eclipse.aether.internal.impl.DefaultArtifactResolver.resolveArtifacts (DefaultArtifactResolver.java:229)[0m
2023.04.21 13:09:47 INFO      at org.eclipse.aether.internal.impl.DefaultArtifactResolver.resolveArtifact (DefaultArtifactResolver.java:207)[0m
2023.04.21 13:09:47 INFO      at org.eclipse.aether.internal.impl.DefaultRepositorySystem.resolveArtifact (DefaultRepositorySystem.java:262)[0m
2023.04.21 13:09:47 INFO      at bloop.integrations.maven.MojoImplementation$.bloop$integrations$maven$MojoImplementation$$resolveArtifact$1 (MojoImplementation.scala:117)[0m
2023.04.21 13:09:47 INFO      at bloop.integrations.maven.MojoImplementation$$anonfun$2.applyOrElse (MojoImplementation.scala:244)[0m
2023.04.21 13:09:47 INFO      at bloop.integrations.maven.MojoImplementation$$anonfun$2.applyOrElse (MojoImplementation.scala:226)[0m
2023.04.21 13:09:47 INFO      at scala.collection.StrictOptimizedIterableOps.collect (StrictOptimizedIterableOps.scala:151)[0m
2023.04.21 13:09:47 INFO      at scala.collection.StrictOptimizedIterableOps.collect$ (StrictOptimizedIterableOps.scala:136)[0m
2023.04.21 13:09:47 INFO      at scala.collection.convert.JavaCollectionWrappers$JSetWrapper.collect (JavaCollectionWrappers.scala:180)[0m
2023.04.21 13:09:47 INFO      at bloop.integrations.maven.MojoImplementation$.writeConfig$1 (MojoImplementation.scala:226)[0m
2023.04.21 13:09:47 INFO      at bloop.integrations.maven.MojoImplementation$.writeCompileAndTestConfiguration (MojoImplementation.scala:310)[0m
2023.04.21 13:09:47 INFO      at bloop.integrations.maven.MojoImplementation.writeCompileAndTestConfiguration (MojoImplementation.scala)[0m
2023.04.21 13:09:47 INFO      at bloop.integrations.maven.BloopMojo.execute (BloopMojo.java:104)[0m
2023.04.21 13:09:47 INFO      at org.apache.maven.plugin.DefaultBuildPluginManager.executeMojo (DefaultBuildPluginManager.java:137)[0m
2023.04.21 13:09:47 INFO      at org.apache.maven.lifecycle.internal.MojoExecutor.doExecute2 (MojoExecutor.java:370)[0m
2023.04.21 13:09:47 INFO      at org.apache.maven.lifecycle.internal.MojoExecutor.doExecute (MojoExecutor.java:351)[0m
2023.04.21 13:09:47 INFO      at org.apache.maven.lifecycle.internal.MojoExecutor.execute (MojoExecutor.java:215)[0m
2023.04.21 13:09:47 INFO      at org.apache.maven.lifecycle.internal.MojoExecutor.execute (MojoExecutor.java:171)[0m
2023.04.21 13:09:47 INFO      at org.apache.maven.lifecycle.internal.MojoExecutor.execute (MojoExecutor.java:163)[0m
2023.04.21 13:09:47 INFO      at org.apache.maven.lifecycle.internal.LifecycleModuleBuilder.buildProject (LifecycleModuleBuilder.java:117)[0m
2023.04.21 13:09:47 INFO      at org.apache.maven.lifecycle.internal.LifecycleModuleBuilder.buildProject (LifecycleModuleBuilder.java:81)[0m
2023.04.21 13:09:47 INFO      at org.apache.maven.lifecycle.internal.builder.singlethreaded.SingleThreadedBuilder.build (SingleThreadedBuilder.java:56)[0m
2023.04.21 13:09:47 INFO      at org.apache.maven.lifecycle.internal.LifecycleStarter.execute (LifecycleStarter.java:128)[0m
2023.04.21 13:09:47 INFO      at org.apache.maven.DefaultMaven.doExecute (DefaultMaven.java:294)[0m
2023.04.21 13:09:47 INFO      at org.apache.maven.DefaultMaven.doExecute (DefaultMaven.java:192)[0m
2023.04.21 13:09:47 INFO      at org.apache.maven.DefaultMaven.execute (DefaultMaven.java:105)[0m
2023.04.21 13:09:47 INFO      at org.apache.maven.cli.MavenCli.execute (MavenCli.java:960)[0m
2023.04.21 13:09:47 INFO      at org.apache.maven.cli.MavenCli.doMain (MavenCli.java:293)[0m
2023.04.21 13:09:47 INFO      at org.apache.maven.cli.MavenCli.main (MavenCli.java:196)[0m
2023.04.21 13:09:47 INFO      at jdk.internal.reflect.NativeMethodAccessorImpl.invoke0 (Native Method)[0m
2023.04.21 13:09:47 INFO      at jdk.internal.reflect.NativeMethodAccessorImpl.invoke (NativeMethodAccessorImpl.java:77)[0m
2023.04.21 13:09:47 INFO      at jdk.internal.reflect.DelegatingMethodAccessorImpl.invoke (DelegatingMethodAccessorImpl.java:43)[0m
2023.04.21 13:09:47 INFO      at java.lang.reflect.Method.invoke (Method.java:568)[0m
2023.04.21 13:09:47 INFO      at org.codehaus.plexus.classworlds.launcher.Launcher.launchEnhanced (Launcher.java:282)[0m
2023.04.21 13:09:47 INFO      at org.codehaus.plexus.classworlds.launcher.Launcher.launch (Launcher.java:225)[0m
2023.04.21 13:09:47 INFO      at org.codehaus.plexus.classworlds.launcher.Launcher.mainWithExitCode (Launcher.java:406)[0m
2023.04.21 13:09:47 INFO      at org.codehaus.plexus.classworlds.launcher.Launcher.main (Launcher.java:347)[0m
2023.04.21 13:09:47 INFO      at jdk.internal.reflect.NativeMethodAccessorImpl.invoke0 (Native Method)[0m
2023.04.21 13:09:47 INFO      at jdk.internal.reflect.NativeMethodAccessorImpl.invoke (NativeMethodAccessorImpl.java:77)[0m
2023.04.21 13:09:47 INFO      at jdk.internal.reflect.DelegatingMethodAccessorImpl.invoke (DelegatingMethodAccessorImpl.java:43)[0m
2023.04.21 13:09:47 INFO      at java.lang.reflect.Method.invoke (Method.java:568)[0m
2023.04.21 13:09:47 INFO      at org.apache.maven.wrapper.BootstrapMainStarter.start (BootstrapMainStarter.java:53)[0m
2023.04.21 13:09:47 INFO      at org.apache.maven.wrapper.WrapperExecutor.execute (WrapperExecutor.java:152)[0m
2023.04.21 13:09:47 INFO      at org.apache.maven.wrapper.MavenWrapperMain.main (MavenWrapperMain.java:76)[0m
2023.04.21 13:09:47 INFO  Caused by: org.eclipse.aether.transfer.ArtifactTransferException: io.netty:netty-all:jar:sources:4.1.87.Final failed to transfer from https://repo.maven.apache.org/maven2 during a previous attempt. This failure was cached in the local repository and resolution is not reattempted until the update interval of central has elapsed or updates are forced. Original error: Could not transfer artifact io.netty:netty-all:jar:sources:4.1.87.Final from/to central (https://repo.maven.apache.org/maven2): transfer failed for https://repo.maven.apache.org/maven2/io/netty/netty-all/4.1.87.Final/netty-all-4.1.87.Final-sources.jar, proxy: ProxyInfo{host='127.0.0.1', userName='null', port=8001, type='http', nonProxyHosts='null'}[0m
2023.04.21 13:09:47 INFO      at org.eclipse.aether.internal.impl.DefaultUpdateCheckManager.newException (DefaultUpdateCheckManager.java:225)[0m
2023.04.21 13:09:47 INFO      at org.eclipse.aether.internal.impl.DefaultUpdateCheckManager.checkArtifact (DefaultUpdateCheckManager.java:169)[0m
2023.04.21 13:09:47 INFO      at org.eclipse.aether.internal.impl.DefaultArtifactResolver.gatherDownloads (DefaultArtifactResolver.java:574)[0m
2023.04.21 13:09:47 INFO      at org.eclipse.aether.internal.impl.DefaultArtifactResolver.performDownloads (DefaultArtifactResolver.java:484)[0m
2023.04.21 13:09:47 INFO      at org.eclipse.aether.internal.impl.DefaultArtifactResolver.resolve (DefaultArtifactResolver.java:402)[0m
2023.04.21 13:09:47 INFO      at org.eclipse.aether.internal.impl.DefaultArtifactResolver.resolveArtifacts (DefaultArtifactResolver.java:229)[0m
2023.04.21 13:09:47 INFO      at org.eclipse.aether.internal.impl.DefaultArtifactResolver.resolveArtifact (DefaultArtifactResolver.java:207)[0m
2023.04.21 13:09:47 INFO      at org.eclipse.aether.internal.impl.DefaultRepositorySystem.resolveArtifact (DefaultRepositorySystem.java:262)[0m
2023.04.21 13:09:47 INFO      at bloop.integrations.maven.MojoImplementation$.bloop$integrations$maven$MojoImplementation$$resolveArtifact$1 (MojoImplementation.scala:117)[0m
2023.04.21 13:09:47 INFO      at bloop.integrations.maven.MojoImplementation$$anonfun$2.applyOrElse (MojoImplementation.scala:244)[0m
2023.04.21 13:09:47 INFO      at bloop.integrations.maven.MojoImplementation$$anonfun$2.applyOrElse (MojoImplementation.scala:226)[0m
2023.04.21 13:09:47 INFO      at scala.collection.StrictOptimizedIterableOps.collect (StrictOptimizedIterableOps.scala:151)[0m
2023.04.21 13:09:47 INFO      at scala.collection.StrictOptimizedIterableOps.collect$ (StrictOptimizedIterableOps.scala:136)[0m
2023.04.21 13:09:47 INFO      at scala.collection.convert.JavaCollectionWrappers$JSetWrapper.collect (JavaCollectionWrappers.scala:180)[0m
2023.04.21 13:09:47 INFO      at bloop.integrations.maven.MojoImplementation$.writeConfig$1 (MojoImplementation.scala:226)[0m
2023.04.21 13:09:47 INFO      at bloop.integrations.maven.MojoImplementation$.writeCompileAndTestConfiguration (MojoImplementation.scala:310)[0m
2023.04.21 13:09:47 INFO      at bloop.integrations.maven.MojoImplementation.writeCompileAndTestConfiguration (MojoImplementation.scala)[0m
2023.04.21 13:09:47 INFO      at bloop.integrations.maven.BloopMojo.execute (BloopMojo.java:104)[0m
2023.04.21 13:09:47 INFO      at org.apache.maven.plugin.DefaultBuildPluginManager.executeMojo (DefaultBuildPluginManager.java:137)[0m
2023.04.21 13:09:47 INFO      at org.apache.maven.lifecycle.internal.MojoExecutor.doExecute2 (MojoExecutor.java:370)[0m
2023.04.21 13:09:47 INFO      at org.apache.maven.lifecycle.internal.MojoExecutor.doExecute (MojoExecutor.java:351)[0m
2023.04.21 13:09:47 INFO      at org.apache.maven.lifecycle.internal.MojoExecutor.execute (MojoExecutor.java:215)[0m
2023.04.21 13:09:47 INFO      at org.apache.maven.lifecycle.internal.MojoExecutor.execute (MojoExecutor.java:171)[0m
2023.04.21 13:09:47 INFO      at org.apache.maven.lifecycle.internal.MojoExecutor.execute (MojoExecutor.java:163)[0m
2023.04.21 13:09:47 INFO      at org.apache.maven.lifecycle.internal.LifecycleModuleBuilder.buildProject (LifecycleModuleBuilder.java:117)[0m
2023.04.21 13:09:47 INFO      at org.apache.maven.lifecycle.internal.LifecycleModuleBuilder.buildProject (LifecycleModuleBuilder.java:81)[0m
2023.04.21 13:09:47 INFO      at org.apache.maven.lifecycle.internal.builder.singlethreaded.SingleThreadedBuilder.build (SingleThreadedBuilder.java:56)[0m
2023.04.21 13:09:47 INFO      at org.apache.maven.lifecycle.internal.LifecycleStarter.execute (LifecycleStarter.java:128)[0m
2023.04.21 13:09:47 INFO      at org.apache.maven.DefaultMaven.doExecute (DefaultMaven.java:294)[0m
2023.04.21 13:09:47 INFO      at org.apache.maven.DefaultMaven.doExecute (DefaultMaven.java:192)[0m
2023.04.21 13:09:47 INFO      at org.apache.maven.DefaultMaven.execute (DefaultMaven.java:105)[0m
2023.04.21 13:09:47 INFO      at org.apache.maven.cli.MavenCli.execute (MavenCli.java:960)[0m
2023.04.21 13:09:47 INFO      at org.apache.maven.cli.MavenCli.doMain (MavenCli.java:293)[0m
2023.04.21 13:09:47 INFO      at org.apache.maven.cli.MavenCli.main (MavenCli.java:196)[0m
2023.04.21 13:09:47 INFO      at jdk.internal.reflect.NativeMethodAccessorImpl.invoke0 (Native Method)[0m
2023.04.21 13:09:47 INFO      at jdk.internal.reflect.NativeMethodAccessorImpl.invoke (NativeMethodAccessorImpl.java:77)[0m
2023.04.21 13:09:47 INFO      at jdk.internal.reflect.DelegatingMethodAccessorImpl.invoke (DelegatingMethodAccessorImpl.java:43)[0m
2023.04.21 13:09:47 INFO      at java.lang.reflect.Method.invoke (Method.java:568)[0m
2023.04.21 13:09:47 INFO      at org.codehaus.plexus.classworlds.launcher.Launcher.launchEnhanced (Launcher.java:282)[0m
2023.04.21 13:09:47 INFO      at org.codehaus.plexus.classworlds.launcher.Launcher.launch (Launcher.java:225)[0m
2023.04.21 13:09:47 INFO      at org.codehaus.plexus.classworlds.launcher.Launcher.mainWithExitCode (Launcher.java:406)[0m
2023.04.21 13:09:47 INFO      at org.codehaus.plexus.classworlds.launcher.Launcher.main (Launcher.java:347)[0m
2023.04.21 13:09:47 INFO      at jdk.internal.reflect.NativeMethodAccessorImpl.invoke0 (Native Method)[0m
2023.04.21 13:09:47 INFO      at jdk.internal.reflect.NativeMethodAccessorImpl.invoke (NativeMethodAccessorImpl.java:77)[0m
2023.04.21 13:09:47 INFO      at jdk.internal.reflect.DelegatingMethodAccessorImpl.invoke (DelegatingMethodAccessorImpl.java:43)[0m
2023.04.21 13:09:47 INFO      at java.lang.reflect.Method.invoke (Method.java:568)[0m
2023.04.21 13:09:47 INFO      at org.apache.maven.wrapper.BootstrapMainStarter.start (BootstrapMainStarter.java:53)[0m
2023.04.21 13:09:47 INFO      at org.apache.maven.wrapper.WrapperExecutor.execute (WrapperExecutor.java:152)[0m
2023.04.21 13:09:47 INFO      at org.apache.maven.wrapper.MavenWrapperMain.main (MavenWrapperMain.java:76)[0m
2023.04.21 13:09:47 INFO  [INFO] Resolving artifact: io.netty:netty-buffer:jar:4.1.87.Final:compile (sources = false)[0m
2023.04.21 13:09:47 INFO  [INFO] SUCCESS: io.netty:netty-buffer:jar:4.1.87.Final:compile (sources = false)[0m
2023.04.21 13:09:47 INFO  [INFO] Resolving artifact: io.netty:netty-buffer:jar:4.1.87.Final:compile (sources = true)[0m
2023.04.21 13:09:47 INFO  [INFO] SUCCESS: io.netty:netty-buffer:jar:4.1.87.Final:compile (sources = true)[0m
2023.04.21 13:09:47 INFO  [INFO] Resolving artifact: io.netty:netty-codec:jar:4.1.87.Final:compile (sources = false)[0m
2023.04.21 13:09:47 INFO  [INFO] SUCCESS: io.netty:netty-codec:jar:4.1.87.Final:compile (sources = false)[0m
2023.04.21 13:09:47 INFO  [INFO] Resolving artifact: io.netty:netty-codec:jar:4.1.87.Final:compile (sources = true)[0m
2023.04.21 13:09:47 INFO  [INFO] SUCCESS: io.netty:netty-codec:jar:4.1.87.Final:compile (sources = true)[0m
2023.04.21 13:09:47 INFO  [INFO] Resolving artifact: io.netty:netty-codec-http:jar:4.1.87.Final:compile (sources = false)[0m
2023.04.21 13:09:47 INFO  [INFO] SUCCESS: io.netty:netty-codec-http:jar:4.1.87.Final:compile (sources = false)[0m
2023.04.21 13:09:47 INFO  [INFO] Resolving artifact: io.netty:netty-codec-http:jar:4.1.87.Final:compile (sources = true)[0m
2023.04.21 13:09:47 INFO  [INFO] SUCCESS: io.netty:netty-codec-http:jar:4.1.87.Final:compile (sources = true)[0m
2023.04.21 13:09:47 INFO  [INFO] Resolving artifact: io.netty:netty-codec-http2:jar:4.1.87.Final:compile (sources = false)[0m
2023.04.21 13:09:47 INFO  [INFO] SUCCESS: io.netty:netty-codec-http2:jar:4.1.87.Final:compile (sources = false)[0m
2023.04.21 13:09:47 INFO  [INFO] Resolving artifact: io.netty:netty-codec-http2:jar:4.1.87.Final:compile (sources = true)[0m
2023.04.21 13:09:47 INFO  [INFO] SUCCESS: io.netty:netty-codec-http2:jar:4.1.87.Final:compile (sources = true)[0m
2023.04.21 13:09:47 INFO  [INFO] Resolving artifact: io.netty:netty-codec-socks:jar:4.1.87.Final:compile (sources = false)[0m
2023.04.21 13:09:47 INFO  [INFO] SUCCESS: io.netty:netty-codec-socks:jar:4.1.87.Final:compile (sources = false)[0m
2023.04.21 13:09:47 INFO  [INFO] Resolving artifact: io.netty:netty-codec-socks:jar:4.1.87.Final:compile (sources = true)[0m
2023.04.21 13:09:47 INFO  [INFO] SUCCESS: io.netty:netty-codec-socks:jar:4.1.87.Final:compile (sources = true)[0m
2023.04.21 13:09:47 INFO  [INFO] Resolving artifact: io.netty:netty-common:jar:4.1.87.Final:compile (sources = false)[0m
2023.04.21 13:09:47 INFO  [INFO] SUCCESS: io.netty:netty-common:jar:4.1.87.Final:compile (sources = false)[0m
2023.04.21 13:09:47 INFO  [INFO] Resolving artifact: io.netty:netty-common:jar:4.1.87.Final:compile (sources = true)[0m
2023.04.21 13:09:47 INFO  [INFO] SUCCESS: io.netty:netty-common:jar:4.1.87.Final:compile (sources = true)[0m
2023.04.21 13:09:47 INFO  [INFO] Resolving artifact: io.netty:netty-handler:jar:4.1.87.Final:compile (sources = false)[0m
2023.04.21 13:09:47 INFO  [INFO] SUCCESS: io.netty:netty-handler:jar:4.1.87.Final:compile (sources = false)[0m
2023.04.21 13:09:47 INFO  [INFO] Resolving artifact: io.netty:netty-handler:jar:4.1.87.Final:compile (sources = true)[0m
2023.04.21 13:09:47 INFO  [INFO] SUCCESS: io.netty:netty-handler:jar:4.1.87.Final:compile (sources = true)[0m
2023.04.21 13:09:47 INFO  [INFO] Resolving artifact: io.netty:netty-transport-native-unix-common:jar:4.1.87.Final:compile (sources = false)[0m
2023.04.21 13:09:47 INFO  [INFO] SUCCESS: io.netty:netty-transport-native-unix-common:jar:4.1.87.Final:compile (sources = false)[0m
2023.04.21 13:09:47 INFO  [INFO] Resolving artifact: io.netty:netty-transport-native-unix-common:jar:4.1.87.Final:compile (sources = true)[0m
2023.04.21 13:09:47 INFO  [INFO] SUCCESS: io.netty:netty-transport-native-unix-common:jar:4.1.87.Final:compile (sources = true)[0m
2023.04.21 13:09:47 INFO  [INFO] Resolving artifact: io.netty:netty-handler-proxy:jar:4.1.87.Final:compile (sources = false)[0m
2023.04.21 13:09:47 INFO  [INFO] SUCCESS: io.netty:netty-handler-proxy:jar:4.1.87.Final:compile (sources = false)[0m
2023.04.21 13:09:47 INFO  [INFO] Resolving artifact: io.netty:netty-handler-proxy:jar:4.1.87.Final:compile (sources = true)[0m
2023.04.21 13:09:47 INFO  [INFO] SUCCESS: io.netty:netty-handler-proxy:jar:4.1.87.Final:compile (sources = true)[0m
2023.04.21 13:09:47 INFO  [INFO] Resolving artifact: io.netty:netty-resolver:jar:4.1.87.Final:compile (sources = false)[0m
2023.04.21 13:09:47 INFO  [INFO] SUCCESS: io.netty:netty-resolver:jar:4.1.87.Final:compile (sources = false)[0m
2023.04.21 13:09:47 INFO  [INFO] Resolving artifact: io.netty:netty-resolver:jar:4.1.87.Final:compile (sources = true)[0m
2023.04.21 13:09:47 INFO  [INFO] SUCCESS: io.netty:netty-resolver:jar:4.1.87.Final:compile (sources = true)[0m
2023.04.21 13:09:47 INFO  [INFO] Resolving artifact: io.netty:netty-transport:jar:4.1.87.Final:compile (sources = false)[0m
2023.04.21 13:09:47 INFO  [INFO] SUCCESS: io.netty:netty-transport:jar:4.1.87.Final:compile (sources = false)[0m
2023.04.21 13:09:47 INFO  [INFO] Resolving artifact: io.netty:netty-transport:jar:4.1.87.Final:compile (sources = true)[0m
2023.04.21 13:09:47 INFO  [INFO] SUCCESS: io.netty:netty-transport:jar:4.1.87.Final:compile (sources = true)[0m
2023.04.21 13:09:47 INFO  [INFO] Resolving artifact: io.netty:netty-transport-classes-epoll:jar:4.1.87.Final:compile (sources = false)[0m
2023.04.21 13:09:47 INFO  [INFO] SUCCESS: io.netty:netty-transport-classes-epoll:jar:4.1.87.Final:compile (sources = false)[0m
2023.04.21 13:09:47 INFO  [INFO] Resolving artifact: io.netty:netty-transport-classes-epoll:jar:4.1.87.Final:compile (sources = true)[0m
2023.04.21 13:09:47 INFO  [INFO] SUCCESS: io.netty:netty-transport-classes-epoll:jar:4.1.87.Final:compile (sources = true)[0m
2023.04.21 13:09:47 INFO  [INFO] Resolving artifact: io.netty:netty-transport-classes-kqueue:jar:4.1.87.Final:compile (sources = false)[0m
2023.04.21 13:09:47 INFO  [INFO] SUCCESS: io.netty:netty-transport-classes-kqueue:jar:4.1.87.Final:compile (sources = false)[0m
2023.04.21 13:09:47 INFO  [INFO] Resolving artifact: io.netty:netty-transport-classes-kqueue:jar:4.1.87.Final:compile (sources = true)[0m
2023.04.21 13:09:47 INFO  [INFO] SUCCESS: io.netty:netty-transport-classes-kqueue:jar:4.1.87.Final:compile (sources = true)[0m
2023.04.21 13:09:47 INFO  [INFO] Resolving artifact: io.netty:netty-transport-native-epoll:jar:linux-x86_64:4.1.87.Final:compile (sources = false)[0m
2023.04.21 13:09:47 INFO  [INFO] SUCCESS: io.netty:netty-transport-native-epoll:jar:linux-x86_64:4.1.87.Final:compile (sources = false)[0m
2023.04.21 13:09:47 INFO  [INFO] Resolving artifact: io.netty:netty-transport-native-epoll:jar:linux-x86_64:4.1.87.Final:compile (sources = true)[0m
2023.04.21 13:09:47 INFO  [INFO] SUCCESS: io.netty:netty-transport-native-epoll:jar:linux-x86_64:4.1.87.Final:compile (sources = true)[0m
2023.04.21 13:09:47 INFO  [INFO] Resolving artifact: io.netty:netty-transport-native-epoll:jar:linux-aarch_64:4.1.87.Final:compile (sources = false)[0m
2023.04.21 13:09:47 INFO  [INFO] SUCCESS: io.netty:netty-transport-native-epoll:jar:linux-aarch_64:4.1.87.Final:compile (sources = false)[0m
2023.04.21 13:09:47 INFO  [INFO] Resolving artifact: io.netty:netty-transport-native-epoll:jar:linux-aarch_64:4.1.87.Final:compile (sources = true)[0m
2023.04.21 13:09:47 INFO  [INFO] SUCCESS: io.netty:netty-transport-native-epoll:jar:linux-aarch_64:4.1.87.Final:compile (sources = true)[0m
2023.04.21 13:09:47 INFO  [INFO] Resolving artifact: io.netty:netty-transport-native-kqueue:jar:osx-aarch_64:4.1.87.Final:compile (sources = false)[0m
2023.04.21 13:09:47 INFO  [INFO] SUCCESS: io.netty:netty-transport-native-kqueue:jar:osx-aarch_64:4.1.87.Final:compile (sources = false)[0m
2023.04.21 13:09:47 INFO  [INFO] Resolving artifact: io.netty:netty-transport-native-kqueue:jar:osx-aarch_64:4.1.87.Final:compile (sources = true)[0m
2023.04.21 13:09:47 INFO  [INFO] SUCCESS: io.netty:netty-transport-native-kqueue:jar:osx-aarch_64:4.1.87.Final:compile (sources = true)[0m
2023.04.21 13:09:47 INFO  [INFO] Resolving artifact: io.netty:netty-transport-native-kqueue:jar:osx-x86_64:4.1.87.Final:compile (sources = false)[0m
2023.04.21 13:09:47 INFO  [INFO] SUCCESS: io.netty:netty-transport-native-kqueue:jar:osx-x86_64:4.1.87.Final:compile (sources = false)[0m
2023.04.21 13:09:47 INFO  [INFO] Resolving artifact: io.netty:netty-transport-native-kqueue:jar:osx-x86_64:4.1.87.Final:compile (sources = true)[0m
2023.04.21 13:09:47 INFO  [INFO] SUCCESS: io.netty:netty-transport-native-kqueue:jar:osx-x86_64:4.1.87.Final:compile (sources = true)[0m
2023.04.21 13:09:47 INFO  [INFO] Resolving artifact: com.clearspring.analytics:stream:jar:2.9.6:compile (sources = false)[0m
2023.04.21 13:09:47 INFO  [INFO] SUCCESS: com.clearspring.analytics:stream:jar:2.9.6:compile (sources = false)[0m
2023.04.21 13:09:47 INFO  [INFO] Resolving artifact: com.clearspring.analytics:stream:jar:2.9.6:compile (sources = true)[0m
2023.04.21 13:09:47 INFO  [INFO] SUCCESS: com.clearspring.analytics:stream:jar:2.9.6:compile (sources = true)[0m
2023.04.21 13:09:47 INFO  [INFO] Resolving artifact: io.dropwizard.metrics:metrics-core:jar:4.2.15:compile (sources = false)[0m
2023.04.21 13:09:47 INFO  [INFO] SUCCESS: io.dropwizard.metrics:metrics-core:jar:4.2.15:compile (sources = false)[0m
2023.04.21 13:09:47 INFO  [INFO] Resolving artifact: io.dropwizard.metrics:metrics-core:jar:4.2.15:compile (sources = true)[0m
2023.04.21 13:09:47 INFO  [INFO] SUCCESS: io.dropwizard.metrics:metrics-core:jar:4.2.15:compile (sources = true)[0m
2023.04.21 13:09:47 INFO  [INFO] Resolving artifact: io.dropwizard.metrics:metrics-jvm:jar:4.2.15:compile (sources = false)[0m
2023.04.21 13:09:47 INFO  [INFO] SUCCESS: io.dropwizard.metrics:metrics-jvm:jar:4.2.15:compile (sources = false)[0m
2023.04.21 13:09:47 INFO  [INFO] Resolving artifact: io.dropwizard.metrics:metrics-jvm:jar:4.2.15:compile (sources = true)[0m
2023.04.21 13:09:47 INFO  [INFO] SUCCESS: io.dropwizard.metrics:metrics-jvm:jar:4.2.15:compile (sources = true)[0m
2023.04.21 13:09:47 INFO  [INFO] Resolving artifact: io.dropwizard.metrics:metrics-json:jar:4.2.15:compile (sources = false)[0m
2023.04.21 13:09:47 INFO  [INFO] SUCCESS: io.dropwizard.metrics:metrics-json:jar:4.2.15:compile (sources = false)[0m
2023.04.21 13:09:47 INFO  [INFO] Resolving artifact: io.dropwizard.metrics:metrics-json:jar:4.2.15:compile (sources = true)[0m
2023.04.21 13:09:47 INFO  [INFO] SUCCESS: io.dropwizard.metrics:metrics-json:jar:4.2.15:compile (sources = true)[0m
2023.04.21 13:09:47 INFO  [INFO] Resolving artifact: io.dropwizard.metrics:metrics-graphite:jar:4.2.15:compile (sources = false)[0m
2023.04.21 13:09:47 INFO  [INFO] SUCCESS: io.dropwizard.metrics:metrics-graphite:jar:4.2.15:compile (sources = false)[0m
2023.04.21 13:09:47 INFO  [INFO] Resolving artifact: io.dropwizard.metrics:metrics-graphite:jar:4.2.15:compile (sources = true)[0m
2023.04.21 13:09:47 INFO  [INFO] SUCCESS: io.dropwizard.metrics:metrics-graphite:jar:4.2.15:compile (sources = true)[0m
2023.04.21 13:09:47 INFO  [INFO] Resolving artifact: io.dropwizard.metrics:metrics-jmx:jar:4.2.15:compile (sources = false)[0m
2023.04.21 13:09:47 INFO  [INFO] SUCCESS: io.dropwizard.metrics:metrics-jmx:jar:4.2.15:compile (sources = false)[0m
2023.04.21 13:09:47 INFO  [INFO] Resolving artifact: io.dropwizard.metrics:metrics-jmx:jar:4.2.15:compile (sources = true)[0m
2023.04.21 13:09:47 INFO  [INFO] SUCCESS: io.dropwizard.metrics:metrics-jmx:jar:4.2.15:compile (sources = true)[0m
2023.04.21 13:09:47 INFO  [INFO] Resolving artifact: com.fasterxml.jackson.core:jackson-databind:jar:2.14.2:compile (sources = false)[0m
2023.04.21 13:09:47 INFO  [INFO] SUCCESS: com.fasterxml.jackson.core:jackson-databind:jar:2.14.2:compile (sources = false)[0m
2023.04.21 13:09:47 INFO  [INFO] Resolving artifact: com.fasterxml.jackson.core:jackson-databind:jar:2.14.2:compile (sources = true)[0m
2023.04.21 13:09:47 INFO  [INFO] SUCCESS: com.fasterxml.jackson.core:jackson-databind:jar:2.14.2:compile (sources = true)[0m
2023.04.21 13:09:47 INFO  [INFO] Resolving artifact: com.fasterxml.jackson.module:jackson-module-scala_2.12:jar:2.14.2:compile (sources = false)[0m
2023.04.21 13:09:47 INFO  [INFO] SUCCESS: com.fasterxml.jackson.module:jackson-module-scala_2.12:jar:2.14.2:compile (sources = false)[0m
2023.04.21 13:09:47 INFO  [INFO] Resolving artifact: com.fasterxml.jackson.module:jackson-module-scala_2.12:jar:2.14.2:compile (sources = true)[0m
2023.04.21 13:09:47 INFO  [INFO] SUCCESS: com.fasterxml.jackson.module:jackson-module-scala_2.12:jar:2.14.2:compile (sources = true)[0m
2023.04.21 13:09:47 INFO  [INFO] Resolving artifact: com.thoughtworks.paranamer:paranamer:jar:2.8:compile (sources = false)[0m
2023.04.21 13:09:47 INFO  [INFO] SUCCESS: com.thoughtworks.paranamer:paranamer:jar:2.8:compile (sources = false)[0m
2023.04.21 13:09:47 INFO  [INFO] Resolving artifact: com.thoughtworks.paranamer:paranamer:jar:2.8:compile (sources = true)[0m
2023.04.21 13:09:47 INFO  [INFO] SUCCESS: com.thoughtworks.paranamer:paranamer:jar:2.8:compile (sources = true)[0m
2023.04.21 13:09:47 INFO  [INFO] Resolving artifact: org.apache.ivy:ivy:jar:2.5.1:compile (sources = false)[0m
2023.04.21 13:09:47 INFO  [INFO] SUCCESS: org.apache.ivy:ivy:jar:2.5.1:compile (sources = false)[0m
2023.04.21 13:09:47 INFO  [INFO] Resolving artifact: org.apache.ivy:ivy:jar:2.5.1:compile (sources = true)[0m
2023.04.21 13:09:47 INFO  [INFO] SUCCESS: org.apache.ivy:ivy:jar:2.5.1:compile (sources = true)[0m
2023.04.21 13:09:47 INFO  [INFO] Resolving artifact: oro:oro:jar:2.0.8:compile (sources = false)[0m
2023.04.21 13:09:47 INFO  [INFO] SUCCESS: oro:oro:jar:2.0.8:compile (sources = false)[0m
2023.04.21 13:09:47 INFO  [INFO] Resolving artifact: oro:oro:jar:2.0.8:compile (sources = true)[0m
2023.04.21 13:09:47 INFO  [INFO] SUCCESS: oro:oro:jar:2.0.8:compile (sources = true)[0m
2023.04.21 13:09:47 INFO  [INFO] Resolving artifact: net.razorvine:pickle:jar:1.3:compile (sources = false)[0m
2023.04.21 13:09:47 INFO  [INFO] SUCCESS: net.razorvine:pickle:jar:1.3:compile (sources = false)[0m
2023.04.21 13:09:47 INFO  [INFO] Resolving artifact: net.razorvine:pickle:jar:1.3:compile (sources = true)[0m
2023.04.21 13:09:47 INFO  [INFO] SUCCESS: net.razorvine:pickle:jar:1.3:compile (sources = true)[0m
2023.04.21 13:09:47 INFO  [INFO] Resolving artifact: net.sf.py4j:py4j:jar:0.10.9.7:compile (sources = false)[0m
2023.04.21 13:09:47 INFO  [INFO] SUCCESS: net.sf.py4j:py4j:jar:0.10.9.7:compile (sources = false)[0m
2023.04.21 13:09:47 INFO  [INFO] Resolving artifact: net.sf.py4j:py4j:jar:0.10.9.7:compile (sources = true)[0m
2023.04.21 13:09:47 INFO  [INFO] SUCCESS: net.sf.py4j:py4j:jar:0.10.9.7:compile (sources = true)[0m
2023.04.21 13:09:47 INFO  [INFO] Resolving artifact: org.apache.spark:spark-tags_2.12:jar:3.4.0:compile (sources = false)[0m
2023.04.21 13:09:47 INFO  [INFO] SUCCESS: org.apache.spark:spark-tags_2.12:jar:3.4.0:compile (sources = false)[0m
2023.04.21 13:09:47 INFO  [INFO] Resolving artifact: org.apache.spark:spark-tags_2.12:jar:3.4.0:compile (sources = true)[0m
2023.04.21 13:09:47 INFO  [INFO] SUCCESS: org.apache.spark:spark-tags_2.12:jar:3.4.0:compile (sources = true)[0m
2023.04.21 13:09:47 INFO  [INFO] Resolving artifact: org.apache.commons:commons-crypto:jar:1.1.0:compile (sources = false)[0m
2023.04.21 13:09:47 INFO  [INFO] SUCCESS: org.apache.commons:commons-crypto:jar:1.1.0:compile (sources = false)[0m
2023.04.21 13:09:47 INFO  [INFO] Resolving artifact: org.apache.commons:commons-crypto:jar:1.1.0:compile (sources = true)[0m
2023.04.21 13:09:47 INFO  [INFO] SUCCESS: org.apache.commons:commons-crypto:jar:1.1.0:compile (sources = true)[0m
2023.04.21 13:09:47 INFO  [INFO] Resolving artifact: org.apache.spark:spark-sql_2.12:jar:3.4.0:provided (sources = false)[0m
2023.04.21 13:09:47 INFO  [INFO] SUCCESS: org.apache.spark:spark-sql_2.12:jar:3.4.0:provided (sources = false)[0m
2023.04.21 13:09:47 INFO  [INFO] Resolving artifact: org.apache.spark:spark-sql_2.12:jar:3.4.0:provided (sources = true)[0m
2023.04.21 13:09:47 INFO  [INFO] SUCCESS: org.apache.spark:spark-sql_2.12:jar:3.4.0:provided (sources = true)[0m
2023.04.21 13:09:47 INFO  [INFO] Resolving artifact: org.rocksdb:rocksdbjni:jar:7.9.2:compile (sources = false)[0m
2023.04.21 13:09:47 INFO  [INFO] SUCCESS: org.rocksdb:rocksdbjni:jar:7.9.2:compile (sources = false)[0m
2023.04.21 13:09:47 INFO  [INFO] Resolving artifact: org.rocksdb:rocksdbjni:jar:7.9.2:compile (sources = true)[0m
2023.04.21 13:09:47 INFO  [INFO] SUCCESS: org.rocksdb:rocksdbjni:jar:7.9.2:compile (sources = true)[0m
2023.04.21 13:09:47 INFO  [INFO] Resolving artifact: com.univocity:univocity-parsers:jar:2.9.1:provided (sources = false)[0m
2023.04.21 13:09:47 INFO  [INFO] SUCCESS: com.univocity:univocity-parsers:jar:2.9.1:provided (sources = false)[0m
2023.04.21 13:09:47 INFO  [INFO] Resolving artifact: com.univocity:univocity-parsers:jar:2.9.1:provided (sources = true)[0m
2023.04.21 13:09:47 INFO  [INFO] SUCCESS: com.univocity:univocity-parsers:jar:2.9.1:provided (sources = true)[0m
2023.04.21 13:09:47 INFO  [INFO] Resolving artifact: org.apache.spark:spark-sketch_2.12:jar:3.4.0:provided (sources = false)[0m
2023.04.21 13:09:47 INFO  [INFO] SUCCESS: org.apache.spark:spark-sketch_2.12:jar:3.4.0:provided (sources = false)[0m
2023.04.21 13:09:47 INFO  [INFO] Resolving artifact: org.apache.spark:spark-sketch_2.12:jar:3.4.0:provided (sources = true)[0m
2023.04.21 13:09:47 INFO  [INFO] SUCCESS: org.apache.spark:spark-sketch_2.12:jar:3.4.0:provided (sources = true)[0m
2023.04.21 13:09:47 INFO  [INFO] Resolving artifact: org.apache.spark:spark-catalyst_2.12:jar:3.4.0:provided (sources = false)[0m
2023.04.21 13:09:47 INFO  [INFO] SUCCESS: org.apache.spark:spark-catalyst_2.12:jar:3.4.0:provided (sources = false)[0m
2023.04.21 13:09:47 INFO  [INFO] Resolving artifact: org.apache.spark:spark-catalyst_2.12:jar:3.4.0:provided (sources = true)[0m
2023.04.21 13:09:47 INFO  [INFO] SUCCESS: org.apache.spark:spark-catalyst_2.12:jar:3.4.0:provided (sources = true)[0m
2023.04.21 13:09:47 INFO  [INFO] Resolving artifact: org.scala-lang.modules:scala-parser-combinators_2.12:jar:2.1.1:provided (sources = false)[0m
2023.04.21 13:09:47 INFO  [INFO] SUCCESS: org.scala-lang.modules:scala-parser-combinators_2.12:jar:2.1.1:provided (sources = false)[0m
2023.04.21 13:09:47 INFO  [INFO] Resolving artifact: org.scala-lang.modules:scala-parser-combinators_2.12:jar:2.1.1:provided (sources = true)[0m
2023.04.21 13:09:47 INFO  [INFO] SUCCESS: org.scala-lang.modules:scala-parser-combinators_2.12:jar:2.1.1:provided (sources = true)[0m
2023.04.21 13:09:47 INFO  [INFO] Resolving artifact: org.codehaus.janino:janino:jar:3.1.9:provided (sources = false)[0m
2023.04.21 13:09:47 INFO  [INFO] SUCCESS: org.codehaus.janino:janino:jar:3.1.9:provided (sources = false)[0m
2023.04.21 13:09:47 INFO  [INFO] Resolving artifact: org.codehaus.janino:janino:jar:3.1.9:provided (sources = true)[0m
2023.04.21 13:09:47 INFO  [INFO] SUCCESS: org.codehaus.janino:janino:jar:3.1.9:provided (sources = true)[0m
2023.04.21 13:09:47 INFO  [INFO] Resolving artifact: org.codehaus.janino:commons-compiler:jar:3.1.9:provided (sources = false)[0m
2023.04.21 13:09:47 INFO  [INFO] SUCCESS: org.codehaus.janino:commons-compiler:jar:3.1.9:provided (sources = false)[0m
2023.04.21 13:09:47 INFO  [INFO] Resolving artifact: org.codehaus.janino:commons-compiler:jar:3.1.9:provided (sources = true)[0m
2023.04.21 13:09:47 INFO  [INFO] SUCCESS: org.codehaus.janino:commons-compiler:jar:3.1.9:provided (sources = true)[0m
2023.04.21 13:09:47 INFO  [INFO] Resolving artifact: org.antlr:antlr4-runtime:jar:4.9.3:provided (sources = false)[0m
2023.04.21 13:09:47 INFO  [INFO] SUCCESS: org.antlr:antlr4-runtime:jar:4.9.3:provided (sources = false)[0m
2023.04.21 13:09:47 INFO  [INFO] Resolving artifact: org.antlr:antlr4-runtime:jar:4.9.3:provided (sources = true)[0m
2023.04.21 13:09:47 INFO  [INFO] SUCCESS: org.antlr:antlr4-runtime:jar:4.9.3:provided (sources = true)[0m
2023.04.21 13:09:47 INFO  [INFO] Resolving artifact: org.apache.arrow:arrow-vector:jar:11.0.0:provided (sources = false)[0m
2023.04.21 13:09:47 INFO  [INFO] SUCCESS: org.apache.arrow:arrow-vector:jar:11.0.0:provided (sources = false)[0m
2023.04.21 13:09:47 INFO  [INFO] Resolving artifact: org.apache.arrow:arrow-vector:jar:11.0.0:provided (sources = true)[0m
2023.04.21 13:09:47 INFO  [INFO] SUCCESS: org.apache.arrow:arrow-vector:jar:11.0.0:provided (sources = true)[0m
2023.04.21 13:09:47 INFO  [INFO] Resolving artifact: org.apache.arrow:arrow-format:jar:11.0.0:provided (sources = false)[0m
2023.04.21 13:09:47 INFO  [INFO] SUCCESS: org.apache.arrow:arrow-format:jar:11.0.0:provided (sources = false)[0m
2023.04.21 13:09:47 INFO  [INFO] Resolving artifact: org.apache.arrow:arrow-format:jar:11.0.0:provided (sources = true)[0m
2023.04.21 13:09:47 INFO  [INFO] SUCCESS: org.apache.arrow:arrow-format:jar:11.0.0:provided (sources = true)[0m
2023.04.21 13:09:47 INFO  [INFO] Resolving artifact: org.apache.arrow:arrow-memory-core:jar:11.0.0:provided (sources = false)[0m
2023.04.21 13:09:47 INFO  [INFO] SUCCESS: org.apache.arrow:arrow-memory-core:jar:11.0.0:provided (sources = false)[0m
2023.04.21 13:09:47 INFO  [INFO] Resolving artifact: org.apache.arrow:arrow-memory-core:jar:11.0.0:provided (sources = true)[0m
2023.04.21 13:09:47 INFO  [INFO] SUCCESS: org.apache.arrow:arrow-memory-core:jar:11.0.0:provided (sources = true)[0m
2023.04.21 13:09:47 INFO  [INFO] Resolving artifact: com.fasterxml.jackson.datatype:jackson-datatype-jsr310:jar:2.13.4:provided (sources = false)[0m
2023.04.21 13:09:47 INFO  [INFO] SUCCESS: com.fasterxml.jackson.datatype:jackson-datatype-jsr310:jar:2.13.4:provided (sources = false)[0m
2023.04.21 13:09:47 INFO  [INFO] Resolving artifact: com.fasterxml.jackson.datatype:jackson-datatype-jsr310:jar:2.13.4:provided (sources = true)[0m
2023.04.21 13:09:47 INFO  [INFO] SUCCESS: com.fasterxml.jackson.datatype:jackson-datatype-jsr310:jar:2.13.4:provided (sources = true)[0m
2023.04.21 13:09:47 INFO  [INFO] Resolving artifact: com.google.flatbuffers:flatbuffers-java:jar:1.12.0:provided (sources = false)[0m
2023.04.21 13:09:47 INFO  [INFO] SUCCESS: com.google.flatbuffers:flatbuffers-java:jar:1.12.0:provided (sources = false)[0m
2023.04.21 13:09:47 INFO  [INFO] Resolving artifact: com.google.flatbuffers:flatbuffers-java:jar:1.12.0:provided (sources = true)[0m
2023.04.21 13:09:47 INFO  [INFO] SUCCESS: com.google.flatbuffers:flatbuffers-java:jar:1.12.0:provided (sources = true)[0m
2023.04.21 13:09:47 INFO  [INFO] Resolving artifact: org.apache.arrow:arrow-memory-netty:jar:11.0.0:provided (sources = false)[0m
2023.04.21 13:09:47 INFO  [INFO] SUCCESS: org.apache.arrow:arrow-memory-netty:jar:11.0.0:provided (sources = false)[0m
2023.04.21 13:09:47 INFO  [INFO] Resolving artifact: org.apache.arrow:arrow-memory-netty:jar:11.0.0:provided (sources = true)[0m
2023.04.21 13:09:47 INFO  [INFO] SUCCESS: org.apache.arrow:arrow-memory-netty:jar:11.0.0:provided (sources = true)[0m
2023.04.21 13:09:47 INFO  [INFO] Resolving artifact: org.apache.orc:orc-core:jar:shaded-protobuf:1.8.3:provided (sources = false)[0m
2023.04.21 13:09:47 INFO  [INFO] SUCCESS: org.apache.orc:orc-core:jar:shaded-protobuf:1.8.3:provided (sources = false)[0m
2023.04.21 13:09:47 INFO  [INFO] Resolving artifact: org.apache.orc:orc-core:jar:shaded-protobuf:1.8.3:provided (sources = true)[0m
2023.04.21 13:09:47 INFO  [INFO] SUCCESS: org.apache.orc:orc-core:jar:shaded-protobuf:1.8.3:provided (sources = true)[0m
2023.04.21 13:09:47 INFO  [INFO] Resolving artifact: org.apache.orc:orc-shims:jar:1.8.3:provided (sources = false)[0m
2023.04.21 13:09:47 INFO  [INFO] SUCCESS: org.apache.orc:orc-shims:jar:1.8.3:provided (sources = false)[0m
2023.04.21 13:09:47 INFO  [INFO] Resolving artifact: org.apache.orc:orc-shims:jar:1.8.3:provided (sources = true)[0m
2023.04.21 13:09:47 INFO  [INFO] SUCCESS: org.apache.orc:orc-shims:jar:1.8.3:provided (sources = true)[0m
2023.04.21 13:09:47 INFO  [INFO] Resolving artifact: io.airlift:aircompressor:jar:0.21:provided (sources = false)[0m
2023.04.21 13:09:47 INFO  [INFO] SUCCESS: io.airlift:aircompressor:jar:0.21:provided (sources = false)[0m
2023.04.21 13:09:47 INFO  [INFO] Resolving artifact: io.airlift:aircompressor:jar:0.21:provided (sources = true)[0m
2023.04.21 13:09:47 INFO  [INFO] SUCCESS: io.airlift:aircompressor:jar:0.21:provided (sources = true)[0m
2023.04.21 13:09:47 INFO  [INFO] Resolving artifact: org.jetbrains:annotations:jar:17.0.0:provided (sources = false)[0m
2023.04.21 13:09:47 INFO  [INFO] SUCCESS: org.jetbrains:annotations:jar:17.0.0:provided (sources = false)[0m
2023.04.21 13:09:47 INFO  [INFO] Resolving artifact: org.jetbrains:annotations:jar:17.0.0:provided (sources = true)[0m
2023.04.21 13:09:47 INFO  [INFO] SUCCESS: org.jetbrains:annotations:jar:17.0.0:provided (sources = true)[0m
2023.04.21 13:09:47 INFO  [INFO] Resolving artifact: org.threeten:threeten-extra:jar:1.7.1:provided (sources = false)[0m
2023.04.21 13:09:47 INFO  [INFO] SUCCESS: org.threeten:threeten-extra:jar:1.7.1:provided (sources = false)[0m
2023.04.21 13:09:47 INFO  [INFO] Resolving artifact: org.threeten:threeten-extra:jar:1.7.1:provided (sources = true)[0m
2023.04.21 13:09:47 INFO  [INFO] SUCCESS: org.threeten:threeten-extra:jar:1.7.1:provided (sources = true)[0m
2023.04.21 13:09:47 INFO  [INFO] Resolving artifact: org.apache.orc:orc-mapreduce:jar:shaded-protobuf:1.8.3:provided (sources = false)[0m
2023.04.21 13:09:47 INFO  [INFO] SUCCESS: org.apache.orc:orc-mapreduce:jar:shaded-protobuf:1.8.3:provided (sources = false)[0m
2023.04.21 13:09:47 INFO  [INFO] Resolving artifact: org.apache.orc:orc-mapreduce:jar:shaded-protobuf:1.8.3:provided (sources = true)[0m
2023.04.21 13:09:47 INFO  [INFO] SUCCESS: org.apache.orc:orc-mapreduce:jar:shaded-protobuf:1.8.3:provided (sources = true)[0m
2023.04.21 13:09:47 INFO  [INFO] Resolving artifact: org.apache.hive:hive-storage-api:jar:2.8.1:provided (sources = false)[0m
2023.04.21 13:09:47 INFO  [INFO] SUCCESS: org.apache.hive:hive-storage-api:jar:2.8.1:provided (sources = false)[0m
2023.04.21 13:09:47 INFO  [INFO] Resolving artifact: org.apache.hive:hive-storage-api:jar:2.8.1:provided (sources = true)[0m
2023.04.21 13:09:47 INFO  [INFO] SUCCESS: org.apache.hive:hive-storage-api:jar:2.8.1:provided (sources = true)[0m
2023.04.21 13:09:47 INFO  [INFO] Resolving artifact: org.apache.parquet:parquet-column:jar:1.12.3:provided (sources = false)[0m
2023.04.21 13:09:47 INFO  [INFO] SUCCESS: org.apache.parquet:parquet-column:jar:1.12.3:provided (sources = false)[0m
2023.04.21 13:09:47 INFO  [INFO] Resolving artifact: org.apache.parquet:parquet-column:jar:1.12.3:provided (sources = true)[0m
2023.04.21 13:09:47 INFO  [INFO] SUCCESS: org.apache.parquet:parquet-column:jar:1.12.3:provided (sources = true)[0m
2023.04.21 13:09:47 INFO  [INFO] Resolving artifact: org.apache.parquet:parquet-common:jar:1.12.3:provided (sources = false)[0m
2023.04.21 13:09:47 INFO  [INFO] SUCCESS: org.apache.parquet:parquet-common:jar:1.12.3:provided (sources = false)[0m
2023.04.21 13:09:47 INFO  [INFO] Resolving artifact: org.apache.parquet:parquet-common:jar:1.12.3:provided (sources = true)[0m
2023.04.21 13:09:47 INFO  [INFO] SUCCESS: org.apache.parquet:parquet-common:jar:1.12.3:provided (sources = true)[0m
2023.04.21 13:09:47 INFO  [INFO] Resolving artifact: org.apache.parquet:parquet-encoding:jar:1.12.3:provided (sources = false)[0m
2023.04.21 13:09:47 INFO  [INFO] SUCCESS: org.apache.parquet:parquet-encoding:jar:1.12.3:provided (sources = false)[0m
2023.04.21 13:09:47 INFO  [INFO] Resolving artifact: org.apache.parquet:parquet-encoding:jar:1.12.3:provided (sources = true)[0m
2023.04.21 13:09:47 INFO  [INFO] SUCCESS: org.apache.parquet:parquet-encoding:jar:1.12.3:provided (sources = true)[0m
2023.04.21 13:09:47 INFO  [INFO] Resolving artifact: org.apache.parquet:parquet-hadoop:jar:1.12.3:provided (sources = false)[0m
2023.04.21 13:09:47 INFO  [INFO] SUCCESS: org.apache.parquet:parquet-hadoop:jar:1.12.3:provided (sources = false)[0m
2023.04.21 13:09:47 INFO  [INFO] Resolving artifact: org.apache.parquet:parquet-hadoop:jar:1.12.3:provided (sources = true)[0m
2023.04.21 13:09:47 INFO  [INFO] SUCCESS: org.apache.parquet:parquet-hadoop:jar:1.12.3:provided (sources = true)[0m
2023.04.21 13:09:47 INFO  [INFO] Resolving artifact: org.apache.parquet:parquet-format-structures:jar:1.12.3:provided (sources = false)[0m
2023.04.21 13:09:47 INFO  [INFO] SUCCESS: org.apache.parquet:parquet-format-structures:jar:1.12.3:provided (sources = false)[0m
2023.04.21 13:09:47 INFO  [INFO] Resolving artifact: org.apache.parquet:parquet-format-structures:jar:1.12.3:provided (sources = true)[0m
2023.04.21 13:09:47 INFO  [INFO] SUCCESS: org.apache.parquet:parquet-format-structures:jar:1.12.3:provided (sources = true)[0m
2023.04.21 13:09:47 INFO  [INFO] Resolving artifact: org.apache.parquet:parquet-jackson:jar:1.12.3:provided (sources = false)[0m
2023.04.21 13:09:47 INFO  [INFO] SUCCESS: org.apache.parquet:parquet-jackson:jar:1.12.3:provided (sources = false)[0m
2023.04.21 13:09:47 INFO  [INFO] Resolving artifact: org.apache.parquet:parquet-jackson:jar:1.12.3:provided (sources = true)[0m
2023.04.21 13:09:47 INFO  [INFO] SUCCESS: org.apache.parquet:parquet-jackson:jar:1.12.3:provided (sources = true)[0m
2023.04.21 13:09:47 INFO  [INFO] Resolving artifact: com.google.protobuf:protobuf-java:jar:3.21.12:compile (sources = false)[0m
2023.04.21 13:09:47 INFO  [INFO] SUCCESS: com.google.protobuf:protobuf-java:jar:3.21.12:compile (sources = false)[0m
2023.04.21 13:09:47 INFO  [INFO] Resolving artifact: com.google.protobuf:protobuf-java:jar:3.21.12:compile (sources = true)[0m
2023.04.21 13:09:47 INFO  [INFO] SUCCESS: com.google.protobuf:protobuf-java:jar:3.21.12:compile (sources = true)[0m
2023.04.21 13:09:47 INFO  [INFO] Resolving artifact: junit:junit:jar:4.12:test (sources = false)[0m
2023.04.21 13:09:47 INFO  [INFO] SUCCESS: junit:junit:jar:4.12:test (sources = false)[0m
2023.04.21 13:09:47 INFO  [INFO] Resolving artifact: junit:junit:jar:4.12:test (sources = true)[0m
2023.04.21 13:09:47 INFO  [INFO] SUCCESS: junit:junit:jar:4.12:test (sources = true)[0m
2023.04.21 13:09:47 INFO  [INFO] Resolving artifact: org.hamcrest:hamcrest-core:jar:1.3:test (sources = false)[0m
2023.04.21 13:09:47 INFO  [INFO] SUCCESS: org.hamcrest:hamcrest-core:jar:1.3:test (sources = false)[0m
2023.04.21 13:09:47 INFO  [INFO] Resolving artifact: org.hamcrest:hamcrest-core:jar:1.3:test (sources = true)[0m
2023.04.21 13:09:47 INFO  [INFO] SUCCESS: org.hamcrest:hamcrest-core:jar:1.3:test (sources = true)[0m
2023.04.21 13:09:47 INFO  [INFO] Resolving artifact: org.scalatest:scalatest_2.12:jar:3.0.5:test (sources = false)[0m
2023.04.21 13:09:47 INFO  [INFO] SUCCESS: org.scalatest:scalatest_2.12:jar:3.0.5:test (sources = false)[0m
2023.04.21 13:09:47 INFO  [INFO] Resolving artifact: org.scalatest:scalatest_2.12:jar:3.0.5:test (sources = true)[0m
2023.04.21 13:09:47 INFO  [INFO] SUCCESS: org.scalatest:scalatest_2.12:jar:3.0.5:test (sources = true)[0m
2023.04.21 13:09:47 INFO  [INFO] Resolving artifact: org.scalactic:scalactic_2.12:jar:3.0.5:test (sources = false)[0m
2023.04.21 13:09:47 INFO  [INFO] SUCCESS: org.scalactic:scalactic_2.12:jar:3.0.5:test (sources = false)[0m
2023.04.21 13:09:47 INFO  [INFO] Resolving artifact: org.scalactic:scalactic_2.12:jar:3.0.5:test (sources = true)[0m
2023.04.21 13:09:47 INFO  [INFO] SUCCESS: org.scalactic:scalactic_2.12:jar:3.0.5:test (sources = true)[0m
2023.04.21 13:09:47 INFO  [INFO] Resolving artifact: org.specs2:specs2-core_2.12:jar:4.2.0:test (sources = false)[0m
2023.04.21 13:09:47 INFO  [INFO] SUCCESS: org.specs2:specs2-core_2.12:jar:4.2.0:test (sources = false)[0m
2023.04.21 13:09:47 INFO  [INFO] Resolving artifact: org.specs2:specs2-core_2.12:jar:4.2.0:test (sources = true)[0m
2023.04.21 13:09:47 INFO  [INFO] SUCCESS: org.specs2:specs2-core_2.12:jar:4.2.0:test (sources = true)[0m
2023.04.21 13:09:47 INFO  [INFO] Resolving artifact: org.specs2:specs2-matcher_2.12:jar:4.2.0:test (sources = false)[0m
2023.04.21 13:09:47 INFO  [INFO] SUCCESS: org.specs2:specs2-matcher_2.12:jar:4.2.0:test (sources = false)[0m
2023.04.21 13:09:47 INFO  [INFO] Resolving artifact: org.specs2:specs2-matcher_2.12:jar:4.2.0:test (sources = true)[0m
2023.04.21 13:09:47 INFO  [INFO] SUCCESS: org.specs2:specs2-matcher_2.12:jar:4.2.0:test (sources = true)[0m
2023.04.21 13:09:47 INFO  [INFO] Resolving artifact: org.specs2:specs2-common_2.12:jar:4.2.0:test (sources = false)[0m
2023.04.21 13:09:47 INFO  [INFO] SUCCESS: org.specs2:specs2-common_2.12:jar:4.2.0:test (sources = false)[0m
2023.04.21 13:09:47 INFO  [INFO] Resolving artifact: org.specs2:specs2-common_2.12:jar:4.2.0:test (sources = true)[0m
2023.04.21 13:09:47 INFO  [INFO] SUCCESS: org.specs2:specs2-common_2.12:jar:4.2.0:test (sources = true)[0m
2023.04.21 13:09:47 INFO  [INFO] Resolving artifact: org.specs2:specs2-fp_2.12:jar:4.2.0:test (sources = false)[0m
2023.04.21 13:09:47 INFO  [INFO] SUCCESS: org.specs2:specs2-fp_2.12:jar:4.2.0:test (sources = false)[0m
2023.04.21 13:09:47 INFO  [INFO] Resolving artifact: org.specs2:specs2-fp_2.12:jar:4.2.0:test (sources = true)[0m
2023.04.21 13:09:47 INFO  [INFO] SUCCESS: org.specs2:specs2-fp_2.12:jar:4.2.0:test (sources = true)[0m
2023.04.21 13:09:47 INFO  [INFO] Resolving artifact: org.scala-sbt:test-interface:jar:1.0:test (sources = false)[0m
2023.04.21 13:09:47 INFO  [INFO] SUCCESS: org.scala-sbt:test-interface:jar:1.0:test (sources = false)[0m
2023.04.21 13:09:47 INFO  [INFO] Resolving artifact: org.scala-sbt:test-interface:jar:1.0:test (sources = true)[0m
2023.04.21 13:09:47 INFO  [INFO] SUCCESS: org.scala-sbt:test-interface:jar:1.0:test (sources = true)[0m
2023.04.21 13:09:47 INFO  [INFO] Resolving artifact: org.specs2:specs2-junit_2.12:jar:4.2.0:test (sources = false)[0m
2023.04.21 13:09:47 INFO  [INFO] SUCCESS: org.specs2:specs2-junit_2.12:jar:4.2.0:test (sources = false)[0m
2023.04.21 13:09:47 INFO  [INFO] Resolving artifact: org.specs2:specs2-junit_2.12:jar:4.2.0:test (sources = true)[0m
2023.04.21 13:09:47 INFO  [INFO] SUCCESS: org.specs2:specs2-junit_2.12:jar:4.2.0:test (sources = true)[0m
2023.04.21 13:09:47 INFO  [INFO] Generated .bloop/scala.sql-test.json[0m
2023.04.21 13:09:47 INFO  [INFO] ------------------------------------------------------------------------[0m
2023.04.21 13:09:47 INFO  [INFO] BUILD SUCCESS[0m
2023.04.21 13:09:47 INFO  [INFO] ------------------------------------------------------------------------[0m
2023.04.21 13:09:47 INFO  [INFO] Total time:  11.917 s[0m
2023.04.21 13:09:47 INFO  [INFO] Finished at: 2023-04-21T13:09:47+08:00[0m
2023.04.21 13:09:47 INFO  [INFO] ------------------------------------------------------------------------[0m
2023.04.21 13:09:47 INFO  time: ran 'mvn bloopInstall' in 15s[0m
2023.04.21 13:09:47 INFO  Attempting to connect to the build server...[0m
2023.04.21 13:09:47 INFO  Bloop uses /Users/micuks/Library/Java/JavaVirtualMachines/corretto-17.0.4.1/Contents/Home defined at /Users/micuks/.bloop/bloop.json[0m
2023.04.21 13:09:47 INFO  tracing is disabled for protocol BSP, to enable tracing of incoming and outgoing JSON messages create an empty file at /Users/micuks/dev/mycode/javaHadoop/lab4.scala.sql/.metals/bsp.trace.json or /Users/micuks/Library/Caches/org.scalameta.metals/bsp.trace.json[0m
2023.04.21 13:09:47 INFO  time: Connected to build server in 0.2s[0m
2023.04.21 13:09:47 INFO  Connected to Build server: Bloop v1.5.6[0m
2023.04.21 13:09:51 INFO  time: indexed workspace in 4.13s[0m
Apr 21, 2023 1:10:07 PM org.eclipse.lsp4j.jsonrpc.RemoteEndpoint handleCancellation
WARNING: Unmatched cancel notification for request id 203
Apr 21, 2023 1:10:19 PM org.eclipse.lsp4j.jsonrpc.RemoteEndpoint handleCancellation
WARNING: Unmatched cancel notification for request id 314
Apr 21, 2023 1:10:25 PM org.eclipse.lsp4j.jsonrpc.RemoteEndpoint handleCancellation
WARNING: Unmatched cancel notification for request id 381
2023.04.21 13:12:18 INFO  Deduplicating compilation of scala.sql from bsp client 'Metals 0.11.11' (since 2m 31.362s)[0m
2023.04.21 13:12:18 INFO  compiling scala.sql (1 scala source)[0m
2023.04.21 13:12:18 INFO  compiling scala.sql (1 scala source)[0m
2023.04.21 13:12:18 INFO  time: compiled scala.sql in 0.97s[0m
2023.04.21 13:12:45 INFO  compiling scala.sql (1 scala source)[0m
2023.04.21 13:12:45 INFO  time: compiled scala.sql in 0.14s[0m
2023.04.21 13:12:52 INFO  compiling scala.sql (1 scala source)[0m
2023.04.21 13:12:52 INFO  time: compiled scala.sql in 0.15s[0m
2023.04.21 13:13:02 INFO  compiling scala.sql (1 scala source)[0m
2023.04.21 13:13:02 INFO  time: compiled scala.sql in 0.8s[0m
2023.04.21 13:13:05 INFO  compiling scala.sql (1 scala source)[0m
2023.04.21 13:13:05 INFO  time: compiled scala.sql in 0.93s[0m
2023.04.21 13:13:06 INFO  compiling scala.sql (1 scala source)[0m
2023.04.21 13:13:06 WARN  Could not load snapshot text for /Users/micuks/dev/mycode/javaHadoop/lab4.scala.sql/src/main/scala/org/wql2020211597/scala/sql/InsertStudent.scala[0m
2023.04.21 13:13:06 INFO  time: compiled scala.sql in 0.26s[0m
2023.04.21 13:13:10 INFO  compiling scala.sql (1 scala source)[0m
2023.04.21 13:13:10 INFO  time: compiled scala.sql in 0.14s[0m
2023.04.21 13:13:10 INFO  compiling scala.sql (1 scala source)[0m
2023.04.21 13:13:10 INFO  time: compiled scala.sql in 73ms[0m
2023.04.21 13:13:25 INFO  compiling scala.sql (1 scala source)[0m
2023.04.21 13:13:25 INFO  time: compiled scala.sql in 0.54s[0m
2023.04.21 13:13:30 INFO  compiling scala.sql (1 scala source)[0m
2023.04.21 13:13:30 INFO  time: compiled scala.sql in 0.69s[0m
2023.04.21 13:13:33 INFO  compiling scala.sql (1 scala source)[0m
2023.04.21 13:13:34 INFO  time: compiled scala.sql in 1.18s[0m
2023.04.21 13:13:34 INFO  compiling scala.sql (1 scala source)[0m
2023.04.21 13:13:34 WARN  Could not load snapshot text for /Users/micuks/dev/mycode/javaHadoop/lab4.scala.sql/src/main/scala/org/wql2020211597/scala/sql/InsertStudent.scala[0m
2023.04.21 13:13:34 INFO  time: compiled scala.sql in 0.27s[0m
2023.04.21 13:13:34 INFO  compiling scala.sql (1 scala source)[0m
2023.04.21 13:13:34 INFO  time: compiled scala.sql in 21ms[0m
2023.04.21 13:13:36 INFO  compiling scala.sql (1 scala source)[0m
2023.04.21 13:13:36 INFO  time: compiled scala.sql in 0.55s[0m
2023.04.21 13:13:39 INFO  compiling scala.sql (1 scala source)[0m
2023.04.21 13:13:39 INFO  time: compiled scala.sql in 0.62s[0m
2023.04.21 13:13:40 INFO  compiling scala.sql (1 scala source)[0m
2023.04.21 13:13:40 INFO  time: compiled scala.sql in 0.38s[0m
2023.04.21 13:13:51 INFO  compiling scala.sql (1 scala source)[0m
2023.04.21 13:13:51 INFO  time: compiled scala.sql in 0.79s[0m
2023.04.21 13:13:58 INFO  compiling scala.sql (1 scala source)[0m
2023.04.21 13:13:58 INFO  time: compiled scala.sql in 0.57s[0m
2023.04.21 13:14:03 INFO  compiling scala.sql (1 scala source)[0m
2023.04.21 13:14:03 INFO  time: compiled scala.sql in 0.61s[0m
2023.04.21 13:14:08 INFO  compiling scala.sql (1 scala source)[0m
2023.04.21 13:14:08 INFO  time: compiled scala.sql in 0.12s[0m
2023.04.21 13:14:10 INFO  compiling scala.sql (1 scala source)[0m
2023.04.21 13:14:10 INFO  time: compiled scala.sql in 0.11s[0m
2023.04.21 13:14:11 INFO  compiling scala.sql (1 scala source)[0m
2023.04.21 13:14:11 INFO  time: compiled scala.sql in 0.12s[0m
2023.04.21 13:14:14 INFO  compiling scala.sql (1 scala source)[0m
2023.04.21 13:14:14 INFO  time: compiled scala.sql in 0.13s[0m
2023.04.21 13:14:14 INFO  compiling scala.sql (1 scala source)[0m
2023.04.21 13:14:14 INFO  time: compiled scala.sql in 69ms[0m
2023.04.21 13:14:15 INFO  compiling scala.sql (1 scala source)[0m
2023.04.21 13:14:15 INFO  time: compiled scala.sql in 64ms[0m
2023.04.21 13:14:18 INFO  compiling scala.sql (1 scala source)[0m
2023.04.21 13:14:18 WARN  one deprecation (since 2.0.0); re-run with -deprecation for details[0m
2023.04.21 13:14:18 INFO  time: compiled scala.sql in 0.61s[0m
2023.04.21 13:14:20 INFO  compiling scala.sql (1 scala source)[0m
2023.04.21 13:14:20 INFO  time: compiled scala.sql in 17ms[0m
2023.04.21 13:14:21 INFO  compiling scala.sql (1 scala source)[0m
2023.04.21 13:14:21 INFO  time: compiled scala.sql in 0.11s[0m
2023.04.21 13:14:21 INFO  compiling scala.sql (1 scala source)[0m
2023.04.21 13:14:21 INFO  time: compiled scala.sql in 70ms[0m
2023.04.21 13:14:26 INFO  compiling scala.sql (1 scala source)[0m
2023.04.21 13:14:26 WARN  one deprecation (since 2.0.0); re-run with -deprecation for details[0m
2023.04.21 13:14:26 INFO  time: compiled scala.sql in 0.59s[0m
2023.04.21 13:14:35 INFO  compiling scala.sql (1 scala source)[0m
2023.04.21 13:14:36 WARN  one deprecation (since 2.0.0); re-run with -deprecation for details[0m
2023.04.21 13:14:36 INFO  time: compiled scala.sql in 1.15s[0m
2023.04.21 13:14:37 WARN  Could not load snapshot text for /Users/micuks/dev/mycode/javaHadoop/lab4.scala.sql/src/main/scala/org/wql2020211597/scala/sql/InsertStudent.scala[0m
2023.04.21 13:14:37 INFO  compiling scala.sql (1 scala source)[0m
2023.04.21 13:14:37 WARN  one deprecation (since 2.0.0); re-run with -deprecation for details[0m
2023.04.21 13:14:37 INFO  time: compiled scala.sql in 0.56s[0m
2023.04.21 13:14:39 INFO  compiling scala.sql (1 scala source)[0m
2023.04.21 13:14:39 WARN  one deprecation (since 2.0.0); re-run with -deprecation for details[0m
2023.04.21 13:14:39 INFO  time: compiled scala.sql in 0.74s[0m
2023.04.21 13:14:42 INFO  compiling scala.sql (1 scala source)[0m
2023.04.21 13:14:42 INFO  time: compiled scala.sql in 68ms[0m
2023.04.21 13:14:43 INFO  compiling scala.sql (1 scala source)[0m
2023.04.21 13:14:43 INFO  time: compiled scala.sql in 0.13s[0m
2023.04.21 13:14:45 INFO  compiling scala.sql (1 scala source)[0m
2023.04.21 13:14:45 WARN  one deprecation (since 2.0.0); re-run with -deprecation for details[0m
2023.04.21 13:14:45 INFO  time: compiled scala.sql in 0.62s[0m
2023.04.21 13:14:45 INFO  compiling scala.sql (1 scala source)[0m
2023.04.21 13:14:45 WARN  one deprecation (since 2.0.0); re-run with -deprecation for details[0m
2023.04.21 13:14:46 WARN  Could not load snapshot text for /Users/micuks/dev/mycode/javaHadoop/lab4.scala.sql/src/main/scala/org/wql2020211597/scala/sql/InsertStudent.scala[0m
2023.04.21 13:14:45 INFO  time: compiled scala.sql in 0.25s[0m
2023.04.21 13:14:48 INFO  compiling scala.sql (1 scala source)[0m
2023.04.21 13:14:48 INFO  time: compiled scala.sql in 0.15s[0m
2023.04.21 13:14:49 INFO  compiling scala.sql (1 scala source)[0m
2023.04.21 13:14:49 INFO  time: compiled scala.sql in 0.13s[0m
2023.04.21 13:14:51 INFO  compiling scala.sql (1 scala source)[0m
2023.04.21 13:14:51 WARN  one deprecation (since 2.0.0); re-run with -deprecation for details[0m
2023.04.21 13:14:51 INFO  time: compiled scala.sql in 0.54s[0m
2023.04.21 13:14:52 INFO  compiling scala.sql (1 scala source)[0m
2023.04.21 13:14:52 WARN  one deprecation (since 2.0.0); re-run with -deprecation for details[0m
2023.04.21 13:14:52 INFO  time: compiled scala.sql in 0.25s[0m
2023.04.21 13:14:53 INFO  compiling scala.sql (1 scala source)[0m
2023.04.21 13:14:53 INFO  time: compiled scala.sql in 0.13s[0m
2023.04.21 13:14:53 INFO  compiling scala.sql (1 scala source)[0m
2023.04.21 13:14:53 INFO  time: compiled scala.sql in 61ms[0m
2023.04.21 13:14:56 INFO  compiling scala.sql (1 scala source)[0m
2023.04.21 13:14:56 INFO  time: compiled scala.sql in 0.15s[0m
2023.04.21 13:14:59 INFO  compiling scala.sql (1 scala source)[0m
2023.04.21 13:14:59 WARN  one deprecation (since 2.0.0); re-run with -deprecation for details[0m
2023.04.21 13:14:59 INFO  time: compiled scala.sql in 0.78s[0m
2023.04.21 13:15:01 INFO  compiling scala.sql (1 scala source)[0m
2023.04.21 13:15:01 WARN  one deprecation (since 2.0.0); re-run with -deprecation for details[0m
2023.04.21 13:15:01 INFO  time: compiled scala.sql in 0.26s[0m
2023.04.21 13:15:08 INFO  compiling scala.sql (1 scala source)[0m
2023.04.21 13:15:08 WARN  one deprecation (since 2.0.0); re-run with -deprecation for details[0m
2023.04.21 13:15:08 INFO  time: compiled scala.sql in 0.89s[0m
2023.04.21 13:15:13 INFO  compiling scala.sql (1 scala source)[0m
2023.04.21 13:15:13 WARN  one deprecation (since 2.0.0); re-run with -deprecation for details[0m
2023.04.21 13:15:13 INFO  time: compiled scala.sql in 0.68s[0m
2023.04.21 13:15:15 INFO  compiling scala.sql (1 scala source)[0m
2023.04.21 13:15:15 WARN  one deprecation (since 2.0.0); re-run with -deprecation for details[0m
2023.04.21 13:15:15 INFO  time: compiled scala.sql in 0.67s[0m
2023.04.21 13:15:21 INFO  compiling scala.sql (1 scala source)[0m
2023.04.21 13:15:21 WARN  one deprecation (since 2.0.0); re-run with -deprecation for details[0m
2023.04.21 13:15:21 INFO  time: compiled scala.sql in 0.58s[0m
2023.04.21 13:15:23 INFO  compiling scala.sql (1 scala source)[0m
2023.04.21 13:15:23 WARN  one deprecation (since 2.0.0); re-run with -deprecation for details[0m
2023.04.21 13:15:23 INFO  time: compiled scala.sql in 0.56s[0m
2023.04.21 13:15:25 INFO  compiling scala.sql (1 scala source)[0m
2023.04.21 13:15:25 WARN  one deprecation (since 2.0.0); re-run with -deprecation for details[0m
2023.04.21 13:15:25 INFO  time: compiled scala.sql in 0.56s[0m
2023.04.21 13:15:29 INFO  compiling scala.sql (1 scala source)[0m
2023.04.21 13:15:29 INFO  time: compiled scala.sql in 0.12s[0m
2023.04.21 13:15:32 INFO  compiling scala.sql (1 scala source)[0m
2023.04.21 13:15:32 WARN  one deprecation (since 2.0.0); re-run with -deprecation for details[0m
2023.04.21 13:15:32 INFO  time: compiled scala.sql in 0.6s[0m
2023.04.21 13:15:33 INFO  compiling scala.sql (1 scala source)[0m
2023.04.21 13:15:33 INFO  time: compiled scala.sql in 16ms[0m
2023.04.21 13:15:35 INFO  compiling scala.sql (1 scala source)[0m
2023.04.21 13:15:35 INFO  time: compiled scala.sql in 0.15s[0m
2023.04.21 13:15:44 INFO  compiling scala.sql (1 scala source)[0m
2023.04.21 13:15:44 INFO  time: compiled scala.sql in 0.14s[0m
2023.04.21 13:15:47 INFO  compiling scala.sql (1 scala source)[0m
2023.04.21 13:15:47 INFO  time: compiled scala.sql in 0.14s[0m
2023.04.21 13:15:48 INFO  compiling scala.sql (1 scala source)[0m
2023.04.21 13:15:48 WARN  one deprecation (since 2.0.0); re-run with -deprecation for details[0m
2023.04.21 13:15:48 INFO  time: compiled scala.sql in 0.63s[0m
2023.04.21 13:15:49 INFO  compiling scala.sql (1 scala source)[0m
2023.04.21 13:15:49 WARN  one deprecation (since 2.0.0); re-run with -deprecation for details[0m
2023.04.21 13:15:49 INFO  time: compiled scala.sql in 0.27s[0m
Apr 21, 2023 3:23:15 PM org.eclipse.lsp4j.jsonrpc.RemoteEndpoint handleCancellation
WARNING: Unmatched cancel notification for request id 2962
2023.04.21 15:34:05 INFO  Shutting down server[0m
2023.04.21 15:34:05 INFO  shutting down Metals[0m
Apr 21, 2023 3:34:05 PM org.eclipse.lsp4j.jsonrpc.RemoteEndpoint notify
INFO: Failed to send notification message.
org.eclipse.lsp4j.jsonrpc.JsonRpcException: java.nio.channels.AsynchronousCloseException
	at org.eclipse.lsp4j.jsonrpc.json.StreamMessageConsumer.consume(StreamMessageConsumer.java:72)
	at org.eclipse.lsp4j.jsonrpc.RemoteEndpoint.notify(RemoteEndpoint.java:126)
	at org.eclipse.lsp4j.jsonrpc.services.EndpointProxy.invoke(EndpointProxy.java:88)
	at jdk.proxy2/jdk.proxy2.$Proxy12.onBuildExit(Unknown Source)
	at scala.meta.internal.metals.BuildServerConnection.$anonfun$shutdown$1(BuildServerConnection.scala:118)
	at scala.meta.internal.metals.BuildServerConnection.$anonfun$shutdown$1$adapted(BuildServerConnection.scala:114)
	at scala.concurrent.impl.Promise$Transformation.run(Promise.scala:467)
	at java.base/java.util.concurrent.ThreadPoolExecutor.runWorker(ThreadPoolExecutor.java:1136)
	at java.base/java.util.concurrent.ThreadPoolExecutor$Worker.run(ThreadPoolExecutor.java:635)
	at java.base/java.lang.Thread.run(Thread.java:833)
Caused by: java.nio.channels.AsynchronousCloseException
	at java.base/java.nio.channels.spi.AbstractInterruptibleChannel.end(AbstractInterruptibleChannel.java:202)
	at java.base/sun.nio.ch.SinkChannelImpl.endWrite(SinkChannelImpl.java:263)
	at java.base/sun.nio.ch.SinkChannelImpl.write(SinkChannelImpl.java:285)
	at java.base/java.nio.channels.Channels.writeFullyImpl(Channels.java:74)
	at java.base/java.nio.channels.Channels.writeFully(Channels.java:93)
	at java.base/java.nio.channels.Channels$1.write(Channels.java:171)
	at java.base/java.io.OutputStream.write(OutputStream.java:127)
	at java.base/java.nio.channels.Channels$1.write(Channels.java:151)
	at scala.meta.internal.metals.ClosableOutputStream.write(ClosableOutputStream.scala:26)
	at java.base/java.io.FilterOutputStream.write(FilterOutputStream.java:137)
	at java.base/java.io.FilterOutputStream.write(FilterOutputStream.java:108)
	at org.eclipse.lsp4j.jsonrpc.json.StreamMessageConsumer.consume(StreamMessageConsumer.java:67)
	... 9 more

2023.04.21 15:34:05 INFO  Shut down connection with build server.[0m
2023.04.21 15:34:05 INFO  Exiting server[0m
