2023.04.20 22:17:06 INFO  Started: Metals version 0.11.11 in workspace '/Users/micuks/dev/mycode/javaHadoop/lab4.scala.removeDuplication' for client Visual Studio Code 1.77.3.[0m
SLF4J: No SLF4J providers were found.
SLF4J: Defaulting to no-operation (NOP) logger implementation
SLF4J: See https://www.slf4j.org/codes.html#noProviders for further details.
SLF4J: Class path contains SLF4J bindings targeting slf4j-api versions 1.7.x or earlier.
SLF4J: Ignoring binding found at [jar:file:/Users/micuks/Library/Caches/Coursier/v1/https/repo1.maven.org/maven2/com/outr/scribe-slf4j_2.13/3.11.0/scribe-slf4j_2.13-3.11.0.jar!/org/slf4j/impl/StaticLoggerBinder.class]
SLF4J: See https://www.slf4j.org/codes.html#ignoredBindings for an explanation.
2023.04.20 22:17:07 INFO  time: initialize in 0.56s[0m
2023.04.20 22:17:08 WARN  Build server is not auto-connectable.[0m
2023.04.20 22:17:12 INFO  running '/Users/micuks/Library/Java/JavaVirtualMachines/corretto-17.0.4.1/Contents/Home/bin/java -Dfile.encoding=UTF-8 -Dmaven.multiModuleProjectDirectory=/Users/micuks/dev/mycode/javaHadoop/lab4.scala.removeDuplication -Dmaven.home=/var/folders/4j/pvfxsg2j2d9dxpc2jlpvzh6c0000gn/T/metals9649953530146631914 -cp /var/folders/4j/pvfxsg2j2d9dxpc2jlpvzh6c0000gn/T/metals9649953530146631914/maven-wrapper.jar org.apache.maven.wrapper.MavenWrapperMain generate-sources ch.epfl.scala:bloop-maven-plugin:2.0.0:bloopInstall -DdownloadSources=true'[0m
2023.04.20 22:17:13 INFO  [INFO] Scanning for projects...[0m
2023.04.20 22:17:13 INFO  [INFO] [0m
2023.04.20 22:17:13 INFO  [INFO] --< org.wql2020211597.scala.removeDuplication:scala.removeDuplication >--[0m
2023.04.20 22:17:13 INFO  [INFO] Building scala.removeDuplication 1.0-SNAPSHOT[0m
2023.04.20 22:17:13 INFO  [INFO] --------------------------------[ jar ]---------------------------------[0m
2023.04.20 22:17:13 INFO  Downloading from central: https://repo.maven.apache.org/maven2/org/scala-lang/scala-library/2.12.6/scala-library-2.12.6.pom[0m
2023.04.20 22:17:19 WARN  Skipping build import, no checksum.[0m
2023.04.20 22:17:19 INFO  Progress (1): 1.6 kB[0m
2023.04.20 22:17:19 INFO                      [0m
2023.04.20 22:17:19 INFO  Downloaded from central: https://repo.maven.apache.org/maven2/org/scala-lang/scala-library/2.12.6/scala-library-2.12.6.pom (1.6 kB at 267 B/s)[0m
2023.04.20 22:17:19 INFO  [INFO] [0m
2023.04.20 22:17:19 INFO  [INFO] --- bloop-maven-plugin:2.0.0:bloopInstall (default-cli) @ scala.removeDuplication ---[0m
2023.04.20 22:17:19 INFO  [INFO] Using empty launcher: no run setup for scala.removeDuplication.[0m
2023.04.20 22:17:19 INFO  Downloading from central: https://repo.maven.apache.org/maven2/org/scala-lang/scala-compiler/2.12.6/scala-compiler-2.12.6.jar[0m
2023.04.20 22:17:20 INFO  Progress (1): 0.1/10 MB[0m
2023.04.20 22:17:20 INFO  Progress (1): 0.1/10 MB[0m
2023.04.20 22:17:20 INFO  Progress (1): 0.2/10 MB[0m
2023.04.20 22:17:20 INFO  Progress (1): 0.2/10 MB[0m
2023.04.20 22:17:20 INFO  Progress (1): 0.3/10 MB[0m
2023.04.20 22:17:20 INFO  Progress (1): 0.3/10 MB[0m
2023.04.20 22:17:20 INFO  Progress (1): 0.4/10 MB[0m
2023.04.20 22:17:20 INFO  Progress (1): 0.5/10 MB[0m
2023.04.20 22:17:20 INFO  Progress (1): 0.5/10 MB[0m
2023.04.20 22:17:20 INFO  Progress (1): 0.6/10 MB[0m
2023.04.20 22:17:20 INFO  Progress (1): 0.6/10 MB[0m
2023.04.20 22:17:20 INFO  Progress (1): 0.7/10 MB[0m
2023.04.20 22:17:21 INFO  Progress (1): 0.7/10 MB[0m
2023.04.20 22:17:21 INFO  Progress (1): 0.8/10 MB[0m
2023.04.20 22:17:21 INFO  Progress (1): 0.9/10 MB[0m
2023.04.20 22:17:21 INFO  Progress (1): 0.9/10 MB[0m
2023.04.20 22:17:21 INFO  Progress (1): 1.0/10 MB[0m
2023.04.20 22:17:21 INFO  Progress (1): 1.0/10 MB[0m
2023.04.20 22:17:21 INFO  Progress (1): 1.1/10 MB[0m
2023.04.20 22:17:21 INFO  Progress (1): 1.1/10 MB[0m
2023.04.20 22:17:21 INFO  Progress (1): 1.2/10 MB[0m
2023.04.20 22:17:21 INFO  Progress (1): 1.3/10 MB[0m
2023.04.20 22:17:21 INFO  Progress (1): 1.3/10 MB[0m
2023.04.20 22:17:21 INFO  Progress (1): 1.4/10 MB[0m
2023.04.20 22:17:21 INFO  Progress (1): 1.4/10 MB[0m
2023.04.20 22:17:22 INFO  Progress (1): 1.5/10 MB[0m
2023.04.20 22:17:22 INFO  Progress (1): 1.5/10 MB[0m
2023.04.20 22:17:22 INFO  Progress (1): 1.6/10 MB[0m
2023.04.20 22:17:22 INFO  Progress (1): 1.6/10 MB[0m
2023.04.20 22:17:22 INFO  Progress (1): 1.7/10 MB[0m
2023.04.20 22:17:22 INFO  Progress (1): 1.8/10 MB[0m
2023.04.20 22:17:22 INFO  Progress (1): 1.8/10 MB[0m
2023.04.20 22:17:22 INFO  Progress (1): 1.9/10 MB[0m
2023.04.20 22:17:22 INFO  Progress (1): 1.9/10 MB[0m
2023.04.20 22:17:22 INFO  Progress (1): 2.0/10 MB[0m
2023.04.20 22:17:22 INFO  Progress (1): 2.0/10 MB[0m
2023.04.20 22:17:22 INFO  Progress (1): 2.1/10 MB[0m
2023.04.20 22:17:22 INFO  Progress (1): 2.2/10 MB[0m
2023.04.20 22:17:23 INFO  Progress (1): 2.2/10 MB[0m
2023.04.20 22:17:23 INFO  Progress (1): 2.3/10 MB[0m
2023.04.20 22:17:23 INFO  Progress (1): 2.3/10 MB[0m
2023.04.20 22:17:23 INFO  Progress (1): 2.4/10 MB[0m
2023.04.20 22:17:23 INFO  Progress (1): 2.4/10 MB[0m
2023.04.20 22:17:23 INFO  Progress (1): 2.5/10 MB[0m
2023.04.20 22:17:23 INFO  Progress (1): 2.5/10 MB[0m
2023.04.20 22:17:23 INFO  Progress (1): 2.6/10 MB[0m
2023.04.20 22:17:23 INFO  Progress (1): 2.7/10 MB[0m
2023.04.20 22:17:23 INFO  Progress (1): 2.7/10 MB[0m
2023.04.20 22:17:23 INFO  Progress (1): 2.8/10 MB[0m
2023.04.20 22:17:23 INFO  Progress (1): 2.8/10 MB[0m
2023.04.20 22:17:23 INFO  Progress (1): 2.9/10 MB[0m
2023.04.20 22:17:24 INFO  Progress (1): 2.9/10 MB[0m
2023.04.20 22:17:24 INFO  Progress (1): 3.0/10 MB[0m
2023.04.20 22:17:24 INFO  Progress (1): 3.1/10 MB[0m
2023.04.20 22:17:24 INFO  Progress (1): 3.1/10 MB[0m
2023.04.20 22:17:24 INFO  Progress (1): 3.2/10 MB[0m
2023.04.20 22:17:24 INFO  Progress (1): 3.2/10 MB[0m
2023.04.20 22:17:24 INFO  Progress (1): 3.3/10 MB[0m
2023.04.20 22:17:24 INFO  Progress (1): 3.3/10 MB[0m
2023.04.20 22:17:24 INFO  Progress (1): 3.4/10 MB[0m
2023.04.20 22:17:24 INFO  Progress (1): 3.5/10 MB[0m
2023.04.20 22:17:24 INFO  Progress (1): 3.5/10 MB[0m
2023.04.20 22:17:25 INFO  Progress (1): 3.6/10 MB[0m
2023.04.20 22:17:25 INFO  Progress (1): 3.6/10 MB[0m
2023.04.20 22:17:25 INFO  Progress (1): 3.7/10 MB[0m
2023.04.20 22:17:25 INFO  Progress (1): 3.7/10 MB[0m
2023.04.20 22:17:25 INFO  Progress (1): 3.8/10 MB[0m
2023.04.20 22:17:25 INFO  Progress (1): 3.8/10 MB[0m
2023.04.20 22:17:25 INFO  Progress (1): 3.9/10 MB[0m
2023.04.20 22:17:25 INFO  Progress (1): 4.0/10 MB[0m
2023.04.20 22:17:25 INFO  Progress (1): 4.0/10 MB[0m
2023.04.20 22:17:25 INFO  Progress (1): 4.1/10 MB[0m
2023.04.20 22:17:25 INFO  Progress (1): 4.1/10 MB[0m
2023.04.20 22:17:25 INFO  Progress (1): 4.2/10 MB[0m
2023.04.20 22:17:25 INFO  Progress (1): 4.2/10 MB[0m
2023.04.20 22:17:26 INFO  Progress (1): 4.3/10 MB[0m
2023.04.20 22:17:26 INFO  Progress (1): 4.4/10 MB[0m
2023.04.20 22:17:26 INFO  Progress (1): 4.4/10 MB[0m
2023.04.20 22:17:26 INFO  Progress (1): 4.5/10 MB[0m
2023.04.20 22:17:26 INFO  Progress (1): 4.5/10 MB[0m
2023.04.20 22:17:26 INFO  Progress (1): 4.6/10 MB[0m
2023.04.20 22:17:26 INFO  Progress (1): 4.6/10 MB[0m
2023.04.20 22:17:26 INFO  Progress (1): 4.7/10 MB[0m
2023.04.20 22:17:26 INFO  Progress (1): 4.8/10 MB[0m
2023.04.20 22:17:26 INFO  Progress (1): 4.8/10 MB[0m
2023.04.20 22:17:26 INFO  Progress (1): 4.9/10 MB[0m
2023.04.20 22:17:26 INFO  Progress (1): 4.9/10 MB[0m
2023.04.20 22:17:26 INFO  Progress (1): 5.0/10 MB[0m
2023.04.20 22:17:27 INFO  Progress (1): 5.1/10 MB[0m
2023.04.20 22:17:27 INFO  Progress (1): 5.1/10 MB[0m
2023.04.20 22:17:27 INFO  Progress (1): 5.2/10 MB[0m
2023.04.20 22:17:27 INFO  Progress (1): 5.2/10 MB[0m
2023.04.20 22:17:27 INFO  Progress (1): 5.3/10 MB[0m
2023.04.20 22:17:27 INFO  Progress (1): 5.3/10 MB[0m
2023.04.20 22:17:27 INFO  Progress (1): 5.4/10 MB[0m
2023.04.20 22:17:27 INFO  Progress (1): 5.4/10 MB[0m
2023.04.20 22:17:27 INFO  Progress (1): 5.5/10 MB[0m
2023.04.20 22:17:27 INFO  Progress (1): 5.6/10 MB[0m
2023.04.20 22:17:27 INFO  Progress (1): 5.6/10 MB[0m
2023.04.20 22:17:27 INFO  Progress (1): 5.7/10 MB[0m
2023.04.20 22:17:27 INFO  Progress (1): 5.7/10 MB[0m
2023.04.20 22:17:29 INFO  Progress (1): 5.8/10 MB[0m
2023.04.20 22:17:29 INFO  Progress (1): 5.8/10 MB[0m
2023.04.20 22:17:29 INFO  Progress (1): 5.9/10 MB[0m
2023.04.20 22:17:29 INFO  Progress (1): 6.0/10 MB[0m
2023.04.20 22:17:29 INFO  Progress (1): 6.0/10 MB[0m
2023.04.20 22:17:29 INFO  Progress (1): 6.1/10 MB[0m
2023.04.20 22:17:29 INFO  Progress (1): 6.1/10 MB[0m
2023.04.20 22:17:29 INFO  Progress (1): 6.2/10 MB[0m
2023.04.20 22:17:29 INFO  Progress (1): 6.2/10 MB[0m
2023.04.20 22:17:29 INFO  Progress (1): 6.3/10 MB[0m
2023.04.20 22:17:29 INFO  Progress (1): 6.4/10 MB[0m
2023.04.20 22:17:29 INFO  Progress (1): 6.4/10 MB[0m
2023.04.20 22:17:30 INFO  Progress (1): 6.5/10 MB[0m
2023.04.20 22:17:30 INFO  Progress (1): 6.5/10 MB[0m
2023.04.20 22:17:30 INFO  Progress (1): 6.6/10 MB[0m
2023.04.20 22:17:30 INFO  Progress (1): 6.6/10 MB[0m
2023.04.20 22:17:30 INFO  Progress (1): 6.7/10 MB[0m
2023.04.20 22:17:30 INFO  Progress (1): 6.7/10 MB[0m
2023.04.20 22:17:30 INFO  Progress (1): 6.8/10 MB[0m
2023.04.20 22:17:30 INFO  Progress (1): 6.9/10 MB[0m
2023.04.20 22:17:30 INFO  Progress (1): 6.9/10 MB[0m
2023.04.20 22:17:30 INFO  Progress (1): 7.0/10 MB[0m
2023.04.20 22:17:30 INFO  Progress (1): 7.0/10 MB[0m
2023.04.20 22:17:30 INFO  Progress (1): 7.1/10 MB[0m
2023.04.20 22:17:30 INFO  Progress (1): 7.1/10 MB[0m
2023.04.20 22:17:31 INFO  Progress (1): 7.2/10 MB[0m
2023.04.20 22:17:31 INFO  Progress (1): 7.3/10 MB[0m
2023.04.20 22:17:31 INFO  Progress (1): 7.3/10 MB[0m
2023.04.20 22:17:31 INFO  Progress (1): 7.4/10 MB[0m
2023.04.20 22:17:31 INFO  Progress (1): 7.4/10 MB[0m
2023.04.20 22:17:31 INFO  Progress (1): 7.5/10 MB[0m
2023.04.20 22:17:31 INFO  Progress (1): 7.5/10 MB[0m
2023.04.20 22:17:31 INFO  Progress (1): 7.6/10 MB[0m
2023.04.20 22:17:31 INFO  Progress (1): 7.7/10 MB[0m
2023.04.20 22:17:31 INFO  Progress (1): 7.7/10 MB[0m
2023.04.20 22:17:31 INFO  Progress (1): 7.8/10 MB[0m
2023.04.20 22:17:31 INFO  Progress (1): 7.8/10 MB[0m
2023.04.20 22:17:31 INFO  Progress (1): 7.9/10 MB[0m
2023.04.20 22:17:32 INFO  Progress (1): 7.9/10 MB[0m
2023.04.20 22:17:32 INFO  Progress (1): 8.0/10 MB[0m
2023.04.20 22:17:32 INFO  Progress (1): 8.1/10 MB[0m
2023.04.20 22:17:32 INFO  Progress (1): 8.1/10 MB[0m
2023.04.20 22:17:32 INFO  Progress (1): 8.2/10 MB[0m
2023.04.20 22:17:32 INFO  Progress (1): 8.2/10 MB[0m
2023.04.20 22:17:32 INFO  Progress (1): 8.3/10 MB[0m
2023.04.20 22:17:32 INFO  Progress (1): 8.3/10 MB[0m
2023.04.20 22:17:32 INFO  Progress (1): 8.4/10 MB[0m
2023.04.20 22:17:32 INFO  Progress (1): 8.4/10 MB[0m
2023.04.20 22:17:32 INFO  Progress (1): 8.5/10 MB[0m
2023.04.20 22:17:32 INFO  Progress (1): 8.6/10 MB[0m
2023.04.20 22:17:32 INFO  Progress (1): 8.6/10 MB[0m
2023.04.20 22:17:33 INFO  Progress (1): 8.7/10 MB[0m
2023.04.20 22:17:33 INFO  Progress (1): 8.7/10 MB[0m
2023.04.20 22:17:33 INFO  Progress (1): 8.8/10 MB[0m
2023.04.20 22:17:33 INFO  Progress (1): 8.8/10 MB[0m
2023.04.20 22:17:33 INFO  Progress (1): 8.9/10 MB[0m
2023.04.20 22:17:33 INFO  Progress (1): 9.0/10 MB[0m
2023.04.20 22:17:33 INFO  Progress (1): 9.0/10 MB[0m
2023.04.20 22:17:33 INFO  Progress (1): 9.1/10 MB[0m
2023.04.20 22:17:33 INFO  Progress (1): 9.1/10 MB[0m
2023.04.20 22:17:33 INFO  Progress (1): 9.2/10 MB[0m
2023.04.20 22:17:33 INFO  Progress (1): 9.2/10 MB[0m
2023.04.20 22:17:33 INFO  Progress (1): 9.3/10 MB[0m
2023.04.20 22:17:33 INFO  Progress (1): 9.4/10 MB[0m
2023.04.20 22:17:33 INFO  Progress (1): 9.4/10 MB[0m
2023.04.20 22:17:34 INFO  Progress (1): 9.5/10 MB[0m
2023.04.20 22:17:34 INFO  Progress (1): 9.5/10 MB[0m
2023.04.20 22:17:34 INFO  Progress (1): 9.6/10 MB[0m
2023.04.20 22:17:34 INFO  Progress (1): 9.6/10 MB[0m
2023.04.20 22:17:34 INFO  Progress (1): 9.7/10 MB[0m
2023.04.20 22:17:34 INFO  Progress (1): 9.8/10 MB[0m
2023.04.20 22:17:34 INFO  Progress (1): 9.8/10 MB[0m
2023.04.20 22:17:35 INFO  Progress (1): 9.9/10 MB[0m
2023.04.20 22:17:35 INFO  Progress (1): 9.9/10 MB[0m
2023.04.20 22:17:35 INFO  Progress (1): 10.0/10 MB[0m
2023.04.20 22:17:35 INFO  Progress (1): 10/10 MB  [0m
2023.04.20 22:17:35 INFO  Progress (1): 10/10 MB[0m
2023.04.20 22:17:35 INFO  Progress (1): 10/10 MB[0m
2023.04.20 22:17:35 INFO  Progress (1): 10/10 MB[0m
2023.04.20 22:17:35 INFO  Progress (1): 10/10 MB[0m
2023.04.20 22:17:35 INFO  Progress (1): 10/10 MB[0m
2023.04.20 22:17:35 INFO  Progress (1): 10/10 MB[0m
2023.04.20 22:17:35 INFO  Progress (1): 10 MB   [0m
2023.04.20 22:17:36 INFO                     [0m
2023.04.20 22:17:36 INFO  Downloaded from central: https://repo.maven.apache.org/maven2/org/scala-lang/scala-compiler/2.12.6/scala-compiler-2.12.6.jar (10 MB at 647 kB/s)[0m
2023.04.20 22:17:36 INFO  Downloading from central: https://repo.maven.apache.org/maven2/org/scala-lang/scala-compiler/2.12.6/scala-compiler-2.12.6.pom[0m
2023.04.20 22:17:36 INFO  Progress (1): 2.3 kB[0m
2023.04.20 22:17:36 INFO                      [0m
2023.04.20 22:17:36 INFO  Downloaded from central: https://repo.maven.apache.org/maven2/org/scala-lang/scala-compiler/2.12.6/scala-compiler-2.12.6.pom (2.3 kB at 6.1 kB/s)[0m
2023.04.20 22:17:36 INFO  Downloading from central: https://repo.maven.apache.org/maven2/org/scala-lang/scala-reflect/2.12.6/scala-reflect-2.12.6.pom[0m
2023.04.20 22:17:36 INFO  Progress (1): 1.8 kB[0m
2023.04.20 22:17:36 INFO                      [0m
2023.04.20 22:17:36 INFO  Downloaded from central: https://repo.maven.apache.org/maven2/org/scala-lang/scala-reflect/2.12.6/scala-reflect-2.12.6.pom (1.8 kB at 5.0 kB/s)[0m
2023.04.20 22:17:36 INFO  Downloading from central: https://repo.maven.apache.org/maven2/org/scala-lang/scala-reflect/2.12.6/scala-reflect-2.12.6.jar[0m
2023.04.20 22:17:36 INFO  Progress (1): 0/3.6 MB[0m
2023.04.20 22:17:36 INFO  Progress (1): 0/3.6 MB[0m
2023.04.20 22:17:37 INFO  Progress (1): 0/3.6 MB[0m
2023.04.20 22:17:37 INFO  Progress (1): 0.1/3.6 MB[0m
2023.04.20 22:17:37 INFO  Progress (1): 0.1/3.6 MB[0m
2023.04.20 22:17:37 INFO  Progress (1): 0.1/3.6 MB[0m
2023.04.20 22:17:37 INFO  Progress (1): 0.1/3.6 MB[0m
2023.04.20 22:17:37 INFO  Progress (1): 0.1/3.6 MB[0m
2023.04.20 22:17:37 INFO  Progress (1): 0.1/3.6 MB[0m
2023.04.20 22:17:37 INFO  Progress (1): 0.2/3.6 MB[0m
2023.04.20 22:17:37 INFO  Progress (1): 0.2/3.6 MB[0m
2023.04.20 22:17:37 INFO  Progress (1): 0.2/3.6 MB[0m
2023.04.20 22:17:37 INFO  Progress (1): 0.2/3.6 MB[0m
2023.04.20 22:17:37 INFO  Progress (1): 0.2/3.6 MB[0m
2023.04.20 22:17:37 INFO  Progress (1): 0.2/3.6 MB[0m
2023.04.20 22:17:37 INFO  Progress (1): 0.3/3.6 MB[0m
2023.04.20 22:17:37 INFO  Progress (1): 0.3/3.6 MB[0m
2023.04.20 22:17:37 INFO  Progress (1): 0.3/3.6 MB[0m
2023.04.20 22:17:37 INFO  Progress (1): 0.3/3.6 MB[0m
2023.04.20 22:17:37 INFO  Progress (1): 0.3/3.6 MB[0m
2023.04.20 22:17:37 INFO  Progress (1): 0.3/3.6 MB[0m
2023.04.20 22:17:37 INFO  Progress (1): 0.4/3.6 MB[0m
2023.04.20 22:17:37 INFO  Progress (1): 0.4/3.6 MB[0m
2023.04.20 22:17:37 INFO  Progress (1): 0.4/3.6 MB[0m
2023.04.20 22:17:37 INFO  Progress (1): 0.4/3.6 MB[0m
2023.04.20 22:17:37 INFO  Progress (1): 0.4/3.6 MB[0m
2023.04.20 22:17:37 INFO  Progress (1): 0.4/3.6 MB[0m
2023.04.20 22:17:37 INFO  Progress (1): 0.5/3.6 MB[0m
2023.04.20 22:17:37 INFO  Progress (1): 0.5/3.6 MB[0m
2023.04.20 22:17:37 INFO  Progress (1): 0.5/3.6 MB[0m
2023.04.20 22:17:37 INFO  Progress (1): 0.5/3.6 MB[0m
2023.04.20 22:17:37 INFO  Progress (1): 0.5/3.6 MB[0m
2023.04.20 22:17:37 INFO  Progress (1): 0.5/3.6 MB[0m
2023.04.20 22:17:37 INFO  Progress (1): 0.6/3.6 MB[0m
2023.04.20 22:17:37 INFO  Progress (1): 0.6/3.6 MB[0m
2023.04.20 22:17:37 INFO  Progress (1): 0.6/3.6 MB[0m
2023.04.20 22:17:37 INFO  Progress (1): 0.6/3.6 MB[0m
2023.04.20 22:17:37 INFO  Progress (1): 0.6/3.6 MB[0m
2023.04.20 22:17:37 INFO  Progress (1): 0.6/3.6 MB[0m
2023.04.20 22:17:37 INFO  Progress (1): 0.7/3.6 MB[0m
2023.04.20 22:17:37 INFO  Progress (1): 0.7/3.6 MB[0m
2023.04.20 22:17:37 INFO  Progress (1): 0.7/3.6 MB[0m
2023.04.20 22:17:37 INFO  Progress (1): 0.7/3.6 MB[0m
2023.04.20 22:17:37 INFO  Progress (1): 0.7/3.6 MB[0m
2023.04.20 22:17:37 INFO  Progress (1): 0.7/3.6 MB[0m
2023.04.20 22:17:37 INFO  Progress (1): 0.8/3.6 MB[0m
2023.04.20 22:17:38 INFO  Progress (1): 0.8/3.6 MB[0m
2023.04.20 22:17:38 INFO  Progress (1): 0.8/3.6 MB[0m
2023.04.20 22:17:38 INFO  Progress (1): 0.8/3.6 MB[0m
2023.04.20 22:17:38 INFO  Progress (1): 0.8/3.6 MB[0m
2023.04.20 22:17:38 INFO  Progress (1): 0.8/3.6 MB[0m
2023.04.20 22:17:38 INFO  Progress (1): 0.9/3.6 MB[0m
2023.04.20 22:17:38 INFO  Progress (1): 0.9/3.6 MB[0m
2023.04.20 22:17:38 INFO  Progress (1): 0.9/3.6 MB[0m
2023.04.20 22:17:38 INFO  Progress (1): 0.9/3.6 MB[0m
2023.04.20 22:17:38 INFO  Progress (1): 0.9/3.6 MB[0m
2023.04.20 22:17:38 INFO  Progress (1): 0.9/3.6 MB[0m
2023.04.20 22:17:38 INFO  Progress (1): 1.0/3.6 MB[0m
2023.04.20 22:17:38 INFO  Progress (1): 1.0/3.6 MB[0m
2023.04.20 22:17:38 INFO  Progress (1): 1.0/3.6 MB[0m
2023.04.20 22:17:38 INFO  Progress (1): 1.0/3.6 MB[0m
2023.04.20 22:17:38 INFO  Progress (1): 1.0/3.6 MB[0m
2023.04.20 22:17:38 INFO  Progress (1): 1.0/3.6 MB[0m
2023.04.20 22:17:38 INFO  Progress (1): 1.1/3.6 MB[0m
2023.04.20 22:17:38 INFO  Progress (1): 1.1/3.6 MB[0m
2023.04.20 22:17:38 INFO  Progress (1): 1.1/3.6 MB[0m
2023.04.20 22:17:38 INFO  Progress (1): 1.1/3.6 MB[0m
2023.04.20 22:17:38 INFO  Progress (1): 1.1/3.6 MB[0m
2023.04.20 22:17:38 INFO  Progress (1): 1.1/3.6 MB[0m
2023.04.20 22:17:38 INFO  Progress (1): 1.2/3.6 MB[0m
2023.04.20 22:17:38 INFO  Progress (1): 1.2/3.6 MB[0m
2023.04.20 22:17:38 INFO  Progress (1): 1.2/3.6 MB[0m
2023.04.20 22:17:38 INFO  Progress (1): 1.2/3.6 MB[0m
2023.04.20 22:17:38 INFO  Progress (1): 1.2/3.6 MB[0m
2023.04.20 22:17:38 INFO  Progress (1): 1.2/3.6 MB[0m
2023.04.20 22:17:38 INFO  Progress (1): 1.3/3.6 MB[0m
2023.04.20 22:17:38 INFO  Progress (1): 1.3/3.6 MB[0m
2023.04.20 22:17:38 INFO  Progress (1): 1.3/3.6 MB[0m
2023.04.20 22:17:38 INFO  Progress (1): 1.3/3.6 MB[0m
2023.04.20 22:17:38 INFO  Progress (1): 1.3/3.6 MB[0m
2023.04.20 22:17:38 INFO  Progress (1): 1.3/3.6 MB[0m
2023.04.20 22:17:38 INFO  Progress (1): 1.4/3.6 MB[0m
2023.04.20 22:17:38 INFO  Progress (1): 1.4/3.6 MB[0m
2023.04.20 22:17:38 INFO  Progress (1): 1.4/3.6 MB[0m
2023.04.20 22:17:38 INFO  Progress (1): 1.4/3.6 MB[0m
2023.04.20 22:17:38 INFO  Progress (1): 1.4/3.6 MB[0m
2023.04.20 22:17:38 INFO  Progress (1): 1.4/3.6 MB[0m
2023.04.20 22:17:38 INFO  Progress (1): 1.4/3.6 MB[0m
2023.04.20 22:17:38 INFO  Progress (1): 1.5/3.6 MB[0m
2023.04.20 22:17:38 INFO  Progress (1): 1.5/3.6 MB[0m
2023.04.20 22:17:38 INFO  Progress (1): 1.5/3.6 MB[0m
2023.04.20 22:17:39 INFO  Progress (1): 1.5/3.6 MB[0m
2023.04.20 22:17:39 INFO  Progress (1): 1.5/3.6 MB[0m
2023.04.20 22:17:39 INFO  Progress (1): 1.5/3.6 MB[0m
2023.04.20 22:17:39 INFO  Progress (1): 1.6/3.6 MB[0m
2023.04.20 22:17:39 INFO  Progress (1): 1.6/3.6 MB[0m
2023.04.20 22:17:39 INFO  Progress (1): 1.6/3.6 MB[0m
2023.04.20 22:17:39 INFO  Progress (1): 1.6/3.6 MB[0m
2023.04.20 22:17:39 INFO  Progress (1): 1.6/3.6 MB[0m
2023.04.20 22:17:39 INFO  Progress (1): 1.6/3.6 MB[0m
2023.04.20 22:17:39 INFO  Progress (1): 1.7/3.6 MB[0m
2023.04.20 22:17:39 INFO  Progress (1): 1.7/3.6 MB[0m
2023.04.20 22:17:39 INFO  Progress (1): 1.7/3.6 MB[0m
2023.04.20 22:17:39 INFO  Progress (1): 1.7/3.6 MB[0m
2023.04.20 22:17:39 INFO  Progress (1): 1.7/3.6 MB[0m
2023.04.20 22:17:39 INFO  Progress (1): 1.7/3.6 MB[0m
2023.04.20 22:17:39 INFO  Progress (1): 1.8/3.6 MB[0m
2023.04.20 22:17:39 INFO  Progress (1): 1.8/3.6 MB[0m
2023.04.20 22:17:39 INFO  Progress (1): 1.8/3.6 MB[0m
2023.04.20 22:17:39 INFO  Progress (1): 1.8/3.6 MB[0m
2023.04.20 22:17:39 INFO  Progress (1): 1.8/3.6 MB[0m
2023.04.20 22:17:39 INFO  Progress (1): 1.8/3.6 MB[0m
2023.04.20 22:17:39 INFO  Progress (1): 1.9/3.6 MB[0m
2023.04.20 22:17:39 INFO  Progress (1): 1.9/3.6 MB[0m
2023.04.20 22:17:39 INFO  Progress (1): 1.9/3.6 MB[0m
2023.04.20 22:17:39 INFO  Progress (1): 1.9/3.6 MB[0m
2023.04.20 22:17:39 INFO  Progress (1): 1.9/3.6 MB[0m
2023.04.20 22:17:39 INFO  Progress (1): 1.9/3.6 MB[0m
2023.04.20 22:17:39 INFO  Progress (1): 2.0/3.6 MB[0m
2023.04.20 22:17:39 INFO  Progress (1): 2.0/3.6 MB[0m
2023.04.20 22:17:39 INFO  Progress (1): 2.0/3.6 MB[0m
2023.04.20 22:17:39 INFO  Progress (1): 2.0/3.6 MB[0m
2023.04.20 22:17:39 INFO  Progress (1): 2.0/3.6 MB[0m
2023.04.20 22:17:39 INFO  Progress (1): 2.0/3.6 MB[0m
2023.04.20 22:17:39 INFO  Progress (1): 2.1/3.6 MB[0m
2023.04.20 22:17:39 INFO  Progress (1): 2.1/3.6 MB[0m
2023.04.20 22:17:39 INFO  Progress (1): 2.1/3.6 MB[0m
2023.04.20 22:17:39 INFO  Progress (1): 2.1/3.6 MB[0m
2023.04.20 22:17:39 INFO  Progress (1): 2.1/3.6 MB[0m
2023.04.20 22:17:39 INFO  Progress (1): 2.1/3.6 MB[0m
2023.04.20 22:17:39 INFO  Progress (1): 2.2/3.6 MB[0m
2023.04.20 22:17:39 INFO  Progress (1): 2.2/3.6 MB[0m
2023.04.20 22:17:39 INFO  Progress (1): 2.2/3.6 MB[0m
2023.04.20 22:17:39 INFO  Progress (1): 2.2/3.6 MB[0m
2023.04.20 22:17:40 INFO  Progress (1): 2.2/3.6 MB[0m
2023.04.20 22:17:40 INFO  Progress (1): 2.2/3.6 MB[0m
2023.04.20 22:17:40 INFO  Progress (1): 2.3/3.6 MB[0m
2023.04.20 22:17:40 INFO  Progress (1): 2.3/3.6 MB[0m
2023.04.20 22:17:40 INFO  Progress (1): 2.3/3.6 MB[0m
2023.04.20 22:17:40 INFO  Progress (1): 2.3/3.6 MB[0m
2023.04.20 22:17:40 INFO  Progress (1): 2.3/3.6 MB[0m
2023.04.20 22:17:40 INFO  Progress (1): 2.3/3.6 MB[0m
2023.04.20 22:17:40 INFO  Progress (1): 2.4/3.6 MB[0m
2023.04.20 22:17:40 INFO  Progress (1): 2.4/3.6 MB[0m
2023.04.20 22:17:40 INFO  Progress (1): 2.4/3.6 MB[0m
2023.04.20 22:17:40 INFO  Progress (1): 2.4/3.6 MB[0m
2023.04.20 22:17:40 INFO  Progress (1): 2.4/3.6 MB[0m
2023.04.20 22:17:40 INFO  Progress (1): 2.4/3.6 MB[0m
2023.04.20 22:17:40 INFO  Progress (1): 2.5/3.6 MB[0m
2023.04.20 22:17:40 INFO  Progress (1): 2.5/3.6 MB[0m
2023.04.20 22:17:40 INFO  Progress (1): 2.5/3.6 MB[0m
2023.04.20 22:17:40 INFO  Progress (1): 2.5/3.6 MB[0m
2023.04.20 22:17:40 INFO  Progress (1): 2.5/3.6 MB[0m
2023.04.20 22:17:40 INFO  Progress (1): 2.5/3.6 MB[0m
2023.04.20 22:17:40 INFO  Progress (1): 2.6/3.6 MB[0m
2023.04.20 22:17:40 INFO  Progress (1): 2.6/3.6 MB[0m
2023.04.20 22:17:40 INFO  Progress (1): 2.6/3.6 MB[0m
2023.04.20 22:17:40 INFO  Progress (1): 2.6/3.6 MB[0m
2023.04.20 22:17:40 INFO  Progress (1): 2.6/3.6 MB[0m
2023.04.20 22:17:40 INFO  Progress (1): 2.6/3.6 MB[0m
2023.04.20 22:17:40 INFO  Progress (1): 2.7/3.6 MB[0m
2023.04.20 22:17:40 INFO  Progress (1): 2.7/3.6 MB[0m
2023.04.20 22:17:40 INFO  Progress (1): 2.7/3.6 MB[0m
2023.04.20 22:17:40 INFO  Progress (1): 2.7/3.6 MB[0m
2023.04.20 22:17:40 INFO  Progress (1): 2.7/3.6 MB[0m
2023.04.20 22:17:40 INFO  Progress (1): 2.7/3.6 MB[0m
2023.04.20 22:17:40 INFO  Progress (1): 2.8/3.6 MB[0m
2023.04.20 22:17:40 INFO  Progress (1): 2.8/3.6 MB[0m
2023.04.20 22:17:40 INFO  Progress (1): 2.8/3.6 MB[0m
2023.04.20 22:17:40 INFO  Progress (1): 2.8/3.6 MB[0m
2023.04.20 22:17:40 INFO  Progress (1): 2.8/3.6 MB[0m
2023.04.20 22:17:40 INFO  Progress (1): 2.8/3.6 MB[0m
2023.04.20 22:17:40 INFO  Progress (1): 2.9/3.6 MB[0m
2023.04.20 22:17:40 INFO  Progress (1): 2.9/3.6 MB[0m
2023.04.20 22:17:40 INFO  Progress (1): 2.9/3.6 MB[0m
2023.04.20 22:17:40 INFO  Progress (1): 2.9/3.6 MB[0m
2023.04.20 22:17:40 INFO  Progress (1): 2.9/3.6 MB[0m
2023.04.20 22:17:40 INFO  Progress (1): 2.9/3.6 MB[0m
2023.04.20 22:17:40 INFO  Progress (1): 2.9/3.6 MB[0m
2023.04.20 22:17:40 INFO  Progress (1): 3.0/3.6 MB[0m
2023.04.20 22:17:41 INFO  Progress (1): 3.0/3.6 MB[0m
2023.04.20 22:17:41 INFO  Progress (1): 3.0/3.6 MB[0m
2023.04.20 22:17:41 INFO  Progress (1): 3.0/3.6 MB[0m
2023.04.20 22:17:41 INFO  Progress (1): 3.0/3.6 MB[0m
2023.04.20 22:17:41 INFO  Progress (1): 3.0/3.6 MB[0m
2023.04.20 22:17:41 INFO  Progress (1): 3.1/3.6 MB[0m
2023.04.20 22:17:41 INFO  Progress (1): 3.1/3.6 MB[0m
2023.04.20 22:17:41 INFO  Progress (1): 3.1/3.6 MB[0m
2023.04.20 22:17:41 INFO  Progress (1): 3.1/3.6 MB[0m
2023.04.20 22:17:41 INFO  Progress (1): 3.1/3.6 MB[0m
2023.04.20 22:17:41 INFO  Progress (1): 3.1/3.6 MB[0m
2023.04.20 22:17:41 INFO  Progress (1): 3.2/3.6 MB[0m
2023.04.20 22:17:41 INFO  Progress (1): 3.2/3.6 MB[0m
2023.04.20 22:17:41 INFO  Progress (1): 3.2/3.6 MB[0m
2023.04.20 22:17:41 INFO  Progress (1): 3.2/3.6 MB[0m
2023.04.20 22:17:41 INFO  Progress (1): 3.2/3.6 MB[0m
2023.04.20 22:17:41 INFO  Progress (1): 3.2/3.6 MB[0m
2023.04.20 22:17:41 INFO  Progress (1): 3.3/3.6 MB[0m
2023.04.20 22:17:41 INFO  Progress (1): 3.3/3.6 MB[0m
2023.04.20 22:17:41 INFO  Progress (1): 3.3/3.6 MB[0m
2023.04.20 22:17:41 INFO  Progress (1): 3.3/3.6 MB[0m
2023.04.20 22:17:41 INFO  Progress (1): 3.3/3.6 MB[0m
2023.04.20 22:17:41 INFO  Progress (1): 3.3/3.6 MB[0m
2023.04.20 22:17:41 INFO  Progress (1): 3.4/3.6 MB[0m
2023.04.20 22:17:41 INFO  Progress (1): 3.4/3.6 MB[0m
2023.04.20 22:17:41 INFO  Progress (1): 3.4/3.6 MB[0m
2023.04.20 22:17:41 INFO  Progress (1): 3.4/3.6 MB[0m
2023.04.20 22:17:41 INFO  Progress (1): 3.4/3.6 MB[0m
2023.04.20 22:17:41 INFO  Progress (1): 3.4/3.6 MB[0m
2023.04.20 22:17:41 INFO  Progress (1): 3.5/3.6 MB[0m
2023.04.20 22:17:41 INFO  Progress (1): 3.5/3.6 MB[0m
2023.04.20 22:17:41 INFO  Progress (1): 3.5/3.6 MB[0m
2023.04.20 22:17:41 INFO  Progress (1): 3.5/3.6 MB[0m
2023.04.20 22:17:41 INFO  Progress (1): 3.5/3.6 MB[0m
2023.04.20 22:17:41 INFO  Progress (1): 3.5/3.6 MB[0m
2023.04.20 22:17:41 INFO  Progress (1): 3.6/3.6 MB[0m
2023.04.20 22:17:41 INFO  Progress (1): 3.6/3.6 MB[0m
2023.04.20 22:17:41 INFO  Progress (1): 3.6/3.6 MB[0m
2023.04.20 22:17:41 INFO  Progress (1): 3.6 MB    [0m
2023.04.20 22:17:42 INFO                      [0m
2023.04.20 22:17:42 INFO  Downloaded from central: https://repo.maven.apache.org/maven2/org/scala-lang/scala-reflect/2.12.6/scala-reflect-2.12.6.jar (3.6 MB at 672 kB/s)[0m
2023.04.20 22:17:42 INFO  [INFO] Resolving artifact: org.scala-lang:scala-library:jar:2.12.6:compile (sources = false)[0m
2023.04.20 22:17:42 INFO  [INFO] SUCCESS: org.scala-lang:scala-library:jar:2.12.6:compile (sources = false)[0m
2023.04.20 22:17:42 INFO  [INFO] Resolving artifact: org.scala-lang:scala-library:jar:2.12.6:compile (sources = true)[0m
2023.04.20 22:17:42 INFO  Downloading from central: https://repo.maven.apache.org/maven2/org/scala-lang/scala-library/2.12.6/scala-library-2.12.6-sources.jar[0m
2023.04.20 22:17:42 INFO  Progress (1): 8.2/992 kB[0m
2023.04.20 22:17:42 INFO  Progress (1): 16/992 kB [0m
2023.04.20 22:17:42 INFO  Progress (1): 25/992 kB[0m
2023.04.20 22:17:42 INFO  Progress (1): 33/992 kB[0m
2023.04.20 22:17:42 INFO  Progress (1): 41/992 kB[0m
2023.04.20 22:17:42 INFO  Progress (1): 49/992 kB[0m
2023.04.20 22:17:42 INFO  Progress (1): 57/992 kB[0m
2023.04.20 22:17:42 INFO  Progress (1): 66/992 kB[0m
2023.04.20 22:17:42 INFO  Progress (1): 74/992 kB[0m
2023.04.20 22:17:42 INFO  Progress (1): 82/992 kB[0m
2023.04.20 22:17:42 INFO  Progress (1): 90/992 kB[0m
2023.04.20 22:17:42 INFO  Progress (1): 98/992 kB[0m
2023.04.20 22:17:42 INFO  Progress (1): 106/992 kB[0m
2023.04.20 22:17:42 INFO  Progress (1): 115/992 kB[0m
2023.04.20 22:17:42 INFO  Progress (1): 123/992 kB[0m
2023.04.20 22:17:42 INFO  Progress (1): 131/992 kB[0m
2023.04.20 22:17:42 INFO  Progress (1): 139/992 kB[0m
2023.04.20 22:17:42 INFO  Progress (1): 147/992 kB[0m
2023.04.20 22:17:42 INFO  Progress (1): 156/992 kB[0m
2023.04.20 22:17:42 INFO  Progress (1): 164/992 kB[0m
2023.04.20 22:17:42 INFO  Progress (1): 172/992 kB[0m
2023.04.20 22:17:42 INFO  Progress (1): 180/992 kB[0m
2023.04.20 22:17:42 INFO  Progress (1): 188/992 kB[0m
2023.04.20 22:17:42 INFO  Progress (1): 197/992 kB[0m
2023.04.20 22:17:42 INFO  Progress (1): 205/992 kB[0m
2023.04.20 22:17:42 INFO  Progress (1): 213/992 kB[0m
2023.04.20 22:17:42 INFO  Progress (1): 221/992 kB[0m
2023.04.20 22:17:42 INFO  Progress (1): 229/992 kB[0m
2023.04.20 22:17:42 INFO  Progress (1): 238/992 kB[0m
2023.04.20 22:17:42 INFO  Progress (1): 246/992 kB[0m
2023.04.20 22:17:42 INFO  Progress (1): 254/992 kB[0m
2023.04.20 22:17:42 INFO  Progress (1): 262/992 kB[0m
2023.04.20 22:17:42 INFO  Progress (1): 270/992 kB[0m
2023.04.20 22:17:42 INFO  Progress (1): 279/992 kB[0m
2023.04.20 22:17:42 INFO  Progress (1): 287/992 kB[0m
2023.04.20 22:17:42 INFO  Progress (1): 295/992 kB[0m
2023.04.20 22:17:42 INFO  Progress (1): 303/992 kB[0m
2023.04.20 22:17:42 INFO  Progress (1): 311/992 kB[0m
2023.04.20 22:17:42 INFO  Progress (1): 319/992 kB[0m
2023.04.20 22:17:42 INFO  Progress (1): 328/992 kB[0m
2023.04.20 22:17:42 INFO  Progress (1): 336/992 kB[0m
2023.04.20 22:17:42 INFO  Progress (1): 344/992 kB[0m
2023.04.20 22:17:42 INFO  Progress (1): 352/992 kB[0m
2023.04.20 22:17:42 INFO  Progress (1): 360/992 kB[0m
2023.04.20 22:17:42 INFO  Progress (1): 369/992 kB[0m
2023.04.20 22:17:42 INFO  Progress (1): 377/992 kB[0m
2023.04.20 22:17:42 INFO  Progress (1): 385/992 kB[0m
2023.04.20 22:17:42 INFO  Progress (1): 393/992 kB[0m
2023.04.20 22:17:42 INFO  Progress (1): 401/992 kB[0m
2023.04.20 22:17:42 INFO  Progress (1): 410/992 kB[0m
2023.04.20 22:17:42 INFO  Progress (1): 418/992 kB[0m
2023.04.20 22:17:42 INFO  Progress (1): 426/992 kB[0m
2023.04.20 22:17:42 INFO  Progress (1): 434/992 kB[0m
2023.04.20 22:17:42 INFO  Progress (1): 442/992 kB[0m
2023.04.20 22:17:42 INFO  Progress (1): 451/992 kB[0m
2023.04.20 22:17:42 INFO  Progress (1): 459/992 kB[0m
2023.04.20 22:17:42 INFO  Progress (1): 467/992 kB[0m
2023.04.20 22:17:42 INFO  Progress (1): 475/992 kB[0m
2023.04.20 22:17:42 INFO  Progress (1): 483/992 kB[0m
2023.04.20 22:17:42 INFO  Progress (1): 492/992 kB[0m
2023.04.20 22:17:42 INFO  Progress (1): 500/992 kB[0m
2023.04.20 22:17:42 INFO  Progress (1): 508/992 kB[0m
2023.04.20 22:17:42 INFO  Progress (1): 516/992 kB[0m
2023.04.20 22:17:42 INFO  Progress (1): 524/992 kB[0m
2023.04.20 22:17:42 INFO  Progress (1): 532/992 kB[0m
2023.04.20 22:17:42 INFO  Progress (1): 541/992 kB[0m
2023.04.20 22:17:42 INFO  Progress (1): 549/992 kB[0m
2023.04.20 22:17:42 INFO  Progress (1): 557/992 kB[0m
2023.04.20 22:17:43 INFO  Progress (1): 565/992 kB[0m
2023.04.20 22:17:43 INFO  Progress (1): 573/992 kB[0m
2023.04.20 22:17:43 INFO  Progress (1): 582/992 kB[0m
2023.04.20 22:17:43 INFO  Progress (1): 590/992 kB[0m
2023.04.20 22:17:43 INFO  Progress (1): 598/992 kB[0m
2023.04.20 22:17:43 INFO  Progress (1): 606/992 kB[0m
2023.04.20 22:17:43 INFO  Progress (1): 614/992 kB[0m
2023.04.20 22:17:43 INFO  Progress (1): 623/992 kB[0m
2023.04.20 22:17:43 INFO  Progress (1): 631/992 kB[0m
2023.04.20 22:17:43 INFO  Progress (1): 639/992 kB[0m
2023.04.20 22:17:43 INFO  Progress (1): 647/992 kB[0m
2023.04.20 22:17:43 INFO  Progress (1): 655/992 kB[0m
2023.04.20 22:17:43 INFO  Progress (1): 664/992 kB[0m
2023.04.20 22:17:43 INFO  Progress (1): 672/992 kB[0m
2023.04.20 22:17:43 INFO  Progress (1): 680/992 kB[0m
2023.04.20 22:17:43 INFO  Progress (1): 688/992 kB[0m
2023.04.20 22:17:43 INFO  Progress (1): 696/992 kB[0m
2023.04.20 22:17:43 INFO  Progress (1): 705/992 kB[0m
2023.04.20 22:17:43 INFO  Progress (1): 713/992 kB[0m
2023.04.20 22:17:43 INFO  Progress (1): 721/992 kB[0m
2023.04.20 22:17:43 INFO  Progress (1): 729/992 kB[0m
2023.04.20 22:17:43 INFO  Progress (1): 737/992 kB[0m
2023.04.20 22:17:43 INFO  Progress (1): 745/992 kB[0m
2023.04.20 22:17:43 INFO  Progress (1): 754/992 kB[0m
2023.04.20 22:17:43 INFO  Progress (1): 762/992 kB[0m
2023.04.20 22:17:43 INFO  Progress (1): 770/992 kB[0m
2023.04.20 22:17:43 INFO  Progress (1): 778/992 kB[0m
2023.04.20 22:17:43 INFO  Progress (1): 786/992 kB[0m
2023.04.20 22:17:43 INFO  Progress (1): 795/992 kB[0m
2023.04.20 22:17:43 INFO  Progress (1): 803/992 kB[0m
2023.04.20 22:17:43 INFO  Progress (1): 811/992 kB[0m
2023.04.20 22:17:43 INFO  Progress (1): 819/992 kB[0m
2023.04.20 22:17:43 INFO  Progress (1): 827/992 kB[0m
2023.04.20 22:17:43 INFO  Progress (1): 836/992 kB[0m
2023.04.20 22:17:43 INFO  Progress (1): 844/992 kB[0m
2023.04.20 22:17:43 INFO  Progress (1): 852/992 kB[0m
2023.04.20 22:17:43 INFO  Progress (1): 860/992 kB[0m
2023.04.20 22:17:43 INFO  Progress (1): 868/992 kB[0m
2023.04.20 22:17:43 INFO  Progress (1): 877/992 kB[0m
2023.04.20 22:17:43 INFO  Progress (1): 885/992 kB[0m
2023.04.20 22:17:43 INFO  Progress (1): 893/992 kB[0m
2023.04.20 22:17:43 INFO  Progress (1): 901/992 kB[0m
2023.04.20 22:17:43 INFO  Progress (1): 909/992 kB[0m
2023.04.20 22:17:43 INFO  Progress (1): 918/992 kB[0m
2023.04.20 22:17:43 INFO  Progress (1): 926/992 kB[0m
2023.04.20 22:17:43 INFO  Progress (1): 934/992 kB[0m
2023.04.20 22:17:43 INFO  Progress (1): 942/992 kB[0m
2023.04.20 22:17:43 INFO  Progress (1): 950/992 kB[0m
2023.04.20 22:17:43 INFO  Progress (1): 958/992 kB[0m
2023.04.20 22:17:43 INFO  Progress (1): 967/992 kB[0m
2023.04.20 22:17:43 INFO  Progress (1): 975/992 kB[0m
2023.04.20 22:17:43 INFO  Progress (1): 983/992 kB[0m
2023.04.20 22:17:43 INFO  Progress (1): 991/992 kB[0m
2023.04.20 22:17:43 INFO  Progress (1): 992 kB    [0m
2023.04.20 22:17:43 INFO                      [0m
2023.04.20 22:17:43 INFO  Downloaded from central: https://repo.maven.apache.org/maven2/org/scala-lang/scala-library/2.12.6/scala-library-2.12.6-sources.jar (992 kB at 574 kB/s)[0m
2023.04.20 22:17:43 INFO  [INFO] SUCCESS: org.scala-lang:scala-library:jar:2.12.6:compile (sources = true)[0m
2023.04.20 22:17:43 INFO  [INFO] Resolving artifact: junit:junit:jar:4.12:test (sources = false)[0m
2023.04.20 22:17:43 INFO  [INFO] SUCCESS: junit:junit:jar:4.12:test (sources = false)[0m
2023.04.20 22:17:43 INFO  [INFO] Resolving artifact: junit:junit:jar:4.12:test (sources = true)[0m
2023.04.20 22:17:43 INFO  [INFO] SUCCESS: junit:junit:jar:4.12:test (sources = true)[0m
2023.04.20 22:17:43 INFO  [INFO] Resolving artifact: org.hamcrest:hamcrest-core:jar:1.3:test (sources = false)[0m
2023.04.20 22:17:43 INFO  [INFO] SUCCESS: org.hamcrest:hamcrest-core:jar:1.3:test (sources = false)[0m
2023.04.20 22:17:43 INFO  [INFO] Resolving artifact: org.hamcrest:hamcrest-core:jar:1.3:test (sources = true)[0m
2023.04.20 22:17:43 INFO  [INFO] SUCCESS: org.hamcrest:hamcrest-core:jar:1.3:test (sources = true)[0m
2023.04.20 22:17:43 INFO  [INFO] Resolving artifact: org.scalatest:scalatest_2.12:jar:3.0.5:test (sources = false)[0m
2023.04.20 22:17:43 INFO  [INFO] SUCCESS: org.scalatest:scalatest_2.12:jar:3.0.5:test (sources = false)[0m
2023.04.20 22:17:43 INFO  [INFO] Resolving artifact: org.scalatest:scalatest_2.12:jar:3.0.5:test (sources = true)[0m
2023.04.20 22:17:43 INFO  [INFO] SUCCESS: org.scalatest:scalatest_2.12:jar:3.0.5:test (sources = true)[0m
2023.04.20 22:17:43 INFO  [INFO] Resolving artifact: org.scalactic:scalactic_2.12:jar:3.0.5:test (sources = false)[0m
2023.04.20 22:17:43 INFO  [INFO] SUCCESS: org.scalactic:scalactic_2.12:jar:3.0.5:test (sources = false)[0m
2023.04.20 22:17:43 INFO  [INFO] Resolving artifact: org.scalactic:scalactic_2.12:jar:3.0.5:test (sources = true)[0m
2023.04.20 22:17:43 INFO  [INFO] SUCCESS: org.scalactic:scalactic_2.12:jar:3.0.5:test (sources = true)[0m
2023.04.20 22:17:43 INFO  [INFO] Resolving artifact: org.scala-lang:scala-reflect:jar:2.12.4:test (sources = false)[0m
2023.04.20 22:17:43 INFO  [INFO] SUCCESS: org.scala-lang:scala-reflect:jar:2.12.4:test (sources = false)[0m
2023.04.20 22:17:43 INFO  [INFO] Resolving artifact: org.scala-lang:scala-reflect:jar:2.12.4:test (sources = true)[0m
2023.04.20 22:17:43 INFO  Downloading from central: https://repo.maven.apache.org/maven2/org/scala-lang/scala-reflect/2.12.4/scala-reflect-2.12.4-sources.jar[0m
2023.04.20 22:17:43 INFO  Progress (1): 4.1/583 kB[0m
2023.04.20 22:17:43 INFO  Progress (1): 8.2/583 kB[0m
2023.04.20 22:17:43 INFO  Progress (1): 12/583 kB [0m
2023.04.20 22:17:43 INFO  Progress (1): 16/583 kB[0m
2023.04.20 22:17:44 INFO  Progress (1): 20/583 kB[0m
2023.04.20 22:17:44 INFO  Progress (1): 24/583 kB[0m
2023.04.20 22:17:44 INFO  Progress (1): 28/583 kB[0m
2023.04.20 22:17:44 INFO  Progress (1): 32/583 kB[0m
2023.04.20 22:17:44 INFO  Progress (1): 36/583 kB[0m
2023.04.20 22:17:44 INFO  Progress (1): 40/583 kB[0m
2023.04.20 22:17:44 INFO  Progress (1): 45/583 kB[0m
2023.04.20 22:17:44 INFO  Progress (1): 49/583 kB[0m
2023.04.20 22:17:44 INFO  Progress (1): 53/583 kB[0m
2023.04.20 22:17:44 INFO  Progress (1): 57/583 kB[0m
2023.04.20 22:17:44 INFO  Progress (1): 61/583 kB[0m
2023.04.20 22:17:44 INFO  Progress (1): 65/583 kB[0m
2023.04.20 22:17:44 INFO  Progress (1): 69/583 kB[0m
2023.04.20 22:17:44 INFO  Progress (1): 73/583 kB[0m
2023.04.20 22:17:44 INFO  Progress (1): 77/583 kB[0m
2023.04.20 22:17:44 INFO  Progress (1): 81/583 kB[0m
2023.04.20 22:17:44 INFO  Progress (1): 85/583 kB[0m
2023.04.20 22:17:44 INFO  Progress (1): 90/583 kB[0m
2023.04.20 22:17:44 INFO  Progress (1): 94/583 kB[0m
2023.04.20 22:17:44 INFO  Progress (1): 98/583 kB[0m
2023.04.20 22:17:44 INFO  Progress (1): 102/583 kB[0m
2023.04.20 22:17:44 INFO  Progress (1): 106/583 kB[0m
2023.04.20 22:17:44 INFO  Progress (1): 110/583 kB[0m
2023.04.20 22:17:44 INFO  Progress (1): 114/583 kB[0m
2023.04.20 22:17:44 INFO  Progress (1): 118/583 kB[0m
2023.04.20 22:17:44 INFO  Progress (1): 122/583 kB[0m
2023.04.20 22:17:44 INFO  Progress (1): 126/583 kB[0m
2023.04.20 22:17:44 INFO  Progress (1): 131/583 kB[0m
2023.04.20 22:17:44 INFO  Progress (1): 135/583 kB[0m
2023.04.20 22:17:44 INFO  Progress (1): 139/583 kB[0m
2023.04.20 22:17:44 INFO  Progress (1): 143/583 kB[0m
2023.04.20 22:17:44 INFO  Progress (1): 147/583 kB[0m
2023.04.20 22:17:44 INFO  Progress (1): 151/583 kB[0m
2023.04.20 22:17:44 INFO  Progress (1): 155/583 kB[0m
2023.04.20 22:17:44 INFO  Progress (1): 159/583 kB[0m
2023.04.20 22:17:44 INFO  Progress (1): 163/583 kB[0m
2023.04.20 22:17:44 INFO  Progress (1): 167/583 kB[0m
2023.04.20 22:17:44 INFO  Progress (1): 171/583 kB[0m
2023.04.20 22:17:44 INFO  Progress (1): 176/583 kB[0m
2023.04.20 22:17:44 INFO  Progress (1): 180/583 kB[0m
2023.04.20 22:17:44 INFO  Progress (1): 184/583 kB[0m
2023.04.20 22:17:44 INFO  Progress (1): 188/583 kB[0m
2023.04.20 22:17:44 INFO  Progress (1): 192/583 kB[0m
2023.04.20 22:17:44 INFO  Progress (1): 196/583 kB[0m
2023.04.20 22:17:44 INFO  Progress (1): 200/583 kB[0m
2023.04.20 22:17:44 INFO  Progress (1): 204/583 kB[0m
2023.04.20 22:17:44 INFO  Progress (1): 208/583 kB[0m
2023.04.20 22:17:44 INFO  Progress (1): 212/583 kB[0m
2023.04.20 22:17:44 INFO  Progress (1): 217/583 kB[0m
2023.04.20 22:17:44 INFO  Progress (1): 221/583 kB[0m
2023.04.20 22:17:44 INFO  Progress (1): 225/583 kB[0m
2023.04.20 22:17:44 INFO  Progress (1): 229/583 kB[0m
2023.04.20 22:17:44 INFO  Progress (1): 233/583 kB[0m
2023.04.20 22:17:44 INFO  Progress (1): 237/583 kB[0m
2023.04.20 22:17:44 INFO  Progress (1): 241/583 kB[0m
2023.04.20 22:17:44 INFO  Progress (1): 245/583 kB[0m
2023.04.20 22:17:44 INFO  Progress (1): 249/583 kB[0m
2023.04.20 22:17:44 INFO  Progress (1): 253/583 kB[0m
2023.04.20 22:17:44 INFO  Progress (1): 257/583 kB[0m
2023.04.20 22:17:44 INFO  Progress (1): 262/583 kB[0m
2023.04.20 22:17:44 INFO  Progress (1): 266/583 kB[0m
2023.04.20 22:17:44 INFO  Progress (1): 270/583 kB[0m
2023.04.20 22:17:44 INFO  Progress (1): 274/583 kB[0m
2023.04.20 22:17:44 INFO  Progress (1): 278/583 kB[0m
2023.04.20 22:17:44 INFO  Progress (1): 282/583 kB[0m
2023.04.20 22:17:44 INFO  Progress (1): 286/583 kB[0m
2023.04.20 22:17:44 INFO  Progress (1): 290/583 kB[0m
2023.04.20 22:17:44 INFO  Progress (1): 294/583 kB[0m
2023.04.20 22:17:44 INFO  Progress (1): 298/583 kB[0m
2023.04.20 22:17:44 INFO  Progress (1): 303/583 kB[0m
2023.04.20 22:17:44 INFO  Progress (1): 307/583 kB[0m
2023.04.20 22:17:44 INFO  Progress (1): 311/583 kB[0m
2023.04.20 22:17:44 INFO  Progress (1): 315/583 kB[0m
2023.04.20 22:17:44 INFO  Progress (1): 319/583 kB[0m
2023.04.20 22:17:44 INFO  Progress (1): 323/583 kB[0m
2023.04.20 22:17:44 INFO  Progress (1): 327/583 kB[0m
2023.04.20 22:17:44 INFO  Progress (1): 331/583 kB[0m
2023.04.20 22:17:44 INFO  Progress (1): 335/583 kB[0m
2023.04.20 22:17:44 INFO  Progress (1): 339/583 kB[0m
2023.04.20 22:17:44 INFO  Progress (1): 344/583 kB[0m
2023.04.20 22:17:44 INFO  Progress (1): 348/583 kB[0m
2023.04.20 22:17:44 INFO  Progress (1): 352/583 kB[0m
2023.04.20 22:17:44 INFO  Progress (1): 356/583 kB[0m
2023.04.20 22:17:44 INFO  Progress (1): 360/583 kB[0m
2023.04.20 22:17:44 INFO  Progress (1): 364/583 kB[0m
2023.04.20 22:17:44 INFO  Progress (1): 368/583 kB[0m
2023.04.20 22:17:44 INFO  Progress (1): 372/583 kB[0m
2023.04.20 22:17:44 INFO  Progress (1): 376/583 kB[0m
2023.04.20 22:17:44 INFO  Progress (1): 380/583 kB[0m
2023.04.20 22:17:44 INFO  Progress (1): 384/583 kB[0m
2023.04.20 22:17:44 INFO  Progress (1): 389/583 kB[0m
2023.04.20 22:17:44 INFO  Progress (1): 393/583 kB[0m
2023.04.20 22:17:44 INFO  Progress (1): 397/583 kB[0m
2023.04.20 22:17:44 INFO  Progress (1): 401/583 kB[0m
2023.04.20 22:17:44 INFO  Progress (1): 405/583 kB[0m
2023.04.20 22:17:44 INFO  Progress (1): 409/583 kB[0m
2023.04.20 22:17:44 INFO  Progress (1): 413/583 kB[0m
2023.04.20 22:17:44 INFO  Progress (1): 417/583 kB[0m
2023.04.20 22:17:44 INFO  Progress (1): 421/583 kB[0m
2023.04.20 22:17:44 INFO  Progress (1): 425/583 kB[0m
2023.04.20 22:17:44 INFO  Progress (1): 430/583 kB[0m
2023.04.20 22:17:44 INFO  Progress (1): 434/583 kB[0m
2023.04.20 22:17:44 INFO  Progress (1): 438/583 kB[0m
2023.04.20 22:17:44 INFO  Progress (1): 442/583 kB[0m
2023.04.20 22:17:44 INFO  Progress (1): 446/583 kB[0m
2023.04.20 22:17:44 INFO  Progress (1): 450/583 kB[0m
2023.04.20 22:17:44 INFO  Progress (1): 454/583 kB[0m
2023.04.20 22:17:44 INFO  Progress (1): 458/583 kB[0m
2023.04.20 22:17:44 INFO  Progress (1): 462/583 kB[0m
2023.04.20 22:17:44 INFO  Progress (1): 466/583 kB[0m
2023.04.20 22:17:44 INFO  Progress (1): 470/583 kB[0m
2023.04.20 22:17:44 INFO  Progress (1): 475/583 kB[0m
2023.04.20 22:17:44 INFO  Progress (1): 479/583 kB[0m
2023.04.20 22:17:44 INFO  Progress (1): 483/583 kB[0m
2023.04.20 22:17:44 INFO  Progress (1): 487/583 kB[0m
2023.04.20 22:17:44 INFO  Progress (1): 491/583 kB[0m
2023.04.20 22:17:44 INFO  Progress (1): 495/583 kB[0m
2023.04.20 22:17:44 INFO  Progress (1): 499/583 kB[0m
2023.04.20 22:17:44 INFO  Progress (1): 503/583 kB[0m
2023.04.20 22:17:44 INFO  Progress (1): 507/583 kB[0m
2023.04.20 22:17:44 INFO  Progress (1): 511/583 kB[0m
2023.04.20 22:17:44 INFO  Progress (1): 516/583 kB[0m
2023.04.20 22:17:44 INFO  Progress (1): 520/583 kB[0m
2023.04.20 22:17:44 INFO  Progress (1): 524/583 kB[0m
2023.04.20 22:17:44 INFO  Progress (1): 528/583 kB[0m
2023.04.20 22:17:44 INFO  Progress (1): 532/583 kB[0m
2023.04.20 22:17:44 INFO  Progress (1): 536/583 kB[0m
2023.04.20 22:17:44 INFO  Progress (1): 540/583 kB[0m
2023.04.20 22:17:44 INFO  Progress (1): 544/583 kB[0m
2023.04.20 22:17:44 INFO  Progress (1): 548/583 kB[0m
2023.04.20 22:17:44 INFO  Progress (1): 552/583 kB[0m
2023.04.20 22:17:44 INFO  Progress (1): 557/583 kB[0m
2023.04.20 22:17:44 INFO  Progress (1): 561/583 kB[0m
2023.04.20 22:17:44 INFO  Progress (1): 565/583 kB[0m
2023.04.20 22:17:44 INFO  Progress (1): 569/583 kB[0m
2023.04.20 22:17:44 INFO  Progress (1): 573/583 kB[0m
2023.04.20 22:17:44 INFO  Progress (1): 577/583 kB[0m
2023.04.20 22:17:44 INFO  Progress (1): 581/583 kB[0m
2023.04.20 22:17:44 INFO  Progress (1): 583 kB    [0m
2023.04.20 22:17:44 INFO                      [0m
2023.04.20 22:17:44 INFO  Downloaded from central: https://repo.maven.apache.org/maven2/org/scala-lang/scala-reflect/2.12.4/scala-reflect-2.12.4-sources.jar (583 kB at 504 kB/s)[0m
2023.04.20 22:17:44 INFO  [INFO] SUCCESS: org.scala-lang:scala-reflect:jar:2.12.4:test (sources = true)[0m
2023.04.20 22:17:44 INFO  [INFO] Resolving artifact: org.scala-lang.modules:scala-xml_2.12:jar:1.0.6:test (sources = false)[0m
2023.04.20 22:17:44 INFO  [INFO] SUCCESS: org.scala-lang.modules:scala-xml_2.12:jar:1.0.6:test (sources = false)[0m
2023.04.20 22:17:44 INFO  [INFO] Resolving artifact: org.scala-lang.modules:scala-xml_2.12:jar:1.0.6:test (sources = true)[0m
2023.04.20 22:17:44 INFO  [INFO] SUCCESS: org.scala-lang.modules:scala-xml_2.12:jar:1.0.6:test (sources = true)[0m
2023.04.20 22:17:44 INFO  [INFO] Resolving artifact: org.specs2:specs2-core_2.12:jar:4.2.0:test (sources = false)[0m
2023.04.20 22:17:44 INFO  [INFO] SUCCESS: org.specs2:specs2-core_2.12:jar:4.2.0:test (sources = false)[0m
2023.04.20 22:17:44 INFO  [INFO] Resolving artifact: org.specs2:specs2-core_2.12:jar:4.2.0:test (sources = true)[0m
2023.04.20 22:17:44 INFO  [INFO] SUCCESS: org.specs2:specs2-core_2.12:jar:4.2.0:test (sources = true)[0m
2023.04.20 22:17:44 INFO  [INFO] Resolving artifact: org.specs2:specs2-matcher_2.12:jar:4.2.0:test (sources = false)[0m
2023.04.20 22:17:44 INFO  [INFO] SUCCESS: org.specs2:specs2-matcher_2.12:jar:4.2.0:test (sources = false)[0m
2023.04.20 22:17:44 INFO  [INFO] Resolving artifact: org.specs2:specs2-matcher_2.12:jar:4.2.0:test (sources = true)[0m
2023.04.20 22:17:44 INFO  [INFO] SUCCESS: org.specs2:specs2-matcher_2.12:jar:4.2.0:test (sources = true)[0m
2023.04.20 22:17:44 INFO  [INFO] Resolving artifact: org.specs2:specs2-common_2.12:jar:4.2.0:test (sources = false)[0m
2023.04.20 22:17:44 INFO  [INFO] SUCCESS: org.specs2:specs2-common_2.12:jar:4.2.0:test (sources = false)[0m
2023.04.20 22:17:44 INFO  [INFO] Resolving artifact: org.specs2:specs2-common_2.12:jar:4.2.0:test (sources = true)[0m
2023.04.20 22:17:44 INFO  [INFO] SUCCESS: org.specs2:specs2-common_2.12:jar:4.2.0:test (sources = true)[0m
2023.04.20 22:17:44 INFO  [INFO] Resolving artifact: org.specs2:specs2-fp_2.12:jar:4.2.0:test (sources = false)[0m
2023.04.20 22:17:44 INFO  [INFO] SUCCESS: org.specs2:specs2-fp_2.12:jar:4.2.0:test (sources = false)[0m
2023.04.20 22:17:44 INFO  [INFO] Resolving artifact: org.specs2:specs2-fp_2.12:jar:4.2.0:test (sources = true)[0m
2023.04.20 22:17:44 INFO  [INFO] SUCCESS: org.specs2:specs2-fp_2.12:jar:4.2.0:test (sources = true)[0m
2023.04.20 22:17:44 INFO  [INFO] Resolving artifact: org.scala-lang.modules:scala-parser-combinators_2.12:jar:1.1.0:test (sources = false)[0m
2023.04.20 22:17:44 INFO  [INFO] SUCCESS: org.scala-lang.modules:scala-parser-combinators_2.12:jar:1.1.0:test (sources = false)[0m
2023.04.20 22:17:44 INFO  [INFO] Resolving artifact: org.scala-lang.modules:scala-parser-combinators_2.12:jar:1.1.0:test (sources = true)[0m
2023.04.20 22:17:44 INFO  [INFO] SUCCESS: org.scala-lang.modules:scala-parser-combinators_2.12:jar:1.1.0:test (sources = true)[0m
2023.04.20 22:17:44 INFO  [INFO] Resolving artifact: org.scala-sbt:test-interface:jar:1.0:test (sources = false)[0m
2023.04.20 22:17:44 INFO  [INFO] SUCCESS: org.scala-sbt:test-interface:jar:1.0:test (sources = false)[0m
2023.04.20 22:17:44 INFO  [INFO] Resolving artifact: org.scala-sbt:test-interface:jar:1.0:test (sources = true)[0m
2023.04.20 22:17:44 INFO  [INFO] SUCCESS: org.scala-sbt:test-interface:jar:1.0:test (sources = true)[0m
2023.04.20 22:17:44 INFO  [INFO] Resolving artifact: org.specs2:specs2-junit_2.12:jar:4.2.0:test (sources = false)[0m
2023.04.20 22:17:44 INFO  [INFO] SUCCESS: org.specs2:specs2-junit_2.12:jar:4.2.0:test (sources = false)[0m
2023.04.20 22:17:44 INFO  [INFO] Resolving artifact: org.specs2:specs2-junit_2.12:jar:4.2.0:test (sources = true)[0m
2023.04.20 22:17:44 INFO  [INFO] SUCCESS: org.specs2:specs2-junit_2.12:jar:4.2.0:test (sources = true)[0m
2023.04.20 22:17:44 INFO  [INFO] Generated .bloop/scala.removeDuplication.json[0m
2023.04.20 22:17:44 INFO  [INFO] Resolving artifact: org.scala-lang:scala-library:jar:2.12.6:compile (sources = false)[0m
2023.04.20 22:17:44 INFO  [INFO] SUCCESS: org.scala-lang:scala-library:jar:2.12.6:compile (sources = false)[0m
2023.04.20 22:17:44 INFO  [INFO] Resolving artifact: org.scala-lang:scala-library:jar:2.12.6:compile (sources = true)[0m
2023.04.20 22:17:44 INFO  [INFO] SUCCESS: org.scala-lang:scala-library:jar:2.12.6:compile (sources = true)[0m
2023.04.20 22:17:44 INFO  [INFO] Resolving artifact: junit:junit:jar:4.12:test (sources = false)[0m
2023.04.20 22:17:44 INFO  [INFO] SUCCESS: junit:junit:jar:4.12:test (sources = false)[0m
2023.04.20 22:17:44 INFO  [INFO] Resolving artifact: junit:junit:jar:4.12:test (sources = true)[0m
2023.04.20 22:17:44 INFO  [INFO] SUCCESS: junit:junit:jar:4.12:test (sources = true)[0m
2023.04.20 22:17:44 INFO  [INFO] Resolving artifact: org.hamcrest:hamcrest-core:jar:1.3:test (sources = false)[0m
2023.04.20 22:17:44 INFO  [INFO] SUCCESS: org.hamcrest:hamcrest-core:jar:1.3:test (sources = false)[0m
2023.04.20 22:17:44 INFO  [INFO] Resolving artifact: org.hamcrest:hamcrest-core:jar:1.3:test (sources = true)[0m
2023.04.20 22:17:44 INFO  [INFO] SUCCESS: org.hamcrest:hamcrest-core:jar:1.3:test (sources = true)[0m
2023.04.20 22:17:44 INFO  [INFO] Resolving artifact: org.scalatest:scalatest_2.12:jar:3.0.5:test (sources = false)[0m
2023.04.20 22:17:44 INFO  [INFO] SUCCESS: org.scalatest:scalatest_2.12:jar:3.0.5:test (sources = false)[0m
2023.04.20 22:17:44 INFO  [INFO] Resolving artifact: org.scalatest:scalatest_2.12:jar:3.0.5:test (sources = true)[0m
2023.04.20 22:17:44 INFO  [INFO] SUCCESS: org.scalatest:scalatest_2.12:jar:3.0.5:test (sources = true)[0m
2023.04.20 22:17:44 INFO  [INFO] Resolving artifact: org.scalactic:scalactic_2.12:jar:3.0.5:test (sources = false)[0m
2023.04.20 22:17:44 INFO  [INFO] SUCCESS: org.scalactic:scalactic_2.12:jar:3.0.5:test (sources = false)[0m
2023.04.20 22:17:44 INFO  [INFO] Resolving artifact: org.scalactic:scalactic_2.12:jar:3.0.5:test (sources = true)[0m
2023.04.20 22:17:44 INFO  [INFO] SUCCESS: org.scalactic:scalactic_2.12:jar:3.0.5:test (sources = true)[0m
2023.04.20 22:17:44 INFO  [INFO] Resolving artifact: org.scala-lang:scala-reflect:jar:2.12.4:test (sources = false)[0m
2023.04.20 22:17:44 INFO  [INFO] SUCCESS: org.scala-lang:scala-reflect:jar:2.12.4:test (sources = false)[0m
2023.04.20 22:17:44 INFO  [INFO] Resolving artifact: org.scala-lang:scala-reflect:jar:2.12.4:test (sources = true)[0m
2023.04.20 22:17:44 INFO  [INFO] SUCCESS: org.scala-lang:scala-reflect:jar:2.12.4:test (sources = true)[0m
2023.04.20 22:17:44 INFO  [INFO] Resolving artifact: org.scala-lang.modules:scala-xml_2.12:jar:1.0.6:test (sources = false)[0m
2023.04.20 22:17:44 INFO  [INFO] SUCCESS: org.scala-lang.modules:scala-xml_2.12:jar:1.0.6:test (sources = false)[0m
2023.04.20 22:17:44 INFO  [INFO] Resolving artifact: org.scala-lang.modules:scala-xml_2.12:jar:1.0.6:test (sources = true)[0m
2023.04.20 22:17:44 INFO  [INFO] SUCCESS: org.scala-lang.modules:scala-xml_2.12:jar:1.0.6:test (sources = true)[0m
2023.04.20 22:17:44 INFO  [INFO] Resolving artifact: org.specs2:specs2-core_2.12:jar:4.2.0:test (sources = false)[0m
2023.04.20 22:17:44 INFO  [INFO] SUCCESS: org.specs2:specs2-core_2.12:jar:4.2.0:test (sources = false)[0m
2023.04.20 22:17:44 INFO  [INFO] Resolving artifact: org.specs2:specs2-core_2.12:jar:4.2.0:test (sources = true)[0m
2023.04.20 22:17:44 INFO  [INFO] SUCCESS: org.specs2:specs2-core_2.12:jar:4.2.0:test (sources = true)[0m
2023.04.20 22:17:44 INFO  [INFO] Resolving artifact: org.specs2:specs2-matcher_2.12:jar:4.2.0:test (sources = false)[0m
2023.04.20 22:17:44 INFO  [INFO] SUCCESS: org.specs2:specs2-matcher_2.12:jar:4.2.0:test (sources = false)[0m
2023.04.20 22:17:44 INFO  [INFO] Resolving artifact: org.specs2:specs2-matcher_2.12:jar:4.2.0:test (sources = true)[0m
2023.04.20 22:17:44 INFO  [INFO] SUCCESS: org.specs2:specs2-matcher_2.12:jar:4.2.0:test (sources = true)[0m
2023.04.20 22:17:44 INFO  [INFO] Resolving artifact: org.specs2:specs2-common_2.12:jar:4.2.0:test (sources = false)[0m
2023.04.20 22:17:44 INFO  [INFO] SUCCESS: org.specs2:specs2-common_2.12:jar:4.2.0:test (sources = false)[0m
2023.04.20 22:17:44 INFO  [INFO] Resolving artifact: org.specs2:specs2-common_2.12:jar:4.2.0:test (sources = true)[0m
2023.04.20 22:17:44 INFO  [INFO] SUCCESS: org.specs2:specs2-common_2.12:jar:4.2.0:test (sources = true)[0m
2023.04.20 22:17:44 INFO  [INFO] Resolving artifact: org.specs2:specs2-fp_2.12:jar:4.2.0:test (sources = false)[0m
2023.04.20 22:17:44 INFO  [INFO] SUCCESS: org.specs2:specs2-fp_2.12:jar:4.2.0:test (sources = false)[0m
2023.04.20 22:17:44 INFO  [INFO] Resolving artifact: org.specs2:specs2-fp_2.12:jar:4.2.0:test (sources = true)[0m
2023.04.20 22:17:44 INFO  [INFO] SUCCESS: org.specs2:specs2-fp_2.12:jar:4.2.0:test (sources = true)[0m
2023.04.20 22:17:44 INFO  [INFO] Resolving artifact: org.scala-lang.modules:scala-parser-combinators_2.12:jar:1.1.0:test (sources = false)[0m
2023.04.20 22:17:44 INFO  [INFO] SUCCESS: org.scala-lang.modules:scala-parser-combinators_2.12:jar:1.1.0:test (sources = false)[0m
2023.04.20 22:17:44 INFO  [INFO] Resolving artifact: org.scala-lang.modules:scala-parser-combinators_2.12:jar:1.1.0:test (sources = true)[0m
2023.04.20 22:17:44 INFO  [INFO] SUCCESS: org.scala-lang.modules:scala-parser-combinators_2.12:jar:1.1.0:test (sources = true)[0m
2023.04.20 22:17:44 INFO  [INFO] Resolving artifact: org.scala-sbt:test-interface:jar:1.0:test (sources = false)[0m
2023.04.20 22:17:44 INFO  [INFO] SUCCESS: org.scala-sbt:test-interface:jar:1.0:test (sources = false)[0m
2023.04.20 22:17:44 INFO  [INFO] Resolving artifact: org.scala-sbt:test-interface:jar:1.0:test (sources = true)[0m
2023.04.20 22:17:44 INFO  [INFO] SUCCESS: org.scala-sbt:test-interface:jar:1.0:test (sources = true)[0m
2023.04.20 22:17:44 INFO  [INFO] Resolving artifact: org.specs2:specs2-junit_2.12:jar:4.2.0:test (sources = false)[0m
2023.04.20 22:17:44 INFO  [INFO] SUCCESS: org.specs2:specs2-junit_2.12:jar:4.2.0:test (sources = false)[0m
2023.04.20 22:17:44 INFO  [INFO] Resolving artifact: org.specs2:specs2-junit_2.12:jar:4.2.0:test (sources = true)[0m
2023.04.20 22:17:44 INFO  [INFO] SUCCESS: org.specs2:specs2-junit_2.12:jar:4.2.0:test (sources = true)[0m
2023.04.20 22:17:44 INFO  [INFO] Generated .bloop/scala.removeDuplication-test.json[0m
2023.04.20 22:17:44 INFO  [INFO] ------------------------------------------------------------------------[0m
2023.04.20 22:17:44 INFO  [INFO] BUILD SUCCESS[0m
2023.04.20 22:17:44 INFO  [INFO] ------------------------------------------------------------------------[0m
2023.04.20 22:17:44 INFO  [INFO] Total time:  31.804 s[0m
2023.04.20 22:17:44 INFO  [INFO] Finished at: 2023-04-20T22:17:45+08:00[0m
2023.04.20 22:17:44 INFO  [INFO] ------------------------------------------------------------------------[0m
2023.04.20 22:17:45 INFO  time: ran 'mvn bloopInstall' in 33s[0m
2023.04.20 22:17:45 INFO  Attempting to connect to the build server...[0m
2023.04.20 22:17:45 INFO  Bloop uses /Users/micuks/Library/Java/JavaVirtualMachines/corretto-17.0.4.1/Contents/Home defined at /Users/micuks/.bloop/bloop.json[0m
2023.04.20 22:17:45 INFO  tracing is disabled for protocol BSP, to enable tracing of incoming and outgoing JSON messages create an empty file at /Users/micuks/dev/mycode/javaHadoop/lab4.scala.removeDuplication/.metals/bsp.trace.json or /Users/micuks/Library/Caches/org.scalameta.metals/bsp.trace.json[0m
2023.04.20 22:17:51 WARN  no build target for: /Users/micuks/dev/mycode/javaHadoop/lab4.scala.removeDuplication/src/main/scala/org/wql2020211597/scala/removeDuplication/App.scala[0m
2023.04.20 22:17:52 INFO  time: Connected to build server in 6.53s[0m
2023.04.20 22:17:52 INFO  Connected to Build server: Bloop v1.5.6[0m
2023.04.20 22:17:53 INFO  no build target found for /Users/micuks/dev/mycode/javaHadoop/lab4.scala.removeDuplication/src/main/scala/org/wql2020211597/scala/removeDuplication/App.scala. Using presentation compiler with project's scala-library version: 3.2.2[0m
2023.04.20 22:17:54 INFO  no build target found for /Users/micuks/dev/mycode/javaHadoop/lab4.scala.removeDuplication/src/main/scala/org/wql2020211597/scala/removeDuplication/App.scala. Using presentation compiler with project's scala-library version: 3.2.2[0m
2023.04.20 22:17:55 INFO  time: code lens generation in 3.75s[0m
2023.04.20 22:18:14 ERROR Failed to fetch mtags for 2.12.6
Error downloading org.scalameta:mtags_2.12.6:0.11.11
  not found: /Users/micuks/.ivy2/local/org.scalameta/mtags_2.12.6/0.11.11/ivys/ivy.xml
  not found: https://repo1.maven.org/maven2/org/scalameta/mtags_2.12.6/0.11.11/mtags_2.12.6-0.11.11.pom
  not found: /Users/micuks/.ivy2/local/org.scalameta/mtags_2.12.6/0.11.11/ivys/ivy.xml
  not found: https://oss.sonatype.org/content/repositories/public/org/scalameta/mtags_2.12.6/0.11.11/mtags_2.12.6-0.11.11.pom
  not found: https://oss.sonatype.org/content/repositories/snapshots/org/scalameta/mtags_2.12.6/0.11.11/mtags_2.12.6-0.11.11.pom[0m
2023.04.20 22:18:16 ERROR Failed to fetch mtags for 2.12.6
Error downloading org.scalameta:mtags_2.12.6:0.11.11
  not found: /Users/micuks/.ivy2/local/org.scalameta/mtags_2.12.6/0.11.11/ivys/ivy.xml
  not found: https://repo1.maven.org/maven2/org/scalameta/mtags_2.12.6/0.11.11/mtags_2.12.6-0.11.11.pom
  not found: /Users/micuks/.ivy2/local/org.scalameta/mtags_2.12.6/0.11.11/ivys/ivy.xml
  not found: https://oss.sonatype.org/content/repositories/public/org/scalameta/mtags_2.12.6/0.11.11/mtags_2.12.6-0.11.11.pom
  not found: https://oss.sonatype.org/content/repositories/snapshots/org/scalameta/mtags_2.12.6/0.11.11/mtags_2.12.6-0.11.11.pom[0m
2023.04.20 22:18:16 WARN  unsupported Scala 2.12.6[0m
2023.04.20 22:18:16 INFO  compiling scala.removeduplication (1 scala source)[0m
2023.04.20 22:18:19 ERROR Failed to fetch mtags for 2.12.6
Error downloading org.scalameta:mtags_2.12.6:0.11.11
  not found: /Users/micuks/.ivy2/local/org.scalameta/mtags_2.12.6/0.11.11/ivys/ivy.xml
  not found: https://repo1.maven.org/maven2/org/scalameta/mtags_2.12.6/0.11.11/mtags_2.12.6-0.11.11.pom
  not found: /Users/micuks/.ivy2/local/org.scalameta/mtags_2.12.6/0.11.11/ivys/ivy.xml
  not found: https://oss.sonatype.org/content/repositories/public/org/scalameta/mtags_2.12.6/0.11.11/mtags_2.12.6-0.11.11.pom
  not found: https://oss.sonatype.org/content/repositories/snapshots/org/scalameta/mtags_2.12.6/0.11.11/mtags_2.12.6-0.11.11.pom[0m
2023.04.20 22:18:19 INFO  No mtags for 2.12.6.[0m
2023.04.20 22:18:19 WARN  unsupported Scala 2.12.6[0m
2023.04.20 22:18:19 INFO  No mtags for 2.12.6.[0m
2023.04.20 22:18:19 WARN  unsupported Scala 2.12.6[0m
2023.04.20 22:18:19 INFO  No mtags for 2.12.6.[0m
2023.04.20 22:18:19 INFO  No mtags for 2.12.6.[0m
Apr 20, 2023 10:18:19 PM org.eclipse.lsp4j.jsonrpc.RemoteEndpoint handleCancellation
WARNING: Unmatched cancel notification for request id 11
Apr 20, 2023 10:18:19 PM org.eclipse.lsp4j.jsonrpc.RemoteEndpoint handleCancellation
WARNING: Unmatched cancel notification for request id 16
2023.04.20 22:18:19 INFO  No mtags for 2.12.6.[0m
2023.04.20 22:18:19 WARN  unsupported Scala 2.12.6[0m
Apr 20, 2023 10:18:19 PM org.eclipse.lsp4j.jsonrpc.RemoteEndpoint handleCancellation
WARNING: Unmatched cancel notification for request id 17
Apr 20, 2023 10:18:19 PM org.eclipse.lsp4j.jsonrpc.RemoteEndpoint handleCancellation
WARNING: Unmatched cancel notification for request id 14
Apr 20, 2023 10:18:19 PM org.eclipse.lsp4j.jsonrpc.RemoteEndpoint handleCancellation
WARNING: Unmatched cancel notification for request id 18
Apr 20, 2023 10:18:19 PM org.eclipse.lsp4j.jsonrpc.RemoteEndpoint handleCancellation
WARNING: Unmatched cancel notification for request id 15
Apr 20, 2023 10:18:19 PM org.eclipse.lsp4j.jsonrpc.RemoteEndpoint handleCancellation
WARNING: Unmatched cancel notification for request id 12
2023.04.20 22:18:19 INFO  No mtags for 2.12.6.[0m
2023.04.20 22:18:19 WARN  unsupported Scala 2.12.6[0m
Apr 20, 2023 10:18:19 PM org.eclipse.lsp4j.jsonrpc.RemoteEndpoint handleCancellation
WARNING: Unmatched cancel notification for request id 23
Apr 20, 2023 10:18:19 PM org.eclipse.lsp4j.jsonrpc.RemoteEndpoint handleCancellation
WARNING: Unmatched cancel notification for request id 24
2023.04.20 22:18:19 INFO  No mtags for 2.12.6.[0m
2023.04.20 22:18:19 WARN  unsupported Scala 2.12.6[0m
2023.04.20 22:18:19 INFO  No mtags for 2.12.6.[0m
2023.04.20 22:18:19 WARN  unsupported Scala 2.12.6[0m
Apr 20, 2023 10:18:19 PM org.eclipse.lsp4j.jsonrpc.RemoteEndpoint handleCancellation
WARNING: Unmatched cancel notification for request id 38
2023.04.20 22:18:19 INFO  No mtags for 2.12.6.[0m
2023.04.20 22:18:19 WARN  unsupported Scala 2.12.6[0m
Apr 20, 2023 10:18:19 PM org.eclipse.lsp4j.jsonrpc.RemoteEndpoint handleCancellation
WARNING: Unmatched cancel notification for request id 41
2023.04.20 22:18:19 INFO  No mtags for 2.12.6.[0m
2023.04.20 22:18:19 WARN  unsupported Scala 2.12.6[0m
Apr 20, 2023 10:18:19 PM org.eclipse.lsp4j.jsonrpc.RemoteEndpoint handleCancellation
WARNING: Unmatched cancel notification for request id 20
Apr 20, 2023 10:18:19 PM org.eclipse.lsp4j.jsonrpc.RemoteEndpoint handleCancellation
WARNING: Unmatched cancel notification for request id 22
Apr 20, 2023 10:18:19 PM org.eclipse.lsp4j.jsonrpc.RemoteEndpoint handleCancellation
WARNING: Unmatched cancel notification for request id 44
2023.04.20 22:18:19 INFO  No mtags for 2.12.6.[0m
2023.04.20 22:18:19 WARN  unsupported Scala 2.12.6[0m
2023.04.20 22:18:19 INFO  No mtags for 2.12.6.[0m
2023.04.20 22:18:19 WARN  unsupported Scala 2.12.6[0m
2023.04.20 22:18:22 INFO  time: indexed workspace in 28s[0m
2023.04.20 22:18:22 INFO  No mtags for 2.12.6.[0m
2023.04.20 22:18:22 WARN  unsupported Scala 2.12.6[0m
2023.04.20 22:18:23 INFO  time: compiled scala.removeDuplication in 6.64s[0m
2023.04.20 22:18:23 INFO  compiling scala.removeduplication-test (3 scala sources)[0m
2023.04.20 22:18:23 INFO  time: compiled scala.removeDuplication-test in 324μs[0m
2023.04.20 22:18:23 ERROR Unexpected error when compiling scala.removeDuplication-test: 'java.lang.RuntimeException: /packages cannot be represented as URI'[0m
2023.04.20 22:18:35 INFO  No mtags for 2.12.6.[0m
2023.04.20 22:18:35 INFO  No mtags for 2.12.6.[0m
2023.04.20 22:18:35 INFO  No mtags for 2.12.6.[0m
2023.04.20 22:18:35 INFO  No mtags for 2.12.6.[0m
2023.04.20 22:18:35 INFO  No mtags for 2.12.6.[0m
2023.04.20 22:18:35 INFO  No mtags for 2.12.6.[0m
2023.04.20 22:19:05 INFO  No mtags for 2.12.6.[0m
2023.04.20 22:19:05 WARN  unsupported Scala 2.12.6[0m
2023.04.20 22:19:34 INFO  No mtags for 2.12.6.[0m
2023.04.20 22:19:34 WARN  unsupported Scala 2.12.6[0m
2023.04.20 22:19:34 INFO  No mtags for 2.12.6.[0m
2023.04.20 22:19:34 WARN  unsupported Scala 2.12.6[0m
2023.04.20 22:19:37 INFO  No mtags for 2.12.6.[0m
2023.04.20 22:19:37 WARN  unsupported Scala 2.12.6[0m
2023.04.20 22:19:37 INFO  No mtags for 2.12.6.[0m
2023.04.20 22:19:37 WARN  unsupported Scala 2.12.6[0m
2023.04.20 22:19:39 INFO  No mtags for 2.12.6.[0m
2023.04.20 22:19:39 WARN  unsupported Scala 2.12.6[0m
2023.04.20 22:19:40 INFO  compiling scala.removeduplication (1 scala source)[0m
2023.04.20 22:19:40 INFO  time: compiled scala.removeDuplication in 0.24s[0m
2023.04.20 22:19:42 INFO  No mtags for 2.12.6.[0m
2023.04.20 22:19:42 WARN  unsupported Scala 2.12.6[0m
2023.04.20 22:19:42 INFO  No mtags for 2.12.6.[0m
2023.04.20 22:19:42 WARN  unsupported Scala 2.12.6[0m
2023.04.20 22:19:42 INFO  No mtags for 2.12.6.[0m
2023.04.20 22:19:42 WARN  unsupported Scala 2.12.6[0m
2023.04.20 22:19:42 INFO  No mtags for 2.12.6.[0m
2023.04.20 22:19:42 WARN  unsupported Scala 2.12.6[0m
2023.04.20 22:19:42 INFO  No mtags for 2.12.6.[0m
2023.04.20 22:19:42 WARN  unsupported Scala 2.12.6[0m
2023.04.20 22:19:43 INFO  No mtags for 2.12.6.[0m
2023.04.20 22:19:43 WARN  unsupported Scala 2.12.6[0m
2023.04.20 22:19:43 INFO  No mtags for 2.12.6.[0m
2023.04.20 22:19:43 WARN  unsupported Scala 2.12.6[0m
2023.04.20 22:19:44 INFO  compiling scala.removeduplication (1 scala source)[0m
2023.04.20 22:19:44 INFO  No mtags for 2.12.6.[0m
2023.04.20 22:19:44 WARN  unsupported Scala 2.12.6[0m
2023.04.20 22:19:44 INFO  time: compiled scala.removeDuplication in 0.24s[0m
2023.04.20 22:19:44 INFO  No mtags for 2.12.6.[0m
2023.04.20 22:19:44 WARN  unsupported Scala 2.12.6[0m
2023.04.20 22:19:45 INFO  compiling scala.removeduplication (1 scala source)[0m
2023.04.20 22:19:45 INFO  time: compiled scala.removeDuplication in 33ms[0m
Apr 20, 2023 10:20:42 PM org.eclipse.lsp4j.jsonrpc.RemoteEndpoint handleCancellation
WARNING: Unmatched cancel notification for request id 105
Apr 20, 2023 10:20:45 PM org.eclipse.lsp4j.jsonrpc.services.GenericEndpoint notify
INFO: Unsupported notification method: $/setTrace
2023.04.20 22:20:47 INFO  No mtags for 2.12.6.[0m
2023.04.20 22:20:47 WARN  unsupported Scala 2.12.6[0m
2023.04.20 22:20:52 INFO  No mtags for 2.12.6.[0m
2023.04.20 22:20:52 WARN  unsupported Scala 2.12.6[0m
2023.04.20 22:20:52 INFO  No mtags for 2.12.6.[0m
2023.04.20 22:20:52 WARN  unsupported Scala 2.12.6[0m
2023.04.20 22:20:52 INFO  No mtags for 2.12.6.[0m
2023.04.20 22:20:52 WARN  unsupported Scala 2.12.6[0m
2023.04.20 22:20:53 INFO  compiling scala.removeduplication (1 scala source)[0m
2023.04.20 22:20:53 INFO  time: compiled scala.removeDuplication in 26ms[0m
2023.04.20 22:20:54 INFO  No mtags for 2.12.6.[0m
2023.04.20 22:20:54 WARN  unsupported Scala 2.12.6[0m
2023.04.20 22:20:55 INFO  compiling scala.removeduplication (1 scala source)[0m
2023.04.20 22:20:55 INFO  time: compiled scala.removeDuplication in 0.26s[0m
2023.04.20 22:21:08 INFO  running '/Users/micuks/Library/Java/JavaVirtualMachines/corretto-17.0.4.1/Contents/Home/bin/java -Dfile.encoding=UTF-8 -Dmaven.multiModuleProjectDirectory=/Users/micuks/dev/mycode/javaHadoop/lab4.scala.removeDuplication -Dmaven.home=/var/folders/4j/pvfxsg2j2d9dxpc2jlpvzh6c0000gn/T/metals17520769344137196802 -cp /var/folders/4j/pvfxsg2j2d9dxpc2jlpvzh6c0000gn/T/metals17520769344137196802/maven-wrapper.jar org.apache.maven.wrapper.MavenWrapperMain generate-sources ch.epfl.scala:bloop-maven-plugin:2.0.0:bloopInstall -DdownloadSources=true'[0m
2023.04.20 22:21:09 INFO  [INFO] Scanning for projects...[0m
2023.04.20 22:21:09 INFO  [INFO] [0m
2023.04.20 22:21:09 INFO  [INFO] --< org.wql2020211597.scala.removeDuplication:scala.removeDuplication >--[0m
2023.04.20 22:21:09 INFO  [INFO] Building scala.removeDuplication 1.0-SNAPSHOT[0m
2023.04.20 22:21:09 INFO  [INFO] --------------------------------[ jar ]---------------------------------[0m
2023.04.20 22:21:09 INFO  [INFO] [0m
2023.04.20 22:21:09 INFO  [INFO] --- bloop-maven-plugin:2.0.0:bloopInstall (default-cli) @ scala.removeDuplication ---[0m
2023.04.20 22:21:09 INFO  [INFO] Using empty launcher: no run setup for scala.removeDuplication.[0m
2023.04.20 22:21:09 INFO  [INFO] Resolving artifact: org.scala-lang:scala-library:jar:2.12.17:compile (sources = false)[0m
2023.04.20 22:21:09 INFO  [INFO] SUCCESS: org.scala-lang:scala-library:jar:2.12.17:compile (sources = false)[0m
2023.04.20 22:21:09 INFO  [INFO] Resolving artifact: org.scala-lang:scala-library:jar:2.12.17:compile (sources = true)[0m
2023.04.20 22:21:09 INFO  [INFO] SUCCESS: org.scala-lang:scala-library:jar:2.12.17:compile (sources = true)[0m
2023.04.20 22:21:09 INFO  [INFO] Resolving artifact: org.apache.spark:spark-core_2.12:jar:3.4.0:compile (sources = false)[0m
2023.04.20 22:21:09 INFO  [INFO] SUCCESS: org.apache.spark:spark-core_2.12:jar:3.4.0:compile (sources = false)[0m
2023.04.20 22:21:09 INFO  [INFO] Resolving artifact: org.apache.spark:spark-core_2.12:jar:3.4.0:compile (sources = true)[0m
2023.04.20 22:21:09 INFO  [INFO] SUCCESS: org.apache.spark:spark-core_2.12:jar:3.4.0:compile (sources = true)[0m
2023.04.20 22:21:09 INFO  [INFO] Resolving artifact: org.apache.avro:avro:jar:1.11.1:compile (sources = false)[0m
2023.04.20 22:21:09 INFO  [INFO] SUCCESS: org.apache.avro:avro:jar:1.11.1:compile (sources = false)[0m
2023.04.20 22:21:09 INFO  [INFO] Resolving artifact: org.apache.avro:avro:jar:1.11.1:compile (sources = true)[0m
2023.04.20 22:21:09 INFO  [INFO] SUCCESS: org.apache.avro:avro:jar:1.11.1:compile (sources = true)[0m
2023.04.20 22:21:09 INFO  [INFO] Resolving artifact: com.fasterxml.jackson.core:jackson-core:jar:2.12.7:compile (sources = false)[0m
2023.04.20 22:21:09 INFO  [INFO] SUCCESS: com.fasterxml.jackson.core:jackson-core:jar:2.12.7:compile (sources = false)[0m
2023.04.20 22:21:09 INFO  [INFO] Resolving artifact: com.fasterxml.jackson.core:jackson-core:jar:2.12.7:compile (sources = true)[0m
2023.04.20 22:21:09 INFO  [INFO] SUCCESS: com.fasterxml.jackson.core:jackson-core:jar:2.12.7:compile (sources = true)[0m
2023.04.20 22:21:09 INFO  [INFO] Resolving artifact: org.apache.avro:avro-mapred:jar:1.11.1:compile (sources = false)[0m
2023.04.20 22:21:09 INFO  [INFO] SUCCESS: org.apache.avro:avro-mapred:jar:1.11.1:compile (sources = false)[0m
2023.04.20 22:21:09 INFO  [INFO] Resolving artifact: org.apache.avro:avro-mapred:jar:1.11.1:compile (sources = true)[0m
2023.04.20 22:21:09 INFO  [INFO] SUCCESS: org.apache.avro:avro-mapred:jar:1.11.1:compile (sources = true)[0m
2023.04.20 22:21:09 INFO  [INFO] Resolving artifact: org.apache.avro:avro-ipc:jar:1.11.1:compile (sources = false)[0m
2023.04.20 22:21:09 INFO  [INFO] SUCCESS: org.apache.avro:avro-ipc:jar:1.11.1:compile (sources = false)[0m
2023.04.20 22:21:09 INFO  [INFO] Resolving artifact: org.apache.avro:avro-ipc:jar:1.11.1:compile (sources = true)[0m
2023.04.20 22:21:09 INFO  [INFO] SUCCESS: org.apache.avro:avro-ipc:jar:1.11.1:compile (sources = true)[0m
2023.04.20 22:21:09 INFO  [INFO] Resolving artifact: org.tukaani:xz:jar:1.9:compile (sources = false)[0m
2023.04.20 22:21:09 INFO  [INFO] SUCCESS: org.tukaani:xz:jar:1.9:compile (sources = false)[0m
2023.04.20 22:21:09 INFO  [INFO] Resolving artifact: org.tukaani:xz:jar:1.9:compile (sources = true)[0m
2023.04.20 22:21:09 INFO  [INFO] SUCCESS: org.tukaani:xz:jar:1.9:compile (sources = true)[0m
2023.04.20 22:21:09 INFO  [INFO] Resolving artifact: com.twitter:chill_2.12:jar:0.10.0:compile (sources = false)[0m
2023.04.20 22:21:09 INFO  [INFO] SUCCESS: com.twitter:chill_2.12:jar:0.10.0:compile (sources = false)[0m
2023.04.20 22:21:09 INFO  [INFO] Resolving artifact: com.twitter:chill_2.12:jar:0.10.0:compile (sources = true)[0m
2023.04.20 22:21:09 INFO  [INFO] SUCCESS: com.twitter:chill_2.12:jar:0.10.0:compile (sources = true)[0m
2023.04.20 22:21:09 INFO  [INFO] Resolving artifact: com.esotericsoftware:kryo-shaded:jar:4.0.2:compile (sources = false)[0m
2023.04.20 22:21:09 INFO  [INFO] SUCCESS: com.esotericsoftware:kryo-shaded:jar:4.0.2:compile (sources = false)[0m
2023.04.20 22:21:09 INFO  [INFO] Resolving artifact: com.esotericsoftware:kryo-shaded:jar:4.0.2:compile (sources = true)[0m
2023.04.20 22:21:09 INFO  [INFO] SUCCESS: com.esotericsoftware:kryo-shaded:jar:4.0.2:compile (sources = true)[0m
2023.04.20 22:21:09 INFO  [INFO] Resolving artifact: com.esotericsoftware:minlog:jar:1.3.0:compile (sources = false)[0m
2023.04.20 22:21:09 INFO  [INFO] SUCCESS: com.esotericsoftware:minlog:jar:1.3.0:compile (sources = false)[0m
2023.04.20 22:21:09 INFO  [INFO] Resolving artifact: com.esotericsoftware:minlog:jar:1.3.0:compile (sources = true)[0m
2023.04.20 22:21:09 INFO  [INFO] SUCCESS: com.esotericsoftware:minlog:jar:1.3.0:compile (sources = true)[0m
2023.04.20 22:21:09 INFO  [INFO] Resolving artifact: org.objenesis:objenesis:jar:2.5.1:compile (sources = false)[0m
2023.04.20 22:21:09 INFO  [INFO] SUCCESS: org.objenesis:objenesis:jar:2.5.1:compile (sources = false)[0m
2023.04.20 22:21:09 INFO  [INFO] Resolving artifact: org.objenesis:objenesis:jar:2.5.1:compile (sources = true)[0m
2023.04.20 22:21:09 INFO  [INFO] SUCCESS: org.objenesis:objenesis:jar:2.5.1:compile (sources = true)[0m
2023.04.20 22:21:09 INFO  [INFO] Resolving artifact: com.twitter:chill-java:jar:0.10.0:compile (sources = false)[0m
2023.04.20 22:21:09 INFO  [INFO] SUCCESS: com.twitter:chill-java:jar:0.10.0:compile (sources = false)[0m
2023.04.20 22:21:09 INFO  [INFO] Resolving artifact: com.twitter:chill-java:jar:0.10.0:compile (sources = true)[0m
2023.04.20 22:21:09 INFO  [INFO] SUCCESS: com.twitter:chill-java:jar:0.10.0:compile (sources = true)[0m
2023.04.20 22:21:09 INFO  [INFO] Resolving artifact: org.apache.xbean:xbean-asm9-shaded:jar:4.22:compile (sources = false)[0m
2023.04.20 22:21:09 INFO  [INFO] SUCCESS: org.apache.xbean:xbean-asm9-shaded:jar:4.22:compile (sources = false)[0m
2023.04.20 22:21:09 INFO  [INFO] Resolving artifact: org.apache.xbean:xbean-asm9-shaded:jar:4.22:compile (sources = true)[0m
2023.04.20 22:21:09 INFO  [INFO] SUCCESS: org.apache.xbean:xbean-asm9-shaded:jar:4.22:compile (sources = true)[0m
2023.04.20 22:21:09 INFO  [INFO] Resolving artifact: org.apache.hadoop:hadoop-client-api:jar:3.3.4:compile (sources = false)[0m
2023.04.20 22:21:09 INFO  [INFO] SUCCESS: org.apache.hadoop:hadoop-client-api:jar:3.3.4:compile (sources = false)[0m
2023.04.20 22:21:09 INFO  [INFO] Resolving artifact: org.apache.hadoop:hadoop-client-api:jar:3.3.4:compile (sources = true)[0m
2023.04.20 22:21:09 INFO  [INFO] SUCCESS: org.apache.hadoop:hadoop-client-api:jar:3.3.4:compile (sources = true)[0m
2023.04.20 22:21:09 INFO  [INFO] Resolving artifact: org.apache.hadoop:hadoop-client-runtime:jar:3.3.4:compile (sources = false)[0m
2023.04.20 22:21:09 INFO  [INFO] SUCCESS: org.apache.hadoop:hadoop-client-runtime:jar:3.3.4:compile (sources = false)[0m
2023.04.20 22:21:09 INFO  [INFO] Resolving artifact: org.apache.hadoop:hadoop-client-runtime:jar:3.3.4:compile (sources = true)[0m
2023.04.20 22:21:09 INFO  [ERROR] FAILURE org.apache.hadoop:hadoop-client-runtime:jar:3.3.4:compile (sources = true)[0m
2023.04.20 22:21:09 INFO  org.eclipse.aether.resolution.ArtifactResolutionException: org.apache.hadoop:hadoop-client-runtime:jar:sources:3.3.4 was not found in https://repo.maven.apache.org/maven2 during a previous attempt. This failure was cached in the local repository and resolution is not reattempted until the update interval of central has elapsed or updates are forced[0m
2023.04.20 22:21:09 INFO      at org.eclipse.aether.internal.impl.DefaultArtifactResolver.resolve (DefaultArtifactResolver.java:425)[0m
2023.04.20 22:21:09 INFO      at org.eclipse.aether.internal.impl.DefaultArtifactResolver.resolveArtifacts (DefaultArtifactResolver.java:229)[0m
2023.04.20 22:21:09 INFO      at org.eclipse.aether.internal.impl.DefaultArtifactResolver.resolveArtifact (DefaultArtifactResolver.java:207)[0m
2023.04.20 22:21:09 INFO      at org.eclipse.aether.internal.impl.DefaultRepositorySystem.resolveArtifact (DefaultRepositorySystem.java:262)[0m
2023.04.20 22:21:09 INFO      at bloop.integrations.maven.MojoImplementation$.bloop$integrations$maven$MojoImplementation$$resolveArtifact$1 (MojoImplementation.scala:117)[0m
2023.04.20 22:21:09 INFO      at bloop.integrations.maven.MojoImplementation$$anonfun$2.applyOrElse (MojoImplementation.scala:244)[0m
2023.04.20 22:21:09 INFO      at bloop.integrations.maven.MojoImplementation$$anonfun$2.applyOrElse (MojoImplementation.scala:226)[0m
2023.04.20 22:21:09 INFO      at scala.collection.StrictOptimizedIterableOps.collect (StrictOptimizedIterableOps.scala:151)[0m
2023.04.20 22:21:09 INFO      at scala.collection.StrictOptimizedIterableOps.collect$ (StrictOptimizedIterableOps.scala:136)[0m
2023.04.20 22:21:09 INFO      at scala.collection.convert.JavaCollectionWrappers$JSetWrapper.collect (JavaCollectionWrappers.scala:180)[0m
2023.04.20 22:21:09 INFO      at bloop.integrations.maven.MojoImplementation$.writeConfig$1 (MojoImplementation.scala:226)[0m
2023.04.20 22:21:09 INFO      at bloop.integrations.maven.MojoImplementation$.writeCompileAndTestConfiguration (MojoImplementation.scala:301)[0m
2023.04.20 22:21:09 INFO      at bloop.integrations.maven.MojoImplementation.writeCompileAndTestConfiguration (MojoImplementation.scala)[0m
2023.04.20 22:21:09 INFO      at bloop.integrations.maven.BloopMojo.execute (BloopMojo.java:104)[0m
2023.04.20 22:21:09 INFO      at org.apache.maven.plugin.DefaultBuildPluginManager.executeMojo (DefaultBuildPluginManager.java:137)[0m
2023.04.20 22:21:09 INFO      at org.apache.maven.lifecycle.internal.MojoExecutor.doExecute2 (MojoExecutor.java:370)[0m
2023.04.20 22:21:09 INFO      at org.apache.maven.lifecycle.internal.MojoExecutor.doExecute (MojoExecutor.java:351)[0m
2023.04.20 22:21:09 INFO      at org.apache.maven.lifecycle.internal.MojoExecutor.execute (MojoExecutor.java:215)[0m
2023.04.20 22:21:09 INFO      at org.apache.maven.lifecycle.internal.MojoExecutor.execute (MojoExecutor.java:171)[0m
2023.04.20 22:21:09 INFO      at org.apache.maven.lifecycle.internal.MojoExecutor.execute (MojoExecutor.java:163)[0m
2023.04.20 22:21:09 INFO      at org.apache.maven.lifecycle.internal.LifecycleModuleBuilder.buildProject (LifecycleModuleBuilder.java:117)[0m
2023.04.20 22:21:09 INFO      at org.apache.maven.lifecycle.internal.LifecycleModuleBuilder.buildProject (LifecycleModuleBuilder.java:81)[0m
2023.04.20 22:21:09 INFO      at org.apache.maven.lifecycle.internal.builder.singlethreaded.SingleThreadedBuilder.build (SingleThreadedBuilder.java:56)[0m
2023.04.20 22:21:09 INFO      at org.apache.maven.lifecycle.internal.LifecycleStarter.execute (LifecycleStarter.java:128)[0m
2023.04.20 22:21:09 INFO      at org.apache.maven.DefaultMaven.doExecute (DefaultMaven.java:294)[0m
2023.04.20 22:21:09 INFO      at org.apache.maven.DefaultMaven.doExecute (DefaultMaven.java:192)[0m
2023.04.20 22:21:09 INFO      at org.apache.maven.DefaultMaven.execute (DefaultMaven.java:105)[0m
2023.04.20 22:21:09 INFO      at org.apache.maven.cli.MavenCli.execute (MavenCli.java:960)[0m
2023.04.20 22:21:09 INFO      at org.apache.maven.cli.MavenCli.doMain (MavenCli.java:293)[0m
2023.04.20 22:21:09 INFO      at org.apache.maven.cli.MavenCli.main (MavenCli.java:196)[0m
2023.04.20 22:21:09 INFO      at jdk.internal.reflect.NativeMethodAccessorImpl.invoke0 (Native Method)[0m
2023.04.20 22:21:09 INFO      at jdk.internal.reflect.NativeMethodAccessorImpl.invoke (NativeMethodAccessorImpl.java:77)[0m
2023.04.20 22:21:09 INFO      at jdk.internal.reflect.DelegatingMethodAccessorImpl.invoke (DelegatingMethodAccessorImpl.java:43)[0m
2023.04.20 22:21:09 INFO      at java.lang.reflect.Method.invoke (Method.java:568)[0m
2023.04.20 22:21:09 INFO      at org.codehaus.plexus.classworlds.launcher.Launcher.launchEnhanced (Launcher.java:282)[0m
2023.04.20 22:21:09 INFO      at org.codehaus.plexus.classworlds.launcher.Launcher.launch (Launcher.java:225)[0m
2023.04.20 22:21:09 INFO      at org.codehaus.plexus.classworlds.launcher.Launcher.mainWithExitCode (Launcher.java:406)[0m
2023.04.20 22:21:09 INFO      at org.codehaus.plexus.classworlds.launcher.Launcher.main (Launcher.java:347)[0m
2023.04.20 22:21:09 INFO      at jdk.internal.reflect.NativeMethodAccessorImpl.invoke0 (Native Method)[0m
2023.04.20 22:21:09 INFO      at jdk.internal.reflect.NativeMethodAccessorImpl.invoke (NativeMethodAccessorImpl.java:77)[0m
2023.04.20 22:21:09 INFO      at jdk.internal.reflect.DelegatingMethodAccessorImpl.invoke (DelegatingMethodAccessorImpl.java:43)[0m
2023.04.20 22:21:09 INFO      at java.lang.reflect.Method.invoke (Method.java:568)[0m
2023.04.20 22:21:09 INFO      at org.apache.maven.wrapper.BootstrapMainStarter.start (BootstrapMainStarter.java:53)[0m
2023.04.20 22:21:09 INFO      at org.apache.maven.wrapper.WrapperExecutor.execute (WrapperExecutor.java:152)[0m
2023.04.20 22:21:09 INFO      at org.apache.maven.wrapper.MavenWrapperMain.main (MavenWrapperMain.java:76)[0m
2023.04.20 22:21:09 INFO  Caused by: org.eclipse.aether.transfer.ArtifactNotFoundException: org.apache.hadoop:hadoop-client-runtime:jar:sources:3.3.4 was not found in https://repo.maven.apache.org/maven2 during a previous attempt. This failure was cached in the local repository and resolution is not reattempted until the update interval of central has elapsed or updates are forced[0m
2023.04.20 22:21:09 INFO      at org.eclipse.aether.internal.impl.DefaultUpdateCheckManager.newException (DefaultUpdateCheckManager.java:217)[0m
2023.04.20 22:21:09 INFO      at org.eclipse.aether.internal.impl.DefaultUpdateCheckManager.checkArtifact (DefaultUpdateCheckManager.java:189)[0m
2023.04.20 22:21:09 INFO      at org.eclipse.aether.internal.impl.DefaultArtifactResolver.gatherDownloads (DefaultArtifactResolver.java:574)[0m
2023.04.20 22:21:09 INFO      at org.eclipse.aether.internal.impl.DefaultArtifactResolver.performDownloads (DefaultArtifactResolver.java:484)[0m
2023.04.20 22:21:09 INFO      at org.eclipse.aether.internal.impl.DefaultArtifactResolver.resolve (DefaultArtifactResolver.java:402)[0m
2023.04.20 22:21:09 INFO      at org.eclipse.aether.internal.impl.DefaultArtifactResolver.resolveArtifacts (DefaultArtifactResolver.java:229)[0m
2023.04.20 22:21:09 INFO      at org.eclipse.aether.internal.impl.DefaultArtifactResolver.resolveArtifact (DefaultArtifactResolver.java:207)[0m
2023.04.20 22:21:09 INFO      at org.eclipse.aether.internal.impl.DefaultRepositorySystem.resolveArtifact (DefaultRepositorySystem.java:262)[0m
2023.04.20 22:21:09 INFO      at bloop.integrations.maven.MojoImplementation$.bloop$integrations$maven$MojoImplementation$$resolveArtifact$1 (MojoImplementation.scala:117)[0m
2023.04.20 22:21:09 INFO      at bloop.integrations.maven.MojoImplementation$$anonfun$2.applyOrElse (MojoImplementation.scala:244)[0m
2023.04.20 22:21:09 INFO      at bloop.integrations.maven.MojoImplementation$$anonfun$2.applyOrElse (MojoImplementation.scala:226)[0m
2023.04.20 22:21:09 INFO      at scala.collection.StrictOptimizedIterableOps.collect (StrictOptimizedIterableOps.scala:151)[0m
2023.04.20 22:21:09 INFO      at scala.collection.StrictOptimizedIterableOps.collect$ (StrictOptimizedIterableOps.scala:136)[0m
2023.04.20 22:21:09 INFO      at scala.collection.convert.JavaCollectionWrappers$JSetWrapper.collect (JavaCollectionWrappers.scala:180)[0m
2023.04.20 22:21:09 INFO      at bloop.integrations.maven.MojoImplementation$.writeConfig$1 (MojoImplementation.scala:226)[0m
2023.04.20 22:21:09 INFO      at bloop.integrations.maven.MojoImplementation$.writeCompileAndTestConfiguration (MojoImplementation.scala:301)[0m
2023.04.20 22:21:09 INFO      at bloop.integrations.maven.MojoImplementation.writeCompileAndTestConfiguration (MojoImplementation.scala)[0m
2023.04.20 22:21:09 INFO      at bloop.integrations.maven.BloopMojo.execute (BloopMojo.java:104)[0m
2023.04.20 22:21:09 INFO      at org.apache.maven.plugin.DefaultBuildPluginManager.executeMojo (DefaultBuildPluginManager.java:137)[0m
2023.04.20 22:21:09 INFO      at org.apache.maven.lifecycle.internal.MojoExecutor.doExecute2 (MojoExecutor.java:370)[0m
2023.04.20 22:21:09 INFO      at org.apache.maven.lifecycle.internal.MojoExecutor.doExecute (MojoExecutor.java:351)[0m
2023.04.20 22:21:09 INFO      at org.apache.maven.lifecycle.internal.MojoExecutor.execute (MojoExecutor.java:215)[0m
2023.04.20 22:21:09 INFO      at org.apache.maven.lifecycle.internal.MojoExecutor.execute (MojoExecutor.java:171)[0m
2023.04.20 22:21:09 INFO      at org.apache.maven.lifecycle.internal.MojoExecutor.execute (MojoExecutor.java:163)[0m
2023.04.20 22:21:09 INFO      at org.apache.maven.lifecycle.internal.LifecycleModuleBuilder.buildProject (LifecycleModuleBuilder.java:117)[0m
2023.04.20 22:21:09 INFO      at org.apache.maven.lifecycle.internal.LifecycleModuleBuilder.buildProject (LifecycleModuleBuilder.java:81)[0m
2023.04.20 22:21:09 INFO      at org.apache.maven.lifecycle.internal.builder.singlethreaded.SingleThreadedBuilder.build (SingleThreadedBuilder.java:56)[0m
2023.04.20 22:21:09 INFO      at org.apache.maven.lifecycle.internal.LifecycleStarter.execute (LifecycleStarter.java:128)[0m
2023.04.20 22:21:09 INFO      at org.apache.maven.DefaultMaven.doExecute (DefaultMaven.java:294)[0m
2023.04.20 22:21:09 INFO      at org.apache.maven.DefaultMaven.doExecute (DefaultMaven.java:192)[0m
2023.04.20 22:21:09 INFO      at org.apache.maven.DefaultMaven.execute (DefaultMaven.java:105)[0m
2023.04.20 22:21:09 INFO      at org.apache.maven.cli.MavenCli.execute (MavenCli.java:960)[0m
2023.04.20 22:21:09 INFO      at org.apache.maven.cli.MavenCli.doMain (MavenCli.java:293)[0m
2023.04.20 22:21:09 INFO      at org.apache.maven.cli.MavenCli.main (MavenCli.java:196)[0m
2023.04.20 22:21:09 INFO      at jdk.internal.reflect.NativeMethodAccessorImpl.invoke0 (Native Method)[0m
2023.04.20 22:21:09 INFO      at jdk.internal.reflect.NativeMethodAccessorImpl.invoke (NativeMethodAccessorImpl.java:77)[0m
2023.04.20 22:21:09 INFO      at jdk.internal.reflect.DelegatingMethodAccessorImpl.invoke (DelegatingMethodAccessorImpl.java:43)[0m
2023.04.20 22:21:09 INFO      at java.lang.reflect.Method.invoke (Method.java:568)[0m
2023.04.20 22:21:09 INFO      at org.codehaus.plexus.classworlds.launcher.Launcher.launchEnhanced (Launcher.java:282)[0m
2023.04.20 22:21:09 INFO      at org.codehaus.plexus.classworlds.launcher.Launcher.launch (Launcher.java:225)[0m
2023.04.20 22:21:09 INFO      at org.codehaus.plexus.classworlds.launcher.Launcher.mainWithExitCode (Launcher.java:406)[0m
2023.04.20 22:21:09 INFO      at org.codehaus.plexus.classworlds.launcher.Launcher.main (Launcher.java:347)[0m
2023.04.20 22:21:09 INFO      at jdk.internal.reflect.NativeMethodAccessorImpl.invoke0 (Native Method)[0m
2023.04.20 22:21:09 INFO      at jdk.internal.reflect.NativeMethodAccessorImpl.invoke (NativeMethodAccessorImpl.java:77)[0m
2023.04.20 22:21:09 INFO      at jdk.internal.reflect.DelegatingMethodAccessorImpl.invoke (DelegatingMethodAccessorImpl.java:43)[0m
2023.04.20 22:21:09 INFO      at java.lang.reflect.Method.invoke (Method.java:568)[0m
2023.04.20 22:21:09 INFO      at org.apache.maven.wrapper.BootstrapMainStarter.start (BootstrapMainStarter.java:53)[0m
2023.04.20 22:21:09 INFO      at org.apache.maven.wrapper.WrapperExecutor.execute (WrapperExecutor.java:152)[0m
2023.04.20 22:21:09 INFO      at org.apache.maven.wrapper.MavenWrapperMain.main (MavenWrapperMain.java:76)[0m
2023.04.20 22:21:09 INFO  [INFO] Resolving artifact: commons-logging:commons-logging:jar:1.1.3:runtime (sources = false)[0m
2023.04.20 22:21:09 INFO  [INFO] SUCCESS: commons-logging:commons-logging:jar:1.1.3:runtime (sources = false)[0m
2023.04.20 22:21:09 INFO  [INFO] Resolving artifact: commons-logging:commons-logging:jar:1.1.3:runtime (sources = true)[0m
2023.04.20 22:21:09 INFO  [INFO] SUCCESS: commons-logging:commons-logging:jar:1.1.3:runtime (sources = true)[0m
2023.04.20 22:21:09 INFO  [INFO] Resolving artifact: org.apache.spark:spark-launcher_2.12:jar:3.4.0:compile (sources = false)[0m
2023.04.20 22:21:09 INFO  [INFO] SUCCESS: org.apache.spark:spark-launcher_2.12:jar:3.4.0:compile (sources = false)[0m
2023.04.20 22:21:09 INFO  [INFO] Resolving artifact: org.apache.spark:spark-launcher_2.12:jar:3.4.0:compile (sources = true)[0m
2023.04.20 22:21:09 INFO  [INFO] SUCCESS: org.apache.spark:spark-launcher_2.12:jar:3.4.0:compile (sources = true)[0m
2023.04.20 22:21:09 INFO  [INFO] Resolving artifact: org.apache.spark:spark-kvstore_2.12:jar:3.4.0:compile (sources = false)[0m
2023.04.20 22:21:09 INFO  [INFO] SUCCESS: org.apache.spark:spark-kvstore_2.12:jar:3.4.0:compile (sources = false)[0m
2023.04.20 22:21:09 INFO  [INFO] Resolving artifact: org.apache.spark:spark-kvstore_2.12:jar:3.4.0:compile (sources = true)[0m
2023.04.20 22:21:09 INFO  [INFO] SUCCESS: org.apache.spark:spark-kvstore_2.12:jar:3.4.0:compile (sources = true)[0m
2023.04.20 22:21:09 INFO  [INFO] Resolving artifact: org.fusesource.leveldbjni:leveldbjni-all:jar:1.8:compile (sources = false)[0m
2023.04.20 22:21:09 INFO  [INFO] SUCCESS: org.fusesource.leveldbjni:leveldbjni-all:jar:1.8:compile (sources = false)[0m
2023.04.20 22:21:09 INFO  [INFO] Resolving artifact: org.fusesource.leveldbjni:leveldbjni-all:jar:1.8:compile (sources = true)[0m
2023.04.20 22:21:09 INFO  [INFO] SUCCESS: org.fusesource.leveldbjni:leveldbjni-all:jar:1.8:compile (sources = true)[0m
2023.04.20 22:21:09 INFO  [INFO] Resolving artifact: com.fasterxml.jackson.core:jackson-annotations:jar:2.14.2:compile (sources = false)[0m
2023.04.20 22:21:09 INFO  [INFO] SUCCESS: com.fasterxml.jackson.core:jackson-annotations:jar:2.14.2:compile (sources = false)[0m
2023.04.20 22:21:09 INFO  [INFO] Resolving artifact: com.fasterxml.jackson.core:jackson-annotations:jar:2.14.2:compile (sources = true)[0m
2023.04.20 22:21:09 INFO  [INFO] SUCCESS: com.fasterxml.jackson.core:jackson-annotations:jar:2.14.2:compile (sources = true)[0m
2023.04.20 22:21:09 INFO  [INFO] Resolving artifact: org.apache.spark:spark-network-common_2.12:jar:3.4.0:compile (sources = false)[0m
2023.04.20 22:21:09 INFO  [INFO] SUCCESS: org.apache.spark:spark-network-common_2.12:jar:3.4.0:compile (sources = false)[0m
2023.04.20 22:21:09 INFO  [INFO] Resolving artifact: org.apache.spark:spark-network-common_2.12:jar:3.4.0:compile (sources = true)[0m
2023.04.20 22:21:09 INFO  [INFO] SUCCESS: org.apache.spark:spark-network-common_2.12:jar:3.4.0:compile (sources = true)[0m
2023.04.20 22:21:09 INFO  [INFO] Resolving artifact: com.google.crypto.tink:tink:jar:1.7.0:compile (sources = false)[0m
2023.04.20 22:21:09 INFO  [INFO] SUCCESS: com.google.crypto.tink:tink:jar:1.7.0:compile (sources = false)[0m
2023.04.20 22:21:09 INFO  [INFO] Resolving artifact: com.google.crypto.tink:tink:jar:1.7.0:compile (sources = true)[0m
2023.04.20 22:21:09 INFO  [INFO] SUCCESS: com.google.crypto.tink:tink:jar:1.7.0:compile (sources = true)[0m
2023.04.20 22:21:09 INFO  [INFO] Resolving artifact: com.google.code.gson:gson:jar:2.8.9:compile (sources = false)[0m
2023.04.20 22:21:09 INFO  [INFO] SUCCESS: com.google.code.gson:gson:jar:2.8.9:compile (sources = false)[0m
2023.04.20 22:21:09 INFO  [INFO] Resolving artifact: com.google.code.gson:gson:jar:2.8.9:compile (sources = true)[0m
2023.04.20 22:21:09 INFO  [INFO] SUCCESS: com.google.code.gson:gson:jar:2.8.9:compile (sources = true)[0m
2023.04.20 22:21:09 INFO  [INFO] Resolving artifact: org.apache.spark:spark-network-shuffle_2.12:jar:3.4.0:compile (sources = false)[0m
2023.04.20 22:21:09 INFO  [INFO] SUCCESS: org.apache.spark:spark-network-shuffle_2.12:jar:3.4.0:compile (sources = false)[0m
2023.04.20 22:21:09 INFO  [INFO] Resolving artifact: org.apache.spark:spark-network-shuffle_2.12:jar:3.4.0:compile (sources = true)[0m
2023.04.20 22:21:09 INFO  [INFO] SUCCESS: org.apache.spark:spark-network-shuffle_2.12:jar:3.4.0:compile (sources = true)[0m
2023.04.20 22:21:09 INFO  [INFO] Resolving artifact: org.apache.spark:spark-unsafe_2.12:jar:3.4.0:compile (sources = false)[0m
2023.04.20 22:21:09 INFO  [INFO] SUCCESS: org.apache.spark:spark-unsafe_2.12:jar:3.4.0:compile (sources = false)[0m
2023.04.20 22:21:09 INFO  [INFO] Resolving artifact: org.apache.spark:spark-unsafe_2.12:jar:3.4.0:compile (sources = true)[0m
2023.04.20 22:21:09 INFO  [INFO] SUCCESS: org.apache.spark:spark-unsafe_2.12:jar:3.4.0:compile (sources = true)[0m
2023.04.20 22:21:09 INFO  [INFO] Resolving artifact: javax.activation:activation:jar:1.1.1:compile (sources = false)[0m
2023.04.20 22:21:09 INFO  [INFO] SUCCESS: javax.activation:activation:jar:1.1.1:compile (sources = false)[0m
2023.04.20 22:21:09 INFO  [INFO] Resolving artifact: javax.activation:activation:jar:1.1.1:compile (sources = true)[0m
2023.04.20 22:21:09 INFO  [INFO] SUCCESS: javax.activation:activation:jar:1.1.1:compile (sources = true)[0m
2023.04.20 22:21:09 INFO  [INFO] Resolving artifact: org.apache.curator:curator-recipes:jar:2.13.0:compile (sources = false)[0m
2023.04.20 22:21:09 INFO  [INFO] SUCCESS: org.apache.curator:curator-recipes:jar:2.13.0:compile (sources = false)[0m
2023.04.20 22:21:09 INFO  [INFO] Resolving artifact: org.apache.curator:curator-recipes:jar:2.13.0:compile (sources = true)[0m
2023.04.20 22:21:09 INFO  [INFO] SUCCESS: org.apache.curator:curator-recipes:jar:2.13.0:compile (sources = true)[0m
2023.04.20 22:21:09 INFO  [INFO] Resolving artifact: org.apache.curator:curator-framework:jar:2.13.0:compile (sources = false)[0m
2023.04.20 22:21:09 INFO  [INFO] SUCCESS: org.apache.curator:curator-framework:jar:2.13.0:compile (sources = false)[0m
2023.04.20 22:21:09 INFO  [INFO] Resolving artifact: org.apache.curator:curator-framework:jar:2.13.0:compile (sources = true)[0m
2023.04.20 22:21:09 INFO  [INFO] SUCCESS: org.apache.curator:curator-framework:jar:2.13.0:compile (sources = true)[0m
2023.04.20 22:21:09 INFO  [INFO] Resolving artifact: org.apache.curator:curator-client:jar:2.13.0:compile (sources = false)[0m
2023.04.20 22:21:09 INFO  [INFO] SUCCESS: org.apache.curator:curator-client:jar:2.13.0:compile (sources = false)[0m
2023.04.20 22:21:09 INFO  [INFO] Resolving artifact: org.apache.curator:curator-client:jar:2.13.0:compile (sources = true)[0m
2023.04.20 22:21:09 INFO  [INFO] SUCCESS: org.apache.curator:curator-client:jar:2.13.0:compile (sources = true)[0m
2023.04.20 22:21:09 INFO  [INFO] Resolving artifact: com.google.guava:guava:jar:16.0.1:compile (sources = false)[0m
2023.04.20 22:21:09 INFO  [INFO] SUCCESS: com.google.guava:guava:jar:16.0.1:compile (sources = false)[0m
2023.04.20 22:21:09 INFO  [INFO] Resolving artifact: com.google.guava:guava:jar:16.0.1:compile (sources = true)[0m
2023.04.20 22:21:09 INFO  [INFO] SUCCESS: com.google.guava:guava:jar:16.0.1:compile (sources = true)[0m
2023.04.20 22:21:09 INFO  [INFO] Resolving artifact: org.apache.zookeeper:zookeeper:jar:3.6.3:compile (sources = false)[0m
2023.04.20 22:21:09 INFO  [INFO] SUCCESS: org.apache.zookeeper:zookeeper:jar:3.6.3:compile (sources = false)[0m
2023.04.20 22:21:09 INFO  [INFO] Resolving artifact: org.apache.zookeeper:zookeeper:jar:3.6.3:compile (sources = true)[0m
2023.04.20 22:21:09 INFO  [INFO] SUCCESS: org.apache.zookeeper:zookeeper:jar:3.6.3:compile (sources = true)[0m
2023.04.20 22:21:09 INFO  [INFO] Resolving artifact: org.apache.zookeeper:zookeeper-jute:jar:3.6.3:compile (sources = false)[0m
2023.04.20 22:21:09 INFO  [INFO] SUCCESS: org.apache.zookeeper:zookeeper-jute:jar:3.6.3:compile (sources = false)[0m
2023.04.20 22:21:09 INFO  [INFO] Resolving artifact: org.apache.zookeeper:zookeeper-jute:jar:3.6.3:compile (sources = true)[0m
2023.04.20 22:21:09 INFO  [INFO] SUCCESS: org.apache.zookeeper:zookeeper-jute:jar:3.6.3:compile (sources = true)[0m
2023.04.20 22:21:09 INFO  [INFO] Resolving artifact: org.apache.yetus:audience-annotations:jar:0.5.0:compile (sources = false)[0m
2023.04.20 22:21:09 INFO  [INFO] SUCCESS: org.apache.yetus:audience-annotations:jar:0.5.0:compile (sources = false)[0m
2023.04.20 22:21:09 INFO  [INFO] Resolving artifact: org.apache.yetus:audience-annotations:jar:0.5.0:compile (sources = true)[0m
2023.04.20 22:21:09 INFO  [INFO] SUCCESS: org.apache.yetus:audience-annotations:jar:0.5.0:compile (sources = true)[0m
2023.04.20 22:21:09 INFO  [INFO] Resolving artifact: jakarta.servlet:jakarta.servlet-api:jar:4.0.3:compile (sources = false)[0m
2023.04.20 22:21:09 INFO  [INFO] SUCCESS: jakarta.servlet:jakarta.servlet-api:jar:4.0.3:compile (sources = false)[0m
2023.04.20 22:21:09 INFO  [INFO] Resolving artifact: jakarta.servlet:jakarta.servlet-api:jar:4.0.3:compile (sources = true)[0m
2023.04.20 22:21:09 INFO  [INFO] SUCCESS: jakarta.servlet:jakarta.servlet-api:jar:4.0.3:compile (sources = true)[0m
2023.04.20 22:21:09 INFO  [INFO] Resolving artifact: commons-codec:commons-codec:jar:1.15:compile (sources = false)[0m
2023.04.20 22:21:09 INFO  [INFO] SUCCESS: commons-codec:commons-codec:jar:1.15:compile (sources = false)[0m
2023.04.20 22:21:09 INFO  [INFO] Resolving artifact: commons-codec:commons-codec:jar:1.15:compile (sources = true)[0m
2023.04.20 22:21:09 INFO  [INFO] SUCCESS: commons-codec:commons-codec:jar:1.15:compile (sources = true)[0m
2023.04.20 22:21:09 INFO  [INFO] Resolving artifact: org.apache.commons:commons-compress:jar:1.22:compile (sources = false)[0m
2023.04.20 22:21:09 INFO  [INFO] SUCCESS: org.apache.commons:commons-compress:jar:1.22:compile (sources = false)[0m
2023.04.20 22:21:09 INFO  [INFO] Resolving artifact: org.apache.commons:commons-compress:jar:1.22:compile (sources = true)[0m
2023.04.20 22:21:09 INFO  [INFO] SUCCESS: org.apache.commons:commons-compress:jar:1.22:compile (sources = true)[0m
2023.04.20 22:21:09 INFO  [INFO] Resolving artifact: org.apache.commons:commons-lang3:jar:3.12.0:compile (sources = false)[0m
2023.04.20 22:21:09 INFO  [INFO] SUCCESS: org.apache.commons:commons-lang3:jar:3.12.0:compile (sources = false)[0m
2023.04.20 22:21:09 INFO  [INFO] Resolving artifact: org.apache.commons:commons-lang3:jar:3.12.0:compile (sources = true)[0m
2023.04.20 22:21:09 INFO  [INFO] SUCCESS: org.apache.commons:commons-lang3:jar:3.12.0:compile (sources = true)[0m
2023.04.20 22:21:09 INFO  [INFO] Resolving artifact: org.apache.commons:commons-math3:jar:3.6.1:compile (sources = false)[0m
2023.04.20 22:21:09 INFO  [INFO] SUCCESS: org.apache.commons:commons-math3:jar:3.6.1:compile (sources = false)[0m
2023.04.20 22:21:09 INFO  [INFO] Resolving artifact: org.apache.commons:commons-math3:jar:3.6.1:compile (sources = true)[0m
2023.04.20 22:21:09 INFO  [INFO] SUCCESS: org.apache.commons:commons-math3:jar:3.6.1:compile (sources = true)[0m
2023.04.20 22:21:09 INFO  [INFO] Resolving artifact: org.apache.commons:commons-text:jar:1.10.0:compile (sources = false)[0m
2023.04.20 22:21:09 INFO  [INFO] SUCCESS: org.apache.commons:commons-text:jar:1.10.0:compile (sources = false)[0m
2023.04.20 22:21:09 INFO  [INFO] Resolving artifact: org.apache.commons:commons-text:jar:1.10.0:compile (sources = true)[0m
2023.04.20 22:21:09 INFO  [INFO] SUCCESS: org.apache.commons:commons-text:jar:1.10.0:compile (sources = true)[0m
2023.04.20 22:21:09 INFO  [INFO] Resolving artifact: commons-io:commons-io:jar:2.11.0:compile (sources = false)[0m
2023.04.20 22:21:09 INFO  [INFO] SUCCESS: commons-io:commons-io:jar:2.11.0:compile (sources = false)[0m
2023.04.20 22:21:09 INFO  [INFO] Resolving artifact: commons-io:commons-io:jar:2.11.0:compile (sources = true)[0m
2023.04.20 22:21:09 INFO  [INFO] SUCCESS: commons-io:commons-io:jar:2.11.0:compile (sources = true)[0m
2023.04.20 22:21:09 INFO  [INFO] Resolving artifact: commons-collections:commons-collections:jar:3.2.2:compile (sources = false)[0m
2023.04.20 22:21:09 INFO  [INFO] SUCCESS: commons-collections:commons-collections:jar:3.2.2:compile (sources = false)[0m
2023.04.20 22:21:09 INFO  [INFO] Resolving artifact: commons-collections:commons-collections:jar:3.2.2:compile (sources = true)[0m
2023.04.20 22:21:09 INFO  [INFO] SUCCESS: commons-collections:commons-collections:jar:3.2.2:compile (sources = true)[0m
2023.04.20 22:21:09 INFO  [INFO] Resolving artifact: org.apache.commons:commons-collections4:jar:4.4:compile (sources = false)[0m
2023.04.20 22:21:09 INFO  [INFO] SUCCESS: org.apache.commons:commons-collections4:jar:4.4:compile (sources = false)[0m
2023.04.20 22:21:09 INFO  [INFO] Resolving artifact: org.apache.commons:commons-collections4:jar:4.4:compile (sources = true)[0m
2023.04.20 22:21:09 INFO  [INFO] SUCCESS: org.apache.commons:commons-collections4:jar:4.4:compile (sources = true)[0m
2023.04.20 22:21:09 INFO  [INFO] Resolving artifact: com.google.code.findbugs:jsr305:jar:3.0.0:compile (sources = false)[0m
2023.04.20 22:21:09 INFO  [INFO] SUCCESS: com.google.code.findbugs:jsr305:jar:3.0.0:compile (sources = false)[0m
2023.04.20 22:21:09 INFO  [INFO] Resolving artifact: com.google.code.findbugs:jsr305:jar:3.0.0:compile (sources = true)[0m
2023.04.20 22:21:09 INFO  [INFO] SUCCESS: com.google.code.findbugs:jsr305:jar:3.0.0:compile (sources = true)[0m
2023.04.20 22:21:09 INFO  [INFO] Resolving artifact: org.slf4j:slf4j-api:jar:2.0.6:compile (sources = false)[0m
2023.04.20 22:21:09 INFO  [INFO] SUCCESS: org.slf4j:slf4j-api:jar:2.0.6:compile (sources = false)[0m
2023.04.20 22:21:09 INFO  [INFO] Resolving artifact: org.slf4j:slf4j-api:jar:2.0.6:compile (sources = true)[0m
2023.04.20 22:21:09 INFO  [INFO] SUCCESS: org.slf4j:slf4j-api:jar:2.0.6:compile (sources = true)[0m
2023.04.20 22:21:09 INFO  [INFO] Resolving artifact: org.slf4j:jul-to-slf4j:jar:2.0.6:compile (sources = false)[0m
2023.04.20 22:21:09 INFO  [INFO] SUCCESS: org.slf4j:jul-to-slf4j:jar:2.0.6:compile (sources = false)[0m
2023.04.20 22:21:09 INFO  [INFO] Resolving artifact: org.slf4j:jul-to-slf4j:jar:2.0.6:compile (sources = true)[0m
2023.04.20 22:21:09 INFO  [INFO] SUCCESS: org.slf4j:jul-to-slf4j:jar:2.0.6:compile (sources = true)[0m
2023.04.20 22:21:09 INFO  [INFO] Resolving artifact: org.slf4j:jcl-over-slf4j:jar:2.0.6:compile (sources = false)[0m
2023.04.20 22:21:09 INFO  [INFO] SUCCESS: org.slf4j:jcl-over-slf4j:jar:2.0.6:compile (sources = false)[0m
2023.04.20 22:21:09 INFO  [INFO] Resolving artifact: org.slf4j:jcl-over-slf4j:jar:2.0.6:compile (sources = true)[0m
2023.04.20 22:21:09 INFO  [INFO] SUCCESS: org.slf4j:jcl-over-slf4j:jar:2.0.6:compile (sources = true)[0m
2023.04.20 22:21:09 INFO  [INFO] Resolving artifact: org.apache.logging.log4j:log4j-slf4j2-impl:jar:2.19.0:compile (sources = false)[0m
2023.04.20 22:21:09 INFO  [INFO] SUCCESS: org.apache.logging.log4j:log4j-slf4j2-impl:jar:2.19.0:compile (sources = false)[0m
2023.04.20 22:21:09 INFO  [INFO] Resolving artifact: org.apache.logging.log4j:log4j-slf4j2-impl:jar:2.19.0:compile (sources = true)[0m
2023.04.20 22:21:09 INFO  [INFO] SUCCESS: org.apache.logging.log4j:log4j-slf4j2-impl:jar:2.19.0:compile (sources = true)[0m
2023.04.20 22:21:09 INFO  [INFO] Resolving artifact: org.apache.logging.log4j:log4j-api:jar:2.19.0:compile (sources = false)[0m
2023.04.20 22:21:09 INFO  [INFO] SUCCESS: org.apache.logging.log4j:log4j-api:jar:2.19.0:compile (sources = false)[0m
2023.04.20 22:21:09 INFO  [INFO] Resolving artifact: org.apache.logging.log4j:log4j-api:jar:2.19.0:compile (sources = true)[0m
2023.04.20 22:21:09 INFO  [INFO] SUCCESS: org.apache.logging.log4j:log4j-api:jar:2.19.0:compile (sources = true)[0m
2023.04.20 22:21:09 INFO  [INFO] Resolving artifact: org.apache.logging.log4j:log4j-core:jar:2.19.0:compile (sources = false)[0m
2023.04.20 22:21:09 INFO  [INFO] SUCCESS: org.apache.logging.log4j:log4j-core:jar:2.19.0:compile (sources = false)[0m
2023.04.20 22:21:09 INFO  [INFO] Resolving artifact: org.apache.logging.log4j:log4j-core:jar:2.19.0:compile (sources = true)[0m
2023.04.20 22:21:09 INFO  [INFO] SUCCESS: org.apache.logging.log4j:log4j-core:jar:2.19.0:compile (sources = true)[0m
2023.04.20 22:21:09 INFO  [INFO] Resolving artifact: org.apache.logging.log4j:log4j-1.2-api:jar:2.19.0:compile (sources = false)[0m
2023.04.20 22:21:09 INFO  [INFO] SUCCESS: org.apache.logging.log4j:log4j-1.2-api:jar:2.19.0:compile (sources = false)[0m
2023.04.20 22:21:09 INFO  [INFO] Resolving artifact: org.apache.logging.log4j:log4j-1.2-api:jar:2.19.0:compile (sources = true)[0m
2023.04.20 22:21:09 INFO  [INFO] SUCCESS: org.apache.logging.log4j:log4j-1.2-api:jar:2.19.0:compile (sources = true)[0m
2023.04.20 22:21:09 INFO  [INFO] Resolving artifact: com.ning:compress-lzf:jar:1.1.2:compile (sources = false)[0m
2023.04.20 22:21:09 INFO  [INFO] SUCCESS: com.ning:compress-lzf:jar:1.1.2:compile (sources = false)[0m
2023.04.20 22:21:09 INFO  [INFO] Resolving artifact: com.ning:compress-lzf:jar:1.1.2:compile (sources = true)[0m
2023.04.20 22:21:09 INFO  [INFO] SUCCESS: com.ning:compress-lzf:jar:1.1.2:compile (sources = true)[0m
2023.04.20 22:21:09 INFO  [INFO] Resolving artifact: org.xerial.snappy:snappy-java:jar:1.1.9.1:compile (sources = false)[0m
2023.04.20 22:21:09 INFO  [INFO] SUCCESS: org.xerial.snappy:snappy-java:jar:1.1.9.1:compile (sources = false)[0m
2023.04.20 22:21:09 INFO  [INFO] Resolving artifact: org.xerial.snappy:snappy-java:jar:1.1.9.1:compile (sources = true)[0m
2023.04.20 22:21:09 INFO  [INFO] SUCCESS: org.xerial.snappy:snappy-java:jar:1.1.9.1:compile (sources = true)[0m
2023.04.20 22:21:09 INFO  [INFO] Resolving artifact: org.lz4:lz4-java:jar:1.8.0:compile (sources = false)[0m
2023.04.20 22:21:09 INFO  [INFO] SUCCESS: org.lz4:lz4-java:jar:1.8.0:compile (sources = false)[0m
2023.04.20 22:21:09 INFO  [INFO] Resolving artifact: org.lz4:lz4-java:jar:1.8.0:compile (sources = true)[0m
2023.04.20 22:21:09 INFO  [INFO] SUCCESS: org.lz4:lz4-java:jar:1.8.0:compile (sources = true)[0m
2023.04.20 22:21:09 INFO  [INFO] Resolving artifact: com.github.luben:zstd-jni:jar:1.5.2-5:compile (sources = false)[0m
2023.04.20 22:21:09 INFO  [INFO] SUCCESS: com.github.luben:zstd-jni:jar:1.5.2-5:compile (sources = false)[0m
2023.04.20 22:21:09 INFO  [INFO] Resolving artifact: com.github.luben:zstd-jni:jar:1.5.2-5:compile (sources = true)[0m
2023.04.20 22:21:09 INFO  [INFO] SUCCESS: com.github.luben:zstd-jni:jar:1.5.2-5:compile (sources = true)[0m
2023.04.20 22:21:09 INFO  [INFO] Resolving artifact: org.roaringbitmap:RoaringBitmap:jar:0.9.38:compile (sources = false)[0m
2023.04.20 22:21:09 INFO  [INFO] SUCCESS: org.roaringbitmap:RoaringBitmap:jar:0.9.38:compile (sources = false)[0m
2023.04.20 22:21:09 INFO  [INFO] Resolving artifact: org.roaringbitmap:RoaringBitmap:jar:0.9.38:compile (sources = true)[0m
2023.04.20 22:21:09 INFO  [INFO] SUCCESS: org.roaringbitmap:RoaringBitmap:jar:0.9.38:compile (sources = true)[0m
2023.04.20 22:21:09 INFO  [INFO] Resolving artifact: org.roaringbitmap:shims:jar:0.9.38:runtime (sources = false)[0m
2023.04.20 22:21:09 INFO  [INFO] SUCCESS: org.roaringbitmap:shims:jar:0.9.38:runtime (sources = false)[0m
2023.04.20 22:21:09 INFO  [INFO] Resolving artifact: org.roaringbitmap:shims:jar:0.9.38:runtime (sources = true)[0m
2023.04.20 22:21:09 INFO  [INFO] SUCCESS: org.roaringbitmap:shims:jar:0.9.38:runtime (sources = true)[0m
2023.04.20 22:21:09 INFO  [INFO] Resolving artifact: org.scala-lang.modules:scala-xml_2.12:jar:2.1.0:compile (sources = false)[0m
2023.04.20 22:21:09 INFO  [INFO] SUCCESS: org.scala-lang.modules:scala-xml_2.12:jar:2.1.0:compile (sources = false)[0m
2023.04.20 22:21:09 INFO  [INFO] Resolving artifact: org.scala-lang.modules:scala-xml_2.12:jar:2.1.0:compile (sources = true)[0m
2023.04.20 22:21:09 INFO  [INFO] SUCCESS: org.scala-lang.modules:scala-xml_2.12:jar:2.1.0:compile (sources = true)[0m
2023.04.20 22:21:09 INFO  [INFO] Resolving artifact: org.scala-lang:scala-reflect:jar:2.12.17:compile (sources = false)[0m
2023.04.20 22:21:09 INFO  [INFO] SUCCESS: org.scala-lang:scala-reflect:jar:2.12.17:compile (sources = false)[0m
2023.04.20 22:21:09 INFO  [INFO] Resolving artifact: org.scala-lang:scala-reflect:jar:2.12.17:compile (sources = true)[0m
2023.04.20 22:21:09 INFO  [INFO] SUCCESS: org.scala-lang:scala-reflect:jar:2.12.17:compile (sources = true)[0m
2023.04.20 22:21:09 INFO  [INFO] Resolving artifact: org.json4s:json4s-jackson_2.12:jar:3.7.0-M11:compile (sources = false)[0m
2023.04.20 22:21:09 INFO  [INFO] SUCCESS: org.json4s:json4s-jackson_2.12:jar:3.7.0-M11:compile (sources = false)[0m
2023.04.20 22:21:09 INFO  [INFO] Resolving artifact: org.json4s:json4s-jackson_2.12:jar:3.7.0-M11:compile (sources = true)[0m
2023.04.20 22:21:09 INFO  [INFO] SUCCESS: org.json4s:json4s-jackson_2.12:jar:3.7.0-M11:compile (sources = true)[0m
2023.04.20 22:21:09 INFO  [INFO] Resolving artifact: org.json4s:json4s-core_2.12:jar:3.7.0-M11:compile (sources = false)[0m
2023.04.20 22:21:09 INFO  [INFO] SUCCESS: org.json4s:json4s-core_2.12:jar:3.7.0-M11:compile (sources = false)[0m
2023.04.20 22:21:09 INFO  [INFO] Resolving artifact: org.json4s:json4s-core_2.12:jar:3.7.0-M11:compile (sources = true)[0m
2023.04.20 22:21:09 INFO  [INFO] SUCCESS: org.json4s:json4s-core_2.12:jar:3.7.0-M11:compile (sources = true)[0m
2023.04.20 22:21:09 INFO  [INFO] Resolving artifact: org.json4s:json4s-ast_2.12:jar:3.7.0-M11:compile (sources = false)[0m
2023.04.20 22:21:09 INFO  [INFO] SUCCESS: org.json4s:json4s-ast_2.12:jar:3.7.0-M11:compile (sources = false)[0m
2023.04.20 22:21:09 INFO  [INFO] Resolving artifact: org.json4s:json4s-ast_2.12:jar:3.7.0-M11:compile (sources = true)[0m
2023.04.20 22:21:09 INFO  [INFO] SUCCESS: org.json4s:json4s-ast_2.12:jar:3.7.0-M11:compile (sources = true)[0m
2023.04.20 22:21:09 INFO  [INFO] Resolving artifact: org.json4s:json4s-scalap_2.12:jar:3.7.0-M11:compile (sources = false)[0m
2023.04.20 22:21:09 INFO  [INFO] SUCCESS: org.json4s:json4s-scalap_2.12:jar:3.7.0-M11:compile (sources = false)[0m
2023.04.20 22:21:09 INFO  [INFO] Resolving artifact: org.json4s:json4s-scalap_2.12:jar:3.7.0-M11:compile (sources = true)[0m
2023.04.20 22:21:09 INFO  [INFO] SUCCESS: org.json4s:json4s-scalap_2.12:jar:3.7.0-M11:compile (sources = true)[0m
2023.04.20 22:21:09 INFO  [INFO] Resolving artifact: org.glassfish.jersey.core:jersey-client:jar:2.36:compile (sources = false)[0m
2023.04.20 22:21:09 INFO  [INFO] SUCCESS: org.glassfish.jersey.core:jersey-client:jar:2.36:compile (sources = false)[0m
2023.04.20 22:21:09 INFO  [INFO] Resolving artifact: org.glassfish.jersey.core:jersey-client:jar:2.36:compile (sources = true)[0m
2023.04.20 22:21:09 INFO  [INFO] SUCCESS: org.glassfish.jersey.core:jersey-client:jar:2.36:compile (sources = true)[0m
2023.04.20 22:21:09 INFO  [INFO] Resolving artifact: jakarta.ws.rs:jakarta.ws.rs-api:jar:2.1.6:compile (sources = false)[0m
2023.04.20 22:21:09 INFO  [INFO] SUCCESS: jakarta.ws.rs:jakarta.ws.rs-api:jar:2.1.6:compile (sources = false)[0m
2023.04.20 22:21:09 INFO  [INFO] Resolving artifact: jakarta.ws.rs:jakarta.ws.rs-api:jar:2.1.6:compile (sources = true)[0m
2023.04.20 22:21:09 INFO  [INFO] SUCCESS: jakarta.ws.rs:jakarta.ws.rs-api:jar:2.1.6:compile (sources = true)[0m
2023.04.20 22:21:09 INFO  [INFO] Resolving artifact: org.glassfish.hk2.external:jakarta.inject:jar:2.6.1:compile (sources = false)[0m
2023.04.20 22:21:09 INFO  [INFO] SUCCESS: org.glassfish.hk2.external:jakarta.inject:jar:2.6.1:compile (sources = false)[0m
2023.04.20 22:21:09 INFO  [INFO] Resolving artifact: org.glassfish.hk2.external:jakarta.inject:jar:2.6.1:compile (sources = true)[0m
2023.04.20 22:21:09 INFO  [INFO] SUCCESS: org.glassfish.hk2.external:jakarta.inject:jar:2.6.1:compile (sources = true)[0m
2023.04.20 22:21:09 INFO  [INFO] Resolving artifact: org.glassfish.jersey.core:jersey-common:jar:2.36:compile (sources = false)[0m
2023.04.20 22:21:09 INFO  [INFO] SUCCESS: org.glassfish.jersey.core:jersey-common:jar:2.36:compile (sources = false)[0m
2023.04.20 22:21:09 INFO  [INFO] Resolving artifact: org.glassfish.jersey.core:jersey-common:jar:2.36:compile (sources = true)[0m
2023.04.20 22:21:09 INFO  [INFO] SUCCESS: org.glassfish.jersey.core:jersey-common:jar:2.36:compile (sources = true)[0m
2023.04.20 22:21:09 INFO  [INFO] Resolving artifact: jakarta.annotation:jakarta.annotation-api:jar:1.3.5:compile (sources = false)[0m
2023.04.20 22:21:09 INFO  [INFO] SUCCESS: jakarta.annotation:jakarta.annotation-api:jar:1.3.5:compile (sources = false)[0m
2023.04.20 22:21:09 INFO  [INFO] Resolving artifact: jakarta.annotation:jakarta.annotation-api:jar:1.3.5:compile (sources = true)[0m
2023.04.20 22:21:09 INFO  [INFO] SUCCESS: jakarta.annotation:jakarta.annotation-api:jar:1.3.5:compile (sources = true)[0m
2023.04.20 22:21:09 INFO  [INFO] Resolving artifact: org.glassfish.hk2:osgi-resource-locator:jar:1.0.3:compile (sources = false)[0m
2023.04.20 22:21:09 INFO  [INFO] SUCCESS: org.glassfish.hk2:osgi-resource-locator:jar:1.0.3:compile (sources = false)[0m
2023.04.20 22:21:09 INFO  [INFO] Resolving artifact: org.glassfish.hk2:osgi-resource-locator:jar:1.0.3:compile (sources = true)[0m
2023.04.20 22:21:09 INFO  [INFO] SUCCESS: org.glassfish.hk2:osgi-resource-locator:jar:1.0.3:compile (sources = true)[0m
2023.04.20 22:21:09 INFO  [INFO] Resolving artifact: org.glassfish.jersey.core:jersey-server:jar:2.36:compile (sources = false)[0m
2023.04.20 22:21:09 INFO  [INFO] SUCCESS: org.glassfish.jersey.core:jersey-server:jar:2.36:compile (sources = false)[0m
2023.04.20 22:21:09 INFO  [INFO] Resolving artifact: org.glassfish.jersey.core:jersey-server:jar:2.36:compile (sources = true)[0m
2023.04.20 22:21:09 INFO  [INFO] SUCCESS: org.glassfish.jersey.core:jersey-server:jar:2.36:compile (sources = true)[0m
2023.04.20 22:21:09 INFO  [INFO] Resolving artifact: jakarta.validation:jakarta.validation-api:jar:2.0.2:compile (sources = false)[0m
2023.04.20 22:21:09 INFO  [INFO] SUCCESS: jakarta.validation:jakarta.validation-api:jar:2.0.2:compile (sources = false)[0m
2023.04.20 22:21:09 INFO  [INFO] Resolving artifact: jakarta.validation:jakarta.validation-api:jar:2.0.2:compile (sources = true)[0m
2023.04.20 22:21:09 INFO  [INFO] SUCCESS: jakarta.validation:jakarta.validation-api:jar:2.0.2:compile (sources = true)[0m
2023.04.20 22:21:09 INFO  [INFO] Resolving artifact: org.glassfish.jersey.containers:jersey-container-servlet:jar:2.36:compile (sources = false)[0m
2023.04.20 22:21:09 INFO  [INFO] SUCCESS: org.glassfish.jersey.containers:jersey-container-servlet:jar:2.36:compile (sources = false)[0m
2023.04.20 22:21:09 INFO  [INFO] Resolving artifact: org.glassfish.jersey.containers:jersey-container-servlet:jar:2.36:compile (sources = true)[0m
2023.04.20 22:21:09 INFO  [INFO] SUCCESS: org.glassfish.jersey.containers:jersey-container-servlet:jar:2.36:compile (sources = true)[0m
2023.04.20 22:21:09 INFO  [INFO] Resolving artifact: org.glassfish.jersey.containers:jersey-container-servlet-core:jar:2.36:compile (sources = false)[0m
2023.04.20 22:21:09 INFO  [INFO] SUCCESS: org.glassfish.jersey.containers:jersey-container-servlet-core:jar:2.36:compile (sources = false)[0m
2023.04.20 22:21:09 INFO  [INFO] Resolving artifact: org.glassfish.jersey.containers:jersey-container-servlet-core:jar:2.36:compile (sources = true)[0m
2023.04.20 22:21:09 INFO  [INFO] SUCCESS: org.glassfish.jersey.containers:jersey-container-servlet-core:jar:2.36:compile (sources = true)[0m
2023.04.20 22:21:09 INFO  [INFO] Resolving artifact: org.glassfish.jersey.inject:jersey-hk2:jar:2.36:compile (sources = false)[0m
2023.04.20 22:21:09 INFO  [INFO] SUCCESS: org.glassfish.jersey.inject:jersey-hk2:jar:2.36:compile (sources = false)[0m
2023.04.20 22:21:09 INFO  [INFO] Resolving artifact: org.glassfish.jersey.inject:jersey-hk2:jar:2.36:compile (sources = true)[0m
2023.04.20 22:21:09 INFO  [INFO] SUCCESS: org.glassfish.jersey.inject:jersey-hk2:jar:2.36:compile (sources = true)[0m
2023.04.20 22:21:09 INFO  [INFO] Resolving artifact: org.glassfish.hk2:hk2-locator:jar:2.6.1:compile (sources = false)[0m
2023.04.20 22:21:09 INFO  [INFO] SUCCESS: org.glassfish.hk2:hk2-locator:jar:2.6.1:compile (sources = false)[0m
2023.04.20 22:21:09 INFO  [INFO] Resolving artifact: org.glassfish.hk2:hk2-locator:jar:2.6.1:compile (sources = true)[0m
2023.04.20 22:21:09 INFO  [INFO] SUCCESS: org.glassfish.hk2:hk2-locator:jar:2.6.1:compile (sources = true)[0m
2023.04.20 22:21:09 INFO  [INFO] Resolving artifact: org.glassfish.hk2.external:aopalliance-repackaged:jar:2.6.1:compile (sources = false)[0m
2023.04.20 22:21:09 INFO  [INFO] SUCCESS: org.glassfish.hk2.external:aopalliance-repackaged:jar:2.6.1:compile (sources = false)[0m
2023.04.20 22:21:09 INFO  [INFO] Resolving artifact: org.glassfish.hk2.external:aopalliance-repackaged:jar:2.6.1:compile (sources = true)[0m
2023.04.20 22:21:09 INFO  [INFO] SUCCESS: org.glassfish.hk2.external:aopalliance-repackaged:jar:2.6.1:compile (sources = true)[0m
2023.04.20 22:21:09 INFO  [INFO] Resolving artifact: org.glassfish.hk2:hk2-api:jar:2.6.1:compile (sources = false)[0m
2023.04.20 22:21:09 INFO  [INFO] SUCCESS: org.glassfish.hk2:hk2-api:jar:2.6.1:compile (sources = false)[0m
2023.04.20 22:21:09 INFO  [INFO] Resolving artifact: org.glassfish.hk2:hk2-api:jar:2.6.1:compile (sources = true)[0m
2023.04.20 22:21:09 INFO  [INFO] SUCCESS: org.glassfish.hk2:hk2-api:jar:2.6.1:compile (sources = true)[0m
2023.04.20 22:21:09 INFO  [INFO] Resolving artifact: org.glassfish.hk2:hk2-utils:jar:2.6.1:compile (sources = false)[0m
2023.04.20 22:21:09 INFO  [INFO] SUCCESS: org.glassfish.hk2:hk2-utils:jar:2.6.1:compile (sources = false)[0m
2023.04.20 22:21:09 INFO  [INFO] Resolving artifact: org.glassfish.hk2:hk2-utils:jar:2.6.1:compile (sources = true)[0m
2023.04.20 22:21:09 INFO  [INFO] SUCCESS: org.glassfish.hk2:hk2-utils:jar:2.6.1:compile (sources = true)[0m
2023.04.20 22:21:09 INFO  [INFO] Resolving artifact: org.javassist:javassist:jar:3.25.0-GA:compile (sources = false)[0m
2023.04.20 22:21:09 INFO  [INFO] SUCCESS: org.javassist:javassist:jar:3.25.0-GA:compile (sources = false)[0m
2023.04.20 22:21:09 INFO  [INFO] Resolving artifact: org.javassist:javassist:jar:3.25.0-GA:compile (sources = true)[0m
2023.04.20 22:21:09 INFO  [INFO] SUCCESS: org.javassist:javassist:jar:3.25.0-GA:compile (sources = true)[0m
2023.04.20 22:21:09 INFO  [INFO] Resolving artifact: io.netty:netty-all:jar:4.1.87.Final:compile (sources = false)[0m
2023.04.20 22:21:09 INFO  [INFO] SUCCESS: io.netty:netty-all:jar:4.1.87.Final:compile (sources = false)[0m
2023.04.20 22:21:09 INFO  [INFO] Resolving artifact: io.netty:netty-all:jar:4.1.87.Final:compile (sources = true)[0m
2023.04.20 22:21:09 INFO  [ERROR] FAILURE io.netty:netty-all:jar:4.1.87.Final:compile (sources = true)[0m
2023.04.20 22:21:09 INFO  org.eclipse.aether.resolution.ArtifactResolutionException: io.netty:netty-all:jar:sources:4.1.87.Final was not found in https://repo.maven.apache.org/maven2 during a previous attempt. This failure was cached in the local repository and resolution is not reattempted until the update interval of central has elapsed or updates are forced[0m
2023.04.20 22:21:09 INFO      at org.eclipse.aether.internal.impl.DefaultArtifactResolver.resolve (DefaultArtifactResolver.java:425)[0m
2023.04.20 22:21:09 INFO      at org.eclipse.aether.internal.impl.DefaultArtifactResolver.resolveArtifacts (DefaultArtifactResolver.java:229)[0m
2023.04.20 22:21:09 INFO      at org.eclipse.aether.internal.impl.DefaultArtifactResolver.resolveArtifact (DefaultArtifactResolver.java:207)[0m
2023.04.20 22:21:09 INFO      at org.eclipse.aether.internal.impl.DefaultRepositorySystem.resolveArtifact (DefaultRepositorySystem.java:262)[0m
2023.04.20 22:21:09 INFO      at bloop.integrations.maven.MojoImplementation$.bloop$integrations$maven$MojoImplementation$$resolveArtifact$1 (MojoImplementation.scala:117)[0m
2023.04.20 22:21:09 INFO      at bloop.integrations.maven.MojoImplementation$$anonfun$2.applyOrElse (MojoImplementation.scala:244)[0m
2023.04.20 22:21:09 INFO      at bloop.integrations.maven.MojoImplementation$$anonfun$2.applyOrElse (MojoImplementation.scala:226)[0m
2023.04.20 22:21:09 INFO      at scala.collection.StrictOptimizedIterableOps.collect (StrictOptimizedIterableOps.scala:151)[0m
2023.04.20 22:21:09 INFO      at scala.collection.StrictOptimizedIterableOps.collect$ (StrictOptimizedIterableOps.scala:136)[0m
2023.04.20 22:21:09 INFO      at scala.collection.convert.JavaCollectionWrappers$JSetWrapper.collect (JavaCollectionWrappers.scala:180)[0m
2023.04.20 22:21:09 INFO      at bloop.integrations.maven.MojoImplementation$.writeConfig$1 (MojoImplementation.scala:226)[0m
2023.04.20 22:21:09 INFO      at bloop.integrations.maven.MojoImplementation$.writeCompileAndTestConfiguration (MojoImplementation.scala:301)[0m
2023.04.20 22:21:09 INFO      at bloop.integrations.maven.MojoImplementation.writeCompileAndTestConfiguration (MojoImplementation.scala)[0m
2023.04.20 22:21:09 INFO      at bloop.integrations.maven.BloopMojo.execute (BloopMojo.java:104)[0m
2023.04.20 22:21:09 INFO      at org.apache.maven.plugin.DefaultBuildPluginManager.executeMojo (DefaultBuildPluginManager.java:137)[0m
2023.04.20 22:21:09 INFO      at org.apache.maven.lifecycle.internal.MojoExecutor.doExecute2 (MojoExecutor.java:370)[0m
2023.04.20 22:21:09 INFO      at org.apache.maven.lifecycle.internal.MojoExecutor.doExecute (MojoExecutor.java:351)[0m
2023.04.20 22:21:09 INFO      at org.apache.maven.lifecycle.internal.MojoExecutor.execute (MojoExecutor.java:215)[0m
2023.04.20 22:21:09 INFO      at org.apache.maven.lifecycle.internal.MojoExecutor.execute (MojoExecutor.java:171)[0m
2023.04.20 22:21:09 INFO      at org.apache.maven.lifecycle.internal.MojoExecutor.execute (MojoExecutor.java:163)[0m
2023.04.20 22:21:09 INFO      at org.apache.maven.lifecycle.internal.LifecycleModuleBuilder.buildProject (LifecycleModuleBuilder.java:117)[0m
2023.04.20 22:21:09 INFO      at org.apache.maven.lifecycle.internal.LifecycleModuleBuilder.buildProject (LifecycleModuleBuilder.java:81)[0m
2023.04.20 22:21:09 INFO      at org.apache.maven.lifecycle.internal.builder.singlethreaded.SingleThreadedBuilder.build (SingleThreadedBuilder.java:56)[0m
2023.04.20 22:21:09 INFO      at org.apache.maven.lifecycle.internal.LifecycleStarter.execute (LifecycleStarter.java:128)[0m
2023.04.20 22:21:09 INFO      at org.apache.maven.DefaultMaven.doExecute (DefaultMaven.java:294)[0m
2023.04.20 22:21:09 INFO      at org.apache.maven.DefaultMaven.doExecute (DefaultMaven.java:192)[0m
2023.04.20 22:21:09 INFO      at org.apache.maven.DefaultMaven.execute (DefaultMaven.java:105)[0m
2023.04.20 22:21:09 INFO      at org.apache.maven.cli.MavenCli.execute (MavenCli.java:960)[0m
2023.04.20 22:21:09 INFO      at org.apache.maven.cli.MavenCli.doMain (MavenCli.java:293)[0m
2023.04.20 22:21:09 INFO      at org.apache.maven.cli.MavenCli.main (MavenCli.java:196)[0m
2023.04.20 22:21:09 INFO      at jdk.internal.reflect.NativeMethodAccessorImpl.invoke0 (Native Method)[0m
2023.04.20 22:21:09 INFO      at jdk.internal.reflect.NativeMethodAccessorImpl.invoke (NativeMethodAccessorImpl.java:77)[0m
2023.04.20 22:21:09 INFO      at jdk.internal.reflect.DelegatingMethodAccessorImpl.invoke (DelegatingMethodAccessorImpl.java:43)[0m
2023.04.20 22:21:09 INFO      at java.lang.reflect.Method.invoke (Method.java:568)[0m
2023.04.20 22:21:09 INFO      at org.codehaus.plexus.classworlds.launcher.Launcher.launchEnhanced (Launcher.java:282)[0m
2023.04.20 22:21:09 INFO      at org.codehaus.plexus.classworlds.launcher.Launcher.launch (Launcher.java:225)[0m
2023.04.20 22:21:09 INFO      at org.codehaus.plexus.classworlds.launcher.Launcher.mainWithExitCode (Launcher.java:406)[0m
2023.04.20 22:21:09 INFO      at org.codehaus.plexus.classworlds.launcher.Launcher.main (Launcher.java:347)[0m
2023.04.20 22:21:09 INFO      at jdk.internal.reflect.NativeMethodAccessorImpl.invoke0 (Native Method)[0m
2023.04.20 22:21:09 INFO      at jdk.internal.reflect.NativeMethodAccessorImpl.invoke (NativeMethodAccessorImpl.java:77)[0m
2023.04.20 22:21:09 INFO      at jdk.internal.reflect.DelegatingMethodAccessorImpl.invoke (DelegatingMethodAccessorImpl.java:43)[0m
2023.04.20 22:21:09 INFO      at java.lang.reflect.Method.invoke (Method.java:568)[0m
2023.04.20 22:21:09 INFO      at org.apache.maven.wrapper.BootstrapMainStarter.start (BootstrapMainStarter.java:53)[0m
2023.04.20 22:21:09 INFO      at org.apache.maven.wrapper.WrapperExecutor.execute (WrapperExecutor.java:152)[0m
2023.04.20 22:21:09 INFO      at org.apache.maven.wrapper.MavenWrapperMain.main (MavenWrapperMain.java:76)[0m
2023.04.20 22:21:09 INFO  Caused by: org.eclipse.aether.transfer.ArtifactNotFoundException: io.netty:netty-all:jar:sources:4.1.87.Final was not found in https://repo.maven.apache.org/maven2 during a previous attempt. This failure was cached in the local repository and resolution is not reattempted until the update interval of central has elapsed or updates are forced[0m
2023.04.20 22:21:09 INFO      at org.eclipse.aether.internal.impl.DefaultUpdateCheckManager.newException (DefaultUpdateCheckManager.java:217)[0m
2023.04.20 22:21:09 INFO      at org.eclipse.aether.internal.impl.DefaultUpdateCheckManager.checkArtifact (DefaultUpdateCheckManager.java:189)[0m
2023.04.20 22:21:09 INFO      at org.eclipse.aether.internal.impl.DefaultArtifactResolver.gatherDownloads (DefaultArtifactResolver.java:574)[0m
2023.04.20 22:21:09 INFO      at org.eclipse.aether.internal.impl.DefaultArtifactResolver.performDownloads (DefaultArtifactResolver.java:484)[0m
2023.04.20 22:21:09 INFO      at org.eclipse.aether.internal.impl.DefaultArtifactResolver.resolve (DefaultArtifactResolver.java:402)[0m
2023.04.20 22:21:09 INFO      at org.eclipse.aether.internal.impl.DefaultArtifactResolver.resolveArtifacts (DefaultArtifactResolver.java:229)[0m
2023.04.20 22:21:09 INFO      at org.eclipse.aether.internal.impl.DefaultArtifactResolver.resolveArtifact (DefaultArtifactResolver.java:207)[0m
2023.04.20 22:21:09 INFO      at org.eclipse.aether.internal.impl.DefaultRepositorySystem.resolveArtifact (DefaultRepositorySystem.java:262)[0m
2023.04.20 22:21:09 INFO      at bloop.integrations.maven.MojoImplementation$.bloop$integrations$maven$MojoImplementation$$resolveArtifact$1 (MojoImplementation.scala:117)[0m
2023.04.20 22:21:09 INFO      at bloop.integrations.maven.MojoImplementation$$anonfun$2.applyOrElse (MojoImplementation.scala:244)[0m
2023.04.20 22:21:09 INFO      at bloop.integrations.maven.MojoImplementation$$anonfun$2.applyOrElse (MojoImplementation.scala:226)[0m
2023.04.20 22:21:09 INFO      at scala.collection.StrictOptimizedIterableOps.collect (StrictOptimizedIterableOps.scala:151)[0m
2023.04.20 22:21:09 INFO      at scala.collection.StrictOptimizedIterableOps.collect$ (StrictOptimizedIterableOps.scala:136)[0m
2023.04.20 22:21:09 INFO      at scala.collection.convert.JavaCollectionWrappers$JSetWrapper.collect (JavaCollectionWrappers.scala:180)[0m
2023.04.20 22:21:09 INFO      at bloop.integrations.maven.MojoImplementation$.writeConfig$1 (MojoImplementation.scala:226)[0m
2023.04.20 22:21:09 INFO      at bloop.integrations.maven.MojoImplementation$.writeCompileAndTestConfiguration (MojoImplementation.scala:301)[0m
2023.04.20 22:21:09 INFO      at bloop.integrations.maven.MojoImplementation.writeCompileAndTestConfiguration (MojoImplementation.scala)[0m
2023.04.20 22:21:09 INFO      at bloop.integrations.maven.BloopMojo.execute (BloopMojo.java:104)[0m
2023.04.20 22:21:09 INFO      at org.apache.maven.plugin.DefaultBuildPluginManager.executeMojo (DefaultBuildPluginManager.java:137)[0m
2023.04.20 22:21:09 INFO      at org.apache.maven.lifecycle.internal.MojoExecutor.doExecute2 (MojoExecutor.java:370)[0m
2023.04.20 22:21:09 INFO      at org.apache.maven.lifecycle.internal.MojoExecutor.doExecute (MojoExecutor.java:351)[0m
2023.04.20 22:21:09 INFO      at org.apache.maven.lifecycle.internal.MojoExecutor.execute (MojoExecutor.java:215)[0m
2023.04.20 22:21:09 INFO      at org.apache.maven.lifecycle.internal.MojoExecutor.execute (MojoExecutor.java:171)[0m
2023.04.20 22:21:09 INFO      at org.apache.maven.lifecycle.internal.MojoExecutor.execute (MojoExecutor.java:163)[0m
2023.04.20 22:21:09 INFO      at org.apache.maven.lifecycle.internal.LifecycleModuleBuilder.buildProject (LifecycleModuleBuilder.java:117)[0m
2023.04.20 22:21:09 INFO      at org.apache.maven.lifecycle.internal.LifecycleModuleBuilder.buildProject (LifecycleModuleBuilder.java:81)[0m
2023.04.20 22:21:09 INFO      at org.apache.maven.lifecycle.internal.builder.singlethreaded.SingleThreadedBuilder.build (SingleThreadedBuilder.java:56)[0m
2023.04.20 22:21:09 INFO      at org.apache.maven.lifecycle.internal.LifecycleStarter.execute (LifecycleStarter.java:128)[0m
2023.04.20 22:21:09 INFO      at org.apache.maven.DefaultMaven.doExecute (DefaultMaven.java:294)[0m
2023.04.20 22:21:09 INFO      at org.apache.maven.DefaultMaven.doExecute (DefaultMaven.java:192)[0m
2023.04.20 22:21:09 INFO      at org.apache.maven.DefaultMaven.execute (DefaultMaven.java:105)[0m
2023.04.20 22:21:09 INFO      at org.apache.maven.cli.MavenCli.execute (MavenCli.java:960)[0m
2023.04.20 22:21:09 INFO      at org.apache.maven.cli.MavenCli.doMain (MavenCli.java:293)[0m
2023.04.20 22:21:09 INFO      at org.apache.maven.cli.MavenCli.main (MavenCli.java:196)[0m
2023.04.20 22:21:09 INFO      at jdk.internal.reflect.NativeMethodAccessorImpl.invoke0 (Native Method)[0m
2023.04.20 22:21:09 INFO      at jdk.internal.reflect.NativeMethodAccessorImpl.invoke (NativeMethodAccessorImpl.java:77)[0m
2023.04.20 22:21:09 INFO      at jdk.internal.reflect.DelegatingMethodAccessorImpl.invoke (DelegatingMethodAccessorImpl.java:43)[0m
2023.04.20 22:21:09 INFO      at java.lang.reflect.Method.invoke (Method.java:568)[0m
2023.04.20 22:21:09 INFO      at org.codehaus.plexus.classworlds.launcher.Launcher.launchEnhanced (Launcher.java:282)[0m
2023.04.20 22:21:09 INFO      at org.codehaus.plexus.classworlds.launcher.Launcher.launch (Launcher.java:225)[0m
2023.04.20 22:21:09 INFO      at org.codehaus.plexus.classworlds.launcher.Launcher.mainWithExitCode (Launcher.java:406)[0m
2023.04.20 22:21:09 INFO      at org.codehaus.plexus.classworlds.launcher.Launcher.main (Launcher.java:347)[0m
2023.04.20 22:21:09 INFO      at jdk.internal.reflect.NativeMethodAccessorImpl.invoke0 (Native Method)[0m
2023.04.20 22:21:09 INFO      at jdk.internal.reflect.NativeMethodAccessorImpl.invoke (NativeMethodAccessorImpl.java:77)[0m
2023.04.20 22:21:09 INFO      at jdk.internal.reflect.DelegatingMethodAccessorImpl.invoke (DelegatingMethodAccessorImpl.java:43)[0m
2023.04.20 22:21:09 INFO      at java.lang.reflect.Method.invoke (Method.java:568)[0m
2023.04.20 22:21:09 INFO      at org.apache.maven.wrapper.BootstrapMainStarter.start (BootstrapMainStarter.java:53)[0m
2023.04.20 22:21:09 INFO      at org.apache.maven.wrapper.WrapperExecutor.execute (WrapperExecutor.java:152)[0m
2023.04.20 22:21:09 INFO      at org.apache.maven.wrapper.MavenWrapperMain.main (MavenWrapperMain.java:76)[0m
2023.04.20 22:21:09 INFO  [INFO] Resolving artifact: io.netty:netty-buffer:jar:4.1.87.Final:compile (sources = false)[0m
2023.04.20 22:21:09 INFO  [INFO] SUCCESS: io.netty:netty-buffer:jar:4.1.87.Final:compile (sources = false)[0m
2023.04.20 22:21:09 INFO  [INFO] Resolving artifact: io.netty:netty-buffer:jar:4.1.87.Final:compile (sources = true)[0m
2023.04.20 22:21:09 INFO  [INFO] SUCCESS: io.netty:netty-buffer:jar:4.1.87.Final:compile (sources = true)[0m
2023.04.20 22:21:09 INFO  [INFO] Resolving artifact: io.netty:netty-codec:jar:4.1.87.Final:compile (sources = false)[0m
2023.04.20 22:21:09 INFO  [INFO] SUCCESS: io.netty:netty-codec:jar:4.1.87.Final:compile (sources = false)[0m
2023.04.20 22:21:09 INFO  [INFO] Resolving artifact: io.netty:netty-codec:jar:4.1.87.Final:compile (sources = true)[0m
2023.04.20 22:21:09 INFO  [INFO] SUCCESS: io.netty:netty-codec:jar:4.1.87.Final:compile (sources = true)[0m
2023.04.20 22:21:09 INFO  [INFO] Resolving artifact: io.netty:netty-codec-http:jar:4.1.87.Final:compile (sources = false)[0m
2023.04.20 22:21:09 INFO  [INFO] SUCCESS: io.netty:netty-codec-http:jar:4.1.87.Final:compile (sources = false)[0m
2023.04.20 22:21:09 INFO  [INFO] Resolving artifact: io.netty:netty-codec-http:jar:4.1.87.Final:compile (sources = true)[0m
2023.04.20 22:21:09 INFO  [INFO] SUCCESS: io.netty:netty-codec-http:jar:4.1.87.Final:compile (sources = true)[0m
2023.04.20 22:21:09 INFO  [INFO] Resolving artifact: io.netty:netty-codec-http2:jar:4.1.87.Final:compile (sources = false)[0m
2023.04.20 22:21:09 INFO  [INFO] SUCCESS: io.netty:netty-codec-http2:jar:4.1.87.Final:compile (sources = false)[0m
2023.04.20 22:21:09 INFO  [INFO] Resolving artifact: io.netty:netty-codec-http2:jar:4.1.87.Final:compile (sources = true)[0m
2023.04.20 22:21:09 INFO  [INFO] SUCCESS: io.netty:netty-codec-http2:jar:4.1.87.Final:compile (sources = true)[0m
2023.04.20 22:21:09 INFO  [INFO] Resolving artifact: io.netty:netty-codec-socks:jar:4.1.87.Final:compile (sources = false)[0m
2023.04.20 22:21:09 INFO  [INFO] SUCCESS: io.netty:netty-codec-socks:jar:4.1.87.Final:compile (sources = false)[0m
2023.04.20 22:21:09 INFO  [INFO] Resolving artifact: io.netty:netty-codec-socks:jar:4.1.87.Final:compile (sources = true)[0m
2023.04.20 22:21:09 INFO  [INFO] SUCCESS: io.netty:netty-codec-socks:jar:4.1.87.Final:compile (sources = true)[0m
2023.04.20 22:21:09 INFO  [INFO] Resolving artifact: io.netty:netty-common:jar:4.1.87.Final:compile (sources = false)[0m
2023.04.20 22:21:09 INFO  [INFO] SUCCESS: io.netty:netty-common:jar:4.1.87.Final:compile (sources = false)[0m
2023.04.20 22:21:09 INFO  [INFO] Resolving artifact: io.netty:netty-common:jar:4.1.87.Final:compile (sources = true)[0m
2023.04.20 22:21:09 INFO  [INFO] SUCCESS: io.netty:netty-common:jar:4.1.87.Final:compile (sources = true)[0m
2023.04.20 22:21:09 INFO  [INFO] Resolving artifact: io.netty:netty-handler:jar:4.1.87.Final:compile (sources = false)[0m
2023.04.20 22:21:09 INFO  [INFO] SUCCESS: io.netty:netty-handler:jar:4.1.87.Final:compile (sources = false)[0m
2023.04.20 22:21:09 INFO  [INFO] Resolving artifact: io.netty:netty-handler:jar:4.1.87.Final:compile (sources = true)[0m
2023.04.20 22:21:09 INFO  [INFO] SUCCESS: io.netty:netty-handler:jar:4.1.87.Final:compile (sources = true)[0m
2023.04.20 22:21:09 INFO  [INFO] Resolving artifact: io.netty:netty-transport-native-unix-common:jar:4.1.87.Final:compile (sources = false)[0m
2023.04.20 22:21:09 INFO  [INFO] SUCCESS: io.netty:netty-transport-native-unix-common:jar:4.1.87.Final:compile (sources = false)[0m
2023.04.20 22:21:09 INFO  [INFO] Resolving artifact: io.netty:netty-transport-native-unix-common:jar:4.1.87.Final:compile (sources = true)[0m
2023.04.20 22:21:09 INFO  [INFO] SUCCESS: io.netty:netty-transport-native-unix-common:jar:4.1.87.Final:compile (sources = true)[0m
2023.04.20 22:21:09 INFO  [INFO] Resolving artifact: io.netty:netty-handler-proxy:jar:4.1.87.Final:compile (sources = false)[0m
2023.04.20 22:21:09 INFO  [INFO] SUCCESS: io.netty:netty-handler-proxy:jar:4.1.87.Final:compile (sources = false)[0m
2023.04.20 22:21:09 INFO  [INFO] Resolving artifact: io.netty:netty-handler-proxy:jar:4.1.87.Final:compile (sources = true)[0m
2023.04.20 22:21:09 INFO  [INFO] SUCCESS: io.netty:netty-handler-proxy:jar:4.1.87.Final:compile (sources = true)[0m
2023.04.20 22:21:09 INFO  [INFO] Resolving artifact: io.netty:netty-resolver:jar:4.1.87.Final:compile (sources = false)[0m
2023.04.20 22:21:09 INFO  [INFO] SUCCESS: io.netty:netty-resolver:jar:4.1.87.Final:compile (sources = false)[0m
2023.04.20 22:21:09 INFO  [INFO] Resolving artifact: io.netty:netty-resolver:jar:4.1.87.Final:compile (sources = true)[0m
2023.04.20 22:21:09 INFO  [INFO] SUCCESS: io.netty:netty-resolver:jar:4.1.87.Final:compile (sources = true)[0m
2023.04.20 22:21:09 INFO  [INFO] Resolving artifact: io.netty:netty-transport:jar:4.1.87.Final:compile (sources = false)[0m
2023.04.20 22:21:09 INFO  [INFO] SUCCESS: io.netty:netty-transport:jar:4.1.87.Final:compile (sources = false)[0m
2023.04.20 22:21:09 INFO  [INFO] Resolving artifact: io.netty:netty-transport:jar:4.1.87.Final:compile (sources = true)[0m
2023.04.20 22:21:09 INFO  [INFO] SUCCESS: io.netty:netty-transport:jar:4.1.87.Final:compile (sources = true)[0m
2023.04.20 22:21:09 INFO  [INFO] Resolving artifact: io.netty:netty-transport-classes-epoll:jar:4.1.87.Final:compile (sources = false)[0m
2023.04.20 22:21:09 INFO  [INFO] SUCCESS: io.netty:netty-transport-classes-epoll:jar:4.1.87.Final:compile (sources = false)[0m
2023.04.20 22:21:09 INFO  [INFO] Resolving artifact: io.netty:netty-transport-classes-epoll:jar:4.1.87.Final:compile (sources = true)[0m
2023.04.20 22:21:09 INFO  [INFO] SUCCESS: io.netty:netty-transport-classes-epoll:jar:4.1.87.Final:compile (sources = true)[0m
2023.04.20 22:21:09 INFO  [INFO] Resolving artifact: io.netty:netty-transport-classes-kqueue:jar:4.1.87.Final:compile (sources = false)[0m
2023.04.20 22:21:09 INFO  [INFO] SUCCESS: io.netty:netty-transport-classes-kqueue:jar:4.1.87.Final:compile (sources = false)[0m
2023.04.20 22:21:09 INFO  [INFO] Resolving artifact: io.netty:netty-transport-classes-kqueue:jar:4.1.87.Final:compile (sources = true)[0m
2023.04.20 22:21:09 INFO  [INFO] SUCCESS: io.netty:netty-transport-classes-kqueue:jar:4.1.87.Final:compile (sources = true)[0m
2023.04.20 22:21:09 INFO  [INFO] Resolving artifact: io.netty:netty-transport-native-epoll:jar:linux-x86_64:4.1.87.Final:compile (sources = false)[0m
2023.04.20 22:21:09 INFO  [INFO] SUCCESS: io.netty:netty-transport-native-epoll:jar:linux-x86_64:4.1.87.Final:compile (sources = false)[0m
2023.04.20 22:21:09 INFO  [INFO] Resolving artifact: io.netty:netty-transport-native-epoll:jar:linux-x86_64:4.1.87.Final:compile (sources = true)[0m
2023.04.20 22:21:09 INFO  [INFO] SUCCESS: io.netty:netty-transport-native-epoll:jar:linux-x86_64:4.1.87.Final:compile (sources = true)[0m
2023.04.20 22:21:09 INFO  [INFO] Resolving artifact: io.netty:netty-transport-native-epoll:jar:linux-aarch_64:4.1.87.Final:compile (sources = false)[0m
2023.04.20 22:21:09 INFO  [INFO] SUCCESS: io.netty:netty-transport-native-epoll:jar:linux-aarch_64:4.1.87.Final:compile (sources = false)[0m
2023.04.20 22:21:09 INFO  [INFO] Resolving artifact: io.netty:netty-transport-native-epoll:jar:linux-aarch_64:4.1.87.Final:compile (sources = true)[0m
2023.04.20 22:21:09 INFO  [INFO] SUCCESS: io.netty:netty-transport-native-epoll:jar:linux-aarch_64:4.1.87.Final:compile (sources = true)[0m
2023.04.20 22:21:09 INFO  [INFO] Resolving artifact: io.netty:netty-transport-native-kqueue:jar:osx-aarch_64:4.1.87.Final:compile (sources = false)[0m
2023.04.20 22:21:09 INFO  [INFO] SUCCESS: io.netty:netty-transport-native-kqueue:jar:osx-aarch_64:4.1.87.Final:compile (sources = false)[0m
2023.04.20 22:21:09 INFO  [INFO] Resolving artifact: io.netty:netty-transport-native-kqueue:jar:osx-aarch_64:4.1.87.Final:compile (sources = true)[0m
2023.04.20 22:21:09 INFO  [INFO] SUCCESS: io.netty:netty-transport-native-kqueue:jar:osx-aarch_64:4.1.87.Final:compile (sources = true)[0m
2023.04.20 22:21:09 INFO  [INFO] Resolving artifact: io.netty:netty-transport-native-kqueue:jar:osx-x86_64:4.1.87.Final:compile (sources = false)[0m
2023.04.20 22:21:09 INFO  [INFO] SUCCESS: io.netty:netty-transport-native-kqueue:jar:osx-x86_64:4.1.87.Final:compile (sources = false)[0m
2023.04.20 22:21:09 INFO  [INFO] Resolving artifact: io.netty:netty-transport-native-kqueue:jar:osx-x86_64:4.1.87.Final:compile (sources = true)[0m
2023.04.20 22:21:09 INFO  [INFO] SUCCESS: io.netty:netty-transport-native-kqueue:jar:osx-x86_64:4.1.87.Final:compile (sources = true)[0m
2023.04.20 22:21:09 INFO  [INFO] Resolving artifact: com.clearspring.analytics:stream:jar:2.9.6:compile (sources = false)[0m
2023.04.20 22:21:09 INFO  [INFO] SUCCESS: com.clearspring.analytics:stream:jar:2.9.6:compile (sources = false)[0m
2023.04.20 22:21:09 INFO  [INFO] Resolving artifact: com.clearspring.analytics:stream:jar:2.9.6:compile (sources = true)[0m
2023.04.20 22:21:09 INFO  [INFO] SUCCESS: com.clearspring.analytics:stream:jar:2.9.6:compile (sources = true)[0m
2023.04.20 22:21:09 INFO  [INFO] Resolving artifact: io.dropwizard.metrics:metrics-core:jar:4.2.15:compile (sources = false)[0m
2023.04.20 22:21:09 INFO  [INFO] SUCCESS: io.dropwizard.metrics:metrics-core:jar:4.2.15:compile (sources = false)[0m
2023.04.20 22:21:09 INFO  [INFO] Resolving artifact: io.dropwizard.metrics:metrics-core:jar:4.2.15:compile (sources = true)[0m
2023.04.20 22:21:09 INFO  [INFO] SUCCESS: io.dropwizard.metrics:metrics-core:jar:4.2.15:compile (sources = true)[0m
2023.04.20 22:21:09 INFO  [INFO] Resolving artifact: io.dropwizard.metrics:metrics-jvm:jar:4.2.15:compile (sources = false)[0m
2023.04.20 22:21:09 INFO  [INFO] SUCCESS: io.dropwizard.metrics:metrics-jvm:jar:4.2.15:compile (sources = false)[0m
2023.04.20 22:21:09 INFO  [INFO] Resolving artifact: io.dropwizard.metrics:metrics-jvm:jar:4.2.15:compile (sources = true)[0m
2023.04.20 22:21:09 INFO  [INFO] SUCCESS: io.dropwizard.metrics:metrics-jvm:jar:4.2.15:compile (sources = true)[0m
2023.04.20 22:21:09 INFO  [INFO] Resolving artifact: io.dropwizard.metrics:metrics-json:jar:4.2.15:compile (sources = false)[0m
2023.04.20 22:21:09 INFO  [INFO] SUCCESS: io.dropwizard.metrics:metrics-json:jar:4.2.15:compile (sources = false)[0m
2023.04.20 22:21:09 INFO  [INFO] Resolving artifact: io.dropwizard.metrics:metrics-json:jar:4.2.15:compile (sources = true)[0m
2023.04.20 22:21:09 INFO  [INFO] SUCCESS: io.dropwizard.metrics:metrics-json:jar:4.2.15:compile (sources = true)[0m
2023.04.20 22:21:09 INFO  [INFO] Resolving artifact: io.dropwizard.metrics:metrics-graphite:jar:4.2.15:compile (sources = false)[0m
2023.04.20 22:21:09 INFO  [INFO] SUCCESS: io.dropwizard.metrics:metrics-graphite:jar:4.2.15:compile (sources = false)[0m
2023.04.20 22:21:09 INFO  [INFO] Resolving artifact: io.dropwizard.metrics:metrics-graphite:jar:4.2.15:compile (sources = true)[0m
2023.04.20 22:21:09 INFO  [INFO] SUCCESS: io.dropwizard.metrics:metrics-graphite:jar:4.2.15:compile (sources = true)[0m
2023.04.20 22:21:09 INFO  [INFO] Resolving artifact: io.dropwizard.metrics:metrics-jmx:jar:4.2.15:compile (sources = false)[0m
2023.04.20 22:21:09 INFO  [INFO] SUCCESS: io.dropwizard.metrics:metrics-jmx:jar:4.2.15:compile (sources = false)[0m
2023.04.20 22:21:09 INFO  [INFO] Resolving artifact: io.dropwizard.metrics:metrics-jmx:jar:4.2.15:compile (sources = true)[0m
2023.04.20 22:21:09 INFO  [INFO] SUCCESS: io.dropwizard.metrics:metrics-jmx:jar:4.2.15:compile (sources = true)[0m
2023.04.20 22:21:09 INFO  [INFO] Resolving artifact: com.fasterxml.jackson.core:jackson-databind:jar:2.14.2:compile (sources = false)[0m
2023.04.20 22:21:09 INFO  [INFO] SUCCESS: com.fasterxml.jackson.core:jackson-databind:jar:2.14.2:compile (sources = false)[0m
2023.04.20 22:21:09 INFO  [INFO] Resolving artifact: com.fasterxml.jackson.core:jackson-databind:jar:2.14.2:compile (sources = true)[0m
2023.04.20 22:21:09 INFO  [INFO] SUCCESS: com.fasterxml.jackson.core:jackson-databind:jar:2.14.2:compile (sources = true)[0m
2023.04.20 22:21:09 INFO  [INFO] Resolving artifact: com.fasterxml.jackson.module:jackson-module-scala_2.12:jar:2.14.2:compile (sources = false)[0m
2023.04.20 22:21:09 INFO  [INFO] SUCCESS: com.fasterxml.jackson.module:jackson-module-scala_2.12:jar:2.14.2:compile (sources = false)[0m
2023.04.20 22:21:09 INFO  [INFO] Resolving artifact: com.fasterxml.jackson.module:jackson-module-scala_2.12:jar:2.14.2:compile (sources = true)[0m
2023.04.20 22:21:09 INFO  [INFO] SUCCESS: com.fasterxml.jackson.module:jackson-module-scala_2.12:jar:2.14.2:compile (sources = true)[0m
2023.04.20 22:21:09 INFO  [INFO] Resolving artifact: com.thoughtworks.paranamer:paranamer:jar:2.8:compile (sources = false)[0m
2023.04.20 22:21:09 INFO  [INFO] SUCCESS: com.thoughtworks.paranamer:paranamer:jar:2.8:compile (sources = false)[0m
2023.04.20 22:21:09 INFO  [INFO] Resolving artifact: com.thoughtworks.paranamer:paranamer:jar:2.8:compile (sources = true)[0m
2023.04.20 22:21:09 INFO  [INFO] SUCCESS: com.thoughtworks.paranamer:paranamer:jar:2.8:compile (sources = true)[0m
2023.04.20 22:21:09 INFO  [INFO] Resolving artifact: org.apache.ivy:ivy:jar:2.5.1:compile (sources = false)[0m
2023.04.20 22:21:09 INFO  [INFO] SUCCESS: org.apache.ivy:ivy:jar:2.5.1:compile (sources = false)[0m
2023.04.20 22:21:09 INFO  [INFO] Resolving artifact: org.apache.ivy:ivy:jar:2.5.1:compile (sources = true)[0m
2023.04.20 22:21:09 INFO  [INFO] SUCCESS: org.apache.ivy:ivy:jar:2.5.1:compile (sources = true)[0m
2023.04.20 22:21:09 INFO  [INFO] Resolving artifact: oro:oro:jar:2.0.8:compile (sources = false)[0m
2023.04.20 22:21:09 INFO  [INFO] SUCCESS: oro:oro:jar:2.0.8:compile (sources = false)[0m
2023.04.20 22:21:09 INFO  [INFO] Resolving artifact: oro:oro:jar:2.0.8:compile (sources = true)[0m
2023.04.20 22:21:09 INFO  [INFO] SUCCESS: oro:oro:jar:2.0.8:compile (sources = true)[0m
2023.04.20 22:21:09 INFO  [INFO] Resolving artifact: net.razorvine:pickle:jar:1.3:compile (sources = false)[0m
2023.04.20 22:21:09 INFO  [INFO] SUCCESS: net.razorvine:pickle:jar:1.3:compile (sources = false)[0m
2023.04.20 22:21:09 INFO  [INFO] Resolving artifact: net.razorvine:pickle:jar:1.3:compile (sources = true)[0m
2023.04.20 22:21:09 INFO  [INFO] SUCCESS: net.razorvine:pickle:jar:1.3:compile (sources = true)[0m
2023.04.20 22:21:09 INFO  [INFO] Resolving artifact: net.sf.py4j:py4j:jar:0.10.9.7:compile (sources = false)[0m
2023.04.20 22:21:09 INFO  [INFO] SUCCESS: net.sf.py4j:py4j:jar:0.10.9.7:compile (sources = false)[0m
2023.04.20 22:21:09 INFO  [INFO] Resolving artifact: net.sf.py4j:py4j:jar:0.10.9.7:compile (sources = true)[0m
2023.04.20 22:21:09 INFO  [INFO] SUCCESS: net.sf.py4j:py4j:jar:0.10.9.7:compile (sources = true)[0m
2023.04.20 22:21:09 INFO  [INFO] Resolving artifact: org.apache.spark:spark-tags_2.12:jar:3.4.0:compile (sources = false)[0m
2023.04.20 22:21:09 INFO  [INFO] SUCCESS: org.apache.spark:spark-tags_2.12:jar:3.4.0:compile (sources = false)[0m
2023.04.20 22:21:09 INFO  [INFO] Resolving artifact: org.apache.spark:spark-tags_2.12:jar:3.4.0:compile (sources = true)[0m
2023.04.20 22:21:09 INFO  [INFO] SUCCESS: org.apache.spark:spark-tags_2.12:jar:3.4.0:compile (sources = true)[0m
2023.04.20 22:21:09 INFO  [INFO] Resolving artifact: org.apache.commons:commons-crypto:jar:1.1.0:compile (sources = false)[0m
2023.04.20 22:21:09 INFO  [INFO] SUCCESS: org.apache.commons:commons-crypto:jar:1.1.0:compile (sources = false)[0m
2023.04.20 22:21:09 INFO  [INFO] Resolving artifact: org.apache.commons:commons-crypto:jar:1.1.0:compile (sources = true)[0m
2023.04.20 22:21:09 INFO  [INFO] SUCCESS: org.apache.commons:commons-crypto:jar:1.1.0:compile (sources = true)[0m
2023.04.20 22:21:09 INFO  [INFO] Resolving artifact: org.apache.spark:spark-sql_2.12:jar:3.4.0:provided (sources = false)[0m
2023.04.20 22:21:09 INFO  [INFO] SUCCESS: org.apache.spark:spark-sql_2.12:jar:3.4.0:provided (sources = false)[0m
2023.04.20 22:21:09 INFO  [INFO] Resolving artifact: org.apache.spark:spark-sql_2.12:jar:3.4.0:provided (sources = true)[0m
2023.04.20 22:21:09 INFO  [INFO] SUCCESS: org.apache.spark:spark-sql_2.12:jar:3.4.0:provided (sources = true)[0m
2023.04.20 22:21:09 INFO  [INFO] Resolving artifact: org.rocksdb:rocksdbjni:jar:7.9.2:compile (sources = false)[0m
2023.04.20 22:21:09 INFO  [INFO] SUCCESS: org.rocksdb:rocksdbjni:jar:7.9.2:compile (sources = false)[0m
2023.04.20 22:21:09 INFO  [INFO] Resolving artifact: org.rocksdb:rocksdbjni:jar:7.9.2:compile (sources = true)[0m
2023.04.20 22:21:09 INFO  [INFO] SUCCESS: org.rocksdb:rocksdbjni:jar:7.9.2:compile (sources = true)[0m
2023.04.20 22:21:09 INFO  [INFO] Resolving artifact: com.univocity:univocity-parsers:jar:2.9.1:provided (sources = false)[0m
2023.04.20 22:21:09 INFO  [INFO] SUCCESS: com.univocity:univocity-parsers:jar:2.9.1:provided (sources = false)[0m
2023.04.20 22:21:09 INFO  [INFO] Resolving artifact: com.univocity:univocity-parsers:jar:2.9.1:provided (sources = true)[0m
2023.04.20 22:21:09 INFO  [INFO] SUCCESS: com.univocity:univocity-parsers:jar:2.9.1:provided (sources = true)[0m
2023.04.20 22:21:09 INFO  [INFO] Resolving artifact: org.apache.spark:spark-sketch_2.12:jar:3.4.0:provided (sources = false)[0m
2023.04.20 22:21:09 INFO  [INFO] SUCCESS: org.apache.spark:spark-sketch_2.12:jar:3.4.0:provided (sources = false)[0m
2023.04.20 22:21:09 INFO  [INFO] Resolving artifact: org.apache.spark:spark-sketch_2.12:jar:3.4.0:provided (sources = true)[0m
2023.04.20 22:21:09 INFO  [INFO] SUCCESS: org.apache.spark:spark-sketch_2.12:jar:3.4.0:provided (sources = true)[0m
2023.04.20 22:21:09 INFO  [INFO] Resolving artifact: org.apache.spark:spark-catalyst_2.12:jar:3.4.0:provided (sources = false)[0m
2023.04.20 22:21:09 INFO  [INFO] SUCCESS: org.apache.spark:spark-catalyst_2.12:jar:3.4.0:provided (sources = false)[0m
2023.04.20 22:21:09 INFO  [INFO] Resolving artifact: org.apache.spark:spark-catalyst_2.12:jar:3.4.0:provided (sources = true)[0m
2023.04.20 22:21:09 INFO  [INFO] SUCCESS: org.apache.spark:spark-catalyst_2.12:jar:3.4.0:provided (sources = true)[0m
2023.04.20 22:21:09 INFO  [INFO] Resolving artifact: org.scala-lang.modules:scala-parser-combinators_2.12:jar:2.1.1:provided (sources = false)[0m
2023.04.20 22:21:09 INFO  [INFO] SUCCESS: org.scala-lang.modules:scala-parser-combinators_2.12:jar:2.1.1:provided (sources = false)[0m
2023.04.20 22:21:09 INFO  [INFO] Resolving artifact: org.scala-lang.modules:scala-parser-combinators_2.12:jar:2.1.1:provided (sources = true)[0m
2023.04.20 22:21:09 INFO  [INFO] SUCCESS: org.scala-lang.modules:scala-parser-combinators_2.12:jar:2.1.1:provided (sources = true)[0m
2023.04.20 22:21:09 INFO  [INFO] Resolving artifact: org.codehaus.janino:janino:jar:3.1.9:provided (sources = false)[0m
2023.04.20 22:21:09 INFO  [INFO] SUCCESS: org.codehaus.janino:janino:jar:3.1.9:provided (sources = false)[0m
2023.04.20 22:21:09 INFO  [INFO] Resolving artifact: org.codehaus.janino:janino:jar:3.1.9:provided (sources = true)[0m
2023.04.20 22:21:09 INFO  [INFO] SUCCESS: org.codehaus.janino:janino:jar:3.1.9:provided (sources = true)[0m
2023.04.20 22:21:09 INFO  [INFO] Resolving artifact: org.codehaus.janino:commons-compiler:jar:3.1.9:provided (sources = false)[0m
2023.04.20 22:21:09 INFO  [INFO] SUCCESS: org.codehaus.janino:commons-compiler:jar:3.1.9:provided (sources = false)[0m
2023.04.20 22:21:09 INFO  [INFO] Resolving artifact: org.codehaus.janino:commons-compiler:jar:3.1.9:provided (sources = true)[0m
2023.04.20 22:21:09 INFO  [INFO] SUCCESS: org.codehaus.janino:commons-compiler:jar:3.1.9:provided (sources = true)[0m
2023.04.20 22:21:09 INFO  [INFO] Resolving artifact: org.antlr:antlr4-runtime:jar:4.9.3:provided (sources = false)[0m
2023.04.20 22:21:09 INFO  [INFO] SUCCESS: org.antlr:antlr4-runtime:jar:4.9.3:provided (sources = false)[0m
2023.04.20 22:21:09 INFO  [INFO] Resolving artifact: org.antlr:antlr4-runtime:jar:4.9.3:provided (sources = true)[0m
2023.04.20 22:21:09 INFO  [INFO] SUCCESS: org.antlr:antlr4-runtime:jar:4.9.3:provided (sources = true)[0m
2023.04.20 22:21:09 INFO  [INFO] Resolving artifact: org.apache.arrow:arrow-vector:jar:11.0.0:provided (sources = false)[0m
2023.04.20 22:21:09 INFO  [INFO] SUCCESS: org.apache.arrow:arrow-vector:jar:11.0.0:provided (sources = false)[0m
2023.04.20 22:21:09 INFO  [INFO] Resolving artifact: org.apache.arrow:arrow-vector:jar:11.0.0:provided (sources = true)[0m
2023.04.20 22:21:09 INFO  [INFO] SUCCESS: org.apache.arrow:arrow-vector:jar:11.0.0:provided (sources = true)[0m
2023.04.20 22:21:09 INFO  [INFO] Resolving artifact: org.apache.arrow:arrow-format:jar:11.0.0:provided (sources = false)[0m
2023.04.20 22:21:09 INFO  [INFO] SUCCESS: org.apache.arrow:arrow-format:jar:11.0.0:provided (sources = false)[0m
2023.04.20 22:21:09 INFO  [INFO] Resolving artifact: org.apache.arrow:arrow-format:jar:11.0.0:provided (sources = true)[0m
2023.04.20 22:21:09 INFO  [INFO] SUCCESS: org.apache.arrow:arrow-format:jar:11.0.0:provided (sources = true)[0m
2023.04.20 22:21:09 INFO  [INFO] Resolving artifact: org.apache.arrow:arrow-memory-core:jar:11.0.0:provided (sources = false)[0m
2023.04.20 22:21:09 INFO  [INFO] SUCCESS: org.apache.arrow:arrow-memory-core:jar:11.0.0:provided (sources = false)[0m
2023.04.20 22:21:09 INFO  [INFO] Resolving artifact: org.apache.arrow:arrow-memory-core:jar:11.0.0:provided (sources = true)[0m
2023.04.20 22:21:09 INFO  [INFO] SUCCESS: org.apache.arrow:arrow-memory-core:jar:11.0.0:provided (sources = true)[0m
2023.04.20 22:21:09 INFO  [INFO] Resolving artifact: com.fasterxml.jackson.datatype:jackson-datatype-jsr310:jar:2.13.4:provided (sources = false)[0m
2023.04.20 22:21:09 INFO  [INFO] SUCCESS: com.fasterxml.jackson.datatype:jackson-datatype-jsr310:jar:2.13.4:provided (sources = false)[0m
2023.04.20 22:21:09 INFO  [INFO] Resolving artifact: com.fasterxml.jackson.datatype:jackson-datatype-jsr310:jar:2.13.4:provided (sources = true)[0m
2023.04.20 22:21:09 INFO  [INFO] SUCCESS: com.fasterxml.jackson.datatype:jackson-datatype-jsr310:jar:2.13.4:provided (sources = true)[0m
2023.04.20 22:21:09 INFO  [INFO] Resolving artifact: com.google.flatbuffers:flatbuffers-java:jar:1.12.0:provided (sources = false)[0m
2023.04.20 22:21:09 INFO  [INFO] SUCCESS: com.google.flatbuffers:flatbuffers-java:jar:1.12.0:provided (sources = false)[0m
2023.04.20 22:21:09 INFO  [INFO] Resolving artifact: com.google.flatbuffers:flatbuffers-java:jar:1.12.0:provided (sources = true)[0m
2023.04.20 22:21:09 INFO  [INFO] SUCCESS: com.google.flatbuffers:flatbuffers-java:jar:1.12.0:provided (sources = true)[0m
2023.04.20 22:21:09 INFO  [INFO] Resolving artifact: org.apache.arrow:arrow-memory-netty:jar:11.0.0:provided (sources = false)[0m
2023.04.20 22:21:09 INFO  [INFO] SUCCESS: org.apache.arrow:arrow-memory-netty:jar:11.0.0:provided (sources = false)[0m
2023.04.20 22:21:09 INFO  [INFO] Resolving artifact: org.apache.arrow:arrow-memory-netty:jar:11.0.0:provided (sources = true)[0m
2023.04.20 22:21:09 INFO  [INFO] SUCCESS: org.apache.arrow:arrow-memory-netty:jar:11.0.0:provided (sources = true)[0m
2023.04.20 22:21:09 INFO  [INFO] Resolving artifact: org.apache.orc:orc-core:jar:shaded-protobuf:1.8.3:provided (sources = false)[0m
2023.04.20 22:21:09 INFO  [INFO] SUCCESS: org.apache.orc:orc-core:jar:shaded-protobuf:1.8.3:provided (sources = false)[0m
2023.04.20 22:21:09 INFO  [INFO] Resolving artifact: org.apache.orc:orc-core:jar:shaded-protobuf:1.8.3:provided (sources = true)[0m
2023.04.20 22:21:09 INFO  [INFO] SUCCESS: org.apache.orc:orc-core:jar:shaded-protobuf:1.8.3:provided (sources = true)[0m
2023.04.20 22:21:09 INFO  [INFO] Resolving artifact: org.apache.orc:orc-shims:jar:1.8.3:provided (sources = false)[0m
2023.04.20 22:21:09 INFO  [INFO] SUCCESS: org.apache.orc:orc-shims:jar:1.8.3:provided (sources = false)[0m
2023.04.20 22:21:09 INFO  [INFO] Resolving artifact: org.apache.orc:orc-shims:jar:1.8.3:provided (sources = true)[0m
2023.04.20 22:21:09 INFO  [INFO] SUCCESS: org.apache.orc:orc-shims:jar:1.8.3:provided (sources = true)[0m
2023.04.20 22:21:09 INFO  [INFO] Resolving artifact: io.airlift:aircompressor:jar:0.21:provided (sources = false)[0m
2023.04.20 22:21:09 INFO  [INFO] SUCCESS: io.airlift:aircompressor:jar:0.21:provided (sources = false)[0m
2023.04.20 22:21:09 INFO  [INFO] Resolving artifact: io.airlift:aircompressor:jar:0.21:provided (sources = true)[0m
2023.04.20 22:21:09 INFO  [INFO] SUCCESS: io.airlift:aircompressor:jar:0.21:provided (sources = true)[0m
2023.04.20 22:21:09 INFO  [INFO] Resolving artifact: org.jetbrains:annotations:jar:17.0.0:provided (sources = false)[0m
2023.04.20 22:21:09 INFO  [INFO] SUCCESS: org.jetbrains:annotations:jar:17.0.0:provided (sources = false)[0m
2023.04.20 22:21:09 INFO  [INFO] Resolving artifact: org.jetbrains:annotations:jar:17.0.0:provided (sources = true)[0m
2023.04.20 22:21:09 INFO  [INFO] SUCCESS: org.jetbrains:annotations:jar:17.0.0:provided (sources = true)[0m
2023.04.20 22:21:09 INFO  [INFO] Resolving artifact: org.threeten:threeten-extra:jar:1.7.1:provided (sources = false)[0m
2023.04.20 22:21:09 INFO  [INFO] SUCCESS: org.threeten:threeten-extra:jar:1.7.1:provided (sources = false)[0m
2023.04.20 22:21:09 INFO  [INFO] Resolving artifact: org.threeten:threeten-extra:jar:1.7.1:provided (sources = true)[0m
2023.04.20 22:21:09 INFO  [INFO] SUCCESS: org.threeten:threeten-extra:jar:1.7.1:provided (sources = true)[0m
2023.04.20 22:21:09 INFO  [INFO] Resolving artifact: org.apache.orc:orc-mapreduce:jar:shaded-protobuf:1.8.3:provided (sources = false)[0m
2023.04.20 22:21:09 INFO  [INFO] SUCCESS: org.apache.orc:orc-mapreduce:jar:shaded-protobuf:1.8.3:provided (sources = false)[0m
2023.04.20 22:21:09 INFO  [INFO] Resolving artifact: org.apache.orc:orc-mapreduce:jar:shaded-protobuf:1.8.3:provided (sources = true)[0m
2023.04.20 22:21:09 INFO  [INFO] SUCCESS: org.apache.orc:orc-mapreduce:jar:shaded-protobuf:1.8.3:provided (sources = true)[0m
2023.04.20 22:21:09 INFO  [INFO] Resolving artifact: org.apache.hive:hive-storage-api:jar:2.8.1:provided (sources = false)[0m
2023.04.20 22:21:09 INFO  [INFO] SUCCESS: org.apache.hive:hive-storage-api:jar:2.8.1:provided (sources = false)[0m
2023.04.20 22:21:09 INFO  [INFO] Resolving artifact: org.apache.hive:hive-storage-api:jar:2.8.1:provided (sources = true)[0m
2023.04.20 22:21:09 INFO  [INFO] SUCCESS: org.apache.hive:hive-storage-api:jar:2.8.1:provided (sources = true)[0m
2023.04.20 22:21:09 INFO  [INFO] Resolving artifact: org.apache.parquet:parquet-column:jar:1.12.3:provided (sources = false)[0m
2023.04.20 22:21:09 INFO  [INFO] SUCCESS: org.apache.parquet:parquet-column:jar:1.12.3:provided (sources = false)[0m
2023.04.20 22:21:09 INFO  [INFO] Resolving artifact: org.apache.parquet:parquet-column:jar:1.12.3:provided (sources = true)[0m
2023.04.20 22:21:09 INFO  [INFO] SUCCESS: org.apache.parquet:parquet-column:jar:1.12.3:provided (sources = true)[0m
2023.04.20 22:21:09 INFO  [INFO] Resolving artifact: org.apache.parquet:parquet-common:jar:1.12.3:provided (sources = false)[0m
2023.04.20 22:21:09 INFO  [INFO] SUCCESS: org.apache.parquet:parquet-common:jar:1.12.3:provided (sources = false)[0m
2023.04.20 22:21:09 INFO  [INFO] Resolving artifact: org.apache.parquet:parquet-common:jar:1.12.3:provided (sources = true)[0m
2023.04.20 22:21:09 INFO  [INFO] SUCCESS: org.apache.parquet:parquet-common:jar:1.12.3:provided (sources = true)[0m
2023.04.20 22:21:09 INFO  [INFO] Resolving artifact: org.apache.parquet:parquet-encoding:jar:1.12.3:provided (sources = false)[0m
2023.04.20 22:21:09 INFO  [INFO] SUCCESS: org.apache.parquet:parquet-encoding:jar:1.12.3:provided (sources = false)[0m
2023.04.20 22:21:09 INFO  [INFO] Resolving artifact: org.apache.parquet:parquet-encoding:jar:1.12.3:provided (sources = true)[0m
2023.04.20 22:21:09 INFO  [INFO] SUCCESS: org.apache.parquet:parquet-encoding:jar:1.12.3:provided (sources = true)[0m
2023.04.20 22:21:09 INFO  [INFO] Resolving artifact: org.apache.parquet:parquet-hadoop:jar:1.12.3:provided (sources = false)[0m
2023.04.20 22:21:09 INFO  [INFO] SUCCESS: org.apache.parquet:parquet-hadoop:jar:1.12.3:provided (sources = false)[0m
2023.04.20 22:21:09 INFO  [INFO] Resolving artifact: org.apache.parquet:parquet-hadoop:jar:1.12.3:provided (sources = true)[0m
2023.04.20 22:21:09 INFO  [INFO] SUCCESS: org.apache.parquet:parquet-hadoop:jar:1.12.3:provided (sources = true)[0m
2023.04.20 22:21:09 INFO  [INFO] Resolving artifact: org.apache.parquet:parquet-format-structures:jar:1.12.3:provided (sources = false)[0m
2023.04.20 22:21:09 INFO  [INFO] SUCCESS: org.apache.parquet:parquet-format-structures:jar:1.12.3:provided (sources = false)[0m
2023.04.20 22:21:09 INFO  [INFO] Resolving artifact: org.apache.parquet:parquet-format-structures:jar:1.12.3:provided (sources = true)[0m
2023.04.20 22:21:09 INFO  [INFO] SUCCESS: org.apache.parquet:parquet-format-structures:jar:1.12.3:provided (sources = true)[0m
2023.04.20 22:21:09 INFO  [INFO] Resolving artifact: org.apache.parquet:parquet-jackson:jar:1.12.3:provided (sources = false)[0m
2023.04.20 22:21:09 INFO  [INFO] SUCCESS: org.apache.parquet:parquet-jackson:jar:1.12.3:provided (sources = false)[0m
2023.04.20 22:21:09 INFO  [INFO] Resolving artifact: org.apache.parquet:parquet-jackson:jar:1.12.3:provided (sources = true)[0m
2023.04.20 22:21:09 INFO  [INFO] SUCCESS: org.apache.parquet:parquet-jackson:jar:1.12.3:provided (sources = true)[0m
2023.04.20 22:21:09 INFO  [INFO] Resolving artifact: com.google.protobuf:protobuf-java:jar:3.21.12:compile (sources = false)[0m
2023.04.20 22:21:09 INFO  [INFO] SUCCESS: com.google.protobuf:protobuf-java:jar:3.21.12:compile (sources = false)[0m
2023.04.20 22:21:09 INFO  [INFO] Resolving artifact: com.google.protobuf:protobuf-java:jar:3.21.12:compile (sources = true)[0m
2023.04.20 22:21:09 INFO  [INFO] SUCCESS: com.google.protobuf:protobuf-java:jar:3.21.12:compile (sources = true)[0m
2023.04.20 22:21:09 INFO  [INFO] Resolving artifact: junit:junit:jar:4.12:test (sources = false)[0m
2023.04.20 22:21:09 INFO  [INFO] SUCCESS: junit:junit:jar:4.12:test (sources = false)[0m
2023.04.20 22:21:09 INFO  [INFO] Resolving artifact: junit:junit:jar:4.12:test (sources = true)[0m
2023.04.20 22:21:09 INFO  [INFO] SUCCESS: junit:junit:jar:4.12:test (sources = true)[0m
2023.04.20 22:21:09 INFO  [INFO] Resolving artifact: org.hamcrest:hamcrest-core:jar:1.3:test (sources = false)[0m
2023.04.20 22:21:09 INFO  [INFO] SUCCESS: org.hamcrest:hamcrest-core:jar:1.3:test (sources = false)[0m
2023.04.20 22:21:09 INFO  [INFO] Resolving artifact: org.hamcrest:hamcrest-core:jar:1.3:test (sources = true)[0m
2023.04.20 22:21:09 INFO  [INFO] SUCCESS: org.hamcrest:hamcrest-core:jar:1.3:test (sources = true)[0m
2023.04.20 22:21:09 INFO  [INFO] Resolving artifact: org.scalatest:scalatest_2.12:jar:3.0.5:test (sources = false)[0m
2023.04.20 22:21:09 INFO  [INFO] SUCCESS: org.scalatest:scalatest_2.12:jar:3.0.5:test (sources = false)[0m
2023.04.20 22:21:09 INFO  [INFO] Resolving artifact: org.scalatest:scalatest_2.12:jar:3.0.5:test (sources = true)[0m
2023.04.20 22:21:09 INFO  [INFO] SUCCESS: org.scalatest:scalatest_2.12:jar:3.0.5:test (sources = true)[0m
2023.04.20 22:21:09 INFO  [INFO] Resolving artifact: org.scalactic:scalactic_2.12:jar:3.0.5:test (sources = false)[0m
2023.04.20 22:21:09 INFO  [INFO] SUCCESS: org.scalactic:scalactic_2.12:jar:3.0.5:test (sources = false)[0m
2023.04.20 22:21:09 INFO  [INFO] Resolving artifact: org.scalactic:scalactic_2.12:jar:3.0.5:test (sources = true)[0m
2023.04.20 22:21:09 INFO  [INFO] SUCCESS: org.scalactic:scalactic_2.12:jar:3.0.5:test (sources = true)[0m
2023.04.20 22:21:09 INFO  [INFO] Resolving artifact: org.specs2:specs2-core_2.12:jar:4.2.0:test (sources = false)[0m
2023.04.20 22:21:09 INFO  [INFO] SUCCESS: org.specs2:specs2-core_2.12:jar:4.2.0:test (sources = false)[0m
2023.04.20 22:21:09 INFO  [INFO] Resolving artifact: org.specs2:specs2-core_2.12:jar:4.2.0:test (sources = true)[0m
2023.04.20 22:21:09 INFO  [INFO] SUCCESS: org.specs2:specs2-core_2.12:jar:4.2.0:test (sources = true)[0m
2023.04.20 22:21:09 INFO  [INFO] Resolving artifact: org.specs2:specs2-matcher_2.12:jar:4.2.0:test (sources = false)[0m
2023.04.20 22:21:09 INFO  [INFO] SUCCESS: org.specs2:specs2-matcher_2.12:jar:4.2.0:test (sources = false)[0m
2023.04.20 22:21:09 INFO  [INFO] Resolving artifact: org.specs2:specs2-matcher_2.12:jar:4.2.0:test (sources = true)[0m
2023.04.20 22:21:09 INFO  [INFO] SUCCESS: org.specs2:specs2-matcher_2.12:jar:4.2.0:test (sources = true)[0m
2023.04.20 22:21:09 INFO  [INFO] Resolving artifact: org.specs2:specs2-common_2.12:jar:4.2.0:test (sources = false)[0m
2023.04.20 22:21:09 INFO  [INFO] SUCCESS: org.specs2:specs2-common_2.12:jar:4.2.0:test (sources = false)[0m
2023.04.20 22:21:09 INFO  [INFO] Resolving artifact: org.specs2:specs2-common_2.12:jar:4.2.0:test (sources = true)[0m
2023.04.20 22:21:09 INFO  [INFO] SUCCESS: org.specs2:specs2-common_2.12:jar:4.2.0:test (sources = true)[0m
2023.04.20 22:21:09 INFO  [INFO] Resolving artifact: org.specs2:specs2-fp_2.12:jar:4.2.0:test (sources = false)[0m
2023.04.20 22:21:09 INFO  [INFO] SUCCESS: org.specs2:specs2-fp_2.12:jar:4.2.0:test (sources = false)[0m
2023.04.20 22:21:09 INFO  [INFO] Resolving artifact: org.specs2:specs2-fp_2.12:jar:4.2.0:test (sources = true)[0m
2023.04.20 22:21:09 INFO  [INFO] SUCCESS: org.specs2:specs2-fp_2.12:jar:4.2.0:test (sources = true)[0m
2023.04.20 22:21:09 INFO  [INFO] Resolving artifact: org.scala-sbt:test-interface:jar:1.0:test (sources = false)[0m
2023.04.20 22:21:09 INFO  [INFO] SUCCESS: org.scala-sbt:test-interface:jar:1.0:test (sources = false)[0m
2023.04.20 22:21:09 INFO  [INFO] Resolving artifact: org.scala-sbt:test-interface:jar:1.0:test (sources = true)[0m
2023.04.20 22:21:09 INFO  [INFO] SUCCESS: org.scala-sbt:test-interface:jar:1.0:test (sources = true)[0m
2023.04.20 22:21:09 INFO  [INFO] Resolving artifact: org.specs2:specs2-junit_2.12:jar:4.2.0:test (sources = false)[0m
2023.04.20 22:21:09 INFO  [INFO] SUCCESS: org.specs2:specs2-junit_2.12:jar:4.2.0:test (sources = false)[0m
2023.04.20 22:21:09 INFO  [INFO] Resolving artifact: org.specs2:specs2-junit_2.12:jar:4.2.0:test (sources = true)[0m
2023.04.20 22:21:09 INFO  [INFO] SUCCESS: org.specs2:specs2-junit_2.12:jar:4.2.0:test (sources = true)[0m
2023.04.20 22:21:09 INFO  [INFO] Generated .bloop/scala.removeDuplication.json[0m
2023.04.20 22:21:09 INFO  [INFO] Resolving artifact: org.scala-lang:scala-library:jar:2.12.17:compile (sources = false)[0m
2023.04.20 22:21:09 INFO  [INFO] SUCCESS: org.scala-lang:scala-library:jar:2.12.17:compile (sources = false)[0m
2023.04.20 22:21:09 INFO  [INFO] Resolving artifact: org.scala-lang:scala-library:jar:2.12.17:compile (sources = true)[0m
2023.04.20 22:21:09 INFO  [INFO] SUCCESS: org.scala-lang:scala-library:jar:2.12.17:compile (sources = true)[0m
2023.04.20 22:21:09 INFO  [INFO] Resolving artifact: org.apache.spark:spark-core_2.12:jar:3.4.0:compile (sources = false)[0m
2023.04.20 22:21:09 INFO  [INFO] SUCCESS: org.apache.spark:spark-core_2.12:jar:3.4.0:compile (sources = false)[0m
2023.04.20 22:21:09 INFO  [INFO] Resolving artifact: org.apache.spark:spark-core_2.12:jar:3.4.0:compile (sources = true)[0m
2023.04.20 22:21:09 INFO  [INFO] SUCCESS: org.apache.spark:spark-core_2.12:jar:3.4.0:compile (sources = true)[0m
2023.04.20 22:21:09 INFO  [INFO] Resolving artifact: org.apache.avro:avro:jar:1.11.1:compile (sources = false)[0m
2023.04.20 22:21:09 INFO  [INFO] SUCCESS: org.apache.avro:avro:jar:1.11.1:compile (sources = false)[0m
2023.04.20 22:21:09 INFO  [INFO] Resolving artifact: org.apache.avro:avro:jar:1.11.1:compile (sources = true)[0m
2023.04.20 22:21:09 INFO  [INFO] SUCCESS: org.apache.avro:avro:jar:1.11.1:compile (sources = true)[0m
2023.04.20 22:21:09 INFO  [INFO] Resolving artifact: com.fasterxml.jackson.core:jackson-core:jar:2.12.7:compile (sources = false)[0m
2023.04.20 22:21:09 INFO  [INFO] SUCCESS: com.fasterxml.jackson.core:jackson-core:jar:2.12.7:compile (sources = false)[0m
2023.04.20 22:21:09 INFO  [INFO] Resolving artifact: com.fasterxml.jackson.core:jackson-core:jar:2.12.7:compile (sources = true)[0m
2023.04.20 22:21:09 INFO  [INFO] SUCCESS: com.fasterxml.jackson.core:jackson-core:jar:2.12.7:compile (sources = true)[0m
2023.04.20 22:21:09 INFO  [INFO] Resolving artifact: org.apache.avro:avro-mapred:jar:1.11.1:compile (sources = false)[0m
2023.04.20 22:21:09 INFO  [INFO] SUCCESS: org.apache.avro:avro-mapred:jar:1.11.1:compile (sources = false)[0m
2023.04.20 22:21:09 INFO  [INFO] Resolving artifact: org.apache.avro:avro-mapred:jar:1.11.1:compile (sources = true)[0m
2023.04.20 22:21:09 INFO  [INFO] SUCCESS: org.apache.avro:avro-mapred:jar:1.11.1:compile (sources = true)[0m
2023.04.20 22:21:09 INFO  [INFO] Resolving artifact: org.apache.avro:avro-ipc:jar:1.11.1:compile (sources = false)[0m
2023.04.20 22:21:09 INFO  [INFO] SUCCESS: org.apache.avro:avro-ipc:jar:1.11.1:compile (sources = false)[0m
2023.04.20 22:21:09 INFO  [INFO] Resolving artifact: org.apache.avro:avro-ipc:jar:1.11.1:compile (sources = true)[0m
2023.04.20 22:21:09 INFO  [INFO] SUCCESS: org.apache.avro:avro-ipc:jar:1.11.1:compile (sources = true)[0m
2023.04.20 22:21:09 INFO  [INFO] Resolving artifact: org.tukaani:xz:jar:1.9:compile (sources = false)[0m
2023.04.20 22:21:09 INFO  [INFO] SUCCESS: org.tukaani:xz:jar:1.9:compile (sources = false)[0m
2023.04.20 22:21:09 INFO  [INFO] Resolving artifact: org.tukaani:xz:jar:1.9:compile (sources = true)[0m
2023.04.20 22:21:09 INFO  [INFO] SUCCESS: org.tukaani:xz:jar:1.9:compile (sources = true)[0m
2023.04.20 22:21:09 INFO  [INFO] Resolving artifact: com.twitter:chill_2.12:jar:0.10.0:compile (sources = false)[0m
2023.04.20 22:21:09 INFO  [INFO] SUCCESS: com.twitter:chill_2.12:jar:0.10.0:compile (sources = false)[0m
2023.04.20 22:21:09 INFO  [INFO] Resolving artifact: com.twitter:chill_2.12:jar:0.10.0:compile (sources = true)[0m
2023.04.20 22:21:09 INFO  [INFO] SUCCESS: com.twitter:chill_2.12:jar:0.10.0:compile (sources = true)[0m
2023.04.20 22:21:09 INFO  [INFO] Resolving artifact: com.esotericsoftware:kryo-shaded:jar:4.0.2:compile (sources = false)[0m
2023.04.20 22:21:09 INFO  [INFO] SUCCESS: com.esotericsoftware:kryo-shaded:jar:4.0.2:compile (sources = false)[0m
2023.04.20 22:21:09 INFO  [INFO] Resolving artifact: com.esotericsoftware:kryo-shaded:jar:4.0.2:compile (sources = true)[0m
2023.04.20 22:21:09 INFO  [INFO] SUCCESS: com.esotericsoftware:kryo-shaded:jar:4.0.2:compile (sources = true)[0m
2023.04.20 22:21:09 INFO  [INFO] Resolving artifact: com.esotericsoftware:minlog:jar:1.3.0:compile (sources = false)[0m
2023.04.20 22:21:09 INFO  [INFO] SUCCESS: com.esotericsoftware:minlog:jar:1.3.0:compile (sources = false)[0m
2023.04.20 22:21:09 INFO  [INFO] Resolving artifact: com.esotericsoftware:minlog:jar:1.3.0:compile (sources = true)[0m
2023.04.20 22:21:09 INFO  [INFO] SUCCESS: com.esotericsoftware:minlog:jar:1.3.0:compile (sources = true)[0m
2023.04.20 22:21:09 INFO  [INFO] Resolving artifact: org.objenesis:objenesis:jar:2.5.1:compile (sources = false)[0m
2023.04.20 22:21:09 INFO  [INFO] SUCCESS: org.objenesis:objenesis:jar:2.5.1:compile (sources = false)[0m
2023.04.20 22:21:09 INFO  [INFO] Resolving artifact: org.objenesis:objenesis:jar:2.5.1:compile (sources = true)[0m
2023.04.20 22:21:09 INFO  [INFO] SUCCESS: org.objenesis:objenesis:jar:2.5.1:compile (sources = true)[0m
2023.04.20 22:21:09 INFO  [INFO] Resolving artifact: com.twitter:chill-java:jar:0.10.0:compile (sources = false)[0m
2023.04.20 22:21:09 INFO  [INFO] SUCCESS: com.twitter:chill-java:jar:0.10.0:compile (sources = false)[0m
2023.04.20 22:21:09 INFO  [INFO] Resolving artifact: com.twitter:chill-java:jar:0.10.0:compile (sources = true)[0m
2023.04.20 22:21:09 INFO  [INFO] SUCCESS: com.twitter:chill-java:jar:0.10.0:compile (sources = true)[0m
2023.04.20 22:21:09 INFO  [INFO] Resolving artifact: org.apache.xbean:xbean-asm9-shaded:jar:4.22:compile (sources = false)[0m
2023.04.20 22:21:09 INFO  [INFO] SUCCESS: org.apache.xbean:xbean-asm9-shaded:jar:4.22:compile (sources = false)[0m
2023.04.20 22:21:09 INFO  [INFO] Resolving artifact: org.apache.xbean:xbean-asm9-shaded:jar:4.22:compile (sources = true)[0m
2023.04.20 22:21:09 INFO  [INFO] SUCCESS: org.apache.xbean:xbean-asm9-shaded:jar:4.22:compile (sources = true)[0m
2023.04.20 22:21:09 INFO  [INFO] Resolving artifact: org.apache.hadoop:hadoop-client-api:jar:3.3.4:compile (sources = false)[0m
2023.04.20 22:21:09 INFO  [INFO] SUCCESS: org.apache.hadoop:hadoop-client-api:jar:3.3.4:compile (sources = false)[0m
2023.04.20 22:21:09 INFO  [INFO] Resolving artifact: org.apache.hadoop:hadoop-client-api:jar:3.3.4:compile (sources = true)[0m
2023.04.20 22:21:09 INFO  [INFO] SUCCESS: org.apache.hadoop:hadoop-client-api:jar:3.3.4:compile (sources = true)[0m
2023.04.20 22:21:09 INFO  [INFO] Resolving artifact: org.apache.hadoop:hadoop-client-runtime:jar:3.3.4:compile (sources = false)[0m
2023.04.20 22:21:09 INFO  [INFO] SUCCESS: org.apache.hadoop:hadoop-client-runtime:jar:3.3.4:compile (sources = false)[0m
2023.04.20 22:21:09 INFO  [INFO] Resolving artifact: org.apache.hadoop:hadoop-client-runtime:jar:3.3.4:compile (sources = true)[0m
2023.04.20 22:21:09 INFO  [ERROR] FAILURE org.apache.hadoop:hadoop-client-runtime:jar:3.3.4:compile (sources = true)[0m
2023.04.20 22:21:09 INFO  org.eclipse.aether.resolution.ArtifactResolutionException: org.apache.hadoop:hadoop-client-runtime:jar:sources:3.3.4 was not found in https://repo.maven.apache.org/maven2 during a previous attempt. This failure was cached in the local repository and resolution is not reattempted until the update interval of central has elapsed or updates are forced[0m
2023.04.20 22:21:09 INFO      at org.eclipse.aether.internal.impl.DefaultArtifactResolver.resolve (DefaultArtifactResolver.java:425)[0m
2023.04.20 22:21:09 INFO      at org.eclipse.aether.internal.impl.DefaultArtifactResolver.resolveArtifacts (DefaultArtifactResolver.java:229)[0m
2023.04.20 22:21:09 INFO      at org.eclipse.aether.internal.impl.DefaultArtifactResolver.resolveArtifact (DefaultArtifactResolver.java:207)[0m
2023.04.20 22:21:09 INFO      at org.eclipse.aether.internal.impl.DefaultRepositorySystem.resolveArtifact (DefaultRepositorySystem.java:262)[0m
2023.04.20 22:21:09 INFO      at bloop.integrations.maven.MojoImplementation$.bloop$integrations$maven$MojoImplementation$$resolveArtifact$1 (MojoImplementation.scala:117)[0m
2023.04.20 22:21:09 INFO      at bloop.integrations.maven.MojoImplementation$$anonfun$2.applyOrElse (MojoImplementation.scala:244)[0m
2023.04.20 22:21:09 INFO      at bloop.integrations.maven.MojoImplementation$$anonfun$2.applyOrElse (MojoImplementation.scala:226)[0m
2023.04.20 22:21:09 INFO      at scala.collection.StrictOptimizedIterableOps.collect (StrictOptimizedIterableOps.scala:151)[0m
2023.04.20 22:21:09 INFO      at scala.collection.StrictOptimizedIterableOps.collect$ (StrictOptimizedIterableOps.scala:136)[0m
2023.04.20 22:21:09 INFO      at scala.collection.convert.JavaCollectionWrappers$JSetWrapper.collect (JavaCollectionWrappers.scala:180)[0m
2023.04.20 22:21:09 INFO      at bloop.integrations.maven.MojoImplementation$.writeConfig$1 (MojoImplementation.scala:226)[0m
2023.04.20 22:21:09 INFO      at bloop.integrations.maven.MojoImplementation$.writeCompileAndTestConfiguration (MojoImplementation.scala:310)[0m
2023.04.20 22:21:09 INFO      at bloop.integrations.maven.MojoImplementation.writeCompileAndTestConfiguration (MojoImplementation.scala)[0m
2023.04.20 22:21:09 INFO      at bloop.integrations.maven.BloopMojo.execute (BloopMojo.java:104)[0m
2023.04.20 22:21:09 INFO      at org.apache.maven.plugin.DefaultBuildPluginManager.executeMojo (DefaultBuildPluginManager.java:137)[0m
2023.04.20 22:21:09 INFO      at org.apache.maven.lifecycle.internal.MojoExecutor.doExecute2 (MojoExecutor.java:370)[0m
2023.04.20 22:21:09 INFO      at org.apache.maven.lifecycle.internal.MojoExecutor.doExecute (MojoExecutor.java:351)[0m
2023.04.20 22:21:09 INFO      at org.apache.maven.lifecycle.internal.MojoExecutor.execute (MojoExecutor.java:215)[0m
2023.04.20 22:21:09 INFO      at org.apache.maven.lifecycle.internal.MojoExecutor.execute (MojoExecutor.java:171)[0m
2023.04.20 22:21:09 INFO      at org.apache.maven.lifecycle.internal.MojoExecutor.execute (MojoExecutor.java:163)[0m
2023.04.20 22:21:09 INFO      at org.apache.maven.lifecycle.internal.LifecycleModuleBuilder.buildProject (LifecycleModuleBuilder.java:117)[0m
2023.04.20 22:21:09 INFO      at org.apache.maven.lifecycle.internal.LifecycleModuleBuilder.buildProject (LifecycleModuleBuilder.java:81)[0m
2023.04.20 22:21:09 INFO      at org.apache.maven.lifecycle.internal.builder.singlethreaded.SingleThreadedBuilder.build (SingleThreadedBuilder.java:56)[0m
2023.04.20 22:21:09 INFO      at org.apache.maven.lifecycle.internal.LifecycleStarter.execute (LifecycleStarter.java:128)[0m
2023.04.20 22:21:09 INFO      at org.apache.maven.DefaultMaven.doExecute (DefaultMaven.java:294)[0m
2023.04.20 22:21:09 INFO      at org.apache.maven.DefaultMaven.doExecute (DefaultMaven.java:192)[0m
2023.04.20 22:21:09 INFO      at org.apache.maven.DefaultMaven.execute (DefaultMaven.java:105)[0m
2023.04.20 22:21:09 INFO      at org.apache.maven.cli.MavenCli.execute (MavenCli.java:960)[0m
2023.04.20 22:21:09 INFO      at org.apache.maven.cli.MavenCli.doMain (MavenCli.java:293)[0m
2023.04.20 22:21:09 INFO      at org.apache.maven.cli.MavenCli.main (MavenCli.java:196)[0m
2023.04.20 22:21:09 INFO      at jdk.internal.reflect.NativeMethodAccessorImpl.invoke0 (Native Method)[0m
2023.04.20 22:21:09 INFO      at jdk.internal.reflect.NativeMethodAccessorImpl.invoke (NativeMethodAccessorImpl.java:77)[0m
2023.04.20 22:21:09 INFO      at jdk.internal.reflect.DelegatingMethodAccessorImpl.invoke (DelegatingMethodAccessorImpl.java:43)[0m
2023.04.20 22:21:09 INFO      at java.lang.reflect.Method.invoke (Method.java:568)[0m
2023.04.20 22:21:09 INFO      at org.codehaus.plexus.classworlds.launcher.Launcher.launchEnhanced (Launcher.java:282)[0m
2023.04.20 22:21:09 INFO      at org.codehaus.plexus.classworlds.launcher.Launcher.launch (Launcher.java:225)[0m
2023.04.20 22:21:09 INFO      at org.codehaus.plexus.classworlds.launcher.Launcher.mainWithExitCode (Launcher.java:406)[0m
2023.04.20 22:21:09 INFO      at org.codehaus.plexus.classworlds.launcher.Launcher.main (Launcher.java:347)[0m
2023.04.20 22:21:09 INFO      at jdk.internal.reflect.NativeMethodAccessorImpl.invoke0 (Native Method)[0m
2023.04.20 22:21:09 INFO      at jdk.internal.reflect.NativeMethodAccessorImpl.invoke (NativeMethodAccessorImpl.java:77)[0m
2023.04.20 22:21:09 INFO      at jdk.internal.reflect.DelegatingMethodAccessorImpl.invoke (DelegatingMethodAccessorImpl.java:43)[0m
2023.04.20 22:21:09 INFO      at java.lang.reflect.Method.invoke (Method.java:568)[0m
2023.04.20 22:21:09 INFO      at org.apache.maven.wrapper.BootstrapMainStarter.start (BootstrapMainStarter.java:53)[0m
2023.04.20 22:21:09 INFO      at org.apache.maven.wrapper.WrapperExecutor.execute (WrapperExecutor.java:152)[0m
2023.04.20 22:21:09 INFO      at org.apache.maven.wrapper.MavenWrapperMain.main (MavenWrapperMain.java:76)[0m
2023.04.20 22:21:09 INFO  Caused by: org.eclipse.aether.transfer.ArtifactNotFoundException: org.apache.hadoop:hadoop-client-runtime:jar:sources:3.3.4 was not found in https://repo.maven.apache.org/maven2 during a previous attempt. This failure was cached in the local repository and resolution is not reattempted until the update interval of central has elapsed or updates are forced[0m
2023.04.20 22:21:09 INFO      at org.eclipse.aether.internal.impl.DefaultUpdateCheckManager.newException (DefaultUpdateCheckManager.java:217)[0m
2023.04.20 22:21:09 INFO      at org.eclipse.aether.internal.impl.DefaultUpdateCheckManager.checkArtifact (DefaultUpdateCheckManager.java:189)[0m
2023.04.20 22:21:09 INFO      at org.eclipse.aether.internal.impl.DefaultArtifactResolver.gatherDownloads (DefaultArtifactResolver.java:574)[0m
2023.04.20 22:21:09 INFO      at org.eclipse.aether.internal.impl.DefaultArtifactResolver.performDownloads (DefaultArtifactResolver.java:484)[0m
2023.04.20 22:21:09 INFO      at org.eclipse.aether.internal.impl.DefaultArtifactResolver.resolve (DefaultArtifactResolver.java:402)[0m
2023.04.20 22:21:09 INFO      at org.eclipse.aether.internal.impl.DefaultArtifactResolver.resolveArtifacts (DefaultArtifactResolver.java:229)[0m
2023.04.20 22:21:09 INFO      at org.eclipse.aether.internal.impl.DefaultArtifactResolver.resolveArtifact (DefaultArtifactResolver.java:207)[0m
2023.04.20 22:21:09 INFO      at org.eclipse.aether.internal.impl.DefaultRepositorySystem.resolveArtifact (DefaultRepositorySystem.java:262)[0m
2023.04.20 22:21:09 INFO      at bloop.integrations.maven.MojoImplementation$.bloop$integrations$maven$MojoImplementation$$resolveArtifact$1 (MojoImplementation.scala:117)[0m
2023.04.20 22:21:09 INFO      at bloop.integrations.maven.MojoImplementation$$anonfun$2.applyOrElse (MojoImplementation.scala:244)[0m
2023.04.20 22:21:09 INFO      at bloop.integrations.maven.MojoImplementation$$anonfun$2.applyOrElse (MojoImplementation.scala:226)[0m
2023.04.20 22:21:09 INFO      at scala.collection.StrictOptimizedIterableOps.collect (StrictOptimizedIterableOps.scala:151)[0m
2023.04.20 22:21:09 INFO      at scala.collection.StrictOptimizedIterableOps.collect$ (StrictOptimizedIterableOps.scala:136)[0m
2023.04.20 22:21:09 INFO      at scala.collection.convert.JavaCollectionWrappers$JSetWrapper.collect (JavaCollectionWrappers.scala:180)[0m
2023.04.20 22:21:09 INFO      at bloop.integrations.maven.MojoImplementation$.writeConfig$1 (MojoImplementation.scala:226)[0m
2023.04.20 22:21:09 INFO      at bloop.integrations.maven.MojoImplementation$.writeCompileAndTestConfiguration (MojoImplementation.scala:310)[0m
2023.04.20 22:21:09 INFO      at bloop.integrations.maven.MojoImplementation.writeCompileAndTestConfiguration (MojoImplementation.scala)[0m
2023.04.20 22:21:09 INFO      at bloop.integrations.maven.BloopMojo.execute (BloopMojo.java:104)[0m
2023.04.20 22:21:09 INFO      at org.apache.maven.plugin.DefaultBuildPluginManager.executeMojo (DefaultBuildPluginManager.java:137)[0m
2023.04.20 22:21:09 INFO      at org.apache.maven.lifecycle.internal.MojoExecutor.doExecute2 (MojoExecutor.java:370)[0m
2023.04.20 22:21:09 INFO      at org.apache.maven.lifecycle.internal.MojoExecutor.doExecute (MojoExecutor.java:351)[0m
2023.04.20 22:21:09 INFO      at org.apache.maven.lifecycle.internal.MojoExecutor.execute (MojoExecutor.java:215)[0m
2023.04.20 22:21:09 INFO      at org.apache.maven.lifecycle.internal.MojoExecutor.execute (MojoExecutor.java:171)[0m
2023.04.20 22:21:09 INFO      at org.apache.maven.lifecycle.internal.MojoExecutor.execute (MojoExecutor.java:163)[0m
2023.04.20 22:21:09 INFO      at org.apache.maven.lifecycle.internal.LifecycleModuleBuilder.buildProject (LifecycleModuleBuilder.java:117)[0m
2023.04.20 22:21:09 INFO      at org.apache.maven.lifecycle.internal.LifecycleModuleBuilder.buildProject (LifecycleModuleBuilder.java:81)[0m
2023.04.20 22:21:09 INFO      at org.apache.maven.lifecycle.internal.builder.singlethreaded.SingleThreadedBuilder.build (SingleThreadedBuilder.java:56)[0m
2023.04.20 22:21:09 INFO      at org.apache.maven.lifecycle.internal.LifecycleStarter.execute (LifecycleStarter.java:128)[0m
2023.04.20 22:21:09 INFO      at org.apache.maven.DefaultMaven.doExecute (DefaultMaven.java:294)[0m
2023.04.20 22:21:09 INFO      at org.apache.maven.DefaultMaven.doExecute (DefaultMaven.java:192)[0m
2023.04.20 22:21:09 INFO      at org.apache.maven.DefaultMaven.execute (DefaultMaven.java:105)[0m
2023.04.20 22:21:09 INFO      at org.apache.maven.cli.MavenCli.execute (MavenCli.java:960)[0m
2023.04.20 22:21:09 INFO      at org.apache.maven.cli.MavenCli.doMain (MavenCli.java:293)[0m
2023.04.20 22:21:09 INFO      at org.apache.maven.cli.MavenCli.main (MavenCli.java:196)[0m
2023.04.20 22:21:09 INFO      at jdk.internal.reflect.NativeMethodAccessorImpl.invoke0 (Native Method)[0m
2023.04.20 22:21:09 INFO      at jdk.internal.reflect.NativeMethodAccessorImpl.invoke (NativeMethodAccessorImpl.java:77)[0m
2023.04.20 22:21:09 INFO      at jdk.internal.reflect.DelegatingMethodAccessorImpl.invoke (DelegatingMethodAccessorImpl.java:43)[0m
2023.04.20 22:21:09 INFO      at java.lang.reflect.Method.invoke (Method.java:568)[0m
2023.04.20 22:21:09 INFO      at org.codehaus.plexus.classworlds.launcher.Launcher.launchEnhanced (Launcher.java:282)[0m
2023.04.20 22:21:09 INFO      at org.codehaus.plexus.classworlds.launcher.Launcher.launch (Launcher.java:225)[0m
2023.04.20 22:21:09 INFO      at org.codehaus.plexus.classworlds.launcher.Launcher.mainWithExitCode (Launcher.java:406)[0m
2023.04.20 22:21:09 INFO      at org.codehaus.plexus.classworlds.launcher.Launcher.main (Launcher.java:347)[0m
2023.04.20 22:21:09 INFO      at jdk.internal.reflect.NativeMethodAccessorImpl.invoke0 (Native Method)[0m
2023.04.20 22:21:09 INFO      at jdk.internal.reflect.NativeMethodAccessorImpl.invoke (NativeMethodAccessorImpl.java:77)[0m
2023.04.20 22:21:09 INFO      at jdk.internal.reflect.DelegatingMethodAccessorImpl.invoke (DelegatingMethodAccessorImpl.java:43)[0m
2023.04.20 22:21:09 INFO      at java.lang.reflect.Method.invoke (Method.java:568)[0m
2023.04.20 22:21:09 INFO      at org.apache.maven.wrapper.BootstrapMainStarter.start (BootstrapMainStarter.java:53)[0m
2023.04.20 22:21:09 INFO      at org.apache.maven.wrapper.WrapperExecutor.execute (WrapperExecutor.java:152)[0m
2023.04.20 22:21:09 INFO      at org.apache.maven.wrapper.MavenWrapperMain.main (MavenWrapperMain.java:76)[0m
2023.04.20 22:21:09 INFO  [INFO] Resolving artifact: commons-logging:commons-logging:jar:1.1.3:runtime (sources = false)[0m
2023.04.20 22:21:09 INFO  [INFO] SUCCESS: commons-logging:commons-logging:jar:1.1.3:runtime (sources = false)[0m
2023.04.20 22:21:09 INFO  [INFO] Resolving artifact: commons-logging:commons-logging:jar:1.1.3:runtime (sources = true)[0m
2023.04.20 22:21:09 INFO  [INFO] SUCCESS: commons-logging:commons-logging:jar:1.1.3:runtime (sources = true)[0m
2023.04.20 22:21:09 INFO  [INFO] Resolving artifact: org.apache.spark:spark-launcher_2.12:jar:3.4.0:compile (sources = false)[0m
2023.04.20 22:21:09 INFO  [INFO] SUCCESS: org.apache.spark:spark-launcher_2.12:jar:3.4.0:compile (sources = false)[0m
2023.04.20 22:21:09 INFO  [INFO] Resolving artifact: org.apache.spark:spark-launcher_2.12:jar:3.4.0:compile (sources = true)[0m
2023.04.20 22:21:09 INFO  [INFO] SUCCESS: org.apache.spark:spark-launcher_2.12:jar:3.4.0:compile (sources = true)[0m
2023.04.20 22:21:09 INFO  [INFO] Resolving artifact: org.apache.spark:spark-kvstore_2.12:jar:3.4.0:compile (sources = false)[0m
2023.04.20 22:21:09 INFO  [INFO] SUCCESS: org.apache.spark:spark-kvstore_2.12:jar:3.4.0:compile (sources = false)[0m
2023.04.20 22:21:09 INFO  [INFO] Resolving artifact: org.apache.spark:spark-kvstore_2.12:jar:3.4.0:compile (sources = true)[0m
2023.04.20 22:21:09 INFO  [INFO] SUCCESS: org.apache.spark:spark-kvstore_2.12:jar:3.4.0:compile (sources = true)[0m
2023.04.20 22:21:09 INFO  [INFO] Resolving artifact: org.fusesource.leveldbjni:leveldbjni-all:jar:1.8:compile (sources = false)[0m
2023.04.20 22:21:09 INFO  [INFO] SUCCESS: org.fusesource.leveldbjni:leveldbjni-all:jar:1.8:compile (sources = false)[0m
2023.04.20 22:21:09 INFO  [INFO] Resolving artifact: org.fusesource.leveldbjni:leveldbjni-all:jar:1.8:compile (sources = true)[0m
2023.04.20 22:21:09 INFO  [INFO] SUCCESS: org.fusesource.leveldbjni:leveldbjni-all:jar:1.8:compile (sources = true)[0m
2023.04.20 22:21:09 INFO  [INFO] Resolving artifact: com.fasterxml.jackson.core:jackson-annotations:jar:2.14.2:compile (sources = false)[0m
2023.04.20 22:21:09 INFO  [INFO] SUCCESS: com.fasterxml.jackson.core:jackson-annotations:jar:2.14.2:compile (sources = false)[0m
2023.04.20 22:21:09 INFO  [INFO] Resolving artifact: com.fasterxml.jackson.core:jackson-annotations:jar:2.14.2:compile (sources = true)[0m
2023.04.20 22:21:09 INFO  [INFO] SUCCESS: com.fasterxml.jackson.core:jackson-annotations:jar:2.14.2:compile (sources = true)[0m
2023.04.20 22:21:09 INFO  [INFO] Resolving artifact: org.apache.spark:spark-network-common_2.12:jar:3.4.0:compile (sources = false)[0m
2023.04.20 22:21:09 INFO  [INFO] SUCCESS: org.apache.spark:spark-network-common_2.12:jar:3.4.0:compile (sources = false)[0m
2023.04.20 22:21:09 INFO  [INFO] Resolving artifact: org.apache.spark:spark-network-common_2.12:jar:3.4.0:compile (sources = true)[0m
2023.04.20 22:21:09 INFO  [INFO] SUCCESS: org.apache.spark:spark-network-common_2.12:jar:3.4.0:compile (sources = true)[0m
2023.04.20 22:21:09 INFO  [INFO] Resolving artifact: com.google.crypto.tink:tink:jar:1.7.0:compile (sources = false)[0m
2023.04.20 22:21:09 INFO  [INFO] SUCCESS: com.google.crypto.tink:tink:jar:1.7.0:compile (sources = false)[0m
2023.04.20 22:21:09 INFO  [INFO] Resolving artifact: com.google.crypto.tink:tink:jar:1.7.0:compile (sources = true)[0m
2023.04.20 22:21:09 INFO  [INFO] SUCCESS: com.google.crypto.tink:tink:jar:1.7.0:compile (sources = true)[0m
2023.04.20 22:21:09 INFO  [INFO] Resolving artifact: com.google.code.gson:gson:jar:2.8.9:compile (sources = false)[0m
2023.04.20 22:21:09 INFO  [INFO] SUCCESS: com.google.code.gson:gson:jar:2.8.9:compile (sources = false)[0m
2023.04.20 22:21:09 INFO  [INFO] Resolving artifact: com.google.code.gson:gson:jar:2.8.9:compile (sources = true)[0m
2023.04.20 22:21:09 INFO  [INFO] SUCCESS: com.google.code.gson:gson:jar:2.8.9:compile (sources = true)[0m
2023.04.20 22:21:09 INFO  [INFO] Resolving artifact: org.apache.spark:spark-network-shuffle_2.12:jar:3.4.0:compile (sources = false)[0m
2023.04.20 22:21:09 INFO  [INFO] SUCCESS: org.apache.spark:spark-network-shuffle_2.12:jar:3.4.0:compile (sources = false)[0m
2023.04.20 22:21:09 INFO  [INFO] Resolving artifact: org.apache.spark:spark-network-shuffle_2.12:jar:3.4.0:compile (sources = true)[0m
2023.04.20 22:21:09 INFO  [INFO] SUCCESS: org.apache.spark:spark-network-shuffle_2.12:jar:3.4.0:compile (sources = true)[0m
2023.04.20 22:21:09 INFO  [INFO] Resolving artifact: org.apache.spark:spark-unsafe_2.12:jar:3.4.0:compile (sources = false)[0m
2023.04.20 22:21:09 INFO  [INFO] SUCCESS: org.apache.spark:spark-unsafe_2.12:jar:3.4.0:compile (sources = false)[0m
2023.04.20 22:21:09 INFO  [INFO] Resolving artifact: org.apache.spark:spark-unsafe_2.12:jar:3.4.0:compile (sources = true)[0m
2023.04.20 22:21:09 INFO  [INFO] SUCCESS: org.apache.spark:spark-unsafe_2.12:jar:3.4.0:compile (sources = true)[0m
2023.04.20 22:21:09 INFO  [INFO] Resolving artifact: javax.activation:activation:jar:1.1.1:compile (sources = false)[0m
2023.04.20 22:21:09 INFO  [INFO] SUCCESS: javax.activation:activation:jar:1.1.1:compile (sources = false)[0m
2023.04.20 22:21:09 INFO  [INFO] Resolving artifact: javax.activation:activation:jar:1.1.1:compile (sources = true)[0m
2023.04.20 22:21:09 INFO  [INFO] SUCCESS: javax.activation:activation:jar:1.1.1:compile (sources = true)[0m
2023.04.20 22:21:09 INFO  [INFO] Resolving artifact: org.apache.curator:curator-recipes:jar:2.13.0:compile (sources = false)[0m
2023.04.20 22:21:09 INFO  [INFO] SUCCESS: org.apache.curator:curator-recipes:jar:2.13.0:compile (sources = false)[0m
2023.04.20 22:21:09 INFO  [INFO] Resolving artifact: org.apache.curator:curator-recipes:jar:2.13.0:compile (sources = true)[0m
2023.04.20 22:21:09 INFO  [INFO] SUCCESS: org.apache.curator:curator-recipes:jar:2.13.0:compile (sources = true)[0m
2023.04.20 22:21:09 INFO  [INFO] Resolving artifact: org.apache.curator:curator-framework:jar:2.13.0:compile (sources = false)[0m
2023.04.20 22:21:09 INFO  [INFO] SUCCESS: org.apache.curator:curator-framework:jar:2.13.0:compile (sources = false)[0m
2023.04.20 22:21:09 INFO  [INFO] Resolving artifact: org.apache.curator:curator-framework:jar:2.13.0:compile (sources = true)[0m
2023.04.20 22:21:09 INFO  [INFO] SUCCESS: org.apache.curator:curator-framework:jar:2.13.0:compile (sources = true)[0m
2023.04.20 22:21:09 INFO  [INFO] Resolving artifact: org.apache.curator:curator-client:jar:2.13.0:compile (sources = false)[0m
2023.04.20 22:21:09 INFO  [INFO] SUCCESS: org.apache.curator:curator-client:jar:2.13.0:compile (sources = false)[0m
2023.04.20 22:21:09 INFO  [INFO] Resolving artifact: org.apache.curator:curator-client:jar:2.13.0:compile (sources = true)[0m
2023.04.20 22:21:09 INFO  [INFO] SUCCESS: org.apache.curator:curator-client:jar:2.13.0:compile (sources = true)[0m
2023.04.20 22:21:09 INFO  [INFO] Resolving artifact: com.google.guava:guava:jar:16.0.1:compile (sources = false)[0m
2023.04.20 22:21:09 INFO  [INFO] SUCCESS: com.google.guava:guava:jar:16.0.1:compile (sources = false)[0m
2023.04.20 22:21:09 INFO  [INFO] Resolving artifact: com.google.guava:guava:jar:16.0.1:compile (sources = true)[0m
2023.04.20 22:21:09 INFO  [INFO] SUCCESS: com.google.guava:guava:jar:16.0.1:compile (sources = true)[0m
2023.04.20 22:21:09 INFO  [INFO] Resolving artifact: org.apache.zookeeper:zookeeper:jar:3.6.3:compile (sources = false)[0m
2023.04.20 22:21:09 INFO  [INFO] SUCCESS: org.apache.zookeeper:zookeeper:jar:3.6.3:compile (sources = false)[0m
2023.04.20 22:21:09 INFO  [INFO] Resolving artifact: org.apache.zookeeper:zookeeper:jar:3.6.3:compile (sources = true)[0m
2023.04.20 22:21:09 INFO  [INFO] SUCCESS: org.apache.zookeeper:zookeeper:jar:3.6.3:compile (sources = true)[0m
2023.04.20 22:21:09 INFO  [INFO] Resolving artifact: org.apache.zookeeper:zookeeper-jute:jar:3.6.3:compile (sources = false)[0m
2023.04.20 22:21:09 INFO  [INFO] SUCCESS: org.apache.zookeeper:zookeeper-jute:jar:3.6.3:compile (sources = false)[0m
2023.04.20 22:21:09 INFO  [INFO] Resolving artifact: org.apache.zookeeper:zookeeper-jute:jar:3.6.3:compile (sources = true)[0m
2023.04.20 22:21:09 INFO  [INFO] SUCCESS: org.apache.zookeeper:zookeeper-jute:jar:3.6.3:compile (sources = true)[0m
2023.04.20 22:21:09 INFO  [INFO] Resolving artifact: org.apache.yetus:audience-annotations:jar:0.5.0:compile (sources = false)[0m
2023.04.20 22:21:09 INFO  [INFO] SUCCESS: org.apache.yetus:audience-annotations:jar:0.5.0:compile (sources = false)[0m
2023.04.20 22:21:09 INFO  [INFO] Resolving artifact: org.apache.yetus:audience-annotations:jar:0.5.0:compile (sources = true)[0m
2023.04.20 22:21:09 INFO  [INFO] SUCCESS: org.apache.yetus:audience-annotations:jar:0.5.0:compile (sources = true)[0m
2023.04.20 22:21:09 INFO  [INFO] Resolving artifact: jakarta.servlet:jakarta.servlet-api:jar:4.0.3:compile (sources = false)[0m
2023.04.20 22:21:09 INFO  [INFO] SUCCESS: jakarta.servlet:jakarta.servlet-api:jar:4.0.3:compile (sources = false)[0m
2023.04.20 22:21:09 INFO  [INFO] Resolving artifact: jakarta.servlet:jakarta.servlet-api:jar:4.0.3:compile (sources = true)[0m
2023.04.20 22:21:09 INFO  [INFO] SUCCESS: jakarta.servlet:jakarta.servlet-api:jar:4.0.3:compile (sources = true)[0m
2023.04.20 22:21:09 INFO  [INFO] Resolving artifact: commons-codec:commons-codec:jar:1.15:compile (sources = false)[0m
2023.04.20 22:21:09 INFO  [INFO] SUCCESS: commons-codec:commons-codec:jar:1.15:compile (sources = false)[0m
2023.04.20 22:21:09 INFO  [INFO] Resolving artifact: commons-codec:commons-codec:jar:1.15:compile (sources = true)[0m
2023.04.20 22:21:09 INFO  [INFO] SUCCESS: commons-codec:commons-codec:jar:1.15:compile (sources = true)[0m
2023.04.20 22:21:09 INFO  [INFO] Resolving artifact: org.apache.commons:commons-compress:jar:1.22:compile (sources = false)[0m
2023.04.20 22:21:09 INFO  [INFO] SUCCESS: org.apache.commons:commons-compress:jar:1.22:compile (sources = false)[0m
2023.04.20 22:21:09 INFO  [INFO] Resolving artifact: org.apache.commons:commons-compress:jar:1.22:compile (sources = true)[0m
2023.04.20 22:21:09 INFO  [INFO] SUCCESS: org.apache.commons:commons-compress:jar:1.22:compile (sources = true)[0m
2023.04.20 22:21:09 INFO  [INFO] Resolving artifact: org.apache.commons:commons-lang3:jar:3.12.0:compile (sources = false)[0m
2023.04.20 22:21:09 INFO  [INFO] SUCCESS: org.apache.commons:commons-lang3:jar:3.12.0:compile (sources = false)[0m
2023.04.20 22:21:09 INFO  [INFO] Resolving artifact: org.apache.commons:commons-lang3:jar:3.12.0:compile (sources = true)[0m
2023.04.20 22:21:09 INFO  [INFO] SUCCESS: org.apache.commons:commons-lang3:jar:3.12.0:compile (sources = true)[0m
2023.04.20 22:21:09 INFO  [INFO] Resolving artifact: org.apache.commons:commons-math3:jar:3.6.1:compile (sources = false)[0m
2023.04.20 22:21:09 INFO  [INFO] SUCCESS: org.apache.commons:commons-math3:jar:3.6.1:compile (sources = false)[0m
2023.04.20 22:21:09 INFO  [INFO] Resolving artifact: org.apache.commons:commons-math3:jar:3.6.1:compile (sources = true)[0m
2023.04.20 22:21:09 INFO  [INFO] SUCCESS: org.apache.commons:commons-math3:jar:3.6.1:compile (sources = true)[0m
2023.04.20 22:21:09 INFO  [INFO] Resolving artifact: org.apache.commons:commons-text:jar:1.10.0:compile (sources = false)[0m
2023.04.20 22:21:09 INFO  [INFO] SUCCESS: org.apache.commons:commons-text:jar:1.10.0:compile (sources = false)[0m
2023.04.20 22:21:09 INFO  [INFO] Resolving artifact: org.apache.commons:commons-text:jar:1.10.0:compile (sources = true)[0m
2023.04.20 22:21:09 INFO  [INFO] SUCCESS: org.apache.commons:commons-text:jar:1.10.0:compile (sources = true)[0m
2023.04.20 22:21:09 INFO  [INFO] Resolving artifact: commons-io:commons-io:jar:2.11.0:compile (sources = false)[0m
2023.04.20 22:21:09 INFO  [INFO] SUCCESS: commons-io:commons-io:jar:2.11.0:compile (sources = false)[0m
2023.04.20 22:21:09 INFO  [INFO] Resolving artifact: commons-io:commons-io:jar:2.11.0:compile (sources = true)[0m
2023.04.20 22:21:09 INFO  [INFO] SUCCESS: commons-io:commons-io:jar:2.11.0:compile (sources = true)[0m
2023.04.20 22:21:09 INFO  [INFO] Resolving artifact: commons-collections:commons-collections:jar:3.2.2:compile (sources = false)[0m
2023.04.20 22:21:09 INFO  [INFO] SUCCESS: commons-collections:commons-collections:jar:3.2.2:compile (sources = false)[0m
2023.04.20 22:21:09 INFO  [INFO] Resolving artifact: commons-collections:commons-collections:jar:3.2.2:compile (sources = true)[0m
2023.04.20 22:21:09 INFO  [INFO] SUCCESS: commons-collections:commons-collections:jar:3.2.2:compile (sources = true)[0m
2023.04.20 22:21:09 INFO  [INFO] Resolving artifact: org.apache.commons:commons-collections4:jar:4.4:compile (sources = false)[0m
2023.04.20 22:21:09 INFO  [INFO] SUCCESS: org.apache.commons:commons-collections4:jar:4.4:compile (sources = false)[0m
2023.04.20 22:21:09 INFO  [INFO] Resolving artifact: org.apache.commons:commons-collections4:jar:4.4:compile (sources = true)[0m
2023.04.20 22:21:09 INFO  [INFO] SUCCESS: org.apache.commons:commons-collections4:jar:4.4:compile (sources = true)[0m
2023.04.20 22:21:09 INFO  [INFO] Resolving artifact: com.google.code.findbugs:jsr305:jar:3.0.0:compile (sources = false)[0m
2023.04.20 22:21:09 INFO  [INFO] SUCCESS: com.google.code.findbugs:jsr305:jar:3.0.0:compile (sources = false)[0m
2023.04.20 22:21:09 INFO  [INFO] Resolving artifact: com.google.code.findbugs:jsr305:jar:3.0.0:compile (sources = true)[0m
2023.04.20 22:21:09 INFO  [INFO] SUCCESS: com.google.code.findbugs:jsr305:jar:3.0.0:compile (sources = true)[0m
2023.04.20 22:21:09 INFO  [INFO] Resolving artifact: org.slf4j:slf4j-api:jar:2.0.6:compile (sources = false)[0m
2023.04.20 22:21:09 INFO  [INFO] SUCCESS: org.slf4j:slf4j-api:jar:2.0.6:compile (sources = false)[0m
2023.04.20 22:21:09 INFO  [INFO] Resolving artifact: org.slf4j:slf4j-api:jar:2.0.6:compile (sources = true)[0m
2023.04.20 22:21:09 INFO  [INFO] SUCCESS: org.slf4j:slf4j-api:jar:2.0.6:compile (sources = true)[0m
2023.04.20 22:21:09 INFO  [INFO] Resolving artifact: org.slf4j:jul-to-slf4j:jar:2.0.6:compile (sources = false)[0m
2023.04.20 22:21:09 INFO  [INFO] SUCCESS: org.slf4j:jul-to-slf4j:jar:2.0.6:compile (sources = false)[0m
2023.04.20 22:21:09 INFO  [INFO] Resolving artifact: org.slf4j:jul-to-slf4j:jar:2.0.6:compile (sources = true)[0m
2023.04.20 22:21:09 INFO  [INFO] SUCCESS: org.slf4j:jul-to-slf4j:jar:2.0.6:compile (sources = true)[0m
2023.04.20 22:21:09 INFO  [INFO] Resolving artifact: org.slf4j:jcl-over-slf4j:jar:2.0.6:compile (sources = false)[0m
2023.04.20 22:21:09 INFO  [INFO] SUCCESS: org.slf4j:jcl-over-slf4j:jar:2.0.6:compile (sources = false)[0m
2023.04.20 22:21:09 INFO  [INFO] Resolving artifact: org.slf4j:jcl-over-slf4j:jar:2.0.6:compile (sources = true)[0m
2023.04.20 22:21:09 INFO  [INFO] SUCCESS: org.slf4j:jcl-over-slf4j:jar:2.0.6:compile (sources = true)[0m
2023.04.20 22:21:09 INFO  [INFO] Resolving artifact: org.apache.logging.log4j:log4j-slf4j2-impl:jar:2.19.0:compile (sources = false)[0m
2023.04.20 22:21:09 INFO  [INFO] SUCCESS: org.apache.logging.log4j:log4j-slf4j2-impl:jar:2.19.0:compile (sources = false)[0m
2023.04.20 22:21:09 INFO  [INFO] Resolving artifact: org.apache.logging.log4j:log4j-slf4j2-impl:jar:2.19.0:compile (sources = true)[0m
2023.04.20 22:21:09 INFO  [INFO] SUCCESS: org.apache.logging.log4j:log4j-slf4j2-impl:jar:2.19.0:compile (sources = true)[0m
2023.04.20 22:21:09 INFO  [INFO] Resolving artifact: org.apache.logging.log4j:log4j-api:jar:2.19.0:compile (sources = false)[0m
2023.04.20 22:21:09 INFO  [INFO] SUCCESS: org.apache.logging.log4j:log4j-api:jar:2.19.0:compile (sources = false)[0m
2023.04.20 22:21:09 INFO  [INFO] Resolving artifact: org.apache.logging.log4j:log4j-api:jar:2.19.0:compile (sources = true)[0m
2023.04.20 22:21:09 INFO  [INFO] SUCCESS: org.apache.logging.log4j:log4j-api:jar:2.19.0:compile (sources = true)[0m
2023.04.20 22:21:09 INFO  [INFO] Resolving artifact: org.apache.logging.log4j:log4j-core:jar:2.19.0:compile (sources = false)[0m
2023.04.20 22:21:09 INFO  [INFO] SUCCESS: org.apache.logging.log4j:log4j-core:jar:2.19.0:compile (sources = false)[0m
2023.04.20 22:21:09 INFO  [INFO] Resolving artifact: org.apache.logging.log4j:log4j-core:jar:2.19.0:compile (sources = true)[0m
2023.04.20 22:21:09 INFO  [INFO] SUCCESS: org.apache.logging.log4j:log4j-core:jar:2.19.0:compile (sources = true)[0m
2023.04.20 22:21:09 INFO  [INFO] Resolving artifact: org.apache.logging.log4j:log4j-1.2-api:jar:2.19.0:compile (sources = false)[0m
2023.04.20 22:21:09 INFO  [INFO] SUCCESS: org.apache.logging.log4j:log4j-1.2-api:jar:2.19.0:compile (sources = false)[0m
2023.04.20 22:21:09 INFO  [INFO] Resolving artifact: org.apache.logging.log4j:log4j-1.2-api:jar:2.19.0:compile (sources = true)[0m
2023.04.20 22:21:09 INFO  [INFO] SUCCESS: org.apache.logging.log4j:log4j-1.2-api:jar:2.19.0:compile (sources = true)[0m
2023.04.20 22:21:09 INFO  [INFO] Resolving artifact: com.ning:compress-lzf:jar:1.1.2:compile (sources = false)[0m
2023.04.20 22:21:09 INFO  [INFO] SUCCESS: com.ning:compress-lzf:jar:1.1.2:compile (sources = false)[0m
2023.04.20 22:21:09 INFO  [INFO] Resolving artifact: com.ning:compress-lzf:jar:1.1.2:compile (sources = true)[0m
2023.04.20 22:21:09 INFO  [INFO] SUCCESS: com.ning:compress-lzf:jar:1.1.2:compile (sources = true)[0m
2023.04.20 22:21:09 INFO  [INFO] Resolving artifact: org.xerial.snappy:snappy-java:jar:1.1.9.1:compile (sources = false)[0m
2023.04.20 22:21:09 INFO  [INFO] SUCCESS: org.xerial.snappy:snappy-java:jar:1.1.9.1:compile (sources = false)[0m
2023.04.20 22:21:09 INFO  [INFO] Resolving artifact: org.xerial.snappy:snappy-java:jar:1.1.9.1:compile (sources = true)[0m
2023.04.20 22:21:09 INFO  [INFO] SUCCESS: org.xerial.snappy:snappy-java:jar:1.1.9.1:compile (sources = true)[0m
2023.04.20 22:21:09 INFO  [INFO] Resolving artifact: org.lz4:lz4-java:jar:1.8.0:compile (sources = false)[0m
2023.04.20 22:21:09 INFO  [INFO] SUCCESS: org.lz4:lz4-java:jar:1.8.0:compile (sources = false)[0m
2023.04.20 22:21:09 INFO  [INFO] Resolving artifact: org.lz4:lz4-java:jar:1.8.0:compile (sources = true)[0m
2023.04.20 22:21:09 INFO  [INFO] SUCCESS: org.lz4:lz4-java:jar:1.8.0:compile (sources = true)[0m
2023.04.20 22:21:09 INFO  [INFO] Resolving artifact: com.github.luben:zstd-jni:jar:1.5.2-5:compile (sources = false)[0m
2023.04.20 22:21:09 INFO  [INFO] SUCCESS: com.github.luben:zstd-jni:jar:1.5.2-5:compile (sources = false)[0m
2023.04.20 22:21:09 INFO  [INFO] Resolving artifact: com.github.luben:zstd-jni:jar:1.5.2-5:compile (sources = true)[0m
2023.04.20 22:21:09 INFO  [INFO] SUCCESS: com.github.luben:zstd-jni:jar:1.5.2-5:compile (sources = true)[0m
2023.04.20 22:21:09 INFO  [INFO] Resolving artifact: org.roaringbitmap:RoaringBitmap:jar:0.9.38:compile (sources = false)[0m
2023.04.20 22:21:09 INFO  [INFO] SUCCESS: org.roaringbitmap:RoaringBitmap:jar:0.9.38:compile (sources = false)[0m
2023.04.20 22:21:09 INFO  [INFO] Resolving artifact: org.roaringbitmap:RoaringBitmap:jar:0.9.38:compile (sources = true)[0m
2023.04.20 22:21:09 INFO  [INFO] SUCCESS: org.roaringbitmap:RoaringBitmap:jar:0.9.38:compile (sources = true)[0m
2023.04.20 22:21:09 INFO  [INFO] Resolving artifact: org.roaringbitmap:shims:jar:0.9.38:runtime (sources = false)[0m
2023.04.20 22:21:09 INFO  [INFO] SUCCESS: org.roaringbitmap:shims:jar:0.9.38:runtime (sources = false)[0m
2023.04.20 22:21:09 INFO  [INFO] Resolving artifact: org.roaringbitmap:shims:jar:0.9.38:runtime (sources = true)[0m
2023.04.20 22:21:09 INFO  [INFO] SUCCESS: org.roaringbitmap:shims:jar:0.9.38:runtime (sources = true)[0m
2023.04.20 22:21:09 INFO  [INFO] Resolving artifact: org.scala-lang.modules:scala-xml_2.12:jar:2.1.0:compile (sources = false)[0m
2023.04.20 22:21:09 INFO  [INFO] SUCCESS: org.scala-lang.modules:scala-xml_2.12:jar:2.1.0:compile (sources = false)[0m
2023.04.20 22:21:09 INFO  [INFO] Resolving artifact: org.scala-lang.modules:scala-xml_2.12:jar:2.1.0:compile (sources = true)[0m
2023.04.20 22:21:09 INFO  [INFO] SUCCESS: org.scala-lang.modules:scala-xml_2.12:jar:2.1.0:compile (sources = true)[0m
2023.04.20 22:21:09 INFO  [INFO] Resolving artifact: org.scala-lang:scala-reflect:jar:2.12.17:compile (sources = false)[0m
2023.04.20 22:21:09 INFO  [INFO] SUCCESS: org.scala-lang:scala-reflect:jar:2.12.17:compile (sources = false)[0m
2023.04.20 22:21:09 INFO  [INFO] Resolving artifact: org.scala-lang:scala-reflect:jar:2.12.17:compile (sources = true)[0m
2023.04.20 22:21:09 INFO  [INFO] SUCCESS: org.scala-lang:scala-reflect:jar:2.12.17:compile (sources = true)[0m
2023.04.20 22:21:09 INFO  [INFO] Resolving artifact: org.json4s:json4s-jackson_2.12:jar:3.7.0-M11:compile (sources = false)[0m
2023.04.20 22:21:09 INFO  [INFO] SUCCESS: org.json4s:json4s-jackson_2.12:jar:3.7.0-M11:compile (sources = false)[0m
2023.04.20 22:21:09 INFO  [INFO] Resolving artifact: org.json4s:json4s-jackson_2.12:jar:3.7.0-M11:compile (sources = true)[0m
2023.04.20 22:21:09 INFO  [INFO] SUCCESS: org.json4s:json4s-jackson_2.12:jar:3.7.0-M11:compile (sources = true)[0m
2023.04.20 22:21:09 INFO  [INFO] Resolving artifact: org.json4s:json4s-core_2.12:jar:3.7.0-M11:compile (sources = false)[0m
2023.04.20 22:21:09 INFO  [INFO] SUCCESS: org.json4s:json4s-core_2.12:jar:3.7.0-M11:compile (sources = false)[0m
2023.04.20 22:21:09 INFO  [INFO] Resolving artifact: org.json4s:json4s-core_2.12:jar:3.7.0-M11:compile (sources = true)[0m
2023.04.20 22:21:09 INFO  [INFO] SUCCESS: org.json4s:json4s-core_2.12:jar:3.7.0-M11:compile (sources = true)[0m
2023.04.20 22:21:09 INFO  [INFO] Resolving artifact: org.json4s:json4s-ast_2.12:jar:3.7.0-M11:compile (sources = false)[0m
2023.04.20 22:21:09 INFO  [INFO] SUCCESS: org.json4s:json4s-ast_2.12:jar:3.7.0-M11:compile (sources = false)[0m
2023.04.20 22:21:09 INFO  [INFO] Resolving artifact: org.json4s:json4s-ast_2.12:jar:3.7.0-M11:compile (sources = true)[0m
2023.04.20 22:21:09 INFO  [INFO] SUCCESS: org.json4s:json4s-ast_2.12:jar:3.7.0-M11:compile (sources = true)[0m
2023.04.20 22:21:09 INFO  [INFO] Resolving artifact: org.json4s:json4s-scalap_2.12:jar:3.7.0-M11:compile (sources = false)[0m
2023.04.20 22:21:09 INFO  [INFO] SUCCESS: org.json4s:json4s-scalap_2.12:jar:3.7.0-M11:compile (sources = false)[0m
2023.04.20 22:21:09 INFO  [INFO] Resolving artifact: org.json4s:json4s-scalap_2.12:jar:3.7.0-M11:compile (sources = true)[0m
2023.04.20 22:21:09 INFO  [INFO] SUCCESS: org.json4s:json4s-scalap_2.12:jar:3.7.0-M11:compile (sources = true)[0m
2023.04.20 22:21:09 INFO  [INFO] Resolving artifact: org.glassfish.jersey.core:jersey-client:jar:2.36:compile (sources = false)[0m
2023.04.20 22:21:09 INFO  [INFO] SUCCESS: org.glassfish.jersey.core:jersey-client:jar:2.36:compile (sources = false)[0m
2023.04.20 22:21:09 INFO  [INFO] Resolving artifact: org.glassfish.jersey.core:jersey-client:jar:2.36:compile (sources = true)[0m
2023.04.20 22:21:09 INFO  [INFO] SUCCESS: org.glassfish.jersey.core:jersey-client:jar:2.36:compile (sources = true)[0m
2023.04.20 22:21:09 INFO  [INFO] Resolving artifact: jakarta.ws.rs:jakarta.ws.rs-api:jar:2.1.6:compile (sources = false)[0m
2023.04.20 22:21:09 INFO  [INFO] SUCCESS: jakarta.ws.rs:jakarta.ws.rs-api:jar:2.1.6:compile (sources = false)[0m
2023.04.20 22:21:09 INFO  [INFO] Resolving artifact: jakarta.ws.rs:jakarta.ws.rs-api:jar:2.1.6:compile (sources = true)[0m
2023.04.20 22:21:09 INFO  [INFO] SUCCESS: jakarta.ws.rs:jakarta.ws.rs-api:jar:2.1.6:compile (sources = true)[0m
2023.04.20 22:21:09 INFO  [INFO] Resolving artifact: org.glassfish.hk2.external:jakarta.inject:jar:2.6.1:compile (sources = false)[0m
2023.04.20 22:21:09 INFO  [INFO] SUCCESS: org.glassfish.hk2.external:jakarta.inject:jar:2.6.1:compile (sources = false)[0m
2023.04.20 22:21:09 INFO  [INFO] Resolving artifact: org.glassfish.hk2.external:jakarta.inject:jar:2.6.1:compile (sources = true)[0m
2023.04.20 22:21:09 INFO  [INFO] SUCCESS: org.glassfish.hk2.external:jakarta.inject:jar:2.6.1:compile (sources = true)[0m
2023.04.20 22:21:09 INFO  [INFO] Resolving artifact: org.glassfish.jersey.core:jersey-common:jar:2.36:compile (sources = false)[0m
2023.04.20 22:21:09 INFO  [INFO] SUCCESS: org.glassfish.jersey.core:jersey-common:jar:2.36:compile (sources = false)[0m
2023.04.20 22:21:09 INFO  [INFO] Resolving artifact: org.glassfish.jersey.core:jersey-common:jar:2.36:compile (sources = true)[0m
2023.04.20 22:21:09 INFO  [INFO] SUCCESS: org.glassfish.jersey.core:jersey-common:jar:2.36:compile (sources = true)[0m
2023.04.20 22:21:09 INFO  [INFO] Resolving artifact: jakarta.annotation:jakarta.annotation-api:jar:1.3.5:compile (sources = false)[0m
2023.04.20 22:21:09 INFO  [INFO] SUCCESS: jakarta.annotation:jakarta.annotation-api:jar:1.3.5:compile (sources = false)[0m
2023.04.20 22:21:09 INFO  [INFO] Resolving artifact: jakarta.annotation:jakarta.annotation-api:jar:1.3.5:compile (sources = true)[0m
2023.04.20 22:21:09 INFO  [INFO] SUCCESS: jakarta.annotation:jakarta.annotation-api:jar:1.3.5:compile (sources = true)[0m
2023.04.20 22:21:09 INFO  [INFO] Resolving artifact: org.glassfish.hk2:osgi-resource-locator:jar:1.0.3:compile (sources = false)[0m
2023.04.20 22:21:09 INFO  [INFO] SUCCESS: org.glassfish.hk2:osgi-resource-locator:jar:1.0.3:compile (sources = false)[0m
2023.04.20 22:21:09 INFO  [INFO] Resolving artifact: org.glassfish.hk2:osgi-resource-locator:jar:1.0.3:compile (sources = true)[0m
2023.04.20 22:21:09 INFO  [INFO] SUCCESS: org.glassfish.hk2:osgi-resource-locator:jar:1.0.3:compile (sources = true)[0m
2023.04.20 22:21:09 INFO  [INFO] Resolving artifact: org.glassfish.jersey.core:jersey-server:jar:2.36:compile (sources = false)[0m
2023.04.20 22:21:09 INFO  [INFO] SUCCESS: org.glassfish.jersey.core:jersey-server:jar:2.36:compile (sources = false)[0m
2023.04.20 22:21:09 INFO  [INFO] Resolving artifact: org.glassfish.jersey.core:jersey-server:jar:2.36:compile (sources = true)[0m
2023.04.20 22:21:09 INFO  [INFO] SUCCESS: org.glassfish.jersey.core:jersey-server:jar:2.36:compile (sources = true)[0m
2023.04.20 22:21:09 INFO  [INFO] Resolving artifact: jakarta.validation:jakarta.validation-api:jar:2.0.2:compile (sources = false)[0m
2023.04.20 22:21:09 INFO  [INFO] SUCCESS: jakarta.validation:jakarta.validation-api:jar:2.0.2:compile (sources = false)[0m
2023.04.20 22:21:09 INFO  [INFO] Resolving artifact: jakarta.validation:jakarta.validation-api:jar:2.0.2:compile (sources = true)[0m
2023.04.20 22:21:09 INFO  [INFO] SUCCESS: jakarta.validation:jakarta.validation-api:jar:2.0.2:compile (sources = true)[0m
2023.04.20 22:21:09 INFO  [INFO] Resolving artifact: org.glassfish.jersey.containers:jersey-container-servlet:jar:2.36:compile (sources = false)[0m
2023.04.20 22:21:09 INFO  [INFO] SUCCESS: org.glassfish.jersey.containers:jersey-container-servlet:jar:2.36:compile (sources = false)[0m
2023.04.20 22:21:09 INFO  [INFO] Resolving artifact: org.glassfish.jersey.containers:jersey-container-servlet:jar:2.36:compile (sources = true)[0m
2023.04.20 22:21:09 INFO  [INFO] SUCCESS: org.glassfish.jersey.containers:jersey-container-servlet:jar:2.36:compile (sources = true)[0m
2023.04.20 22:21:09 INFO  [INFO] Resolving artifact: org.glassfish.jersey.containers:jersey-container-servlet-core:jar:2.36:compile (sources = false)[0m
2023.04.20 22:21:09 INFO  [INFO] SUCCESS: org.glassfish.jersey.containers:jersey-container-servlet-core:jar:2.36:compile (sources = false)[0m
2023.04.20 22:21:09 INFO  [INFO] Resolving artifact: org.glassfish.jersey.containers:jersey-container-servlet-core:jar:2.36:compile (sources = true)[0m
2023.04.20 22:21:09 INFO  [INFO] SUCCESS: org.glassfish.jersey.containers:jersey-container-servlet-core:jar:2.36:compile (sources = true)[0m
2023.04.20 22:21:09 INFO  [INFO] Resolving artifact: org.glassfish.jersey.inject:jersey-hk2:jar:2.36:compile (sources = false)[0m
2023.04.20 22:21:09 INFO  [INFO] SUCCESS: org.glassfish.jersey.inject:jersey-hk2:jar:2.36:compile (sources = false)[0m
2023.04.20 22:21:09 INFO  [INFO] Resolving artifact: org.glassfish.jersey.inject:jersey-hk2:jar:2.36:compile (sources = true)[0m
2023.04.20 22:21:09 INFO  [INFO] SUCCESS: org.glassfish.jersey.inject:jersey-hk2:jar:2.36:compile (sources = true)[0m
2023.04.20 22:21:09 INFO  [INFO] Resolving artifact: org.glassfish.hk2:hk2-locator:jar:2.6.1:compile (sources = false)[0m
2023.04.20 22:21:09 INFO  [INFO] SUCCESS: org.glassfish.hk2:hk2-locator:jar:2.6.1:compile (sources = false)[0m
2023.04.20 22:21:09 INFO  [INFO] Resolving artifact: org.glassfish.hk2:hk2-locator:jar:2.6.1:compile (sources = true)[0m
2023.04.20 22:21:09 INFO  [INFO] SUCCESS: org.glassfish.hk2:hk2-locator:jar:2.6.1:compile (sources = true)[0m
2023.04.20 22:21:09 INFO  [INFO] Resolving artifact: org.glassfish.hk2.external:aopalliance-repackaged:jar:2.6.1:compile (sources = false)[0m
2023.04.20 22:21:09 INFO  [INFO] SUCCESS: org.glassfish.hk2.external:aopalliance-repackaged:jar:2.6.1:compile (sources = false)[0m
2023.04.20 22:21:09 INFO  [INFO] Resolving artifact: org.glassfish.hk2.external:aopalliance-repackaged:jar:2.6.1:compile (sources = true)[0m
2023.04.20 22:21:09 INFO  [INFO] SUCCESS: org.glassfish.hk2.external:aopalliance-repackaged:jar:2.6.1:compile (sources = true)[0m
2023.04.20 22:21:09 INFO  [INFO] Resolving artifact: org.glassfish.hk2:hk2-api:jar:2.6.1:compile (sources = false)[0m
2023.04.20 22:21:09 INFO  [INFO] SUCCESS: org.glassfish.hk2:hk2-api:jar:2.6.1:compile (sources = false)[0m
2023.04.20 22:21:09 INFO  [INFO] Resolving artifact: org.glassfish.hk2:hk2-api:jar:2.6.1:compile (sources = true)[0m
2023.04.20 22:21:09 INFO  [INFO] SUCCESS: org.glassfish.hk2:hk2-api:jar:2.6.1:compile (sources = true)[0m
2023.04.20 22:21:09 INFO  [INFO] Resolving artifact: org.glassfish.hk2:hk2-utils:jar:2.6.1:compile (sources = false)[0m
2023.04.20 22:21:09 INFO  [INFO] SUCCESS: org.glassfish.hk2:hk2-utils:jar:2.6.1:compile (sources = false)[0m
2023.04.20 22:21:09 INFO  [INFO] Resolving artifact: org.glassfish.hk2:hk2-utils:jar:2.6.1:compile (sources = true)[0m
2023.04.20 22:21:09 INFO  [INFO] SUCCESS: org.glassfish.hk2:hk2-utils:jar:2.6.1:compile (sources = true)[0m
2023.04.20 22:21:09 INFO  [INFO] Resolving artifact: org.javassist:javassist:jar:3.25.0-GA:compile (sources = false)[0m
2023.04.20 22:21:09 INFO  [INFO] SUCCESS: org.javassist:javassist:jar:3.25.0-GA:compile (sources = false)[0m
2023.04.20 22:21:09 INFO  [INFO] Resolving artifact: org.javassist:javassist:jar:3.25.0-GA:compile (sources = true)[0m
2023.04.20 22:21:09 INFO  [INFO] SUCCESS: org.javassist:javassist:jar:3.25.0-GA:compile (sources = true)[0m
2023.04.20 22:21:09 INFO  [INFO] Resolving artifact: io.netty:netty-all:jar:4.1.87.Final:compile (sources = false)[0m
2023.04.20 22:21:09 INFO  [INFO] SUCCESS: io.netty:netty-all:jar:4.1.87.Final:compile (sources = false)[0m
2023.04.20 22:21:09 INFO  [INFO] Resolving artifact: io.netty:netty-all:jar:4.1.87.Final:compile (sources = true)[0m
2023.04.20 22:21:09 INFO  [ERROR] FAILURE io.netty:netty-all:jar:4.1.87.Final:compile (sources = true)[0m
2023.04.20 22:21:09 INFO  org.eclipse.aether.resolution.ArtifactResolutionException: io.netty:netty-all:jar:sources:4.1.87.Final was not found in https://repo.maven.apache.org/maven2 during a previous attempt. This failure was cached in the local repository and resolution is not reattempted until the update interval of central has elapsed or updates are forced[0m
2023.04.20 22:21:09 INFO      at org.eclipse.aether.internal.impl.DefaultArtifactResolver.resolve (DefaultArtifactResolver.java:425)[0m
2023.04.20 22:21:09 INFO      at org.eclipse.aether.internal.impl.DefaultArtifactResolver.resolveArtifacts (DefaultArtifactResolver.java:229)[0m
2023.04.20 22:21:09 INFO      at org.eclipse.aether.internal.impl.DefaultArtifactResolver.resolveArtifact (DefaultArtifactResolver.java:207)[0m
2023.04.20 22:21:09 INFO      at org.eclipse.aether.internal.impl.DefaultRepositorySystem.resolveArtifact (DefaultRepositorySystem.java:262)[0m
2023.04.20 22:21:09 INFO      at bloop.integrations.maven.MojoImplementation$.bloop$integrations$maven$MojoImplementation$$resolveArtifact$1 (MojoImplementation.scala:117)[0m
2023.04.20 22:21:09 INFO      at bloop.integrations.maven.MojoImplementation$$anonfun$2.applyOrElse (MojoImplementation.scala:244)[0m
2023.04.20 22:21:09 INFO      at bloop.integrations.maven.MojoImplementation$$anonfun$2.applyOrElse (MojoImplementation.scala:226)[0m
2023.04.20 22:21:09 INFO      at scala.collection.StrictOptimizedIterableOps.collect (StrictOptimizedIterableOps.scala:151)[0m
2023.04.20 22:21:09 INFO      at scala.collection.StrictOptimizedIterableOps.collect$ (StrictOptimizedIterableOps.scala:136)[0m
2023.04.20 22:21:09 INFO      at scala.collection.convert.JavaCollectionWrappers$JSetWrapper.collect (JavaCollectionWrappers.scala:180)[0m
2023.04.20 22:21:09 INFO      at bloop.integrations.maven.MojoImplementation$.writeConfig$1 (MojoImplementation.scala:226)[0m
2023.04.20 22:21:09 INFO      at bloop.integrations.maven.MojoImplementation$.writeCompileAndTestConfiguration (MojoImplementation.scala:310)[0m
2023.04.20 22:21:09 INFO      at bloop.integrations.maven.MojoImplementation.writeCompileAndTestConfiguration (MojoImplementation.scala)[0m
2023.04.20 22:21:09 INFO      at bloop.integrations.maven.BloopMojo.execute (BloopMojo.java:104)[0m
2023.04.20 22:21:09 INFO      at org.apache.maven.plugin.DefaultBuildPluginManager.executeMojo (DefaultBuildPluginManager.java:137)[0m
2023.04.20 22:21:09 INFO      at org.apache.maven.lifecycle.internal.MojoExecutor.doExecute2 (MojoExecutor.java:370)[0m
2023.04.20 22:21:09 INFO      at org.apache.maven.lifecycle.internal.MojoExecutor.doExecute (MojoExecutor.java:351)[0m
2023.04.20 22:21:09 INFO      at org.apache.maven.lifecycle.internal.MojoExecutor.execute (MojoExecutor.java:215)[0m
2023.04.20 22:21:09 INFO      at org.apache.maven.lifecycle.internal.MojoExecutor.execute (MojoExecutor.java:171)[0m
2023.04.20 22:21:09 INFO      at org.apache.maven.lifecycle.internal.MojoExecutor.execute (MojoExecutor.java:163)[0m
2023.04.20 22:21:09 INFO      at org.apache.maven.lifecycle.internal.LifecycleModuleBuilder.buildProject (LifecycleModuleBuilder.java:117)[0m
2023.04.20 22:21:09 INFO      at org.apache.maven.lifecycle.internal.LifecycleModuleBuilder.buildProject (LifecycleModuleBuilder.java:81)[0m
2023.04.20 22:21:09 INFO      at org.apache.maven.lifecycle.internal.builder.singlethreaded.SingleThreadedBuilder.build (SingleThreadedBuilder.java:56)[0m
2023.04.20 22:21:09 INFO      at org.apache.maven.lifecycle.internal.LifecycleStarter.execute (LifecycleStarter.java:128)[0m
2023.04.20 22:21:09 INFO      at org.apache.maven.DefaultMaven.doExecute (DefaultMaven.java:294)[0m
2023.04.20 22:21:09 INFO      at org.apache.maven.DefaultMaven.doExecute (DefaultMaven.java:192)[0m
2023.04.20 22:21:09 INFO      at org.apache.maven.DefaultMaven.execute (DefaultMaven.java:105)[0m
2023.04.20 22:21:09 INFO      at org.apache.maven.cli.MavenCli.execute (MavenCli.java:960)[0m
2023.04.20 22:21:09 INFO      at org.apache.maven.cli.MavenCli.doMain (MavenCli.java:293)[0m
2023.04.20 22:21:09 INFO      at org.apache.maven.cli.MavenCli.main (MavenCli.java:196)[0m
2023.04.20 22:21:09 INFO      at jdk.internal.reflect.NativeMethodAccessorImpl.invoke0 (Native Method)[0m
2023.04.20 22:21:09 INFO      at jdk.internal.reflect.NativeMethodAccessorImpl.invoke (NativeMethodAccessorImpl.java:77)[0m
2023.04.20 22:21:09 INFO      at jdk.internal.reflect.DelegatingMethodAccessorImpl.invoke (DelegatingMethodAccessorImpl.java:43)[0m
2023.04.20 22:21:09 INFO      at java.lang.reflect.Method.invoke (Method.java:568)[0m
2023.04.20 22:21:09 INFO      at org.codehaus.plexus.classworlds.launcher.Launcher.launchEnhanced (Launcher.java:282)[0m
2023.04.20 22:21:09 INFO      at org.codehaus.plexus.classworlds.launcher.Launcher.launch (Launcher.java:225)[0m
2023.04.20 22:21:09 INFO      at org.codehaus.plexus.classworlds.launcher.Launcher.mainWithExitCode (Launcher.java:406)[0m
2023.04.20 22:21:09 INFO      at org.codehaus.plexus.classworlds.launcher.Launcher.main (Launcher.java:347)[0m
2023.04.20 22:21:09 INFO      at jdk.internal.reflect.NativeMethodAccessorImpl.invoke0 (Native Method)[0m
2023.04.20 22:21:09 INFO      at jdk.internal.reflect.NativeMethodAccessorImpl.invoke (NativeMethodAccessorImpl.java:77)[0m
2023.04.20 22:21:09 INFO      at jdk.internal.reflect.DelegatingMethodAccessorImpl.invoke (DelegatingMethodAccessorImpl.java:43)[0m
2023.04.20 22:21:09 INFO      at java.lang.reflect.Method.invoke (Method.java:568)[0m
2023.04.20 22:21:09 INFO      at org.apache.maven.wrapper.BootstrapMainStarter.start (BootstrapMainStarter.java:53)[0m
2023.04.20 22:21:09 INFO      at org.apache.maven.wrapper.WrapperExecutor.execute (WrapperExecutor.java:152)[0m
2023.04.20 22:21:09 INFO      at org.apache.maven.wrapper.MavenWrapperMain.main (MavenWrapperMain.java:76)[0m
2023.04.20 22:21:09 INFO  Caused by: org.eclipse.aether.transfer.ArtifactNotFoundException: io.netty:netty-all:jar:sources:4.1.87.Final was not found in https://repo.maven.apache.org/maven2 during a previous attempt. This failure was cached in the local repository and resolution is not reattempted until the update interval of central has elapsed or updates are forced[0m
2023.04.20 22:21:09 INFO      at org.eclipse.aether.internal.impl.DefaultUpdateCheckManager.newException (DefaultUpdateCheckManager.java:217)[0m
2023.04.20 22:21:09 INFO      at org.eclipse.aether.internal.impl.DefaultUpdateCheckManager.checkArtifact (DefaultUpdateCheckManager.java:189)[0m
2023.04.20 22:21:09 INFO      at org.eclipse.aether.internal.impl.DefaultArtifactResolver.gatherDownloads (DefaultArtifactResolver.java:574)[0m
2023.04.20 22:21:09 INFO      at org.eclipse.aether.internal.impl.DefaultArtifactResolver.performDownloads (DefaultArtifactResolver.java:484)[0m
2023.04.20 22:21:09 INFO      at org.eclipse.aether.internal.impl.DefaultArtifactResolver.resolve (DefaultArtifactResolver.java:402)[0m
2023.04.20 22:21:09 INFO      at org.eclipse.aether.internal.impl.DefaultArtifactResolver.resolveArtifacts (DefaultArtifactResolver.java:229)[0m
2023.04.20 22:21:09 INFO      at org.eclipse.aether.internal.impl.DefaultArtifactResolver.resolveArtifact (DefaultArtifactResolver.java:207)[0m
2023.04.20 22:21:09 INFO      at org.eclipse.aether.internal.impl.DefaultRepositorySystem.resolveArtifact (DefaultRepositorySystem.java:262)[0m
2023.04.20 22:21:09 INFO      at bloop.integrations.maven.MojoImplementation$.bloop$integrations$maven$MojoImplementation$$resolveArtifact$1 (MojoImplementation.scala:117)[0m
2023.04.20 22:21:09 INFO      at bloop.integrations.maven.MojoImplementation$$anonfun$2.applyOrElse (MojoImplementation.scala:244)[0m
2023.04.20 22:21:09 INFO      at bloop.integrations.maven.MojoImplementation$$anonfun$2.applyOrElse (MojoImplementation.scala:226)[0m
2023.04.20 22:21:09 INFO      at scala.collection.StrictOptimizedIterableOps.collect (StrictOptimizedIterableOps.scala:151)[0m
2023.04.20 22:21:09 INFO      at scala.collection.StrictOptimizedIterableOps.collect$ (StrictOptimizedIterableOps.scala:136)[0m
2023.04.20 22:21:09 INFO      at scala.collection.convert.JavaCollectionWrappers$JSetWrapper.collect (JavaCollectionWrappers.scala:180)[0m
2023.04.20 22:21:09 INFO      at bloop.integrations.maven.MojoImplementation$.writeConfig$1 (MojoImplementation.scala:226)[0m
2023.04.20 22:21:09 INFO      at bloop.integrations.maven.MojoImplementation$.writeCompileAndTestConfiguration (MojoImplementation.scala:310)[0m
2023.04.20 22:21:09 INFO      at bloop.integrations.maven.MojoImplementation.writeCompileAndTestConfiguration (MojoImplementation.scala)[0m
2023.04.20 22:21:09 INFO      at bloop.integrations.maven.BloopMojo.execute (BloopMojo.java:104)[0m
2023.04.20 22:21:09 INFO      at org.apache.maven.plugin.DefaultBuildPluginManager.executeMojo (DefaultBuildPluginManager.java:137)[0m
2023.04.20 22:21:09 INFO      at org.apache.maven.lifecycle.internal.MojoExecutor.doExecute2 (MojoExecutor.java:370)[0m
2023.04.20 22:21:09 INFO      at org.apache.maven.lifecycle.internal.MojoExecutor.doExecute (MojoExecutor.java:351)[0m
2023.04.20 22:21:09 INFO      at org.apache.maven.lifecycle.internal.MojoExecutor.execute (MojoExecutor.java:215)[0m
2023.04.20 22:21:09 INFO      at org.apache.maven.lifecycle.internal.MojoExecutor.execute (MojoExecutor.java:171)[0m
2023.04.20 22:21:09 INFO      at org.apache.maven.lifecycle.internal.MojoExecutor.execute (MojoExecutor.java:163)[0m
2023.04.20 22:21:09 INFO      at org.apache.maven.lifecycle.internal.LifecycleModuleBuilder.buildProject (LifecycleModuleBuilder.java:117)[0m
2023.04.20 22:21:09 INFO      at org.apache.maven.lifecycle.internal.LifecycleModuleBuilder.buildProject (LifecycleModuleBuilder.java:81)[0m
2023.04.20 22:21:09 INFO      at org.apache.maven.lifecycle.internal.builder.singlethreaded.SingleThreadedBuilder.build (SingleThreadedBuilder.java:56)[0m
2023.04.20 22:21:09 INFO      at org.apache.maven.lifecycle.internal.LifecycleStarter.execute (LifecycleStarter.java:128)[0m
2023.04.20 22:21:09 INFO      at org.apache.maven.DefaultMaven.doExecute (DefaultMaven.java:294)[0m
2023.04.20 22:21:09 INFO      at org.apache.maven.DefaultMaven.doExecute (DefaultMaven.java:192)[0m
2023.04.20 22:21:09 INFO      at org.apache.maven.DefaultMaven.execute (DefaultMaven.java:105)[0m
2023.04.20 22:21:09 INFO      at org.apache.maven.cli.MavenCli.execute (MavenCli.java:960)[0m
2023.04.20 22:21:09 INFO      at org.apache.maven.cli.MavenCli.doMain (MavenCli.java:293)[0m
2023.04.20 22:21:09 INFO      at org.apache.maven.cli.MavenCli.main (MavenCli.java:196)[0m
2023.04.20 22:21:09 INFO      at jdk.internal.reflect.NativeMethodAccessorImpl.invoke0 (Native Method)[0m
2023.04.20 22:21:09 INFO      at jdk.internal.reflect.NativeMethodAccessorImpl.invoke (NativeMethodAccessorImpl.java:77)[0m
2023.04.20 22:21:09 INFO      at jdk.internal.reflect.DelegatingMethodAccessorImpl.invoke (DelegatingMethodAccessorImpl.java:43)[0m
2023.04.20 22:21:09 INFO      at java.lang.reflect.Method.invoke (Method.java:568)[0m
2023.04.20 22:21:09 INFO      at org.codehaus.plexus.classworlds.launcher.Launcher.launchEnhanced (Launcher.java:282)[0m
2023.04.20 22:21:09 INFO      at org.codehaus.plexus.classworlds.launcher.Launcher.launch (Launcher.java:225)[0m
2023.04.20 22:21:09 INFO      at org.codehaus.plexus.classworlds.launcher.Launcher.mainWithExitCode (Launcher.java:406)[0m
2023.04.20 22:21:09 INFO      at org.codehaus.plexus.classworlds.launcher.Launcher.main (Launcher.java:347)[0m
2023.04.20 22:21:09 INFO      at jdk.internal.reflect.NativeMethodAccessorImpl.invoke0 (Native Method)[0m
2023.04.20 22:21:09 INFO      at jdk.internal.reflect.NativeMethodAccessorImpl.invoke (NativeMethodAccessorImpl.java:77)[0m
2023.04.20 22:21:09 INFO      at jdk.internal.reflect.DelegatingMethodAccessorImpl.invoke (DelegatingMethodAccessorImpl.java:43)[0m
2023.04.20 22:21:09 INFO      at java.lang.reflect.Method.invoke (Method.java:568)[0m
2023.04.20 22:21:09 INFO      at org.apache.maven.wrapper.BootstrapMainStarter.start (BootstrapMainStarter.java:53)[0m
2023.04.20 22:21:09 INFO      at org.apache.maven.wrapper.WrapperExecutor.execute (WrapperExecutor.java:152)[0m
2023.04.20 22:21:09 INFO      at org.apache.maven.wrapper.MavenWrapperMain.main (MavenWrapperMain.java:76)[0m
2023.04.20 22:21:09 INFO  [INFO] Resolving artifact: io.netty:netty-buffer:jar:4.1.87.Final:compile (sources = false)[0m
2023.04.20 22:21:09 INFO  [INFO] SUCCESS: io.netty:netty-buffer:jar:4.1.87.Final:compile (sources = false)[0m
2023.04.20 22:21:09 INFO  [INFO] Resolving artifact: io.netty:netty-buffer:jar:4.1.87.Final:compile (sources = true)[0m
2023.04.20 22:21:09 INFO  [INFO] SUCCESS: io.netty:netty-buffer:jar:4.1.87.Final:compile (sources = true)[0m
2023.04.20 22:21:09 INFO  [INFO] Resolving artifact: io.netty:netty-codec:jar:4.1.87.Final:compile (sources = false)[0m
2023.04.20 22:21:09 INFO  [INFO] SUCCESS: io.netty:netty-codec:jar:4.1.87.Final:compile (sources = false)[0m
2023.04.20 22:21:09 INFO  [INFO] Resolving artifact: io.netty:netty-codec:jar:4.1.87.Final:compile (sources = true)[0m
2023.04.20 22:21:09 INFO  [INFO] SUCCESS: io.netty:netty-codec:jar:4.1.87.Final:compile (sources = true)[0m
2023.04.20 22:21:09 INFO  [INFO] Resolving artifact: io.netty:netty-codec-http:jar:4.1.87.Final:compile (sources = false)[0m
2023.04.20 22:21:09 INFO  [INFO] SUCCESS: io.netty:netty-codec-http:jar:4.1.87.Final:compile (sources = false)[0m
2023.04.20 22:21:09 INFO  [INFO] Resolving artifact: io.netty:netty-codec-http:jar:4.1.87.Final:compile (sources = true)[0m
2023.04.20 22:21:09 INFO  [INFO] SUCCESS: io.netty:netty-codec-http:jar:4.1.87.Final:compile (sources = true)[0m
2023.04.20 22:21:09 INFO  [INFO] Resolving artifact: io.netty:netty-codec-http2:jar:4.1.87.Final:compile (sources = false)[0m
2023.04.20 22:21:09 INFO  [INFO] SUCCESS: io.netty:netty-codec-http2:jar:4.1.87.Final:compile (sources = false)[0m
2023.04.20 22:21:09 INFO  [INFO] Resolving artifact: io.netty:netty-codec-http2:jar:4.1.87.Final:compile (sources = true)[0m
2023.04.20 22:21:09 INFO  [INFO] SUCCESS: io.netty:netty-codec-http2:jar:4.1.87.Final:compile (sources = true)[0m
2023.04.20 22:21:09 INFO  [INFO] Resolving artifact: io.netty:netty-codec-socks:jar:4.1.87.Final:compile (sources = false)[0m
2023.04.20 22:21:09 INFO  [INFO] SUCCESS: io.netty:netty-codec-socks:jar:4.1.87.Final:compile (sources = false)[0m
2023.04.20 22:21:09 INFO  [INFO] Resolving artifact: io.netty:netty-codec-socks:jar:4.1.87.Final:compile (sources = true)[0m
2023.04.20 22:21:09 INFO  [INFO] SUCCESS: io.netty:netty-codec-socks:jar:4.1.87.Final:compile (sources = true)[0m
2023.04.20 22:21:09 INFO  [INFO] Resolving artifact: io.netty:netty-common:jar:4.1.87.Final:compile (sources = false)[0m
2023.04.20 22:21:09 INFO  [INFO] SUCCESS: io.netty:netty-common:jar:4.1.87.Final:compile (sources = false)[0m
2023.04.20 22:21:09 INFO  [INFO] Resolving artifact: io.netty:netty-common:jar:4.1.87.Final:compile (sources = true)[0m
2023.04.20 22:21:09 INFO  [INFO] SUCCESS: io.netty:netty-common:jar:4.1.87.Final:compile (sources = true)[0m
2023.04.20 22:21:09 INFO  [INFO] Resolving artifact: io.netty:netty-handler:jar:4.1.87.Final:compile (sources = false)[0m
2023.04.20 22:21:09 INFO  [INFO] SUCCESS: io.netty:netty-handler:jar:4.1.87.Final:compile (sources = false)[0m
2023.04.20 22:21:09 INFO  [INFO] Resolving artifact: io.netty:netty-handler:jar:4.1.87.Final:compile (sources = true)[0m
2023.04.20 22:21:09 INFO  [INFO] SUCCESS: io.netty:netty-handler:jar:4.1.87.Final:compile (sources = true)[0m
2023.04.20 22:21:09 INFO  [INFO] Resolving artifact: io.netty:netty-transport-native-unix-common:jar:4.1.87.Final:compile (sources = false)[0m
2023.04.20 22:21:09 INFO  [INFO] SUCCESS: io.netty:netty-transport-native-unix-common:jar:4.1.87.Final:compile (sources = false)[0m
2023.04.20 22:21:09 INFO  [INFO] Resolving artifact: io.netty:netty-transport-native-unix-common:jar:4.1.87.Final:compile (sources = true)[0m
2023.04.20 22:21:09 INFO  [INFO] SUCCESS: io.netty:netty-transport-native-unix-common:jar:4.1.87.Final:compile (sources = true)[0m
2023.04.20 22:21:09 INFO  [INFO] Resolving artifact: io.netty:netty-handler-proxy:jar:4.1.87.Final:compile (sources = false)[0m
2023.04.20 22:21:09 INFO  [INFO] SUCCESS: io.netty:netty-handler-proxy:jar:4.1.87.Final:compile (sources = false)[0m
2023.04.20 22:21:09 INFO  [INFO] Resolving artifact: io.netty:netty-handler-proxy:jar:4.1.87.Final:compile (sources = true)[0m
2023.04.20 22:21:09 INFO  [INFO] SUCCESS: io.netty:netty-handler-proxy:jar:4.1.87.Final:compile (sources = true)[0m
2023.04.20 22:21:09 INFO  [INFO] Resolving artifact: io.netty:netty-resolver:jar:4.1.87.Final:compile (sources = false)[0m
2023.04.20 22:21:09 INFO  [INFO] SUCCESS: io.netty:netty-resolver:jar:4.1.87.Final:compile (sources = false)[0m
2023.04.20 22:21:09 INFO  [INFO] Resolving artifact: io.netty:netty-resolver:jar:4.1.87.Final:compile (sources = true)[0m
2023.04.20 22:21:09 INFO  [INFO] SUCCESS: io.netty:netty-resolver:jar:4.1.87.Final:compile (sources = true)[0m
2023.04.20 22:21:09 INFO  [INFO] Resolving artifact: io.netty:netty-transport:jar:4.1.87.Final:compile (sources = false)[0m
2023.04.20 22:21:09 INFO  [INFO] SUCCESS: io.netty:netty-transport:jar:4.1.87.Final:compile (sources = false)[0m
2023.04.20 22:21:09 INFO  [INFO] Resolving artifact: io.netty:netty-transport:jar:4.1.87.Final:compile (sources = true)[0m
2023.04.20 22:21:09 INFO  [INFO] SUCCESS: io.netty:netty-transport:jar:4.1.87.Final:compile (sources = true)[0m
2023.04.20 22:21:09 INFO  [INFO] Resolving artifact: io.netty:netty-transport-classes-epoll:jar:4.1.87.Final:compile (sources = false)[0m
2023.04.20 22:21:09 INFO  [INFO] SUCCESS: io.netty:netty-transport-classes-epoll:jar:4.1.87.Final:compile (sources = false)[0m
2023.04.20 22:21:09 INFO  [INFO] Resolving artifact: io.netty:netty-transport-classes-epoll:jar:4.1.87.Final:compile (sources = true)[0m
2023.04.20 22:21:09 INFO  [INFO] SUCCESS: io.netty:netty-transport-classes-epoll:jar:4.1.87.Final:compile (sources = true)[0m
2023.04.20 22:21:09 INFO  [INFO] Resolving artifact: io.netty:netty-transport-classes-kqueue:jar:4.1.87.Final:compile (sources = false)[0m
2023.04.20 22:21:09 INFO  [INFO] SUCCESS: io.netty:netty-transport-classes-kqueue:jar:4.1.87.Final:compile (sources = false)[0m
2023.04.20 22:21:09 INFO  [INFO] Resolving artifact: io.netty:netty-transport-classes-kqueue:jar:4.1.87.Final:compile (sources = true)[0m
2023.04.20 22:21:09 INFO  [INFO] SUCCESS: io.netty:netty-transport-classes-kqueue:jar:4.1.87.Final:compile (sources = true)[0m
2023.04.20 22:21:09 INFO  [INFO] Resolving artifact: io.netty:netty-transport-native-epoll:jar:linux-x86_64:4.1.87.Final:compile (sources = false)[0m
2023.04.20 22:21:09 INFO  [INFO] SUCCESS: io.netty:netty-transport-native-epoll:jar:linux-x86_64:4.1.87.Final:compile (sources = false)[0m
2023.04.20 22:21:09 INFO  [INFO] Resolving artifact: io.netty:netty-transport-native-epoll:jar:linux-x86_64:4.1.87.Final:compile (sources = true)[0m
2023.04.20 22:21:09 INFO  [INFO] SUCCESS: io.netty:netty-transport-native-epoll:jar:linux-x86_64:4.1.87.Final:compile (sources = true)[0m
2023.04.20 22:21:09 INFO  [INFO] Resolving artifact: io.netty:netty-transport-native-epoll:jar:linux-aarch_64:4.1.87.Final:compile (sources = false)[0m
2023.04.20 22:21:09 INFO  [INFO] SUCCESS: io.netty:netty-transport-native-epoll:jar:linux-aarch_64:4.1.87.Final:compile (sources = false)[0m
2023.04.20 22:21:09 INFO  [INFO] Resolving artifact: io.netty:netty-transport-native-epoll:jar:linux-aarch_64:4.1.87.Final:compile (sources = true)[0m
2023.04.20 22:21:09 INFO  [INFO] SUCCESS: io.netty:netty-transport-native-epoll:jar:linux-aarch_64:4.1.87.Final:compile (sources = true)[0m
2023.04.20 22:21:09 INFO  [INFO] Resolving artifact: io.netty:netty-transport-native-kqueue:jar:osx-aarch_64:4.1.87.Final:compile (sources = false)[0m
2023.04.20 22:21:09 INFO  [INFO] SUCCESS: io.netty:netty-transport-native-kqueue:jar:osx-aarch_64:4.1.87.Final:compile (sources = false)[0m
2023.04.20 22:21:09 INFO  [INFO] Resolving artifact: io.netty:netty-transport-native-kqueue:jar:osx-aarch_64:4.1.87.Final:compile (sources = true)[0m
2023.04.20 22:21:09 INFO  [INFO] SUCCESS: io.netty:netty-transport-native-kqueue:jar:osx-aarch_64:4.1.87.Final:compile (sources = true)[0m
2023.04.20 22:21:09 INFO  [INFO] Resolving artifact: io.netty:netty-transport-native-kqueue:jar:osx-x86_64:4.1.87.Final:compile (sources = false)[0m
2023.04.20 22:21:09 INFO  [INFO] SUCCESS: io.netty:netty-transport-native-kqueue:jar:osx-x86_64:4.1.87.Final:compile (sources = false)[0m
2023.04.20 22:21:09 INFO  [INFO] Resolving artifact: io.netty:netty-transport-native-kqueue:jar:osx-x86_64:4.1.87.Final:compile (sources = true)[0m
2023.04.20 22:21:09 INFO  [INFO] SUCCESS: io.netty:netty-transport-native-kqueue:jar:osx-x86_64:4.1.87.Final:compile (sources = true)[0m
2023.04.20 22:21:09 INFO  [INFO] Resolving artifact: com.clearspring.analytics:stream:jar:2.9.6:compile (sources = false)[0m
2023.04.20 22:21:09 INFO  [INFO] SUCCESS: com.clearspring.analytics:stream:jar:2.9.6:compile (sources = false)[0m
2023.04.20 22:21:09 INFO  [INFO] Resolving artifact: com.clearspring.analytics:stream:jar:2.9.6:compile (sources = true)[0m
2023.04.20 22:21:09 INFO  [INFO] SUCCESS: com.clearspring.analytics:stream:jar:2.9.6:compile (sources = true)[0m
2023.04.20 22:21:09 INFO  [INFO] Resolving artifact: io.dropwizard.metrics:metrics-core:jar:4.2.15:compile (sources = false)[0m
2023.04.20 22:21:09 INFO  [INFO] SUCCESS: io.dropwizard.metrics:metrics-core:jar:4.2.15:compile (sources = false)[0m
2023.04.20 22:21:09 INFO  [INFO] Resolving artifact: io.dropwizard.metrics:metrics-core:jar:4.2.15:compile (sources = true)[0m
2023.04.20 22:21:09 INFO  [INFO] SUCCESS: io.dropwizard.metrics:metrics-core:jar:4.2.15:compile (sources = true)[0m
2023.04.20 22:21:09 INFO  [INFO] Resolving artifact: io.dropwizard.metrics:metrics-jvm:jar:4.2.15:compile (sources = false)[0m
2023.04.20 22:21:09 INFO  [INFO] SUCCESS: io.dropwizard.metrics:metrics-jvm:jar:4.2.15:compile (sources = false)[0m
2023.04.20 22:21:09 INFO  [INFO] Resolving artifact: io.dropwizard.metrics:metrics-jvm:jar:4.2.15:compile (sources = true)[0m
2023.04.20 22:21:09 INFO  [INFO] SUCCESS: io.dropwizard.metrics:metrics-jvm:jar:4.2.15:compile (sources = true)[0m
2023.04.20 22:21:09 INFO  [INFO] Resolving artifact: io.dropwizard.metrics:metrics-json:jar:4.2.15:compile (sources = false)[0m
2023.04.20 22:21:09 INFO  [INFO] SUCCESS: io.dropwizard.metrics:metrics-json:jar:4.2.15:compile (sources = false)[0m
2023.04.20 22:21:09 INFO  [INFO] Resolving artifact: io.dropwizard.metrics:metrics-json:jar:4.2.15:compile (sources = true)[0m
2023.04.20 22:21:09 INFO  [INFO] SUCCESS: io.dropwizard.metrics:metrics-json:jar:4.2.15:compile (sources = true)[0m
2023.04.20 22:21:09 INFO  [INFO] Resolving artifact: io.dropwizard.metrics:metrics-graphite:jar:4.2.15:compile (sources = false)[0m
2023.04.20 22:21:09 INFO  [INFO] SUCCESS: io.dropwizard.metrics:metrics-graphite:jar:4.2.15:compile (sources = false)[0m
2023.04.20 22:21:09 INFO  [INFO] Resolving artifact: io.dropwizard.metrics:metrics-graphite:jar:4.2.15:compile (sources = true)[0m
2023.04.20 22:21:09 INFO  [INFO] SUCCESS: io.dropwizard.metrics:metrics-graphite:jar:4.2.15:compile (sources = true)[0m
2023.04.20 22:21:09 INFO  [INFO] Resolving artifact: io.dropwizard.metrics:metrics-jmx:jar:4.2.15:compile (sources = false)[0m
2023.04.20 22:21:09 INFO  [INFO] SUCCESS: io.dropwizard.metrics:metrics-jmx:jar:4.2.15:compile (sources = false)[0m
2023.04.20 22:21:09 INFO  [INFO] Resolving artifact: io.dropwizard.metrics:metrics-jmx:jar:4.2.15:compile (sources = true)[0m
2023.04.20 22:21:09 INFO  [INFO] SUCCESS: io.dropwizard.metrics:metrics-jmx:jar:4.2.15:compile (sources = true)[0m
2023.04.20 22:21:09 INFO  [INFO] Resolving artifact: com.fasterxml.jackson.core:jackson-databind:jar:2.14.2:compile (sources = false)[0m
2023.04.20 22:21:09 INFO  [INFO] SUCCESS: com.fasterxml.jackson.core:jackson-databind:jar:2.14.2:compile (sources = false)[0m
2023.04.20 22:21:09 INFO  [INFO] Resolving artifact: com.fasterxml.jackson.core:jackson-databind:jar:2.14.2:compile (sources = true)[0m
2023.04.20 22:21:09 INFO  [INFO] SUCCESS: com.fasterxml.jackson.core:jackson-databind:jar:2.14.2:compile (sources = true)[0m
2023.04.20 22:21:09 INFO  [INFO] Resolving artifact: com.fasterxml.jackson.module:jackson-module-scala_2.12:jar:2.14.2:compile (sources = false)[0m
2023.04.20 22:21:09 INFO  [INFO] SUCCESS: com.fasterxml.jackson.module:jackson-module-scala_2.12:jar:2.14.2:compile (sources = false)[0m
2023.04.20 22:21:09 INFO  [INFO] Resolving artifact: com.fasterxml.jackson.module:jackson-module-scala_2.12:jar:2.14.2:compile (sources = true)[0m
2023.04.20 22:21:09 INFO  [INFO] SUCCESS: com.fasterxml.jackson.module:jackson-module-scala_2.12:jar:2.14.2:compile (sources = true)[0m
2023.04.20 22:21:09 INFO  [INFO] Resolving artifact: com.thoughtworks.paranamer:paranamer:jar:2.8:compile (sources = false)[0m
2023.04.20 22:21:09 INFO  [INFO] SUCCESS: com.thoughtworks.paranamer:paranamer:jar:2.8:compile (sources = false)[0m
2023.04.20 22:21:09 INFO  [INFO] Resolving artifact: com.thoughtworks.paranamer:paranamer:jar:2.8:compile (sources = true)[0m
2023.04.20 22:21:09 INFO  [INFO] SUCCESS: com.thoughtworks.paranamer:paranamer:jar:2.8:compile (sources = true)[0m
2023.04.20 22:21:09 INFO  [INFO] Resolving artifact: org.apache.ivy:ivy:jar:2.5.1:compile (sources = false)[0m
2023.04.20 22:21:09 INFO  [INFO] SUCCESS: org.apache.ivy:ivy:jar:2.5.1:compile (sources = false)[0m
2023.04.20 22:21:09 INFO  [INFO] Resolving artifact: org.apache.ivy:ivy:jar:2.5.1:compile (sources = true)[0m
2023.04.20 22:21:09 INFO  [INFO] SUCCESS: org.apache.ivy:ivy:jar:2.5.1:compile (sources = true)[0m
2023.04.20 22:21:09 INFO  [INFO] Resolving artifact: oro:oro:jar:2.0.8:compile (sources = false)[0m
2023.04.20 22:21:09 INFO  [INFO] SUCCESS: oro:oro:jar:2.0.8:compile (sources = false)[0m
2023.04.20 22:21:09 INFO  [INFO] Resolving artifact: oro:oro:jar:2.0.8:compile (sources = true)[0m
2023.04.20 22:21:09 INFO  [INFO] SUCCESS: oro:oro:jar:2.0.8:compile (sources = true)[0m
2023.04.20 22:21:09 INFO  [INFO] Resolving artifact: net.razorvine:pickle:jar:1.3:compile (sources = false)[0m
2023.04.20 22:21:09 INFO  [INFO] SUCCESS: net.razorvine:pickle:jar:1.3:compile (sources = false)[0m
2023.04.20 22:21:09 INFO  [INFO] Resolving artifact: net.razorvine:pickle:jar:1.3:compile (sources = true)[0m
2023.04.20 22:21:09 INFO  [INFO] SUCCESS: net.razorvine:pickle:jar:1.3:compile (sources = true)[0m
2023.04.20 22:21:09 INFO  [INFO] Resolving artifact: net.sf.py4j:py4j:jar:0.10.9.7:compile (sources = false)[0m
2023.04.20 22:21:09 INFO  [INFO] SUCCESS: net.sf.py4j:py4j:jar:0.10.9.7:compile (sources = false)[0m
2023.04.20 22:21:09 INFO  [INFO] Resolving artifact: net.sf.py4j:py4j:jar:0.10.9.7:compile (sources = true)[0m
2023.04.20 22:21:09 INFO  [INFO] SUCCESS: net.sf.py4j:py4j:jar:0.10.9.7:compile (sources = true)[0m
2023.04.20 22:21:09 INFO  [INFO] Resolving artifact: org.apache.spark:spark-tags_2.12:jar:3.4.0:compile (sources = false)[0m
2023.04.20 22:21:09 INFO  [INFO] SUCCESS: org.apache.spark:spark-tags_2.12:jar:3.4.0:compile (sources = false)[0m
2023.04.20 22:21:09 INFO  [INFO] Resolving artifact: org.apache.spark:spark-tags_2.12:jar:3.4.0:compile (sources = true)[0m
2023.04.20 22:21:09 INFO  [INFO] SUCCESS: org.apache.spark:spark-tags_2.12:jar:3.4.0:compile (sources = true)[0m
2023.04.20 22:21:09 INFO  [INFO] Resolving artifact: org.apache.commons:commons-crypto:jar:1.1.0:compile (sources = false)[0m
2023.04.20 22:21:09 INFO  [INFO] SUCCESS: org.apache.commons:commons-crypto:jar:1.1.0:compile (sources = false)[0m
2023.04.20 22:21:09 INFO  [INFO] Resolving artifact: org.apache.commons:commons-crypto:jar:1.1.0:compile (sources = true)[0m
2023.04.20 22:21:09 INFO  [INFO] SUCCESS: org.apache.commons:commons-crypto:jar:1.1.0:compile (sources = true)[0m
2023.04.20 22:21:09 INFO  [INFO] Resolving artifact: org.apache.spark:spark-sql_2.12:jar:3.4.0:provided (sources = false)[0m
2023.04.20 22:21:09 INFO  [INFO] SUCCESS: org.apache.spark:spark-sql_2.12:jar:3.4.0:provided (sources = false)[0m
2023.04.20 22:21:09 INFO  [INFO] Resolving artifact: org.apache.spark:spark-sql_2.12:jar:3.4.0:provided (sources = true)[0m
2023.04.20 22:21:09 INFO  [INFO] SUCCESS: org.apache.spark:spark-sql_2.12:jar:3.4.0:provided (sources = true)[0m
2023.04.20 22:21:09 INFO  [INFO] Resolving artifact: org.rocksdb:rocksdbjni:jar:7.9.2:compile (sources = false)[0m
2023.04.20 22:21:09 INFO  [INFO] SUCCESS: org.rocksdb:rocksdbjni:jar:7.9.2:compile (sources = false)[0m
2023.04.20 22:21:09 INFO  [INFO] Resolving artifact: org.rocksdb:rocksdbjni:jar:7.9.2:compile (sources = true)[0m
2023.04.20 22:21:09 INFO  [INFO] SUCCESS: org.rocksdb:rocksdbjni:jar:7.9.2:compile (sources = true)[0m
2023.04.20 22:21:09 INFO  [INFO] Resolving artifact: com.univocity:univocity-parsers:jar:2.9.1:provided (sources = false)[0m
2023.04.20 22:21:09 INFO  [INFO] SUCCESS: com.univocity:univocity-parsers:jar:2.9.1:provided (sources = false)[0m
2023.04.20 22:21:09 INFO  [INFO] Resolving artifact: com.univocity:univocity-parsers:jar:2.9.1:provided (sources = true)[0m
2023.04.20 22:21:09 INFO  [INFO] SUCCESS: com.univocity:univocity-parsers:jar:2.9.1:provided (sources = true)[0m
2023.04.20 22:21:09 INFO  [INFO] Resolving artifact: org.apache.spark:spark-sketch_2.12:jar:3.4.0:provided (sources = false)[0m
2023.04.20 22:21:09 INFO  [INFO] SUCCESS: org.apache.spark:spark-sketch_2.12:jar:3.4.0:provided (sources = false)[0m
2023.04.20 22:21:09 INFO  [INFO] Resolving artifact: org.apache.spark:spark-sketch_2.12:jar:3.4.0:provided (sources = true)[0m
2023.04.20 22:21:09 INFO  [INFO] SUCCESS: org.apache.spark:spark-sketch_2.12:jar:3.4.0:provided (sources = true)[0m
2023.04.20 22:21:09 INFO  [INFO] Resolving artifact: org.apache.spark:spark-catalyst_2.12:jar:3.4.0:provided (sources = false)[0m
2023.04.20 22:21:09 INFO  [INFO] SUCCESS: org.apache.spark:spark-catalyst_2.12:jar:3.4.0:provided (sources = false)[0m
2023.04.20 22:21:09 INFO  [INFO] Resolving artifact: org.apache.spark:spark-catalyst_2.12:jar:3.4.0:provided (sources = true)[0m
2023.04.20 22:21:09 INFO  [INFO] SUCCESS: org.apache.spark:spark-catalyst_2.12:jar:3.4.0:provided (sources = true)[0m
2023.04.20 22:21:09 INFO  [INFO] Resolving artifact: org.scala-lang.modules:scala-parser-combinators_2.12:jar:2.1.1:provided (sources = false)[0m
2023.04.20 22:21:09 INFO  [INFO] SUCCESS: org.scala-lang.modules:scala-parser-combinators_2.12:jar:2.1.1:provided (sources = false)[0m
2023.04.20 22:21:09 INFO  [INFO] Resolving artifact: org.scala-lang.modules:scala-parser-combinators_2.12:jar:2.1.1:provided (sources = true)[0m
2023.04.20 22:21:09 INFO  [INFO] SUCCESS: org.scala-lang.modules:scala-parser-combinators_2.12:jar:2.1.1:provided (sources = true)[0m
2023.04.20 22:21:09 INFO  [INFO] Resolving artifact: org.codehaus.janino:janino:jar:3.1.9:provided (sources = false)[0m
2023.04.20 22:21:09 INFO  [INFO] SUCCESS: org.codehaus.janino:janino:jar:3.1.9:provided (sources = false)[0m
2023.04.20 22:21:09 INFO  [INFO] Resolving artifact: org.codehaus.janino:janino:jar:3.1.9:provided (sources = true)[0m
2023.04.20 22:21:09 INFO  [INFO] SUCCESS: org.codehaus.janino:janino:jar:3.1.9:provided (sources = true)[0m
2023.04.20 22:21:09 INFO  [INFO] Resolving artifact: org.codehaus.janino:commons-compiler:jar:3.1.9:provided (sources = false)[0m
2023.04.20 22:21:09 INFO  [INFO] SUCCESS: org.codehaus.janino:commons-compiler:jar:3.1.9:provided (sources = false)[0m
2023.04.20 22:21:09 INFO  [INFO] Resolving artifact: org.codehaus.janino:commons-compiler:jar:3.1.9:provided (sources = true)[0m
2023.04.20 22:21:09 INFO  [INFO] SUCCESS: org.codehaus.janino:commons-compiler:jar:3.1.9:provided (sources = true)[0m
2023.04.20 22:21:09 INFO  [INFO] Resolving artifact: org.antlr:antlr4-runtime:jar:4.9.3:provided (sources = false)[0m
2023.04.20 22:21:09 INFO  [INFO] SUCCESS: org.antlr:antlr4-runtime:jar:4.9.3:provided (sources = false)[0m
2023.04.20 22:21:09 INFO  [INFO] Resolving artifact: org.antlr:antlr4-runtime:jar:4.9.3:provided (sources = true)[0m
2023.04.20 22:21:09 INFO  [INFO] SUCCESS: org.antlr:antlr4-runtime:jar:4.9.3:provided (sources = true)[0m
2023.04.20 22:21:09 INFO  [INFO] Resolving artifact: org.apache.arrow:arrow-vector:jar:11.0.0:provided (sources = false)[0m
2023.04.20 22:21:09 INFO  [INFO] SUCCESS: org.apache.arrow:arrow-vector:jar:11.0.0:provided (sources = false)[0m
2023.04.20 22:21:09 INFO  [INFO] Resolving artifact: org.apache.arrow:arrow-vector:jar:11.0.0:provided (sources = true)[0m
2023.04.20 22:21:09 INFO  [INFO] SUCCESS: org.apache.arrow:arrow-vector:jar:11.0.0:provided (sources = true)[0m
2023.04.20 22:21:09 INFO  [INFO] Resolving artifact: org.apache.arrow:arrow-format:jar:11.0.0:provided (sources = false)[0m
2023.04.20 22:21:09 INFO  [INFO] SUCCESS: org.apache.arrow:arrow-format:jar:11.0.0:provided (sources = false)[0m
2023.04.20 22:21:09 INFO  [INFO] Resolving artifact: org.apache.arrow:arrow-format:jar:11.0.0:provided (sources = true)[0m
2023.04.20 22:21:09 INFO  [INFO] SUCCESS: org.apache.arrow:arrow-format:jar:11.0.0:provided (sources = true)[0m
2023.04.20 22:21:09 INFO  [INFO] Resolving artifact: org.apache.arrow:arrow-memory-core:jar:11.0.0:provided (sources = false)[0m
2023.04.20 22:21:09 INFO  [INFO] SUCCESS: org.apache.arrow:arrow-memory-core:jar:11.0.0:provided (sources = false)[0m
2023.04.20 22:21:09 INFO  [INFO] Resolving artifact: org.apache.arrow:arrow-memory-core:jar:11.0.0:provided (sources = true)[0m
2023.04.20 22:21:09 INFO  [INFO] SUCCESS: org.apache.arrow:arrow-memory-core:jar:11.0.0:provided (sources = true)[0m
2023.04.20 22:21:09 INFO  [INFO] Resolving artifact: com.fasterxml.jackson.datatype:jackson-datatype-jsr310:jar:2.13.4:provided (sources = false)[0m
2023.04.20 22:21:09 INFO  [INFO] SUCCESS: com.fasterxml.jackson.datatype:jackson-datatype-jsr310:jar:2.13.4:provided (sources = false)[0m
2023.04.20 22:21:09 INFO  [INFO] Resolving artifact: com.fasterxml.jackson.datatype:jackson-datatype-jsr310:jar:2.13.4:provided (sources = true)[0m
2023.04.20 22:21:09 INFO  [INFO] SUCCESS: com.fasterxml.jackson.datatype:jackson-datatype-jsr310:jar:2.13.4:provided (sources = true)[0m
2023.04.20 22:21:09 INFO  [INFO] Resolving artifact: com.google.flatbuffers:flatbuffers-java:jar:1.12.0:provided (sources = false)[0m
2023.04.20 22:21:09 INFO  [INFO] SUCCESS: com.google.flatbuffers:flatbuffers-java:jar:1.12.0:provided (sources = false)[0m
2023.04.20 22:21:09 INFO  [INFO] Resolving artifact: com.google.flatbuffers:flatbuffers-java:jar:1.12.0:provided (sources = true)[0m
2023.04.20 22:21:09 INFO  [INFO] SUCCESS: com.google.flatbuffers:flatbuffers-java:jar:1.12.0:provided (sources = true)[0m
2023.04.20 22:21:09 INFO  [INFO] Resolving artifact: org.apache.arrow:arrow-memory-netty:jar:11.0.0:provided (sources = false)[0m
2023.04.20 22:21:09 INFO  [INFO] SUCCESS: org.apache.arrow:arrow-memory-netty:jar:11.0.0:provided (sources = false)[0m
2023.04.20 22:21:09 INFO  [INFO] Resolving artifact: org.apache.arrow:arrow-memory-netty:jar:11.0.0:provided (sources = true)[0m
2023.04.20 22:21:09 INFO  [INFO] SUCCESS: org.apache.arrow:arrow-memory-netty:jar:11.0.0:provided (sources = true)[0m
2023.04.20 22:21:09 INFO  [INFO] Resolving artifact: org.apache.orc:orc-core:jar:shaded-protobuf:1.8.3:provided (sources = false)[0m
2023.04.20 22:21:09 INFO  [INFO] SUCCESS: org.apache.orc:orc-core:jar:shaded-protobuf:1.8.3:provided (sources = false)[0m
2023.04.20 22:21:09 INFO  [INFO] Resolving artifact: org.apache.orc:orc-core:jar:shaded-protobuf:1.8.3:provided (sources = true)[0m
2023.04.20 22:21:09 INFO  [INFO] SUCCESS: org.apache.orc:orc-core:jar:shaded-protobuf:1.8.3:provided (sources = true)[0m
2023.04.20 22:21:09 INFO  [INFO] Resolving artifact: org.apache.orc:orc-shims:jar:1.8.3:provided (sources = false)[0m
2023.04.20 22:21:09 INFO  [INFO] SUCCESS: org.apache.orc:orc-shims:jar:1.8.3:provided (sources = false)[0m
2023.04.20 22:21:09 INFO  [INFO] Resolving artifact: org.apache.orc:orc-shims:jar:1.8.3:provided (sources = true)[0m
2023.04.20 22:21:09 INFO  [INFO] SUCCESS: org.apache.orc:orc-shims:jar:1.8.3:provided (sources = true)[0m
2023.04.20 22:21:09 INFO  [INFO] Resolving artifact: io.airlift:aircompressor:jar:0.21:provided (sources = false)[0m
2023.04.20 22:21:09 INFO  [INFO] SUCCESS: io.airlift:aircompressor:jar:0.21:provided (sources = false)[0m
2023.04.20 22:21:09 INFO  [INFO] Resolving artifact: io.airlift:aircompressor:jar:0.21:provided (sources = true)[0m
2023.04.20 22:21:09 INFO  [INFO] SUCCESS: io.airlift:aircompressor:jar:0.21:provided (sources = true)[0m
2023.04.20 22:21:09 INFO  [INFO] Resolving artifact: org.jetbrains:annotations:jar:17.0.0:provided (sources = false)[0m
2023.04.20 22:21:09 INFO  [INFO] SUCCESS: org.jetbrains:annotations:jar:17.0.0:provided (sources = false)[0m
2023.04.20 22:21:09 INFO  [INFO] Resolving artifact: org.jetbrains:annotations:jar:17.0.0:provided (sources = true)[0m
2023.04.20 22:21:09 INFO  [INFO] SUCCESS: org.jetbrains:annotations:jar:17.0.0:provided (sources = true)[0m
2023.04.20 22:21:09 INFO  [INFO] Resolving artifact: org.threeten:threeten-extra:jar:1.7.1:provided (sources = false)[0m
2023.04.20 22:21:09 INFO  [INFO] SUCCESS: org.threeten:threeten-extra:jar:1.7.1:provided (sources = false)[0m
2023.04.20 22:21:09 INFO  [INFO] Resolving artifact: org.threeten:threeten-extra:jar:1.7.1:provided (sources = true)[0m
2023.04.20 22:21:09 INFO  [INFO] SUCCESS: org.threeten:threeten-extra:jar:1.7.1:provided (sources = true)[0m
2023.04.20 22:21:09 INFO  [INFO] Resolving artifact: org.apache.orc:orc-mapreduce:jar:shaded-protobuf:1.8.3:provided (sources = false)[0m
2023.04.20 22:21:09 INFO  [INFO] SUCCESS: org.apache.orc:orc-mapreduce:jar:shaded-protobuf:1.8.3:provided (sources = false)[0m
2023.04.20 22:21:09 INFO  [INFO] Resolving artifact: org.apache.orc:orc-mapreduce:jar:shaded-protobuf:1.8.3:provided (sources = true)[0m
2023.04.20 22:21:09 INFO  [INFO] SUCCESS: org.apache.orc:orc-mapreduce:jar:shaded-protobuf:1.8.3:provided (sources = true)[0m
2023.04.20 22:21:09 INFO  [INFO] Resolving artifact: org.apache.hive:hive-storage-api:jar:2.8.1:provided (sources = false)[0m
2023.04.20 22:21:09 INFO  [INFO] SUCCESS: org.apache.hive:hive-storage-api:jar:2.8.1:provided (sources = false)[0m
2023.04.20 22:21:09 INFO  [INFO] Resolving artifact: org.apache.hive:hive-storage-api:jar:2.8.1:provided (sources = true)[0m
2023.04.20 22:21:09 INFO  [INFO] SUCCESS: org.apache.hive:hive-storage-api:jar:2.8.1:provided (sources = true)[0m
2023.04.20 22:21:09 INFO  [INFO] Resolving artifact: org.apache.parquet:parquet-column:jar:1.12.3:provided (sources = false)[0m
2023.04.20 22:21:09 INFO  [INFO] SUCCESS: org.apache.parquet:parquet-column:jar:1.12.3:provided (sources = false)[0m
2023.04.20 22:21:09 INFO  [INFO] Resolving artifact: org.apache.parquet:parquet-column:jar:1.12.3:provided (sources = true)[0m
2023.04.20 22:21:09 INFO  [INFO] SUCCESS: org.apache.parquet:parquet-column:jar:1.12.3:provided (sources = true)[0m
2023.04.20 22:21:09 INFO  [INFO] Resolving artifact: org.apache.parquet:parquet-common:jar:1.12.3:provided (sources = false)[0m
2023.04.20 22:21:09 INFO  [INFO] SUCCESS: org.apache.parquet:parquet-common:jar:1.12.3:provided (sources = false)[0m
2023.04.20 22:21:09 INFO  [INFO] Resolving artifact: org.apache.parquet:parquet-common:jar:1.12.3:provided (sources = true)[0m
2023.04.20 22:21:09 INFO  [INFO] SUCCESS: org.apache.parquet:parquet-common:jar:1.12.3:provided (sources = true)[0m
2023.04.20 22:21:09 INFO  [INFO] Resolving artifact: org.apache.parquet:parquet-encoding:jar:1.12.3:provided (sources = false)[0m
2023.04.20 22:21:09 INFO  [INFO] SUCCESS: org.apache.parquet:parquet-encoding:jar:1.12.3:provided (sources = false)[0m
2023.04.20 22:21:09 INFO  [INFO] Resolving artifact: org.apache.parquet:parquet-encoding:jar:1.12.3:provided (sources = true)[0m
2023.04.20 22:21:09 INFO  [INFO] SUCCESS: org.apache.parquet:parquet-encoding:jar:1.12.3:provided (sources = true)[0m
2023.04.20 22:21:09 INFO  [INFO] Resolving artifact: org.apache.parquet:parquet-hadoop:jar:1.12.3:provided (sources = false)[0m
2023.04.20 22:21:09 INFO  [INFO] SUCCESS: org.apache.parquet:parquet-hadoop:jar:1.12.3:provided (sources = false)[0m
2023.04.20 22:21:09 INFO  [INFO] Resolving artifact: org.apache.parquet:parquet-hadoop:jar:1.12.3:provided (sources = true)[0m
2023.04.20 22:21:09 INFO  [INFO] SUCCESS: org.apache.parquet:parquet-hadoop:jar:1.12.3:provided (sources = true)[0m
2023.04.20 22:21:09 INFO  [INFO] Resolving artifact: org.apache.parquet:parquet-format-structures:jar:1.12.3:provided (sources = false)[0m
2023.04.20 22:21:09 INFO  [INFO] SUCCESS: org.apache.parquet:parquet-format-structures:jar:1.12.3:provided (sources = false)[0m
2023.04.20 22:21:09 INFO  [INFO] Resolving artifact: org.apache.parquet:parquet-format-structures:jar:1.12.3:provided (sources = true)[0m
2023.04.20 22:21:09 INFO  [INFO] SUCCESS: org.apache.parquet:parquet-format-structures:jar:1.12.3:provided (sources = true)[0m
2023.04.20 22:21:09 INFO  [INFO] Resolving artifact: org.apache.parquet:parquet-jackson:jar:1.12.3:provided (sources = false)[0m
2023.04.20 22:21:09 INFO  [INFO] SUCCESS: org.apache.parquet:parquet-jackson:jar:1.12.3:provided (sources = false)[0m
2023.04.20 22:21:09 INFO  [INFO] Resolving artifact: org.apache.parquet:parquet-jackson:jar:1.12.3:provided (sources = true)[0m
2023.04.20 22:21:09 INFO  [INFO] SUCCESS: org.apache.parquet:parquet-jackson:jar:1.12.3:provided (sources = true)[0m
2023.04.20 22:21:09 INFO  [INFO] Resolving artifact: com.google.protobuf:protobuf-java:jar:3.21.12:compile (sources = false)[0m
2023.04.20 22:21:09 INFO  [INFO] SUCCESS: com.google.protobuf:protobuf-java:jar:3.21.12:compile (sources = false)[0m
2023.04.20 22:21:09 INFO  [INFO] Resolving artifact: com.google.protobuf:protobuf-java:jar:3.21.12:compile (sources = true)[0m
2023.04.20 22:21:09 INFO  [INFO] SUCCESS: com.google.protobuf:protobuf-java:jar:3.21.12:compile (sources = true)[0m
2023.04.20 22:21:09 INFO  [INFO] Resolving artifact: junit:junit:jar:4.12:test (sources = false)[0m
2023.04.20 22:21:09 INFO  [INFO] SUCCESS: junit:junit:jar:4.12:test (sources = false)[0m
2023.04.20 22:21:09 INFO  [INFO] Resolving artifact: junit:junit:jar:4.12:test (sources = true)[0m
2023.04.20 22:21:09 INFO  [INFO] SUCCESS: junit:junit:jar:4.12:test (sources = true)[0m
2023.04.20 22:21:09 INFO  [INFO] Resolving artifact: org.hamcrest:hamcrest-core:jar:1.3:test (sources = false)[0m
2023.04.20 22:21:09 INFO  [INFO] SUCCESS: org.hamcrest:hamcrest-core:jar:1.3:test (sources = false)[0m
2023.04.20 22:21:09 INFO  [INFO] Resolving artifact: org.hamcrest:hamcrest-core:jar:1.3:test (sources = true)[0m
2023.04.20 22:21:09 INFO  [INFO] SUCCESS: org.hamcrest:hamcrest-core:jar:1.3:test (sources = true)[0m
2023.04.20 22:21:09 INFO  [INFO] Resolving artifact: org.scalatest:scalatest_2.12:jar:3.0.5:test (sources = false)[0m
2023.04.20 22:21:09 INFO  [INFO] SUCCESS: org.scalatest:scalatest_2.12:jar:3.0.5:test (sources = false)[0m
2023.04.20 22:21:09 INFO  [INFO] Resolving artifact: org.scalatest:scalatest_2.12:jar:3.0.5:test (sources = true)[0m
2023.04.20 22:21:09 INFO  [INFO] SUCCESS: org.scalatest:scalatest_2.12:jar:3.0.5:test (sources = true)[0m
2023.04.20 22:21:09 INFO  [INFO] Resolving artifact: org.scalactic:scalactic_2.12:jar:3.0.5:test (sources = false)[0m
2023.04.20 22:21:09 INFO  [INFO] SUCCESS: org.scalactic:scalactic_2.12:jar:3.0.5:test (sources = false)[0m
2023.04.20 22:21:09 INFO  [INFO] Resolving artifact: org.scalactic:scalactic_2.12:jar:3.0.5:test (sources = true)[0m
2023.04.20 22:21:09 INFO  [INFO] SUCCESS: org.scalactic:scalactic_2.12:jar:3.0.5:test (sources = true)[0m
2023.04.20 22:21:09 INFO  [INFO] Resolving artifact: org.specs2:specs2-core_2.12:jar:4.2.0:test (sources = false)[0m
2023.04.20 22:21:09 INFO  [INFO] SUCCESS: org.specs2:specs2-core_2.12:jar:4.2.0:test (sources = false)[0m
2023.04.20 22:21:09 INFO  [INFO] Resolving artifact: org.specs2:specs2-core_2.12:jar:4.2.0:test (sources = true)[0m
2023.04.20 22:21:09 INFO  [INFO] SUCCESS: org.specs2:specs2-core_2.12:jar:4.2.0:test (sources = true)[0m
2023.04.20 22:21:09 INFO  [INFO] Resolving artifact: org.specs2:specs2-matcher_2.12:jar:4.2.0:test (sources = false)[0m
2023.04.20 22:21:09 INFO  [INFO] SUCCESS: org.specs2:specs2-matcher_2.12:jar:4.2.0:test (sources = false)[0m
2023.04.20 22:21:09 INFO  [INFO] Resolving artifact: org.specs2:specs2-matcher_2.12:jar:4.2.0:test (sources = true)[0m
2023.04.20 22:21:09 INFO  [INFO] SUCCESS: org.specs2:specs2-matcher_2.12:jar:4.2.0:test (sources = true)[0m
2023.04.20 22:21:09 INFO  [INFO] Resolving artifact: org.specs2:specs2-common_2.12:jar:4.2.0:test (sources = false)[0m
2023.04.20 22:21:09 INFO  [INFO] SUCCESS: org.specs2:specs2-common_2.12:jar:4.2.0:test (sources = false)[0m
2023.04.20 22:21:09 INFO  [INFO] Resolving artifact: org.specs2:specs2-common_2.12:jar:4.2.0:test (sources = true)[0m
2023.04.20 22:21:09 INFO  [INFO] SUCCESS: org.specs2:specs2-common_2.12:jar:4.2.0:test (sources = true)[0m
2023.04.20 22:21:09 INFO  [INFO] Resolving artifact: org.specs2:specs2-fp_2.12:jar:4.2.0:test (sources = false)[0m
2023.04.20 22:21:09 INFO  [INFO] SUCCESS: org.specs2:specs2-fp_2.12:jar:4.2.0:test (sources = false)[0m
2023.04.20 22:21:09 INFO  [INFO] Resolving artifact: org.specs2:specs2-fp_2.12:jar:4.2.0:test (sources = true)[0m
2023.04.20 22:21:09 INFO  [INFO] SUCCESS: org.specs2:specs2-fp_2.12:jar:4.2.0:test (sources = true)[0m
2023.04.20 22:21:09 INFO  [INFO] Resolving artifact: org.scala-sbt:test-interface:jar:1.0:test (sources = false)[0m
2023.04.20 22:21:09 INFO  [INFO] SUCCESS: org.scala-sbt:test-interface:jar:1.0:test (sources = false)[0m
2023.04.20 22:21:09 INFO  [INFO] Resolving artifact: org.scala-sbt:test-interface:jar:1.0:test (sources = true)[0m
2023.04.20 22:21:09 INFO  [INFO] SUCCESS: org.scala-sbt:test-interface:jar:1.0:test (sources = true)[0m
2023.04.20 22:21:09 INFO  [INFO] Resolving artifact: org.specs2:specs2-junit_2.12:jar:4.2.0:test (sources = false)[0m
2023.04.20 22:21:09 INFO  [INFO] SUCCESS: org.specs2:specs2-junit_2.12:jar:4.2.0:test (sources = false)[0m
2023.04.20 22:21:09 INFO  [INFO] Resolving artifact: org.specs2:specs2-junit_2.12:jar:4.2.0:test (sources = true)[0m
2023.04.20 22:21:09 INFO  [INFO] SUCCESS: org.specs2:specs2-junit_2.12:jar:4.2.0:test (sources = true)[0m
2023.04.20 22:21:09 INFO  [INFO] Generated .bloop/scala.removeDuplication-test.json[0m
2023.04.20 22:21:09 INFO  [INFO] ------------------------------------------------------------------------[0m
2023.04.20 22:21:09 INFO  [INFO] BUILD SUCCESS[0m
2023.04.20 22:21:09 INFO  [INFO] ------------------------------------------------------------------------[0m
2023.04.20 22:21:09 INFO  [INFO] Total time:  0.840 s[0m
2023.04.20 22:21:09 INFO  [INFO] Finished at: 2023-04-20T22:21:10+08:00[0m
2023.04.20 22:21:09 INFO  [INFO] ------------------------------------------------------------------------[0m
2023.04.20 22:21:10 INFO  time: ran 'mvn bloopInstall' in 2.08s[0m
2023.04.20 22:21:10 INFO  Disconnecting from Bloop session...[0m
2023.04.20 22:21:10 INFO  Shut down connection with build server.[0m
2023.04.20 22:21:10 INFO  Attempting to connect to the build server...[0m
2023.04.20 22:21:10 INFO  Bloop uses /Users/micuks/Library/Java/JavaVirtualMachines/corretto-17.0.4.1/Contents/Home defined at /Users/micuks/.bloop/bloop.json[0m
2023.04.20 22:21:10 INFO  tracing is disabled for protocol BSP, to enable tracing of incoming and outgoing JSON messages create an empty file at /Users/micuks/dev/mycode/javaHadoop/lab4.scala.removeDuplication/.metals/bsp.trace.json or /Users/micuks/Library/Caches/org.scalameta.metals/bsp.trace.json[0m
2023.04.20 22:21:10 INFO  time: Connected to build server in 20ms[0m
2023.04.20 22:21:10 INFO  Connected to Build server: Bloop v1.5.6[0m
2023.04.20 22:21:12 INFO  time: indexed workspace in 2.38s[0m
2023.04.20 22:21:12 INFO  compiling scala.removeduplication (1 scala source)[0m
2023.04.20 22:21:13 INFO  time: compiled scala.removeDuplication in 1.15s[0m
2023.04.20 22:21:13 INFO  compiling scala.removeduplication-test (3 scala sources)[0m
2023.04.20 22:21:13 INFO  time: compiled scala.removeDuplication-test in 0.56s[0m
2023.04.20 22:21:18 INFO  compiling scala.removeduplication (1 scala source)[0m
2023.04.20 22:21:18 INFO  time: compiled scala.removeDuplication in 0.45s[0m
2023.04.20 22:21:19 INFO  compiling scala.removeduplication (1 scala source)[0m
2023.04.20 22:21:19 INFO  time: compiled scala.removeDuplication in 60ms[0m
2023.04.20 22:21:19 INFO  compiling scala.removeduplication (1 scala source)[0m
2023.04.20 22:21:19 INFO  time: compiled scala.removeDuplication in 29ms[0m
2023.04.20 22:21:22 INFO  compiling scala.removeduplication (1 scala source)[0m
2023.04.20 22:21:22 INFO  time: compiled scala.removeDuplication in 85ms[0m
2023.04.20 22:21:22 INFO  compiling scala.removeduplication (1 scala source)[0m
2023.04.20 22:21:22 INFO  time: compiled scala.removeDuplication in 22ms[0m
2023.04.20 22:21:27 INFO  compiling scala.removeduplication (1 scala source)[0m
2023.04.20 22:21:27 INFO  time: compiled scala.removeDuplication in 0.13s[0m
Apr 20, 2023 10:21:39 PM org.eclipse.lsp4j.jsonrpc.RemoteEndpoint handleCancellation
WARNING: Unmatched cancel notification for request id 209
Apr 20, 2023 10:21:39 PM org.eclipse.lsp4j.jsonrpc.RemoteEndpoint handleCancellation
WARNING: Unmatched cancel notification for request id 210
2023.04.20 22:21:39 INFO  compiling scala.removeduplication (1 scala source)[0m
2023.04.20 22:21:39 INFO  time: compiled scala.removeDuplication in 98ms[0m
2023.04.20 22:21:40 INFO  compiling scala.removeduplication (1 scala source)[0m
2023.04.20 22:21:40 INFO  time: compiled scala.removeDuplication in 0.11s[0m
2023.04.20 22:21:42 INFO  compiling scala.removeduplication (1 scala source)[0m
2023.04.20 22:21:42 INFO  time: compiled scala.removeDuplication in 71ms[0m
2023.04.20 22:21:45 INFO  compiling scala.removeduplication (1 scala source)[0m
2023.04.20 22:21:45 INFO  time: compiled scala.removeDuplication in 91ms[0m
2023.04.20 22:21:45 INFO  compiling scala.removeduplication (1 scala source)[0m
2023.04.20 22:21:45 INFO  time: compiled scala.removeDuplication in 45ms[0m
2023.04.20 22:21:49 INFO  compiling scala.removeduplication (1 scala source)[0m
2023.04.20 22:21:49 INFO  time: compiled scala.removeDuplication in 0.21s[0m
2023.04.20 22:21:49 INFO  compiling scala.removeduplication (1 scala source)[0m
2023.04.20 22:21:49 INFO  time: compiled scala.removeDuplication in 46ms[0m
2023.04.20 22:21:51 INFO  compiling scala.removeduplication (1 scala source)[0m
2023.04.20 22:21:51 INFO  time: compiled scala.removeDuplication in 86ms[0m
2023.04.20 22:21:54 INFO  compiling scala.removeduplication (1 scala source)[0m
2023.04.20 22:21:54 INFO  time: compiled scala.removeDuplication in 57ms[0m
2023.04.20 22:21:55 INFO  compiling scala.removeduplication (1 scala source)[0m
2023.04.20 22:21:55 INFO  time: compiled scala.removeDuplication in 81ms[0m
2023.04.20 22:21:57 INFO  compiling scala.removeduplication (1 scala source)[0m
2023.04.20 22:21:57 INFO  time: compiled scala.removeDuplication in 57ms[0m
2023.04.20 22:21:58 INFO  compiling scala.removeduplication (1 scala source)[0m
2023.04.20 22:21:58 INFO  time: compiled scala.removeDuplication in 85ms[0m
2023.04.20 22:22:01 INFO  compiling scala.removeduplication (1 scala source)[0m
2023.04.20 22:22:01 INFO  time: compiled scala.removeDuplication in 82ms[0m
2023.04.20 22:22:05 INFO  compiling scala.removeduplication (1 scala source)[0m
2023.04.20 22:22:05 INFO  time: compiled scala.removeDuplication in 89ms[0m
2023.04.20 22:22:08 INFO  compiling scala.removeduplication (1 scala source)[0m
2023.04.20 22:22:08 INFO  time: compiled scala.removeDuplication in 76ms[0m
2023.04.20 22:22:10 INFO  compiling scala.removeduplication (1 scala source)[0m
2023.04.20 22:22:10 INFO  time: compiled scala.removeDuplication in 0.14s[0m
2023.04.20 22:22:12 INFO  compiling scala.removeduplication (1 scala source)[0m
2023.04.20 22:22:12 INFO  time: compiled scala.removeDuplication in 87ms[0m
2023.04.20 22:22:17 INFO  compiling scala.removeduplication (1 scala source)[0m
2023.04.20 22:22:17 INFO  time: compiled scala.removeDuplication in 94ms[0m
2023.04.20 22:22:20 INFO  compiling scala.removeduplication (1 scala source)[0m
2023.04.20 22:22:20 INFO  time: compiled scala.removeDuplication in 87ms[0m
2023.04.20 22:22:21 INFO  compiling scala.removeduplication (1 scala source)[0m
2023.04.20 22:22:21 INFO  time: compiled scala.removeDuplication in 90ms[0m
2023.04.20 22:22:21 INFO  compiling scala.removeduplication (1 scala source)[0m
2023.04.20 22:22:21 INFO  time: compiled scala.removeDuplication in 42ms[0m
2023.04.20 22:22:26 INFO  compiling scala.removeduplication (1 scala source)[0m
2023.04.20 22:22:26 INFO  time: compiled scala.removeDuplication in 0.52s[0m
2023.04.20 22:22:26 INFO  compiling scala.removeduplication (1 scala source)[0m
2023.04.20 22:22:26 INFO  time: compiled scala.removeDuplication in 38ms[0m
2023.04.20 22:22:29 INFO  compiling scala.removeduplication (1 scala source)[0m
2023.04.20 22:22:29 INFO  time: compiled scala.removeDuplication in 76ms[0m
2023.04.20 22:22:31 INFO  compiling scala.removeduplication (1 scala source)[0m
2023.04.20 22:22:31 INFO  time: compiled scala.removeDuplication in 0.45s[0m
2023.04.20 22:22:32 INFO  compiling scala.removeduplication (1 scala source)[0m
2023.04.20 22:22:32 INFO  time: compiled scala.removeDuplication in 0.45s[0m
2023.04.20 22:22:37 INFO  compiling scala.removeduplication (1 scala source)[0m
2023.04.20 22:22:37 INFO  time: compiled scala.removeDuplication in 0.52s[0m
2023.04.20 22:22:37 INFO  compiling scala.removeduplication (1 scala source)[0m
2023.04.20 22:22:37 INFO  time: compiled scala.removeDuplication in 0.27s[0m
2023.04.20 22:22:39 INFO  compiling scala.removeduplication (1 scala source)[0m
2023.04.20 22:22:39 INFO  time: compiled scala.removeDuplication in 87ms[0m
2023.04.20 22:22:40 INFO  compiling scala.removeduplication (1 scala source)[0m
2023.04.20 22:22:40 INFO  time: compiled scala.removeDuplication in 82ms[0m
2023.04.20 22:22:40 INFO  compiling scala.removeduplication (1 scala source)[0m
2023.04.20 22:22:40 INFO  time: compiled scala.removeDuplication in 70ms[0m
2023.04.20 22:22:48 INFO  compiling scala.removeduplication (1 scala source)[0m
2023.04.20 22:22:48 INFO  time: compiled scala.removeDuplication in 78ms[0m
2023.04.20 22:22:50 INFO  compiling scala.removeduplication (1 scala source)[0m
2023.04.20 22:22:50 INFO  time: compiled scala.removeDuplication in 0.59s[0m
2023.04.20 22:22:50 INFO  compiling scala.removeduplication (1 scala source)[0m
2023.04.20 22:22:51 WARN  Could not load snapshot text for /Users/micuks/dev/mycode/javaHadoop/lab4.scala.removeDuplication/src/main/scala/org/wql2020211597/scala/removeDuplication/RemoveDuplication.scala[0m
2023.04.20 22:22:51 INFO  time: compiled scala.removeDuplication in 0.29s[0m
2023.04.20 22:22:53 INFO  compiling scala.removeduplication (1 scala source)[0m
2023.04.20 22:22:53 INFO  time: compiled scala.removeDuplication in 80ms[0m
2023.04.20 22:22:53 INFO  compiling scala.removeduplication (1 scala source)[0m
2023.04.20 22:22:54 INFO  time: compiled scala.removeDuplication in 0.6s[0m
2023.04.20 22:22:54 INFO  compiling scala.removeduplication (1 scala source)[0m
2023.04.20 22:22:55 INFO  time: compiled scala.removeDuplication in 0.44s[0m
2023.04.20 22:23:00 INFO  compiling scala.removeduplication (1 scala source)[0m
2023.04.20 22:23:00 INFO  time: compiled scala.removeDuplication in 57ms[0m
2023.04.20 22:23:00 INFO  compiling scala.removeduplication (1 scala source)[0m
2023.04.20 22:23:00 INFO  time: compiled scala.removeDuplication in 17ms[0m
2023.04.20 22:23:02 INFO  compiling scala.removeduplication (1 scala source)[0m
2023.04.20 22:23:02 INFO  time: compiled scala.removeDuplication in 59ms[0m
2023.04.20 22:23:06 INFO  compiling scala.removeduplication (1 scala source)[0m
2023.04.20 22:23:06 INFO  time: compiled scala.removeDuplication in 89ms[0m
2023.04.20 22:23:09 INFO  compiling scala.removeduplication (1 scala source)[0m
2023.04.20 22:23:09 INFO  time: compiled scala.removeDuplication in 0.45s[0m
2023.04.20 22:23:12 INFO  compiling scala.removeduplication (1 scala source)[0m
2023.04.20 22:23:12 INFO  time: compiled scala.removeDuplication in 62ms[0m
2023.04.20 22:23:15 INFO  compiling scala.removeduplication (1 scala source)[0m
2023.04.20 22:23:15 INFO  time: compiled scala.removeDuplication in 83ms[0m
2023.04.20 22:23:17 INFO  compiling scala.removeduplication (1 scala source)[0m
2023.04.20 22:23:17 INFO  time: compiled scala.removeDuplication in 0.43s[0m
2023.04.20 22:23:19 INFO  compiling scala.removeduplication (1 scala source)[0m
2023.04.20 22:23:19 INFO  time: compiled scala.removeDuplication in 0.43s[0m
2023.04.20 22:23:20 INFO  compiling scala.removeduplication (1 scala source)[0m
2023.04.20 22:23:20 INFO  time: compiled scala.removeDuplication in 0.18s[0m
2023.04.20 22:23:53 INFO  compiling scala.removeduplication (1 scala source)[0m
2023.04.20 22:23:53 INFO  time: compiled scala.removeDuplication in 0.19s[0m
2023.04.20 22:23:53 INFO  compiling scala.removeduplication (1 scala source)[0m
2023.04.20 22:23:54 INFO  time: compiled scala.removeDuplication in 0.76s[0m
2023.04.20 22:23:57 INFO  compiling scala.removeduplication (1 scala source)[0m
2023.04.20 22:23:57 INFO  time: compiled scala.removeDuplication in 77ms[0m
2023.04.20 22:23:57 WARN  Could not load snapshot text for /Users/micuks/dev/mycode/javaHadoop/lab4.scala.removeDuplication/src/main/scala/org/wql2020211597/scala/removeDuplication/RemoveDuplication.scala[0m
2023.04.20 22:23:57 WARN  Could not load snapshot text for /Users/micuks/dev/mycode/javaHadoop/lab4.scala.removeDuplication/src/main/scala/org/wql2020211597/scala/removeDuplication/RemoveDuplication.scala[0m
2023.04.20 22:23:58 INFO  compiling scala.removeduplication (1 scala source)[0m
2023.04.20 22:23:58 INFO  time: compiled scala.removeDuplication in 78ms[0m
2023.04.20 22:23:58 WARN  Could not load snapshot text for /Users/micuks/dev/mycode/javaHadoop/lab4.scala.removeDuplication/src/main/scala/org/wql2020211597/scala/removeDuplication/RemoveDuplication.scala[0m
2023.04.20 22:24:01 WARN  Could not load snapshot text for /Users/micuks/dev/mycode/javaHadoop/lab4.scala.removeDuplication/src/main/scala/org/wql2020211597/scala/removeDuplication/RemoveDuplication.scala[0m
2023.04.20 22:24:06 WARN  Could not load snapshot text for /Users/micuks/dev/mycode/javaHadoop/lab4.scala.removeDuplication/src/main/scala/org/wql2020211597/scala/removeDuplication/RemoveDuplication.scala[0m
2023.04.20 22:24:06 WARN  Could not load snapshot text for /Users/micuks/dev/mycode/javaHadoop/lab4.scala.removeDuplication/src/main/scala/org/wql2020211597/scala/removeDuplication/RemoveDuplication.scala[0m
2023.04.20 22:24:07 WARN  Could not load snapshot text for /Users/micuks/dev/mycode/javaHadoop/lab4.scala.removeDuplication/src/main/scala/org/wql2020211597/scala/removeDuplication/RemoveDuplication.scala[0m
2023.04.20 22:24:08 WARN  Could not load snapshot text for /Users/micuks/dev/mycode/javaHadoop/lab4.scala.removeDuplication/src/main/scala/org/wql2020211597/scala/removeDuplication/RemoveDuplication.scala[0m
2023.04.20 22:24:09 WARN  Could not load snapshot text for /Users/micuks/dev/mycode/javaHadoop/lab4.scala.removeDuplication/src/main/scala/org/wql2020211597/scala/removeDuplication/RemoveDuplication.scala[0m
2023.04.20 22:24:09 INFO  compiling scala.removeduplication (1 scala source)[0m
2023.04.20 22:24:09 INFO  time: compiled scala.removeDuplication in 93ms[0m
2023.04.20 22:24:09 WARN  Could not load snapshot text for /Users/micuks/dev/mycode/javaHadoop/lab4.scala.removeDuplication/src/main/scala/org/wql2020211597/scala/removeDuplication/RemoveDuplication.scala[0m
2023.04.20 22:24:11 WARN  Could not load snapshot text for /Users/micuks/dev/mycode/javaHadoop/lab4.scala.removeDuplication/src/main/scala/org/wql2020211597/scala/removeDuplication/RemoveDuplication.scala[0m
2023.04.20 22:24:12 INFO  compiling scala.removeduplication (1 scala source)[0m
2023.04.20 22:24:12 INFO  time: compiled scala.removeDuplication in 0.16s[0m
2023.04.20 22:24:12 WARN  Could not load snapshot text for /Users/micuks/dev/mycode/javaHadoop/lab4.scala.removeDuplication/src/main/scala/org/wql2020211597/scala/removeDuplication/RemoveDuplication.scala[0m
2023.04.20 22:25:22 WARN  Could not load snapshot text for /Users/micuks/dev/mycode/javaHadoop/lab4.scala.removeDuplication/src/main/scala/org/wql2020211597/scala/removeDuplication/RemoveDuplication.scala[0m
2023.04.20 22:25:24 WARN  Could not load snapshot text for /Users/micuks/dev/mycode/javaHadoop/lab4.scala.removeDuplication/src/main/scala/org/wql2020211597/scala/removeDuplication/RemoveDuplication.scala[0m
2023.04.20 22:25:24 WARN  Could not load snapshot text for /Users/micuks/dev/mycode/javaHadoop/lab4.scala.removeDuplication/src/main/scala/org/wql2020211597/scala/removeDuplication/RemoveDuplication.scala[0m
2023.04.20 22:25:24 INFO  compiling scala.removeduplication (1 scala source)[0m
2023.04.20 22:25:24 INFO  time: compiled scala.removeDuplication in 0.21s[0m
2023.04.20 22:25:25 WARN  Could not load snapshot text for /Users/micuks/dev/mycode/javaHadoop/lab4.scala.removeDuplication/src/main/scala/org/wql2020211597/scala/removeDuplication/RemoveDuplication.scala[0m
2023.04.20 22:25:26 WARN  Could not load snapshot text for /Users/micuks/dev/mycode/javaHadoop/lab4.scala.removeDuplication/src/main/scala/org/wql2020211597/scala/removeDuplication/RemoveDuplication.scala[0m
2023.04.20 22:25:26 INFO  compiling scala.removeduplication (1 scala source)[0m
2023.04.20 22:25:26 INFO  time: compiled scala.removeDuplication in 0.12s[0m
2023.04.20 22:25:27 WARN  Could not load snapshot text for /Users/micuks/dev/mycode/javaHadoop/lab4.scala.removeDuplication/src/main/scala/org/wql2020211597/scala/removeDuplication/RemoveDuplication.scala[0m
2023.04.20 22:25:26 INFO  compiling scala.removeduplication (1 scala source)[0m
2023.04.20 22:25:26 INFO  time: compiled scala.removeDuplication in 43ms[0m
2023.04.20 22:25:27 WARN  Could not load snapshot text for /Users/micuks/dev/mycode/javaHadoop/lab4.scala.removeDuplication/src/main/scala/org/wql2020211597/scala/removeDuplication/RemoveDuplication.scala[0m
2023.04.20 22:25:30 WARN  Could not load snapshot text for /Users/micuks/dev/mycode/javaHadoop/lab4.scala.removeDuplication/src/main/scala/org/wql2020211597/scala/removeDuplication/RemoveDuplication.scala[0m
2023.04.20 22:25:31 WARN  Could not load snapshot text for /Users/micuks/dev/mycode/javaHadoop/lab4.scala.removeDuplication/src/main/scala/org/wql2020211597/scala/removeDuplication/RemoveDuplication.scala[0m
2023.04.20 22:25:32 WARN  Could not load snapshot text for /Users/micuks/dev/mycode/javaHadoop/lab4.scala.removeDuplication/src/main/scala/org/wql2020211597/scala/removeDuplication/RemoveDuplication.scala[0m
2023.04.20 22:25:33 INFO  compiling scala.removeduplication (1 scala source)[0m
2023.04.20 22:25:33 INFO  time: compiled scala.removeDuplication in 81ms[0m
2023.04.20 22:25:33 WARN  Could not load snapshot text for /Users/micuks/dev/mycode/javaHadoop/lab4.scala.removeDuplication/src/main/scala/org/wql2020211597/scala/removeDuplication/RemoveDuplication.scala[0m
2023.04.20 22:25:45 WARN  Could not load snapshot text for /Users/micuks/dev/mycode/javaHadoop/lab4.scala.removeDuplication/src/main/scala/org/wql2020211597/scala/removeDuplication/RemoveDuplication.scala[0m
something's wrong: no file:///Users/micuks/dev/mycode/javaHadoop/lab4.scala.removeDuplication/src/main/scala/org/wql2020211597/scala/removeDuplication/RemoveDuplication.scala in org.apache.spark.rdd.RDD[<error>]RangePosition(file:///Users/micuks/dev/mycode/javaHadoop/lab4.scala.removeDuplication/src/main/scala/org/wql2020211597/scala/removeDuplication/RemoveDuplication.scala, 542, 542, 555)
2023.04.20 22:25:45 WARN  Could not load snapshot text for /Users/micuks/dev/mycode/javaHadoop/lab4.scala.removeDuplication/src/main/scala/org/wql2020211597/scala/removeDuplication/RemoveDuplication.scala[0m
2023.04.20 22:25:46 INFO  compiling scala.removeduplication (1 scala source)[0m
2023.04.20 22:25:46 INFO  time: compiled scala.removeDuplication in 63ms[0m
something's wrong: no file:///Users/micuks/dev/mycode/javaHadoop/lab4.scala.removeDuplication/src/main/scala/org/wql2020211597/scala/removeDuplication/RemoveDuplication.scala in org.apache.spark.rdd.RDD[<error>]RangePosition(file:///Users/micuks/dev/mycode/javaHadoop/lab4.scala.removeDuplication/src/main/scala/org/wql2020211597/scala/removeDuplication/RemoveDuplication.scala, 542, 542, 548)
2023.04.20 22:25:46 WARN  Could not load snapshot text for /Users/micuks/dev/mycode/javaHadoop/lab4.scala.removeDuplication/src/main/scala/org/wql2020211597/scala/removeDuplication/RemoveDuplication.scala[0m
something's wrong: no file:///Users/micuks/dev/mycode/javaHadoop/lab4.scala.removeDuplication/src/main/scala/org/wql2020211597/scala/removeDuplication/RemoveDuplication.scala in org.apache.spark.rdd.RDD[<error>]RangePosition(file:///Users/micuks/dev/mycode/javaHadoop/lab4.scala.removeDuplication/src/main/scala/org/wql2020211597/scala/removeDuplication/RemoveDuplication.scala, 542, 542, 549)
something's wrong: no file:///Users/micuks/dev/mycode/javaHadoop/lab4.scala.removeDuplication/src/main/scala/org/wql2020211597/scala/removeDuplication/RemoveDuplication.scala in org.apache.spark.rdd.RDD[<error>]RangePosition(file:///Users/micuks/dev/mycode/javaHadoop/lab4.scala.removeDuplication/src/main/scala/org/wql2020211597/scala/removeDuplication/RemoveDuplication.scala, 542, 542, 550)
something's wrong: no file:///Users/micuks/dev/mycode/javaHadoop/lab4.scala.removeDuplication/src/main/scala/org/wql2020211597/scala/removeDuplication/RemoveDuplication.scala in org.apache.spark.rdd.RDD[<error>]RangePosition(file:///Users/micuks/dev/mycode/javaHadoop/lab4.scala.removeDuplication/src/main/scala/org/wql2020211597/scala/removeDuplication/RemoveDuplication.scala, 542, 542, 552)
something's wrong: no file:///Users/micuks/dev/mycode/javaHadoop/lab4.scala.removeDuplication/src/main/scala/org/wql2020211597/scala/removeDuplication/RemoveDuplication.scala in org.apache.spark.rdd.RDD[String]RangePosition(file:///Users/micuks/dev/mycode/javaHadoop/lab4.scala.removeDuplication/src/main/scala/org/wql2020211597/scala/removeDuplication/RemoveDuplication.scala, 542, 542, 553)
2023.04.20 22:25:47 WARN  Could not load snapshot text for /Users/micuks/dev/mycode/javaHadoop/lab4.scala.removeDuplication/src/main/scala/org/wql2020211597/scala/removeDuplication/RemoveDuplication.scala[0m
2023.04.20 22:25:47 INFO  compiling scala.removeduplication (1 scala source)[0m
2023.04.20 22:25:47 INFO  time: compiled scala.removeDuplication in 97ms[0m
something's wrong: no file:///Users/micuks/dev/mycode/javaHadoop/lab4.scala.removeDuplication/src/main/scala/org/wql2020211597/scala/removeDuplication/RemoveDuplication.scala in org.apache.spark.rdd.RDD[String]RangePosition(file:///Users/micuks/dev/mycode/javaHadoop/lab4.scala.removeDuplication/src/main/scala/org/wql2020211597/scala/removeDuplication/RemoveDuplication.scala, 542, 542, 553)
2023.04.20 22:25:48 WARN  Could not load snapshot text for /Users/micuks/dev/mycode/javaHadoop/lab4.scala.removeDuplication/src/main/scala/org/wql2020211597/scala/removeDuplication/RemoveDuplication.scala[0m
2023.04.20 22:25:47 INFO  compiling scala.removeduplication (1 scala source)[0m
2023.04.20 22:25:47 INFO  time: compiled scala.removeDuplication in 42ms[0m
2023.04.20 22:25:48 WARN  Could not load snapshot text for /Users/micuks/dev/mycode/javaHadoop/lab4.scala.removeDuplication/src/main/scala/org/wql2020211597/scala/removeDuplication/RemoveDuplication.scala[0m
2023.04.20 22:25:52 WARN  Could not load snapshot text for /Users/micuks/dev/mycode/javaHadoop/lab4.scala.removeDuplication/src/main/scala/org/wql2020211597/scala/removeDuplication/RemoveDuplication.scala[0m
2023.04.20 22:25:52 INFO  compiling scala.removeduplication (1 scala source)[0m
2023.04.20 22:25:52 INFO  time: compiled scala.removeDuplication in 87ms[0m
2023.04.20 22:25:52 WARN  Could not load snapshot text for /Users/micuks/dev/mycode/javaHadoop/lab4.scala.removeDuplication/src/main/scala/org/wql2020211597/scala/removeDuplication/RemoveDuplication.scala[0m
2023.04.20 22:25:53 WARN  Could not load snapshot text for /Users/micuks/dev/mycode/javaHadoop/lab4.scala.removeDuplication/src/main/scala/org/wql2020211597/scala/removeDuplication/RemoveDuplication.scala[0m
2023.04.20 22:25:52 INFO  compiling scala.removeduplication (1 scala source)[0m
2023.04.20 22:25:53 INFO  time: compiled scala.removeDuplication in 51ms[0m
2023.04.20 22:25:54 WARN  Could not load snapshot text for /Users/micuks/dev/mycode/javaHadoop/lab4.scala.removeDuplication/src/main/scala/org/wql2020211597/scala/removeDuplication/RemoveDuplication.scala[0m
2023.04.20 22:26:08 WARN  Could not load snapshot text for /Users/micuks/dev/mycode/javaHadoop/lab4.scala.removeDuplication/src/main/scala/org/wql2020211597/scala/removeDuplication/RemoveDuplication.scala[0m
2023.04.20 22:26:09 INFO  compiling scala.removeduplication (1 scala source)[0m
2023.04.20 22:26:09 INFO  time: compiled scala.removeDuplication in 0.46s[0m
2023.04.20 22:26:13 INFO  compiling scala.removeduplication (1 scala source)[0m
2023.04.20 22:26:13 INFO  time: compiled scala.removeDuplication in 73ms[0m
Apr 20, 2023 10:26:13 PM scala.meta.internal.pc.CompilerAccess retryWithCleanCompiler
INFO: compiler crashed due to an error in the Scala compiler, retrying with new compiler instance.
2023.04.20 22:26:17 INFO  compiling scala.removeduplication (1 scala source)[0m
2023.04.20 22:26:17 INFO  time: compiled scala.removeDuplication in 78ms[0m
2023.04.20 22:26:19 INFO  compiling scala.removeduplication (1 scala source)[0m
2023.04.20 22:26:19 INFO  time: compiled scala.removeDuplication in 65ms[0m
2023.04.20 22:26:19 INFO  compiling scala.removeduplication (1 scala source)[0m
2023.04.20 22:26:19 INFO  time: compiled scala.removeDuplication in 17ms[0m
2023.04.20 22:26:21 INFO  compiling scala.removeduplication (1 scala source)[0m
2023.04.20 22:26:21 INFO  time: compiled scala.removeDuplication in 46ms[0m
something's wrong: no file:///Users/micuks/dev/mycode/javaHadoop/lab4.scala.removeDuplication/src/main/scala/org/wql2020211597/scala/removeDuplication/RemoveDuplication.scala in org.apache.spark.rdd.RDD[<error>]RangePosition(file:///Users/micuks/dev/mycode/javaHadoop/lab4.scala.removeDuplication/src/main/scala/org/wql2020211597/scala/removeDuplication/RemoveDuplication.scala, 518, 518, 531)
something's wrong: no file:///Users/micuks/dev/mycode/javaHadoop/lab4.scala.removeDuplication/src/main/scala/org/wql2020211597/scala/removeDuplication/RemoveDuplication.scala in org.apache.spark.rdd.RDD[<error>]RangePosition(file:///Users/micuks/dev/mycode/javaHadoop/lab4.scala.removeDuplication/src/main/scala/org/wql2020211597/scala/removeDuplication/RemoveDuplication.scala, 518, 518, 524)
something's wrong: no file:///Users/micuks/dev/mycode/javaHadoop/lab4.scala.removeDuplication/src/main/scala/org/wql2020211597/scala/removeDuplication/RemoveDuplication.scala in org.apache.spark.rdd.RDD[<error>]RangePosition(file:///Users/micuks/dev/mycode/javaHadoop/lab4.scala.removeDuplication/src/main/scala/org/wql2020211597/scala/removeDuplication/RemoveDuplication.scala, 518, 518, 525)
something's wrong: no file:///Users/micuks/dev/mycode/javaHadoop/lab4.scala.removeDuplication/src/main/scala/org/wql2020211597/scala/removeDuplication/RemoveDuplication.scala in org.apache.spark.rdd.RDD[String]RangePosition(file:///Users/micuks/dev/mycode/javaHadoop/lab4.scala.removeDuplication/src/main/scala/org/wql2020211597/scala/removeDuplication/RemoveDuplication.scala, 518, 518, 529)
something's wrong: no file:///Users/micuks/dev/mycode/javaHadoop/lab4.scala.removeDuplication/src/main/scala/org/wql2020211597/scala/removeDuplication/RemoveDuplication.scala in org.apache.spark.rdd.RDD[<error>]RangePosition(file:///Users/micuks/dev/mycode/javaHadoop/lab4.scala.removeDuplication/src/main/scala/org/wql2020211597/scala/removeDuplication/RemoveDuplication.scala, 518, 518, 530)
2023.04.20 22:26:24 INFO  compiling scala.removeduplication (1 scala source)[0m
2023.04.20 22:26:24 INFO  time: compiled scala.removeDuplication in 67ms[0m
2023.04.20 22:26:24 INFO  compiling scala.removeduplication (1 scala source)[0m
2023.04.20 22:26:24 INFO  time: compiled scala.removeDuplication in 17ms[0m
2023.04.20 22:26:26 INFO  compiling scala.removeduplication (1 scala source)[0m
2023.04.20 22:26:26 INFO  time: compiled scala.removeDuplication in 73ms[0m
2023.04.20 22:26:27 INFO  compiling scala.removeduplication (1 scala source)[0m
2023.04.20 22:26:27 INFO  time: compiled scala.removeDuplication in 0.4s[0m
2023.04.20 22:26:28 INFO  compiling scala.removeduplication (1 scala source)[0m
2023.04.20 22:26:28 INFO  time: compiled scala.removeDuplication in 0.17s[0m
2023.04.20 22:26:47 INFO  compiling scala.removeduplication (1 scala source)[0m
2023.04.20 22:26:47 INFO  time: compiled scala.removeDuplication in 75ms[0m
2023.04.20 22:26:50 INFO  compiling scala.removeduplication (1 scala source)[0m
2023.04.20 22:26:50 INFO  time: compiled scala.removeDuplication in 84ms[0m
2023.04.20 22:26:52 INFO  compiling scala.removeduplication (1 scala source)[0m
2023.04.20 22:26:52 INFO  time: compiled scala.removeDuplication in 67ms[0m
2023.04.20 22:26:53 INFO  compiling scala.removeduplication (1 scala source)[0m
2023.04.20 22:26:53 INFO  time: compiled scala.removeDuplication in 64ms[0m
2023.04.20 22:26:55 INFO  compiling scala.removeduplication (1 scala source)[0m
2023.04.20 22:26:55 INFO  time: compiled scala.removeDuplication in 66ms[0m
2023.04.20 22:26:55 INFO  compiling scala.removeduplication (1 scala source)[0m
2023.04.20 22:26:55 INFO  time: compiled scala.removeDuplication in 16ms[0m
2023.04.20 22:26:57 INFO  compiling scala.removeduplication (1 scala source)[0m
2023.04.20 22:26:57 INFO  time: compiled scala.removeDuplication in 63ms[0m
2023.04.20 22:27:01 INFO  compiling scala.removeduplication (1 scala source)[0m
2023.04.20 22:27:01 INFO  time: compiled scala.removeDuplication in 84ms[0m
2023.04.20 22:27:01 INFO  compiling scala.removeduplication (1 scala source)[0m
2023.04.20 22:27:01 INFO  time: compiled scala.removeDuplication in 41ms[0m
2023.04.20 22:27:07 INFO  compiling scala.removeduplication (1 scala source)[0m
2023.04.20 22:27:07 INFO  time: compiled scala.removeDuplication in 85ms[0m
2023.04.20 22:27:08 INFO  compiling scala.removeduplication (1 scala source)[0m
2023.04.20 22:27:08 INFO  time: compiled scala.removeDuplication in 94ms[0m
2023.04.20 22:27:08 INFO  compiling scala.removeduplication (1 scala source)[0m
2023.04.20 22:27:08 INFO  time: compiled scala.removeDuplication in 41ms[0m
2023.04.20 22:27:10 INFO  compiling scala.removeduplication (1 scala source)[0m
2023.04.20 22:27:10 INFO  time: compiled scala.removeDuplication in 17ms[0m
2023.04.20 22:27:30 INFO  compiling scala.removeduplication (1 scala source)[0m
2023.04.20 22:27:30 INFO  time: compiled scala.removeDuplication in 69ms[0m
2023.04.20 22:27:41 INFO  compiling scala.removeduplication (1 scala source)[0m
2023.04.20 22:27:41 INFO  time: compiled scala.removeDuplication in 72ms[0m
2023.04.20 22:27:45 INFO  compiling scala.removeduplication (1 scala source)[0m
2023.04.20 22:27:45 INFO  time: compiled scala.removeDuplication in 89ms[0m
2023.04.20 22:27:45 INFO  compiling scala.removeduplication (1 scala source)[0m
2023.04.20 22:27:46 INFO  time: compiled scala.removeDuplication in 38ms[0m
2023.04.20 22:27:49 INFO  compiling scala.removeduplication (1 scala source)[0m
2023.04.20 22:27:49 INFO  time: compiled scala.removeDuplication in 97ms[0m
2023.04.20 22:27:54 INFO  compiling scala.removeduplication (1 scala source)[0m
2023.04.20 22:27:54 INFO  time: compiled scala.removeDuplication in 98ms[0m
2023.04.20 22:27:57 INFO  compiling scala.removeduplication (1 scala source)[0m
2023.04.20 22:27:57 INFO  time: compiled scala.removeDuplication in 70ms[0m
2023.04.20 22:27:57 INFO  compiling scala.removeduplication (1 scala source)[0m
2023.04.20 22:27:57 INFO  time: compiled scala.removeDuplication in 92ms[0m
2023.04.20 22:27:59 INFO  compiling scala.removeduplication (1 scala source)[0m
2023.04.20 22:27:59 INFO  time: compiled scala.removeDuplication in 97ms[0m
2023.04.20 22:28:01 INFO  compiling scala.removeduplication (1 scala source)[0m
2023.04.20 22:28:01 INFO  time: compiled scala.removeDuplication in 0.1s[0m
2023.04.20 22:28:02 INFO  compiling scala.removeduplication (1 scala source)[0m
2023.04.20 22:28:02 INFO  time: compiled scala.removeDuplication in 0.11s[0m
2023.04.20 22:28:02 INFO  compiling scala.removeduplication (1 scala source)[0m
2023.04.20 22:28:03 INFO  time: compiled scala.removeDuplication in 0.4s[0m
2023.04.20 22:28:16 INFO  compiling scala.removeduplication (1 scala source)[0m
2023.04.20 22:28:16 INFO  time: compiled scala.removeDuplication in 0.5s[0m
2023.04.20 22:28:17 INFO  compiling scala.removeduplication (1 scala source)[0m
2023.04.20 22:28:17 INFO  time: compiled scala.removeDuplication in 63ms[0m
2023.04.20 22:28:18 INFO  compiling scala.removeduplication (1 scala source)[0m
2023.04.20 22:28:18 INFO  time: compiled scala.removeDuplication in 66ms[0m
2023.04.20 22:29:37 INFO  file:///Users/micuks/dev/mycode/javaHadoop/lab4.scala.removeDuplication/src/main/scala/org/wql2020211597/scala/removeDuplication/RemoveDuplication.scala:21:3: stale bloop error: illegal start of simple pattern
  }
  ^[0m
2023.04.20 22:29:37 INFO  file:///Users/micuks/dev/mycode/javaHadoop/lab4.scala.removeDuplication/src/main/scala/org/wql2020211597/scala/removeDuplication/RemoveDuplication.scala:21:3: stale bloop error: illegal start of simple pattern
  }
  ^[0m
2023.04.20 22:29:38 INFO  compiling scala.removeduplication (1 scala source)[0m
2023.04.20 22:29:38 INFO  time: compiled scala.removeDuplication in 88ms[0m
2023.04.20 22:29:44 INFO  compiling scala.removeduplication (1 scala source)[0m
2023.04.20 22:29:44 INFO  time: compiled scala.removeDuplication in 81ms[0m
something's wrong: no file:///Users/micuks/dev/mycode/javaHadoop/lab4.scala.removeDuplication/src/main/scala/org/wql2020211597/scala/removeDuplication/RemoveDuplication.scala in org.apache.spark.rdd.RDD[<error>]RangePosition(file:///Users/micuks/dev/mycode/javaHadoop/lab4.scala.removeDuplication/src/main/scala/org/wql2020211597/scala/removeDuplication/RemoveDuplication.scala, 653, 653, 666)
something's wrong: no file:///Users/micuks/dev/mycode/javaHadoop/lab4.scala.removeDuplication/src/main/scala/org/wql2020211597/scala/removeDuplication/RemoveDuplication.scala in org.apache.spark.rdd.RDD[<error>]RangePosition(file:///Users/micuks/dev/mycode/javaHadoop/lab4.scala.removeDuplication/src/main/scala/org/wql2020211597/scala/removeDuplication/RemoveDuplication.scala, 653, 653, 659)
2023.04.20 22:29:48 INFO  compiling scala.removeduplication (1 scala source)[0m
something's wrong: no file:///Users/micuks/dev/mycode/javaHadoop/lab4.scala.removeDuplication/src/main/scala/org/wql2020211597/scala/removeDuplication/RemoveDuplication.scala in org.apache.spark.rdd.RDD[<error>]RangePosition(file:///Users/micuks/dev/mycode/javaHadoop/lab4.scala.removeDuplication/src/main/scala/org/wql2020211597/scala/removeDuplication/RemoveDuplication.scala, 653, 653, 659)
2023.04.20 22:29:48 INFO  time: compiled scala.removeDuplication in 0.1s[0m
2023.04.20 22:29:49 INFO  compiling scala.removeduplication (1 scala source)[0m
2023.04.20 22:29:49 INFO  time: compiled scala.removeDuplication in 98ms[0m
2023.04.20 22:29:52 INFO  compiling scala.removeduplication (1 scala source)[0m
2023.04.20 22:29:52 INFO  time: compiled scala.removeDuplication in 92ms[0m
2023.04.20 22:29:52 INFO  compiling scala.removeduplication (1 scala source)[0m
2023.04.20 22:29:52 INFO  time: compiled scala.removeDuplication in 46ms[0m
2023.04.20 22:29:54 INFO  compiling scala.removeduplication (1 scala source)[0m
2023.04.20 22:29:54 INFO  time: compiled scala.removeDuplication in 66ms[0m
2023.04.20 22:29:54 INFO  compiling scala.removeduplication (1 scala source)[0m
2023.04.20 22:29:54 INFO  time: compiled scala.removeDuplication in 17ms[0m
2023.04.20 22:29:56 INFO  compiling scala.removeduplication (1 scala source)[0m
2023.04.20 22:29:56 INFO  time: compiled scala.removeDuplication in 0.11s[0m
2023.04.20 22:29:58 INFO  compiling scala.removeduplication (1 scala source)[0m
2023.04.20 22:29:58 INFO  time: compiled scala.removeDuplication in 0.1s[0m
2023.04.20 22:29:59 INFO  compiling scala.removeduplication (1 scala source)[0m
2023.04.20 22:29:59 INFO  time: compiled scala.removeDuplication in 73ms[0m
2023.04.20 22:30:02 INFO  compiling scala.removeduplication (1 scala source)[0m
2023.04.20 22:30:02 INFO  time: compiled scala.removeDuplication in 96ms[0m
2023.04.20 22:30:02 INFO  file:///Users/micuks/dev/mycode/javaHadoop/lab4.scala.removeDuplication/src/main/scala/org/wql2020211597/scala/removeDuplication/RemoveDuplication.scala:20:62: stale bloop error: overloaded method value split with alternatives:
  (x$1: String)Array[String] <and>
  (x$1: String,x$2: Int)Array[String]
 cannot be applied to ()
    val linesB: RDD[String] = textB.flatMap((line: String)=>{line.split()})
                                                             ^^^^^^^^^^[0m
2023.04.20 22:30:02 INFO  file:///Users/micuks/dev/mycode/javaHadoop/lab4.scala.removeDuplication/src/main/scala/org/wql2020211597/scala/removeDuplication/RemoveDuplication.scala:20:62: stale bloop error: overloaded method value split with alternatives:
  (x$1: String)Array[String] <and>
  (x$1: String,x$2: Int)Array[String]
 cannot be applied to ()
    val linesB: RDD[String] = textB.flatMap((line: String)=>{line.split()})
                                                             ^^^^^^^^^^[0m
2023.04.20 22:30:03 INFO  compiling scala.removeduplication (1 scala source)[0m
2023.04.20 22:30:03 INFO  time: compiled scala.removeDuplication in 0.48s[0m
2023.04.20 22:30:04 INFO  compiling scala.removeduplication (1 scala source)[0m
2023.04.20 22:30:04 INFO  time: compiled scala.removeDuplication in 0.17s[0m
2023.04.20 22:30:07 INFO  compiling scala.removeduplication (1 scala source)[0m
2023.04.20 22:30:07 INFO  time: compiled scala.removeDuplication in 0.73s[0m
2023.04.20 22:30:15 INFO  compiling scala.removeduplication (1 scala source)[0m
2023.04.20 22:30:15 INFO  time: compiled scala.removeDuplication in 81ms[0m
something's wrong: no file:///Users/micuks/dev/mycode/javaHadoop/lab4.scala.removeDuplication/src/main/scala/org/wql2020211597/scala/removeDuplication/RemoveDuplication.scala in org.apache.spark.rdd.RDD[<error>]RangePosition(file:///Users/micuks/dev/mycode/javaHadoop/lab4.scala.removeDuplication/src/main/scala/org/wql2020211597/scala/removeDuplication/RemoveDuplication.scala, 759, 759, 772)
something's wrong: no file:///Users/micuks/dev/mycode/javaHadoop/lab4.scala.removeDuplication/src/main/scala/org/wql2020211597/scala/removeDuplication/RemoveDuplication.scala in org.apache.spark.rdd.RDD[<error>]RangePosition(file:///Users/micuks/dev/mycode/javaHadoop/lab4.scala.removeDuplication/src/main/scala/org/wql2020211597/scala/removeDuplication/RemoveDuplication.scala, 759, 759, 765)
something's wrong: no file:///Users/micuks/dev/mycode/javaHadoop/lab4.scala.removeDuplication/src/main/scala/org/wql2020211597/scala/removeDuplication/RemoveDuplication.scala in org.apache.spark.rdd.RDD[<error>]RangePosition(file:///Users/micuks/dev/mycode/javaHadoop/lab4.scala.removeDuplication/src/main/scala/org/wql2020211597/scala/removeDuplication/RemoveDuplication.scala, 759, 759, 766)
something's wrong: no file:///Users/micuks/dev/mycode/javaHadoop/lab4.scala.removeDuplication/src/main/scala/org/wql2020211597/scala/removeDuplication/RemoveDuplication.scala in org.apache.spark.rdd.RDD[String]RangePosition(file:///Users/micuks/dev/mycode/javaHadoop/lab4.scala.removeDuplication/src/main/scala/org/wql2020211597/scala/removeDuplication/RemoveDuplication.scala, 759, 759, 770)
2023.04.20 22:30:20 INFO  compiling scala.removeduplication (1 scala source)[0m
2023.04.20 22:30:20 INFO  time: compiled scala.removeDuplication in 0.1s[0m
2023.04.20 22:30:20 INFO  compiling scala.removeduplication (1 scala source)[0m
2023.04.20 22:30:21 INFO  time: compiled scala.removeDuplication in 53ms[0m
2023.04.20 22:30:22 INFO  compiling scala.removeduplication (1 scala source)[0m
2023.04.20 22:30:22 INFO  time: compiled scala.removeDuplication in 0.12s[0m
2023.04.20 22:30:24 INFO  compiling scala.removeduplication (1 scala source)[0m
2023.04.20 22:30:24 INFO  time: compiled scala.removeDuplication in 98ms[0m
2023.04.20 22:30:28 INFO  compiling scala.removeduplication (1 scala source)[0m
2023.04.20 22:30:28 INFO  time: compiled scala.removeDuplication in 93ms[0m
2023.04.20 22:30:30 INFO  compiling scala.removeduplication (1 scala source)[0m
2023.04.20 22:30:30 INFO  time: compiled scala.removeDuplication in 96ms[0m
2023.04.20 22:30:34 INFO  compiling scala.removeduplication (1 scala source)[0m
2023.04.20 22:30:34 INFO  time: compiled scala.removeDuplication in 75ms[0m
2023.04.20 22:30:37 INFO  compiling scala.removeduplication (1 scala source)[0m
2023.04.20 22:30:37 INFO  time: compiled scala.removeDuplication in 95ms[0m
2023.04.20 22:33:21 INFO  compiling scala.removeduplication (1 scala source)[0m
2023.04.20 22:33:21 INFO  time: compiled scala.removeDuplication in 0.19s[0m
2023.04.20 22:33:22 INFO  compiling scala.removeduplication (1 scala source)[0m
2023.04.20 22:33:22 INFO  time: compiled scala.removeDuplication in 44ms[0m
2023.04.20 22:33:22 INFO  compiling scala.removeduplication (1 scala source)[0m
2023.04.20 22:33:22 INFO  time: compiled scala.removeDuplication in 0.1s[0m
2023.04.20 22:33:49 INFO  compiling scala.removeduplication (1 scala source)[0m
2023.04.20 22:33:49 INFO  time: compiled scala.removeDuplication in 0.51s[0m
2023.04.20 22:33:49 INFO  compiling scala.removeduplication (1 scala source)[0m
2023.04.20 22:33:49 INFO  time: compiled scala.removeDuplication in 53ms[0m
2023.04.20 22:34:38 INFO  compiling scala.removeduplication (1 scala source)[0m
2023.04.20 22:34:38 INFO  time: compiled scala.removeDuplication in 0.17s[0m
2023.04.20 22:34:38 INFO  compiling scala.removeduplication (1 scala source)[0m
2023.04.20 22:34:38 INFO  time: compiled scala.removeDuplication in 64ms[0m
2023.04.20 22:34:40 INFO  compiling scala.removeduplication (1 scala source)[0m
2023.04.20 22:34:40 INFO  time: compiled scala.removeDuplication in 45ms[0m
2023.04.20 22:34:41 INFO  compiling scala.removeduplication (1 scala source)[0m
2023.04.20 22:34:41 INFO  time: compiled scala.removeDuplication in 55ms[0m
2023.04.20 22:34:42 INFO  compiling scala.removeduplication (1 scala source)[0m
2023.04.20 22:34:42 INFO  time: compiled scala.removeDuplication in 79ms[0m
2023.04.20 22:34:45 INFO  compiling scala.removeduplication (1 scala source)[0m
2023.04.20 22:34:45 INFO  time: compiled scala.removeDuplication in 0.11s[0m
2023.04.20 22:34:47 INFO  compiling scala.removeduplication (1 scala source)[0m
2023.04.20 22:34:47 INFO  time: compiled scala.removeDuplication in 0.29s[0m
2023.04.20 22:34:51 INFO  compiling scala.removeduplication (1 scala source)[0m
2023.04.20 22:34:51 INFO  time: compiled scala.removeDuplication in 72ms[0m
2023.04.20 22:34:54 INFO  compiling scala.removeduplication (1 scala source)[0m
2023.04.20 22:34:54 INFO  time: compiled scala.removeDuplication in 0.1s[0m
2023.04.20 22:35:01 INFO  compiling scala.removeduplication (1 scala source)[0m
2023.04.20 22:35:01 INFO  time: compiled scala.removeDuplication in 0.11s[0m
2023.04.20 22:35:27 INFO  compiling scala.removeduplication (1 scala source)[0m
2023.04.20 22:35:27 INFO  time: compiled scala.removeDuplication in 0.17s[0m
2023.04.20 22:35:28 INFO  compiling scala.removeduplication (1 scala source)[0m
2023.04.20 22:35:28 INFO  time: compiled scala.removeDuplication in 65ms[0m
2023.04.20 22:35:30 INFO  compiling scala.removeduplication (1 scala source)[0m
2023.04.20 22:35:30 INFO  time: compiled scala.removeDuplication in 0.56s[0m
2023.04.20 22:35:34 INFO  compiling scala.removeduplication (1 scala source)[0m
2023.04.20 22:35:34 INFO  time: compiled scala.removeDuplication in 91ms[0m
2023.04.20 22:35:34 INFO  compiling scala.removeduplication (1 scala source)[0m
2023.04.20 22:35:34 INFO  time: compiled scala.removeDuplication in 54ms[0m
2023.04.20 22:35:40 INFO  compiling scala.removeduplication (1 scala source)[0m
2023.04.20 22:35:40 INFO  time: compiled scala.removeDuplication in 0.57s[0m
2023.04.20 22:35:53 INFO  compiling scala.removeduplication (1 scala source)[0m
2023.04.20 22:35:53 INFO  time: compiled scala.removeDuplication in 0.23s[0m
2023.04.20 22:35:56 INFO  compiling scala.removeduplication (1 scala source)[0m
2023.04.20 22:35:56 INFO  time: compiled scala.removeDuplication in 0.12s[0m
2023.04.20 22:36:01 INFO  compiling scala.removeduplication (1 scala source)[0m
2023.04.20 22:36:01 INFO  time: compiled scala.removeDuplication in 0.47s[0m
2023.04.20 22:36:06 INFO  compiling scala.removeduplication (1 scala source)[0m
2023.04.20 22:36:06 INFO  time: compiled scala.removeDuplication in 78ms[0m
2023.04.20 22:36:08 INFO  compiling scala.removeduplication (1 scala source)[0m
2023.04.20 22:36:08 INFO  time: compiled scala.removeDuplication in 0.45s[0m
2023.04.20 22:36:35 INFO  compiling scala.removeduplication (1 scala source)[0m
2023.04.20 22:36:35 INFO  time: compiled scala.removeDuplication in 0.62s[0m
2023.04.20 22:36:40 INFO  compiling scala.removeduplication (1 scala source)[0m
2023.04.20 22:36:40 INFO  time: compiled scala.removeDuplication in 91ms[0m
2023.04.20 22:36:41 INFO  compiling scala.removeduplication (1 scala source)[0m
2023.04.20 22:36:41 INFO  time: compiled scala.removeDuplication in 0.13s[0m
2023.04.20 22:36:52 INFO  compiling scala.removeduplication (1 scala source)[0m
2023.04.20 22:36:52 INFO  time: compiled scala.removeDuplication in 0.51s[0m
2023.04.20 22:36:53 INFO  compiling scala.removeduplication (1 scala source)[0m
2023.04.20 22:36:53 INFO  time: compiled scala.removeDuplication in 0.17s[0m
2023.04.20 22:36:57 INFO  compiling scala.removeduplication (1 scala source)[0m
2023.04.20 22:36:57 INFO  time: compiled scala.removeDuplication in 0.45s[0m
2023.04.20 22:37:00 INFO  compiling scala.removeduplication (1 scala source)[0m
2023.04.20 22:37:00 INFO  time: compiled scala.removeDuplication in 0.54s[0m
2023.04.20 22:37:01 INFO  compiling scala.removeduplication (1 scala source)[0m
2023.04.20 22:37:01 INFO  time: compiled scala.removeDuplication in 0.16s[0m
2023.04.20 22:43:21 INFO  compiling scala.removeduplication (1 scala source)[0m
2023.04.20 22:43:21 INFO  time: compiled scala.removeDuplication in 0.15s[0m
2023.04.20 22:43:22 INFO  compiling scala.removeduplication (1 scala source)[0m
2023.04.20 22:43:22 INFO  time: compiled scala.removeDuplication in 0.46s[0m
2023.04.20 22:43:26 INFO  compiling scala.removeduplication (1 scala source)[0m
2023.04.20 22:43:26 INFO  time: compiled scala.removeDuplication in 0.12s[0m
2023.04.20 22:43:31 INFO  compiling scala.removeduplication (1 scala source)[0m
2023.04.20 22:43:31 INFO  time: compiled scala.removeDuplication in 79ms[0m
2023.04.20 22:43:34 INFO  compiling scala.removeduplication (1 scala source)[0m
2023.04.20 22:43:34 INFO  time: compiled scala.removeDuplication in 70ms[0m
2023.04.20 22:43:37 INFO  compiling scala.removeduplication (1 scala source)[0m
2023.04.20 22:43:37 INFO  time: compiled scala.removeDuplication in 85ms[0m
2023.04.20 22:43:37 INFO  compiling scala.removeduplication (1 scala source)[0m
2023.04.20 22:43:37 INFO  time: compiled scala.removeDuplication in 16ms[0m
2023.04.20 22:43:38 INFO  compiling scala.removeduplication (1 scala source)[0m
2023.04.20 22:43:38 INFO  time: compiled scala.removeDuplication in 16ms[0m
2023.04.20 22:43:38 INFO  compiling scala.removeduplication (1 scala source)[0m
2023.04.20 22:43:38 INFO  time: compiled scala.removeDuplication in 17ms[0m
2023.04.20 22:43:45 INFO  compiling scala.removeduplication (1 scala source)[0m
2023.04.20 22:43:45 INFO  time: compiled scala.removeDuplication in 0.11s[0m
2023.04.20 22:43:51 INFO  compiling scala.removeduplication (1 scala source)[0m
2023.04.20 22:43:51 INFO  time: compiled scala.removeDuplication in 0.54s[0m
2023.04.20 22:43:52 INFO  compiling scala.removeduplication (1 scala source)[0m
2023.04.20 22:43:52 INFO  time: compiled scala.removeDuplication in 0.18s[0m
2023.04.21 15:20:18 INFO  Shutting down server[0m
2023.04.21 15:20:18 INFO  shutting down Metals[0m
2023.04.21 15:20:18 INFO  Shut down connection with build server.[0m
2023.04.21 15:20:18 INFO  Exiting server[0m
