2022-12-26T00:40:47 [log.py:147] INFO: Scrapy 2.7.1 started (bot: lianjia)
2022-12-26T00:40:47 [log.py:154] INFO: Versions: lxml 4.9.1.0, libxml2 2.9.13, cssselect 1.2.0, parsel 1.7.0, w3lib 2.0.1, Twisted 22.10.0, Python 3.11.0 | packaged by conda-forge | (main, Oct 25 2022, 06:21:25) [Clang 14.0.4 ], pyOpenSSL 22.1.0 (OpenSSL 3.0.7 1 Nov 2022), cryptography 38.0.3, Platform macOS-13.2-arm64-arm-64bit
2022-12-26T00:40:47 [crawler.py:66] INFO: Overridden settings:
{'BOT_NAME': 'lianjia',
 'CONCURRENT_REQUESTS_PER_DOMAIN': 2,
 'CONCURRENT_REQUESTS_PER_IP': 2,
 'COOKIES_ENABLED': False,
 'DOWNLOAD_DELAY': 6,
 'NEWSPIDER_MODULE': 'lianjia.spiders',
 'REQUEST_FINGERPRINTER_IMPLEMENTATION': '2.7',
 'SPIDER_MODULES': ['lianjia.spiders'],
 'TWISTED_REACTOR': 'twisted.internet.asyncioreactor.AsyncioSelectorReactor',
 'USER_AGENT': 'user-agent: Mozilla/5.0 (Windows NT 10.0; Win64; x64) '
               'AppleWebKit/537.36 (KHTML, like Gecko) Chrome/98.0.4758.82 '
               'Safari/537.36'}
2022-12-26T00:40:47 [selector_events.py:54] DEBUG: Using selector: KqueueSelector
2022-12-26T00:40:47 [log.py:159] DEBUG: Using reactor: twisted.internet.asyncioreactor.AsyncioSelectorReactor
2022-12-26T00:40:47 [log.py:162] DEBUG: Using asyncio event loop: asyncio.unix_events._UnixSelectorEventLoop
2022-12-26T00:40:47 [telnet.py:55] INFO: Telnet Password: 4d69d17831604a8e
2022-12-26T00:40:47 [middleware.py:52] INFO: Enabled extensions:
['scrapy.extensions.corestats.CoreStats',
 'scrapy.extensions.telnet.TelnetConsole',
 'scrapy.extensions.memusage.MemoryUsage',
 'scrapy.extensions.logstats.LogStats']
2022-12-26T00:40:47 [middleware.py:52] INFO: Enabled downloader middlewares:
['scrapy.downloadermiddlewares.httpauth.HttpAuthMiddleware',
 'lianjia.middlewares.ProxiesMiddleware',
 'scrapy.downloadermiddlewares.downloadtimeout.DownloadTimeoutMiddleware',
 'scrapy.downloadermiddlewares.defaultheaders.DefaultHeadersMiddleware',
 'scrapy.downloadermiddlewares.useragent.UserAgentMiddleware',
 'scrapy.downloadermiddlewares.retry.RetryMiddleware',
 'scrapy.downloadermiddlewares.redirect.MetaRefreshMiddleware',
 'scrapy.downloadermiddlewares.httpcompression.HttpCompressionMiddleware',
 'scrapy.downloadermiddlewares.redirect.RedirectMiddleware',
 'scrapy.downloadermiddlewares.httpproxy.HttpProxyMiddleware',
 'scrapy.downloadermiddlewares.stats.DownloaderStats']
2022-12-26T00:40:47 [middleware.py:52] INFO: Enabled spider middlewares:
['scrapy.spidermiddlewares.httperror.HttpErrorMiddleware',
 'scrapy.spidermiddlewares.offsite.OffsiteMiddleware',
 'scrapy.spidermiddlewares.referer.RefererMiddleware',
 'scrapy.spidermiddlewares.urllength.UrlLengthMiddleware',
 'scrapy.spidermiddlewares.depth.DepthMiddleware']
2022-12-26T00:40:47 [middleware.py:52] INFO: Enabled item pipelines:
['lianjia.pipelines.DownRentalInfoPipeline']
2022-12-26T00:40:47 [engine.py:317] INFO: Spider opened
2022-12-26T00:40:47 [logstats.py:48] INFO: Crawled 0 pages (at 0 pages/min), scraped 0 items (at 0 items/min)
2022-12-26T00:40:47 [telnet.py:67] INFO: Telnet console listening on 127.0.0.1:6024
2022-12-26T00:40:47 [rent_spider.py:51] INFO: Crawling rent info in community IDCITY艾迪城[https://bj.lianjia.com/zufang/c1111063667480/] in 北京
2022-12-26T00:40:47 [rent_spider.py:51] INFO: Crawling rent info in community 国门智慧城[https://bj.lianjia.com/zufang/c1111542030462381/] in 北京
2022-12-26T00:40:47 [rent_spider.py:51] INFO: Crawling rent info in community 江山赋[https://bj.lianjia.com/zufang/c1111027377343/] in 北京
2022-12-26T00:40:47 [rent_spider.py:51] INFO: Crawling rent info in community 旭辉26街区[https://bj.lianjia.com/zufang/c118282615852037/] in 北京
2022-12-26T00:40:47 [rent_spider.py:51] INFO: Crawling rent info in community 中粮祥云国际生活区[https://bj.lianjia.com/zufang/c1111041170735/] in 北京
2022-12-26T00:40:47 [rent_spider.py:51] INFO: Crawling rent info in community 建新南区[https://bj.lianjia.com/zufang/c1111027377451/] in 北京
2022-12-26T00:40:47 [rent_spider.py:51] INFO: Crawling rent info in community 西辛南区[https://bj.lianjia.com/zufang/c1111027381324/] in 北京
2022-12-26T00:40:47 [rent_spider.py:51] INFO: Crawling rent info in community 中国铁建国际公馆[https://bj.lianjia.com/zufang/c1120044353375699/] in 北京
2022-12-26T00:40:47 [rent_spider.py:51] INFO: Crawling rent info in community 林肯公园[https://bj.lianjia.com/zufang/c1111027377957/] in 北京
2022-12-26T00:40:47 [rent_spider.py:51] INFO: Crawling rent info in community 天居园[https://bj.lianjia.com/zufang/c1111027379889/] in 北京
2022-12-26T00:40:47 [rent_spider.py:51] INFO: Crawling rent info in community 旗胜家园[https://bj.lianjia.com/zufang/c1111027378909/] in 北京
2022-12-26T00:40:47 [rent_spider.py:51] INFO: Crawling rent info in community 育新花园[https://bj.lianjia.com/zufang/c1111027382146/] in 北京
2022-12-26T00:40:47 [rent_spider.py:51] INFO: Crawling rent info in community 东亚上北中心[https://bj.lianjia.com/zufang/c1111027374040/] in 北京
2022-12-26T00:40:47 [rent_spider.py:51] INFO: Crawling rent info in community 流星花园三区[https://bj.lianjia.com/zufang/c1111027378138/] in 北京
2022-12-26T00:40:47 [rent_spider.py:51] INFO: Crawling rent info in community 新龙城[https://bj.lianjia.com/zufang/c1111027381003/] in 北京
2022-12-26T00:40:47 [rent_spider.py:51] INFO: Crawling rent info in community 远洋山水[https://bj.lianjia.com/zufang/c1111027382209/] in 北京
2022-12-26T00:40:48 [engine.py:295] DEBUG: Crawled (200) <GET https://bj.lianjia.com/zufang/c1111063667480/> (referer: None)
2022-12-26T00:40:48 [rent_spider.py:51] INFO: Crawling rent info in community 京贸国际城[https://bj.lianjia.com/zufang/c1111027377283/] in 北京
2022-12-26T00:40:48 [rent_spider.py:70] DEBUG: Number of houses available on rent[46]
2022-12-26T00:40:48 [rent_spider.py:116] DEBUG: area info[
        62.00㎡
        ]
2022-12-26T00:40:48 [rent_spider.py:152] DEBUG: lighting info[南        ]
2022-12-26T00:40:48 [rent_spider.py:121] DEBUG: room info[
          3房间2卫        ]
2022-12-26T00:40:48 [scraper.py:289] DEBUG: Scraped from <200 https://bj.lianjia.com/zufang/c1111063667480/>
{'rental_area': '62.00',
 'rental_bathrooms': '2',
 'rental_business_area': '后沙峪',
 'rental_city': '北京',
 'rental_community': 'IDCITY艾迪城',
 'rental_community_url': 'https://bj.lianjia.com/zufang/c1111063667480/',
 'rental_lighting': '南',
 'rental_liverooms': 0,
 'rental_name': '整租·IDCITY艾迪城 3房间 复式 南',
 'rental_price': '7600',
 'rental_region': '顺义',
 'rental_rooms': '3',
 'rental_timestamp': '2022-12-26',
 'rental_url': 'https://bj.lianjia.com/zufang/BJ1667074402577022976.html'}
2022-12-26T00:40:48 [rent_spider.py:116] DEBUG: area info[
        80.36㎡
        ]
2022-12-26T00:40:48 [rent_spider.py:152] DEBUG: lighting info[东        ]
2022-12-26T00:40:48 [rent_spider.py:121] DEBUG: room info[
          3房间2卫        ]
2022-12-26T00:40:48 [scraper.py:289] DEBUG: Scraped from <200 https://bj.lianjia.com/zufang/c1111063667480/>
{'rental_area': '80.36',
 'rental_bathrooms': '2',
 'rental_business_area': '后沙峪',
 'rental_city': '北京',
 'rental_community': 'IDCITY艾迪城',
 'rental_community_url': 'https://bj.lianjia.com/zufang/c1111063667480/',
 'rental_lighting': '东',
 'rental_liverooms': 0,
 'rental_name': '整租·IDCITY艾迪城 3房间 东',
 'rental_price': '7200',
 'rental_region': '顺义',
 'rental_rooms': '3',
 'rental_timestamp': '2022-12-26',
 'rental_url': 'https://bj.lianjia.com/zufang/BJ1699641580941475840.html'}
2022-12-26T00:40:48 [rent_spider.py:116] DEBUG: area info[
        74.00㎡
        ]
2022-12-26T00:40:48 [rent_spider.py:152] DEBUG: lighting info[南        ]
2022-12-26T00:40:48 [rent_spider.py:121] DEBUG: room info[
          3房间2卫        ]
2022-12-26T00:40:48 [scraper.py:289] DEBUG: Scraped from <200 https://bj.lianjia.com/zufang/c1111063667480/>
{'rental_area': '74.00',
 'rental_bathrooms': '2',
 'rental_business_area': '后沙峪',
 'rental_city': '北京',
 'rental_community': 'IDCITY艾迪城',
 'rental_community_url': 'https://bj.lianjia.com/zufang/c1111063667480/',
 'rental_lighting': '南',
 'rental_liverooms': 0,
 'rental_name': '整租·IDCITY艾迪城 3房间 南',
 'rental_price': '8500',
 'rental_region': '顺义',
 'rental_rooms': '3',
 'rental_timestamp': '2022-12-26',
 'rental_url': 'https://bj.lianjia.com/zufang/BJ1711652466707136512.html'}
2022-12-26T00:40:48 [rent_spider.py:116] DEBUG: area info[
        47.60㎡
        ]
2022-12-26T00:40:48 [rent_spider.py:152] DEBUG: lighting info[南        ]
2022-12-26T00:40:48 [rent_spider.py:121] DEBUG: room info[
          4房间1卫        ]
2022-12-26T00:40:48 [scraper.py:289] DEBUG: Scraped from <200 https://bj.lianjia.com/zufang/c1111063667480/>
{'rental_area': '47.60',
 'rental_bathrooms': '1',
 'rental_business_area': '后沙峪',
 'rental_city': '北京',
 'rental_community': 'IDCITY艾迪城',
 'rental_community_url': 'https://bj.lianjia.com/zufang/c1111063667480/',
 'rental_lighting': '南',
 'rental_liverooms': 0,
 'rental_name': '整租·IDCITY艾迪城 4房间 南',
 'rental_price': '6800',
 'rental_region': '顺义',
 'rental_rooms': '4',
 'rental_timestamp': '2022-12-26',
 'rental_url': 'https://bj.lianjia.com/zufang/BJ1712826074422837248.html'}
2022-12-26T00:40:48 [rent_spider.py:116] DEBUG: area info[
        60.84㎡
        ]
2022-12-26T00:40:48 [rent_spider.py:152] DEBUG: lighting info[东        ]
2022-12-26T00:40:48 [rent_spider.py:121] DEBUG: room info[
          3房间2卫        ]
2022-12-26T00:40:48 [scraper.py:289] DEBUG: Scraped from <200 https://bj.lianjia.com/zufang/c1111063667480/>
{'rental_area': '60.84',
 'rental_bathrooms': '2',
 'rental_business_area': '后沙峪',
 'rental_city': '北京',
 'rental_community': 'IDCITY艾迪城',
 'rental_community_url': 'https://bj.lianjia.com/zufang/c1111063667480/',
 'rental_lighting': '东',
 'rental_liverooms': 0,
 'rental_name': '整租·IDCITY艾迪城 3房间 复式 东',
 'rental_price': '6120',
 'rental_region': '顺义',
 'rental_rooms': '3',
 'rental_timestamp': '2022-12-26',
 'rental_url': 'https://bj.lianjia.com/zufang/BJ1717739870719311872.html'}
2022-12-26T00:40:48 [rent_spider.py:116] DEBUG: area info[
        84.00㎡
        ]
2022-12-26T00:40:48 [rent_spider.py:152] DEBUG: lighting info[南        ]
2022-12-26T00:40:48 [rent_spider.py:121] DEBUG: room info[
          5房间2卫        ]
2022-12-26T00:40:48 [scraper.py:289] DEBUG: Scraped from <200 https://bj.lianjia.com/zufang/c1111063667480/>
{'rental_area': '84.00',
 'rental_bathrooms': '2',
 'rental_business_area': '后沙峪',
 'rental_city': '北京',
 'rental_community': 'IDCITY艾迪城',
 'rental_community_url': 'https://bj.lianjia.com/zufang/c1111063667480/',
 'rental_lighting': '南',
 'rental_liverooms': 0,
 'rental_name': '整租·IDCITY艾迪城 5房间 南',
 'rental_price': '9500',
 'rental_region': '顺义',
 'rental_rooms': '5',
 'rental_timestamp': '2022-12-26',
 'rental_url': 'https://bj.lianjia.com/zufang/BJ1660490604376752128.html'}
2022-12-26T00:40:48 [rent_spider.py:116] DEBUG: area info[
        73.00㎡
        ]
2022-12-26T00:40:48 [rent_spider.py:152] DEBUG: lighting info[东        ]
2022-12-26T00:40:48 [rent_spider.py:121] DEBUG: room info[
          3房间2卫        ]
2022-12-26T00:40:48 [scraper.py:289] DEBUG: Scraped from <200 https://bj.lianjia.com/zufang/c1111063667480/>
{'rental_area': '73.00',
 'rental_bathrooms': '2',
 'rental_business_area': '后沙峪',
 'rental_city': '北京',
 'rental_community': 'IDCITY艾迪城',
 'rental_community_url': 'https://bj.lianjia.com/zufang/c1111063667480/',
 'rental_lighting': '东',
 'rental_liverooms': 0,
 'rental_name': '整租·IDCITY艾迪城 3房间 东',
 'rental_price': '7600',
 'rental_region': '顺义',
 'rental_rooms': '3',
 'rental_timestamp': '2022-12-26',
 'rental_url': 'https://bj.lianjia.com/zufang/BJ1639620300918226944.html'}
2022-12-26T00:40:48 [rent_spider.py:116] DEBUG: area info[
        84.66㎡
        ]
2022-12-26T00:40:48 [rent_spider.py:152] DEBUG: lighting info[南        ]
2022-12-26T00:40:48 [rent_spider.py:121] DEBUG: room info[
          4房间2卫        ]
2022-12-26T00:40:48 [scraper.py:289] DEBUG: Scraped from <200 https://bj.lianjia.com/zufang/c1111063667480/>
{'rental_area': '84.66',
 'rental_bathrooms': '2',
 'rental_business_area': '后沙峪',
 'rental_city': '北京',
 'rental_community': 'IDCITY艾迪城',
 'rental_community_url': 'https://bj.lianjia.com/zufang/c1111063667480/',
 'rental_lighting': '南',
 'rental_liverooms': 0,
 'rental_name': '整租·IDCITY艾迪城 4房间 复式 南',
 'rental_price': '11000',
 'rental_region': '顺义',
 'rental_rooms': '4',
 'rental_timestamp': '2022-12-26',
 'rental_url': 'https://bj.lianjia.com/zufang/BJ1712707733209219072.html'}
2022-12-26T00:40:48 [rent_spider.py:116] DEBUG: area info[
        62.00㎡
        ]
2022-12-26T00:40:48 [rent_spider.py:152] DEBUG: lighting info[西        ]
2022-12-26T00:40:48 [rent_spider.py:121] DEBUG: room info[
          3房间2卫        ]
2022-12-26T00:40:48 [scraper.py:289] DEBUG: Scraped from <200 https://bj.lianjia.com/zufang/c1111063667480/>
{'rental_area': '62.00',
 'rental_bathrooms': '2',
 'rental_business_area': '后沙峪',
 'rental_city': '北京',
 'rental_community': 'IDCITY艾迪城',
 'rental_community_url': 'https://bj.lianjia.com/zufang/c1111063667480/',
 'rental_lighting': '西',
 'rental_liverooms': 0,
 'rental_name': '整租·IDCITY艾迪城 3房间 西',
 'rental_price': '7100',
 'rental_region': '顺义',
 'rental_rooms': '3',
 'rental_timestamp': '2022-12-26',
 'rental_url': 'https://bj.lianjia.com/zufang/BJ1711618577305436160.html'}
2022-12-26T00:40:48 [rent_spider.py:116] DEBUG: area info[
        61.11㎡
        ]
2022-12-26T00:40:48 [rent_spider.py:152] DEBUG: lighting info[东        ]
2022-12-26T00:40:48 [rent_spider.py:121] DEBUG: room info[
          4房间2卫        ]
2022-12-26T00:40:48 [scraper.py:289] DEBUG: Scraped from <200 https://bj.lianjia.com/zufang/c1111063667480/>
{'rental_area': '61.11',
 'rental_bathrooms': '2',
 'rental_business_area': '后沙峪',
 'rental_city': '北京',
 'rental_community': 'IDCITY艾迪城',
 'rental_community_url': 'https://bj.lianjia.com/zufang/c1111063667480/',
 'rental_lighting': '东',
 'rental_liverooms': 0,
 'rental_name': '整租·IDCITY艾迪城 4房间 东',
 'rental_price': '6700',
 'rental_region': '顺义',
 'rental_rooms': '4',
 'rental_timestamp': '2022-12-26',
 'rental_url': 'https://bj.lianjia.com/zufang/BJ1711256968498249728.html'}
2022-12-26T00:40:48 [rent_spider.py:116] DEBUG: area info[
        64.00㎡
        ]
2022-12-26T00:40:48 [rent_spider.py:152] DEBUG: lighting info[东        ]
2022-12-26T00:40:48 [rent_spider.py:121] DEBUG: room info[
          3房间2卫        ]
2022-12-26T00:40:48 [scraper.py:289] DEBUG: Scraped from <200 https://bj.lianjia.com/zufang/c1111063667480/>
{'rental_area': '64.00',
 'rental_bathrooms': '2',
 'rental_business_area': '后沙峪',
 'rental_city': '北京',
 'rental_community': 'IDCITY艾迪城',
 'rental_community_url': 'https://bj.lianjia.com/zufang/c1111063667480/',
 'rental_lighting': '东',
 'rental_liverooms': 0,
 'rental_name': '整租·IDCITY艾迪城 3房间 复式 东',
 'rental_price': '6800',
 'rental_region': '顺义',
 'rental_rooms': '3',
 'rental_timestamp': '2022-12-26',
 'rental_url': 'https://bj.lianjia.com/zufang/BJ1709934169980665856.html'}
2022-12-26T00:40:48 [rent_spider.py:116] DEBUG: area info[
        84.99㎡
        ]
2022-12-26T00:40:48 [rent_spider.py:152] DEBUG: lighting info[南        ]
2022-12-26T00:40:48 [rent_spider.py:121] DEBUG: room info[
          4房间2卫        ]
2022-12-26T00:40:48 [scraper.py:289] DEBUG: Scraped from <200 https://bj.lianjia.com/zufang/c1111063667480/>
{'rental_area': '84.99',
 'rental_bathrooms': '2',
 'rental_business_area': '后沙峪',
 'rental_city': '北京',
 'rental_community': 'IDCITY艾迪城',
 'rental_community_url': 'https://bj.lianjia.com/zufang/c1111063667480/',
 'rental_lighting': '南',
 'rental_liverooms': 0,
 'rental_name': '整租·IDCITY艾迪城 4房间 复式 南',
 'rental_price': '9000',
 'rental_region': '顺义',
 'rental_rooms': '4',
 'rental_timestamp': '2022-12-26',
 'rental_url': 'https://bj.lianjia.com/zufang/BJ1677704792639537152.html'}
2022-12-26T00:40:48 [rent_spider.py:116] DEBUG: area info[
        79.53㎡
        ]
2022-12-26T00:40:48 [rent_spider.py:152] DEBUG: lighting info[南 西        ]
2022-12-26T00:40:48 [rent_spider.py:121] DEBUG: room info[
          5房间2卫        ]
2022-12-26T00:40:48 [scraper.py:289] DEBUG: Scraped from <200 https://bj.lianjia.com/zufang/c1111063667480/>
{'rental_area': '79.53',
 'rental_bathrooms': '2',
 'rental_business_area': '后沙峪',
 'rental_city': '北京',
 'rental_community': 'IDCITY艾迪城',
 'rental_community_url': 'https://bj.lianjia.com/zufang/c1111063667480/',
 'rental_lighting': '南 西',
 'rental_liverooms': 0,
 'rental_name': '整租·IDCITY艾迪城 5房间 南/西',
 'rental_price': '12500',
 'rental_region': '顺义',
 'rental_rooms': '5',
 'rental_timestamp': '2022-12-26',
 'rental_url': 'https://bj.lianjia.com/zufang/BJ1690007556677697536.html'}
2022-12-26T00:40:48 [rent_spider.py:116] DEBUG: area info[
        90.00㎡
        ]
2022-12-26T00:40:48 [rent_spider.py:152] DEBUG: lighting info[西        ]
2022-12-26T00:40:48 [rent_spider.py:121] DEBUG: room info[
          5房间3卫        ]
2022-12-26T00:40:48 [scraper.py:289] DEBUG: Scraped from <200 https://bj.lianjia.com/zufang/c1111063667480/>
{'rental_area': '90.00',
 'rental_bathrooms': '3',
 'rental_business_area': '后沙峪',
 'rental_city': '北京',
 'rental_community': 'IDCITY艾迪城',
 'rental_community_url': 'https://bj.lianjia.com/zufang/c1111063667480/',
 'rental_lighting': '西',
 'rental_liverooms': 0,
 'rental_name': '整租·IDCITY艾迪城 5房间 西',
 'rental_price': '12500',
 'rental_region': '顺义',
 'rental_rooms': '5',
 'rental_timestamp': '2022-12-26',
 'rental_url': 'https://bj.lianjia.com/zufang/BJ1678691288649564160.html'}
2022-12-26T00:40:48 [rent_spider.py:116] DEBUG: area info[
        85.00㎡
        ]
2022-12-26T00:40:48 [rent_spider.py:152] DEBUG: lighting info[南        ]
2022-12-26T00:40:48 [rent_spider.py:121] DEBUG: room info[
          4房间2卫        ]
2022-12-26T00:40:48 [scraper.py:289] DEBUG: Scraped from <200 https://bj.lianjia.com/zufang/c1111063667480/>
{'rental_area': '85.00',
 'rental_bathrooms': '2',
 'rental_business_area': '后沙峪',
 'rental_city': '北京',
 'rental_community': 'IDCITY艾迪城',
 'rental_community_url': 'https://bj.lianjia.com/zufang/c1111063667480/',
 'rental_lighting': '南',
 'rental_liverooms': 0,
 'rental_name': '整租·IDCITY艾迪城 4房间 南',
 'rental_price': '11000',
 'rental_region': '顺义',
 'rental_rooms': '4',
 'rental_timestamp': '2022-12-26',
 'rental_url': 'https://bj.lianjia.com/zufang/BJ1624707515277115392.html'}
2022-12-26T00:40:48 [rent_spider.py:116] DEBUG: area info[
        45.00㎡
        ]
2022-12-26T00:40:48 [rent_spider.py:152] DEBUG: lighting info[北        ]
2022-12-26T00:40:48 [rent_spider.py:121] DEBUG: room info[
          2房间1卫        ]
2022-12-26T00:40:48 [scraper.py:289] DEBUG: Scraped from <200 https://bj.lianjia.com/zufang/c1111063667480/>
{'rental_area': '45.00',
 'rental_bathrooms': '1',
 'rental_business_area': '后沙峪',
 'rental_city': '北京',
 'rental_community': 'IDCITY艾迪城',
 'rental_community_url': 'https://bj.lianjia.com/zufang/c1111063667480/',
 'rental_lighting': '北',
 'rental_liverooms': 0,
 'rental_name': '整租·IDCITY艾迪城 2房间 北',
 'rental_price': '5700',
 'rental_region': '顺义',
 'rental_rooms': '2',
 'rental_timestamp': '2022-12-26',
 'rental_url': 'https://bj.lianjia.com/zufang/BJ1702269226150002688.html'}
2022-12-26T00:40:48 [rent_spider.py:116] DEBUG: area info[
        67.00㎡
        ]
2022-12-26T00:40:48 [rent_spider.py:152] DEBUG: lighting info[南        ]
2022-12-26T00:40:48 [rent_spider.py:121] DEBUG: room info[
          4房间2卫        ]
2022-12-26T00:40:48 [scraper.py:289] DEBUG: Scraped from <200 https://bj.lianjia.com/zufang/c1111063667480/>
{'rental_area': '67.00',
 'rental_bathrooms': '2',
 'rental_business_area': '后沙峪',
 'rental_city': '北京',
 'rental_community': 'IDCITY艾迪城',
 'rental_community_url': 'https://bj.lianjia.com/zufang/c1111063667480/',
 'rental_lighting': '南',
 'rental_liverooms': 0,
 'rental_name': '整租·IDCITY艾迪城 4房间 南',
 'rental_price': '7500',
 'rental_region': '顺义',
 'rental_rooms': '4',
 'rental_timestamp': '2022-12-26',
 'rental_url': 'https://bj.lianjia.com/zufang/BJ1703311393769390080.html'}
2022-12-26T00:40:48 [rent_spider.py:116] DEBUG: area info[
        61.31㎡
        ]
2022-12-26T00:40:48 [rent_spider.py:152] DEBUG: lighting info[西        ]
2022-12-26T00:40:48 [rent_spider.py:121] DEBUG: room info[
          3房间2卫        ]
2022-12-26T00:40:48 [scraper.py:289] DEBUG: Scraped from <200 https://bj.lianjia.com/zufang/c1111063667480/>
{'rental_area': '61.31',
 'rental_bathrooms': '2',
 'rental_business_area': '后沙峪',
 'rental_city': '北京',
 'rental_community': 'IDCITY艾迪城',
 'rental_community_url': 'https://bj.lianjia.com/zufang/c1111063667480/',
 'rental_lighting': '西',
 'rental_liverooms': 0,
 'rental_name': '整租·IDCITY艾迪城 3房间 西',
 'rental_price': '6900',
 'rental_region': '顺义',
 'rental_rooms': '3',
 'rental_timestamp': '2022-12-26',
 'rental_url': 'https://bj.lianjia.com/zufang/BJ1693504294000525312.html'}
2022-12-26T00:40:48 [rent_spider.py:116] DEBUG: area info[
        90.00㎡
        ]
2022-12-26T00:40:48 [rent_spider.py:152] DEBUG: lighting info[北        ]
2022-12-26T00:40:48 [rent_spider.py:121] DEBUG: room info[
          5房间3卫        ]
2022-12-26T00:40:48 [scraper.py:289] DEBUG: Scraped from <200 https://bj.lianjia.com/zufang/c1111063667480/>
{'rental_area': '90.00',
 'rental_bathrooms': '3',
 'rental_business_area': '后沙峪',
 'rental_city': '北京',
 'rental_community': 'IDCITY艾迪城',
 'rental_community_url': 'https://bj.lianjia.com/zufang/c1111063667480/',
 'rental_lighting': '北',
 'rental_liverooms': 0,
 'rental_name': '整租·IDCITY艾迪城 5房间 北',
 'rental_price': '12800',
 'rental_region': '顺义',
 'rental_rooms': '5',
 'rental_timestamp': '2022-12-26',
 'rental_url': 'https://bj.lianjia.com/zufang/BJ1651208480599572480.html'}
2022-12-26T00:40:48 [rent_spider.py:116] DEBUG: area info[
        62.00㎡
        ]
2022-12-26T00:40:48 [rent_spider.py:152] DEBUG: lighting info[南        ]
2022-12-26T00:40:48 [rent_spider.py:121] DEBUG: room info[
          3房间2卫        ]
2022-12-26T00:40:48 [scraper.py:289] DEBUG: Scraped from <200 https://bj.lianjia.com/zufang/c1111063667480/>
{'rental_area': '62.00',
 'rental_bathrooms': '2',
 'rental_business_area': '后沙峪',
 'rental_city': '北京',
 'rental_community': 'IDCITY艾迪城',
 'rental_community_url': 'https://bj.lianjia.com/zufang/c1111063667480/',
 'rental_lighting': '南',
 'rental_liverooms': 0,
 'rental_name': '整租·IDCITY艾迪城 3房间 复式 南',
 'rental_price': '7500',
 'rental_region': '顺义',
 'rental_rooms': '3',
 'rental_timestamp': '2022-12-26',
 'rental_url': 'https://bj.lianjia.com/zufang/BJ1688035275684446208.html'}
2022-12-26T00:40:48 [rent_spider.py:116] DEBUG: area info[
        45.26㎡
        ]
2022-12-26T00:40:48 [rent_spider.py:152] DEBUG: lighting info[北        ]
2022-12-26T00:40:48 [rent_spider.py:121] DEBUG: room info[
          2房间1卫        ]
2022-12-26T00:40:48 [scraper.py:289] DEBUG: Scraped from <200 https://bj.lianjia.com/zufang/c1111063667480/>
{'rental_area': '45.26',
 'rental_bathrooms': '1',
 'rental_business_area': '后沙峪',
 'rental_city': '北京',
 'rental_community': 'IDCITY艾迪城',
 'rental_community_url': 'https://bj.lianjia.com/zufang/c1111063667480/',
 'rental_lighting': '北',
 'rental_liverooms': 0,
 'rental_name': '整租·IDCITY艾迪城 2房间 北',
 'rental_price': '5700',
 'rental_region': '顺义',
 'rental_rooms': '2',
 'rental_timestamp': '2022-12-26',
 'rental_url': 'https://bj.lianjia.com/zufang/BJ1661702129905041408.html'}
2022-12-26T00:40:48 [rent_spider.py:116] DEBUG: area info[
        45.00㎡
        ]
2022-12-26T00:40:48 [rent_spider.py:152] DEBUG: lighting info[北        ]
2022-12-26T00:40:48 [rent_spider.py:121] DEBUG: room info[
          2房间1卫        ]
2022-12-26T00:40:48 [scraper.py:289] DEBUG: Scraped from <200 https://bj.lianjia.com/zufang/c1111063667480/>
{'rental_area': '45.00',
 'rental_bathrooms': '1',
 'rental_business_area': '后沙峪',
 'rental_city': '北京',
 'rental_community': 'IDCITY艾迪城',
 'rental_community_url': 'https://bj.lianjia.com/zufang/c1111063667480/',
 'rental_lighting': '北',
 'rental_liverooms': 0,
 'rental_name': '整租·IDCITY艾迪城 2房间 北',
 'rental_price': '6000',
 'rental_region': '顺义',
 'rental_rooms': '2',
 'rental_timestamp': '2022-12-26',
 'rental_url': 'https://bj.lianjia.com/zufang/BJ1691042168967266304.html'}
2022-12-26T00:40:48 [rent_spider.py:116] DEBUG: area info[
        62.00㎡
        ]
2022-12-26T00:40:48 [rent_spider.py:152] DEBUG: lighting info[南        ]
2022-12-26T00:40:48 [rent_spider.py:121] DEBUG: room info[
          3房间2卫        ]
2022-12-26T00:40:48 [scraper.py:289] DEBUG: Scraped from <200 https://bj.lianjia.com/zufang/c1111063667480/>
{'rental_area': '62.00',
 'rental_bathrooms': '2',
 'rental_business_area': '后沙峪',
 'rental_city': '北京',
 'rental_community': 'IDCITY艾迪城',
 'rental_community_url': 'https://bj.lianjia.com/zufang/c1111063667480/',
 'rental_lighting': '南',
 'rental_liverooms': 0,
 'rental_name': '整租·IDCITY艾迪城 3房间 南',
 'rental_price': '7500',
 'rental_region': '顺义',
 'rental_rooms': '3',
 'rental_timestamp': '2022-12-26',
 'rental_url': 'https://bj.lianjia.com/zufang/BJ1693219823539978240.html'}
2022-12-26T00:40:48 [rent_spider.py:116] DEBUG: area info[
        68.00㎡
        ]
2022-12-26T00:40:48 [rent_spider.py:152] DEBUG: lighting info[东        ]
2022-12-26T00:40:48 [rent_spider.py:121] DEBUG: room info[
          5房间2卫        ]
2022-12-26T00:40:48 [scraper.py:289] DEBUG: Scraped from <200 https://bj.lianjia.com/zufang/c1111063667480/>
{'rental_area': '68.00',
 'rental_bathrooms': '2',
 'rental_business_area': '后沙峪',
 'rental_city': '北京',
 'rental_community': 'IDCITY艾迪城',
 'rental_community_url': 'https://bj.lianjia.com/zufang/c1111063667480/',
 'rental_lighting': '东',
 'rental_liverooms': 0,
 'rental_name': '整租·IDCITY艾迪城 5房间 东',
 'rental_price': '9000',
 'rental_region': '顺义',
 'rental_rooms': '5',
 'rental_timestamp': '2022-12-26',
 'rental_url': 'https://bj.lianjia.com/zufang/BJ1653636297459236864.html'}
2022-12-26T00:40:48 [rent_spider.py:116] DEBUG: area info[
        72.44㎡
        ]
2022-12-26T00:40:48 [rent_spider.py:152] DEBUG: lighting info[西        ]
2022-12-26T00:40:48 [rent_spider.py:121] DEBUG: room info[
          3房间2卫        ]
2022-12-26T00:40:48 [scraper.py:289] DEBUG: Scraped from <200 https://bj.lianjia.com/zufang/c1111063667480/>
{'rental_area': '72.44',
 'rental_bathrooms': '2',
 'rental_business_area': '后沙峪',
 'rental_city': '北京',
 'rental_community': 'IDCITY艾迪城',
 'rental_community_url': 'https://bj.lianjia.com/zufang/c1111063667480/',
 'rental_lighting': '西',
 'rental_liverooms': 0,
 'rental_name': '整租·IDCITY艾迪城 3房间 复式 西',
 'rental_price': '7900',
 'rental_region': '顺义',
 'rental_rooms': '3',
 'rental_timestamp': '2022-12-26',
 'rental_url': 'https://bj.lianjia.com/zufang/BJ1664110978570125312.html'}
2022-12-26T00:40:48 [rent_spider.py:116] DEBUG: area info[
        83.93㎡
        ]
2022-12-26T00:40:48 [rent_spider.py:152] DEBUG: lighting info[南        ]
2022-12-26T00:40:48 [rent_spider.py:121] DEBUG: room info[
          4房间2卫        ]
2022-12-26T00:40:48 [scraper.py:289] DEBUG: Scraped from <200 https://bj.lianjia.com/zufang/c1111063667480/>
{'rental_area': '83.93',
 'rental_bathrooms': '2',
 'rental_business_area': '后沙峪',
 'rental_city': '北京',
 'rental_community': 'IDCITY艾迪城',
 'rental_community_url': 'https://bj.lianjia.com/zufang/c1111063667480/',
 'rental_lighting': '南',
 'rental_liverooms': 0,
 'rental_name': '整租·IDCITY艾迪城 4房间 南',
 'rental_price': '10000',
 'rental_region': '顺义',
 'rental_rooms': '4',
 'rental_timestamp': '2022-12-26',
 'rental_url': 'https://bj.lianjia.com/zufang/BJ1666324358374621184.html'}
2022-12-26T00:40:48 [rent_spider.py:116] DEBUG: area info[
        65.00㎡
        ]
2022-12-26T00:40:48 [rent_spider.py:152] DEBUG: lighting info[东        ]
2022-12-26T00:40:48 [rent_spider.py:121] DEBUG: room info[
          4房间2卫        ]
2022-12-26T00:40:48 [scraper.py:289] DEBUG: Scraped from <200 https://bj.lianjia.com/zufang/c1111063667480/>
{'rental_area': '65.00',
 'rental_bathrooms': '2',
 'rental_business_area': '后沙峪',
 'rental_city': '北京',
 'rental_community': 'IDCITY艾迪城',
 'rental_community_url': 'https://bj.lianjia.com/zufang/c1111063667480/',
 'rental_lighting': '东',
 'rental_liverooms': 0,
 'rental_name': '整租·IDCITY艾迪城 4房间 东',
 'rental_price': '11500',
 'rental_region': '顺义',
 'rental_rooms': '4',
 'rental_timestamp': '2022-12-26',
 'rental_url': 'https://bj.lianjia.com/zufang/BJ1660307902608441344.html'}
2022-12-26T00:40:48 [rent_spider.py:116] DEBUG: area info[
        85.00㎡
        ]
2022-12-26T00:40:48 [rent_spider.py:152] DEBUG: lighting info[南        ]
2022-12-26T00:40:48 [rent_spider.py:121] DEBUG: room info[
          4房间2卫        ]
2022-12-26T00:40:48 [scraper.py:289] DEBUG: Scraped from <200 https://bj.lianjia.com/zufang/c1111063667480/>
{'rental_area': '85.00',
 'rental_bathrooms': '2',
 'rental_business_area': '后沙峪',
 'rental_city': '北京',
 'rental_community': 'IDCITY艾迪城',
 'rental_community_url': 'https://bj.lianjia.com/zufang/c1111063667480/',
 'rental_lighting': '南',
 'rental_liverooms': 0,
 'rental_name': '整租·IDCITY艾迪城 4房间 南',
 'rental_price': '10000',
 'rental_region': '顺义',
 'rental_rooms': '4',
 'rental_timestamp': '2022-12-26',
 'rental_url': 'https://bj.lianjia.com/zufang/BJ1671129819368128512.html'}
2022-12-26T00:40:48 [rent_spider.py:116] DEBUG: area info[
        65.00㎡
        ]
2022-12-26T00:40:48 [rent_spider.py:152] DEBUG: lighting info[西        ]
2022-12-26T00:40:48 [rent_spider.py:121] DEBUG: room info[
          3房间2卫        ]
2022-12-26T00:40:48 [scraper.py:289] DEBUG: Scraped from <200 https://bj.lianjia.com/zufang/c1111063667480/>
{'rental_area': '65.00',
 'rental_bathrooms': '2',
 'rental_business_area': '后沙峪',
 'rental_city': '北京',
 'rental_community': 'IDCITY艾迪城',
 'rental_community_url': 'https://bj.lianjia.com/zufang/c1111063667480/',
 'rental_lighting': '西',
 'rental_liverooms': 0,
 'rental_name': '整租·IDCITY艾迪城 3房间 西',
 'rental_price': '7300',
 'rental_region': '顺义',
 'rental_rooms': '3',
 'rental_timestamp': '2022-12-26',
 'rental_url': 'https://bj.lianjia.com/zufang/BJ1665589132463702016.html'}
2022-12-26T00:40:48 [rent_spider.py:116] DEBUG: area info[
        62.00㎡
        ]
2022-12-26T00:40:48 [rent_spider.py:152] DEBUG: lighting info[东        ]
2022-12-26T00:40:48 [rent_spider.py:121] DEBUG: room info[
          3房间2卫        ]
2022-12-26T00:40:48 [scraper.py:289] DEBUG: Scraped from <200 https://bj.lianjia.com/zufang/c1111063667480/>
{'rental_area': '62.00',
 'rental_bathrooms': '2',
 'rental_business_area': '后沙峪',
 'rental_city': '北京',
 'rental_community': 'IDCITY艾迪城',
 'rental_community_url': 'https://bj.lianjia.com/zufang/c1111063667480/',
 'rental_lighting': '东',
 'rental_liverooms': 0,
 'rental_name': '整租·IDCITY艾迪城 3房间 东',
 'rental_price': '7200',
 'rental_region': '顺义',
 'rental_rooms': '3',
 'rental_timestamp': '2022-12-26',
 'rental_url': 'https://bj.lianjia.com/zufang/BJ1667794355496157184.html'}
2022-12-26T00:40:48 [rent_spider.py:217] INFO: Crawl next page's rentals: [https://bj.lianjia.com/zufang/pg2c1111063667480/]
2022-12-26T00:40:55 [engine.py:295] DEBUG: Crawled (200) <GET https://bj.lianjia.com/zufang/c1111542030462381/> (referer: None)
2022-12-26T00:40:55 [rent_spider.py:70] DEBUG: Number of houses available on rent[44]
2022-12-26T00:40:55 [rent_spider.py:116] DEBUG: area info[
        56.00㎡
        ]
2022-12-26T00:40:55 [rent_spider.py:152] DEBUG: lighting info[西        ]
2022-12-26T00:40:55 [rent_spider.py:121] DEBUG: room info[
          2房间1卫        ]
2022-12-26T00:40:55 [scraper.py:289] DEBUG: Scraped from <200 https://bj.lianjia.com/zufang/c1111542030462381/>
{'rental_area': '56.00',
 'rental_bathrooms': '1',
 'rental_business_area': '后沙峪',
 'rental_city': '北京',
 'rental_community': '国门智慧城',
 'rental_community_url': 'https://bj.lianjia.com/zufang/c1111542030462381/',
 'rental_lighting': '西',
 'rental_liverooms': 0,
 'rental_name': '整租·国门智慧城 2房间 西',
 'rental_price': '3900',
 'rental_region': '顺义',
 'rental_rooms': '2',
 'rental_timestamp': '2022-12-26',
 'rental_url': 'https://bj.lianjia.com/zufang/BJ1686703718407340032.html'}
2022-12-26T00:40:55 [rent_spider.py:116] DEBUG: area info[
        98.00㎡
        ]
2022-12-26T00:40:55 [rent_spider.py:152] DEBUG: lighting info[南        ]
2022-12-26T00:40:55 [rent_spider.py:121] DEBUG: room info[
          6房间2卫        ]
2022-12-26T00:40:55 [scraper.py:289] DEBUG: Scraped from <200 https://bj.lianjia.com/zufang/c1111542030462381/>
{'rental_area': '98.00',
 'rental_bathrooms': '2',
 'rental_business_area': '后沙峪',
 'rental_city': '北京',
 'rental_community': '国门智慧城',
 'rental_community_url': 'https://bj.lianjia.com/zufang/c1111542030462381/',
 'rental_lighting': '南',
 'rental_liverooms': 0,
 'rental_name': '整租·国门智慧城 6房间 南',
 'rental_price': '9000',
 'rental_region': '顺义',
 'rental_rooms': '6',
 'rental_timestamp': '2022-12-26',
 'rental_url': 'https://bj.lianjia.com/zufang/BJ1657603273936338944.html'}
2022-12-26T00:40:55 [rent_spider.py:116] DEBUG: area info[
        66.91㎡
        ]
2022-12-26T00:40:55 [rent_spider.py:152] DEBUG: lighting info[南        ]
2022-12-26T00:40:55 [rent_spider.py:121] DEBUG: room info[
          4房间2卫        ]
2022-12-26T00:40:55 [scraper.py:289] DEBUG: Scraped from <200 https://bj.lianjia.com/zufang/c1111542030462381/>
{'rental_area': '66.91',
 'rental_bathrooms': '2',
 'rental_business_area': '后沙峪',
 'rental_city': '北京',
 'rental_community': '国门智慧城',
 'rental_community_url': 'https://bj.lianjia.com/zufang/c1111542030462381/',
 'rental_lighting': '南',
 'rental_liverooms': 0,
 'rental_name': '整租·国门智慧城 4房间 南',
 'rental_price': '4500',
 'rental_region': '顺义',
 'rental_rooms': '4',
 'rental_timestamp': '2022-12-26',
 'rental_url': 'https://bj.lianjia.com/zufang/BJ1676458626543255552.html'}
2022-12-26T00:40:55 [rent_spider.py:116] DEBUG: area info[
        73.59㎡
        ]
2022-12-26T00:40:55 [rent_spider.py:152] DEBUG: lighting info[南        ]
2022-12-26T00:40:55 [rent_spider.py:121] DEBUG: room info[
          4房间2卫        ]
2022-12-26T00:40:55 [scraper.py:289] DEBUG: Scraped from <200 https://bj.lianjia.com/zufang/c1111542030462381/>
{'rental_area': '73.59',
 'rental_bathrooms': '2',
 'rental_business_area': '后沙峪',
 'rental_city': '北京',
 'rental_community': '国门智慧城',
 'rental_community_url': 'https://bj.lianjia.com/zufang/c1111542030462381/',
 'rental_lighting': '南',
 'rental_liverooms': 0,
 'rental_name': '整租·国门智慧城 4房间 南',
 'rental_price': '5300',
 'rental_region': '顺义',
 'rental_rooms': '4',
 'rental_timestamp': '2022-12-26',
 'rental_url': 'https://bj.lianjia.com/zufang/BJ1683008031119376384.html'}
2022-12-26T00:40:55 [rent_spider.py:116] DEBUG: area info[
        84.60㎡
        ]
2022-12-26T00:40:55 [rent_spider.py:152] DEBUG: lighting info[南 北        ]
2022-12-26T00:40:55 [rent_spider.py:121] DEBUG: room info[
          4房间2卫        ]
2022-12-26T00:40:55 [scraper.py:289] DEBUG: Scraped from <200 https://bj.lianjia.com/zufang/c1111542030462381/>
{'rental_area': '84.60',
 'rental_bathrooms': '2',
 'rental_business_area': '后沙峪',
 'rental_city': '北京',
 'rental_community': '国门智慧城',
 'rental_community_url': 'https://bj.lianjia.com/zufang/c1111542030462381/',
 'rental_lighting': '南 北',
 'rental_liverooms': 0,
 'rental_name': '整租·国门智慧城 4房间 南/北',
 'rental_price': '6500',
 'rental_region': '顺义',
 'rental_rooms': '4',
 'rental_timestamp': '2022-12-26',
 'rental_url': 'https://bj.lianjia.com/zufang/BJ1617733949595844608.html'}
2022-12-26T00:40:55 [rent_spider.py:116] DEBUG: area info[
        53.91㎡
        ]
2022-12-26T00:40:55 [rent_spider.py:152] DEBUG: lighting info[南        ]
2022-12-26T00:40:55 [rent_spider.py:121] DEBUG: room info[
          3房间2卫        ]
2022-12-26T00:40:55 [scraper.py:289] DEBUG: Scraped from <200 https://bj.lianjia.com/zufang/c1111542030462381/>
{'rental_area': '53.91',
 'rental_bathrooms': '2',
 'rental_business_area': '后沙峪',
 'rental_city': '北京',
 'rental_community': '国门智慧城',
 'rental_community_url': 'https://bj.lianjia.com/zufang/c1111542030462381/',
 'rental_lighting': '南',
 'rental_liverooms': 0,
 'rental_name': '整租·国门智慧城 3房间 南',
 'rental_price': '4300',
 'rental_region': '顺义',
 'rental_rooms': '3',
 'rental_timestamp': '2022-12-26',
 'rental_url': 'https://bj.lianjia.com/zufang/BJ1685916354877587456.html'}
2022-12-26T00:40:55 [rent_spider.py:116] DEBUG: area info[
        73.00㎡
        ]
2022-12-26T00:40:55 [rent_spider.py:152] DEBUG: lighting info[南        ]
2022-12-26T00:40:55 [rent_spider.py:121] DEBUG: room info[
          4房间2卫        ]
2022-12-26T00:40:55 [scraper.py:289] DEBUG: Scraped from <200 https://bj.lianjia.com/zufang/c1111542030462381/>
{'rental_area': '73.00',
 'rental_bathrooms': '2',
 'rental_business_area': '后沙峪',
 'rental_city': '北京',
 'rental_community': '国门智慧城',
 'rental_community_url': 'https://bj.lianjia.com/zufang/c1111542030462381/',
 'rental_lighting': '南',
 'rental_liverooms': 0,
 'rental_name': '整租·国门智慧城 4房间 南',
 'rental_price': '5500',
 'rental_region': '顺义',
 'rental_rooms': '4',
 'rental_timestamp': '2022-12-26',
 'rental_url': 'https://bj.lianjia.com/zufang/BJ1687000198980567040.html'}
2022-12-26T00:40:55 [rent_spider.py:116] DEBUG: area info[
        52.00㎡
        ]
2022-12-26T00:40:55 [rent_spider.py:152] DEBUG: lighting info[南        ]
2022-12-26T00:40:55 [rent_spider.py:121] DEBUG: room info[
          3房间2卫        ]
2022-12-26T00:40:55 [scraper.py:289] DEBUG: Scraped from <200 https://bj.lianjia.com/zufang/c1111542030462381/>
{'rental_area': '52.00',
 'rental_bathrooms': '2',
 'rental_business_area': '后沙峪',
 'rental_city': '北京',
 'rental_community': '国门智慧城',
 'rental_community_url': 'https://bj.lianjia.com/zufang/c1111542030462381/',
 'rental_lighting': '南',
 'rental_liverooms': 0,
 'rental_name': '整租·国门智慧城 3房间 南',
 'rental_price': '4600',
 'rental_region': '顺义',
 'rental_rooms': '3',
 'rental_timestamp': '2022-12-26',
 'rental_url': 'https://bj.lianjia.com/zufang/BJ1684233362341888000.html'}
2022-12-26T00:40:55 [rent_spider.py:116] DEBUG: area info[
        67.00㎡
        ]
2022-12-26T00:40:55 [rent_spider.py:152] DEBUG: lighting info[南        ]
2022-12-26T00:40:55 [rent_spider.py:121] DEBUG: room info[
          4房间2卫        ]
2022-12-26T00:40:55 [scraper.py:289] DEBUG: Scraped from <200 https://bj.lianjia.com/zufang/c1111542030462381/>
{'rental_area': '67.00',
 'rental_bathrooms': '2',
 'rental_business_area': '后沙峪',
 'rental_city': '北京',
 'rental_community': '国门智慧城',
 'rental_community_url': 'https://bj.lianjia.com/zufang/c1111542030462381/',
 'rental_lighting': '南',
 'rental_liverooms': 0,
 'rental_name': '整租·国门智慧城 4房间 南',
 'rental_price': '4500',
 'rental_region': '顺义',
 'rental_rooms': '4',
 'rental_timestamp': '2022-12-26',
 'rental_url': 'https://bj.lianjia.com/zufang/BJ1689168905559343104.html'}
2022-12-26T00:40:55 [rent_spider.py:116] DEBUG: area info[
        56.00㎡
        ]
2022-12-26T00:40:55 [rent_spider.py:152] DEBUG: lighting info[北        ]
2022-12-26T00:40:55 [rent_spider.py:121] DEBUG: room info[
          5房间2卫        ]
2022-12-26T00:40:55 [scraper.py:289] DEBUG: Scraped from <200 https://bj.lianjia.com/zufang/c1111542030462381/>
{'rental_area': '56.00',
 'rental_bathrooms': '2',
 'rental_business_area': '后沙峪',
 'rental_city': '北京',
 'rental_community': '国门智慧城',
 'rental_community_url': 'https://bj.lianjia.com/zufang/c1111542030462381/',
 'rental_lighting': '北',
 'rental_liverooms': 0,
 'rental_name': '整租·国门智慧城 5房间 北',
 'rental_price': '5000',
 'rental_region': '顺义',
 'rental_rooms': '5',
 'rental_timestamp': '2022-12-26',
 'rental_url': 'https://bj.lianjia.com/zufang/BJ1700041154780725248.html'}
2022-12-26T00:40:55 [rent_spider.py:116] DEBUG: area info[
        71.00㎡
        ]
2022-12-26T00:40:55 [rent_spider.py:152] DEBUG: lighting info[南        ]
2022-12-26T00:40:55 [rent_spider.py:121] DEBUG: room info[
          5房间2卫        ]
2022-12-26T00:40:55 [scraper.py:289] DEBUG: Scraped from <200 https://bj.lianjia.com/zufang/c1111542030462381/>
{'rental_area': '71.00',
 'rental_bathrooms': '2',
 'rental_business_area': '后沙峪',
 'rental_city': '北京',
 'rental_community': '国门智慧城',
 'rental_community_url': 'https://bj.lianjia.com/zufang/c1111542030462381/',
 'rental_lighting': '南',
 'rental_liverooms': 0,
 'rental_name': '整租·国门智慧城 5房间 南',
 'rental_price': '5400',
 'rental_region': '顺义',
 'rental_rooms': '5',
 'rental_timestamp': '2022-12-26',
 'rental_url': 'https://bj.lianjia.com/zufang/BJ1693106240395149312.html'}
2022-12-26T00:40:55 [rent_spider.py:116] DEBUG: area info[
        70.00㎡
        ]
2022-12-26T00:40:55 [rent_spider.py:152] DEBUG: lighting info[南        ]
2022-12-26T00:40:55 [rent_spider.py:121] DEBUG: room info[
          5房间2卫        ]
2022-12-26T00:40:55 [scraper.py:289] DEBUG: Scraped from <200 https://bj.lianjia.com/zufang/c1111542030462381/>
{'rental_area': '70.00',
 'rental_bathrooms': '2',
 'rental_business_area': '后沙峪',
 'rental_city': '北京',
 'rental_community': '国门智慧城',
 'rental_community_url': 'https://bj.lianjia.com/zufang/c1111542030462381/',
 'rental_lighting': '南',
 'rental_liverooms': 0,
 'rental_name': '整租·国门智慧城 5房间 南',
 'rental_price': '5600',
 'rental_region': '顺义',
 'rental_rooms': '5',
 'rental_timestamp': '2022-12-26',
 'rental_url': 'https://bj.lianjia.com/zufang/BJ1693120345705283584.html'}
2022-12-26T00:40:55 [rent_spider.py:116] DEBUG: area info[
        102.00㎡
        ]
2022-12-26T00:40:55 [rent_spider.py:152] DEBUG: lighting info[东 西        ]
2022-12-26T00:40:55 [rent_spider.py:121] DEBUG: room info[
          5房间2卫        ]
2022-12-26T00:40:55 [scraper.py:289] DEBUG: Scraped from <200 https://bj.lianjia.com/zufang/c1111542030462381/>
{'rental_area': '102.00',
 'rental_bathrooms': '2',
 'rental_business_area': '后沙峪',
 'rental_city': '北京',
 'rental_community': '国门智慧城',
 'rental_community_url': 'https://bj.lianjia.com/zufang/c1111542030462381/',
 'rental_lighting': '东 西',
 'rental_liverooms': 0,
 'rental_name': '整租·国门智慧城 5房间 东/西',
 'rental_price': '7200',
 'rental_region': '顺义',
 'rental_rooms': '5',
 'rental_timestamp': '2022-12-26',
 'rental_url': 'https://bj.lianjia.com/zufang/BJ1668538182355910656.html'}
2022-12-26T00:40:55 [rent_spider.py:116] DEBUG: area info[
        70.00㎡
        ]
2022-12-26T00:40:55 [rent_spider.py:152] DEBUG: lighting info[南        ]
2022-12-26T00:40:55 [rent_spider.py:121] DEBUG: room info[
          4房间2卫        ]
2022-12-26T00:40:55 [scraper.py:289] DEBUG: Scraped from <200 https://bj.lianjia.com/zufang/c1111542030462381/>
{'rental_area': '70.00',
 'rental_bathrooms': '2',
 'rental_business_area': '后沙峪',
 'rental_city': '北京',
 'rental_community': '国门智慧城',
 'rental_community_url': 'https://bj.lianjia.com/zufang/c1111542030462381/',
 'rental_lighting': '南',
 'rental_liverooms': 0,
 'rental_name': '整租·国门智慧城 4房间 南',
 'rental_price': '5500',
 'rental_region': '顺义',
 'rental_rooms': '4',
 'rental_timestamp': '2022-12-26',
 'rental_url': 'https://bj.lianjia.com/zufang/BJ1671487144780103680.html'}
2022-12-26T00:40:55 [rent_spider.py:116] DEBUG: area info[
        42.00㎡
        ]
2022-12-26T00:40:55 [rent_spider.py:152] DEBUG: lighting info[北        ]
2022-12-26T00:40:55 [rent_spider.py:121] DEBUG: room info[
          3房间2卫        ]
2022-12-26T00:40:55 [scraper.py:289] DEBUG: Scraped from <200 https://bj.lianjia.com/zufang/c1111542030462381/>
{'rental_area': '42.00',
 'rental_bathrooms': '2',
 'rental_business_area': '后沙峪',
 'rental_city': '北京',
 'rental_community': '国门智慧城',
 'rental_community_url': 'https://bj.lianjia.com/zufang/c1111542030462381/',
 'rental_lighting': '北',
 'rental_liverooms': 0,
 'rental_name': '整租·国门智慧城 3房间 北',
 'rental_price': '4000',
 'rental_region': '顺义',
 'rental_rooms': '3',
 'rental_timestamp': '2022-12-26',
 'rental_url': 'https://bj.lianjia.com/zufang/BJ1677186174893948928.html'}
2022-12-26T00:40:55 [rent_spider.py:116] DEBUG: area info[
        49.00㎡
        ]
2022-12-26T00:40:55 [rent_spider.py:152] DEBUG: lighting info[北        ]
2022-12-26T00:40:55 [rent_spider.py:121] DEBUG: room info[
          2室1厅2卫        ]
2022-12-26T00:40:55 [pipelines.py:675] INFO: The rental 整租·国门智慧城 2室1厅 北 is already in table rental.
2022-12-26T00:40:55 [scraper.py:289] DEBUG: Scraped from <200 https://bj.lianjia.com/zufang/c1111542030462381/>
None
2022-12-26T00:40:55 [rent_spider.py:116] DEBUG: area info[
        53.16㎡
        ]
2022-12-26T00:40:55 [rent_spider.py:152] DEBUG: lighting info[东        ]
2022-12-26T00:40:55 [rent_spider.py:121] DEBUG: room info[
          4房间2卫        ]
2022-12-26T00:40:56 [scraper.py:289] DEBUG: Scraped from <200 https://bj.lianjia.com/zufang/c1111542030462381/>
{'rental_area': '53.16',
 'rental_bathrooms': '2',
 'rental_business_area': '后沙峪',
 'rental_city': '北京',
 'rental_community': '国门智慧城',
 'rental_community_url': 'https://bj.lianjia.com/zufang/c1111542030462381/',
 'rental_lighting': '东',
 'rental_liverooms': 0,
 'rental_name': '整租·国门智慧城 4房间 东',
 'rental_price': '4300',
 'rental_region': '顺义',
 'rental_rooms': '4',
 'rental_timestamp': '2022-12-26',
 'rental_url': 'https://bj.lianjia.com/zufang/BJ1700425031198179328.html'}
2022-12-26T00:40:56 [rent_spider.py:116] DEBUG: area info[
        50.00㎡
        ]
2022-12-26T00:40:56 [rent_spider.py:152] DEBUG: lighting info[南        ]
2022-12-26T00:40:56 [rent_spider.py:121] DEBUG: room info[
          3房间2卫        ]
2022-12-26T00:40:56 [scraper.py:289] DEBUG: Scraped from <200 https://bj.lianjia.com/zufang/c1111542030462381/>
{'rental_area': '50.00',
 'rental_bathrooms': '2',
 'rental_business_area': '后沙峪',
 'rental_city': '北京',
 'rental_community': '国门智慧城',
 'rental_community_url': 'https://bj.lianjia.com/zufang/c1111542030462381/',
 'rental_lighting': '南',
 'rental_liverooms': 0,
 'rental_name': '整租·国门智慧城 3房间 南',
 'rental_price': '4900',
 'rental_region': '顺义',
 'rental_rooms': '3',
 'rental_timestamp': '2022-12-26',
 'rental_url': 'https://bj.lianjia.com/zufang/BJ1654822588469215232.html'}
2022-12-26T00:40:56 [rent_spider.py:116] DEBUG: area info[
        66.16㎡
        ]
2022-12-26T00:40:56 [rent_spider.py:152] DEBUG: lighting info[南        ]
2022-12-26T00:40:56 [rent_spider.py:121] DEBUG: room info[
          4房间2卫        ]
2022-12-26T00:40:56 [scraper.py:289] DEBUG: Scraped from <200 https://bj.lianjia.com/zufang/c1111542030462381/>
{'rental_area': '66.16',
 'rental_bathrooms': '2',
 'rental_business_area': '后沙峪',
 'rental_city': '北京',
 'rental_community': '国门智慧城',
 'rental_community_url': 'https://bj.lianjia.com/zufang/c1111542030462381/',
 'rental_lighting': '南',
 'rental_liverooms': 0,
 'rental_name': '整租·国门智慧城 4房间 南',
 'rental_price': '5500',
 'rental_region': '顺义',
 'rental_rooms': '4',
 'rental_timestamp': '2022-12-26',
 'rental_url': 'https://bj.lianjia.com/zufang/BJ1662376606460542976.html'}
2022-12-26T00:40:56 [rent_spider.py:116] DEBUG: area info[
        46.79㎡
        ]
2022-12-26T00:40:56 [rent_spider.py:152] DEBUG: lighting info[东 北        ]
2022-12-26T00:40:56 [rent_spider.py:121] DEBUG: room info[
          2室1厅2卫        ]
2022-12-26T00:40:56 [pipelines.py:675] INFO: The rental 整租·国门智慧城 2室1厅 东/北 is already in table rental.
2022-12-26T00:40:56 [scraper.py:289] DEBUG: Scraped from <200 https://bj.lianjia.com/zufang/c1111542030462381/>
None
2022-12-26T00:40:56 [rent_spider.py:116] DEBUG: area info[
        70.00㎡
        ]
2022-12-26T00:40:56 [rent_spider.py:152] DEBUG: lighting info[南        ]
2022-12-26T00:40:56 [rent_spider.py:121] DEBUG: room info[
          5房间2卫        ]
2022-12-26T00:40:56 [scraper.py:289] DEBUG: Scraped from <200 https://bj.lianjia.com/zufang/c1111542030462381/>
{'rental_area': '70.00',
 'rental_bathrooms': '2',
 'rental_business_area': '后沙峪',
 'rental_city': '北京',
 'rental_community': '国门智慧城',
 'rental_community_url': 'https://bj.lianjia.com/zufang/c1111542030462381/',
 'rental_lighting': '南',
 'rental_liverooms': 0,
 'rental_name': '整租·国门智慧城 5房间 南',
 'rental_price': '5000',
 'rental_region': '顺义',
 'rental_rooms': '5',
 'rental_timestamp': '2022-12-26',
 'rental_url': 'https://bj.lianjia.com/zufang/BJ1685114047017517056.html'}
2022-12-26T00:40:56 [rent_spider.py:116] DEBUG: area info[
        73.00㎡
        ]
2022-12-26T00:40:56 [rent_spider.py:152] DEBUG: lighting info[南        ]
2022-12-26T00:40:56 [rent_spider.py:121] DEBUG: room info[
          4房间2卫        ]
2022-12-26T00:40:56 [scraper.py:289] DEBUG: Scraped from <200 https://bj.lianjia.com/zufang/c1111542030462381/>
{'rental_area': '73.00',
 'rental_bathrooms': '2',
 'rental_business_area': '后沙峪',
 'rental_city': '北京',
 'rental_community': '国门智慧城',
 'rental_community_url': 'https://bj.lianjia.com/zufang/c1111542030462381/',
 'rental_lighting': '南',
 'rental_liverooms': 0,
 'rental_name': '整租·国门智慧城 4房间 南',
 'rental_price': '5500',
 'rental_region': '顺义',
 'rental_rooms': '4',
 'rental_timestamp': '2022-12-26',
 'rental_url': 'https://bj.lianjia.com/zufang/BJ1686678085665030144.html'}
2022-12-26T00:40:56 [rent_spider.py:116] DEBUG: area info[
        59.90㎡
        ]
2022-12-26T00:40:56 [rent_spider.py:152] DEBUG: lighting info[北        ]
2022-12-26T00:40:56 [rent_spider.py:121] DEBUG: room info[
          4房间2卫        ]
2022-12-26T00:40:56 [scraper.py:289] DEBUG: Scraped from <200 https://bj.lianjia.com/zufang/c1111542030462381/>
{'rental_area': '59.90',
 'rental_bathrooms': '2',
 'rental_business_area': '后沙峪',
 'rental_city': '北京',
 'rental_community': '国门智慧城',
 'rental_community_url': 'https://bj.lianjia.com/zufang/c1111542030462381/',
 'rental_lighting': '北',
 'rental_liverooms': 0,
 'rental_name': '整租·国门智慧城 4房间 北',
 'rental_price': '5400',
 'rental_region': '顺义',
 'rental_rooms': '4',
 'rental_timestamp': '2022-12-26',
 'rental_url': 'https://bj.lianjia.com/zufang/BJ1714982609445978112.html'}
2022-12-26T00:40:56 [rent_spider.py:116] DEBUG: area info[
        75.06㎡
        ]
2022-12-26T00:40:56 [rent_spider.py:152] DEBUG: lighting info[南        ]
2022-12-26T00:40:56 [rent_spider.py:121] DEBUG: room info[
          4房间1卫        ]
2022-12-26T00:40:56 [scraper.py:289] DEBUG: Scraped from <200 https://bj.lianjia.com/zufang/c1111542030462381/>
{'rental_area': '75.06',
 'rental_bathrooms': '1',
 'rental_business_area': '后沙峪',
 'rental_city': '北京',
 'rental_community': '国门智慧城',
 'rental_community_url': 'https://bj.lianjia.com/zufang/c1111542030462381/',
 'rental_lighting': '南',
 'rental_liverooms': 0,
 'rental_name': '整租·国门智慧城 4房间 南',
 'rental_price': '7000',
 'rental_region': '顺义',
 'rental_rooms': '4',
 'rental_timestamp': '2022-12-26',
 'rental_url': 'https://bj.lianjia.com/zufang/BJ1709899310809743360.html'}
2022-12-26T00:40:56 [rent_spider.py:116] DEBUG: area info[
        76.90㎡
        ]
2022-12-26T00:40:56 [rent_spider.py:152] DEBUG: lighting info[南        ]
2022-12-26T00:40:56 [rent_spider.py:121] DEBUG: room info[
          4房间2卫        ]
2022-12-26T00:40:56 [scraper.py:289] DEBUG: Scraped from <200 https://bj.lianjia.com/zufang/c1111542030462381/>
{'rental_area': '76.90',
 'rental_bathrooms': '2',
 'rental_business_area': '后沙峪',
 'rental_city': '北京',
 'rental_community': '国门智慧城',
 'rental_community_url': 'https://bj.lianjia.com/zufang/c1111542030462381/',
 'rental_lighting': '南',
 'rental_liverooms': 0,
 'rental_name': '整租·国门智慧城 4房间 南',
 'rental_price': '5200',
 'rental_region': '顺义',
 'rental_rooms': '4',
 'rental_timestamp': '2022-12-26',
 'rental_url': 'https://bj.lianjia.com/zufang/BJ1714147705816612864.html'}
2022-12-26T00:40:56 [rent_spider.py:116] DEBUG: area info[
        73.00㎡
        ]
2022-12-26T00:40:56 [rent_spider.py:152] DEBUG: lighting info[南        ]
2022-12-26T00:40:56 [rent_spider.py:121] DEBUG: room info[
          5房间2卫        ]
2022-12-26T00:40:56 [scraper.py:289] DEBUG: Scraped from <200 https://bj.lianjia.com/zufang/c1111542030462381/>
{'rental_area': '73.00',
 'rental_bathrooms': '2',
 'rental_business_area': '后沙峪',
 'rental_city': '北京',
 'rental_community': '国门智慧城',
 'rental_community_url': 'https://bj.lianjia.com/zufang/c1111542030462381/',
 'rental_lighting': '南',
 'rental_liverooms': 0,
 'rental_name': '整租·国门智慧城 5房间 南',
 'rental_price': '5300',
 'rental_region': '顺义',
 'rental_rooms': '5',
 'rental_timestamp': '2022-12-26',
 'rental_url': 'https://bj.lianjia.com/zufang/BJ1640664730362183680.html'}
2022-12-26T00:40:56 [rent_spider.py:116] DEBUG: area info[
        50.00㎡
        ]
2022-12-26T00:40:56 [rent_spider.py:152] DEBUG: lighting info[北        ]
2022-12-26T00:40:56 [rent_spider.py:121] DEBUG: room info[
          3房间2卫        ]
2022-12-26T00:40:56 [scraper.py:289] DEBUG: Scraped from <200 https://bj.lianjia.com/zufang/c1111542030462381/>
{'rental_area': '50.00',
 'rental_bathrooms': '2',
 'rental_business_area': '后沙峪',
 'rental_city': '北京',
 'rental_community': '国门智慧城',
 'rental_community_url': 'https://bj.lianjia.com/zufang/c1111542030462381/',
 'rental_lighting': '北',
 'rental_liverooms': 0,
 'rental_name': '整租·国门智慧城 3房间 北',
 'rental_price': '4500',
 'rental_region': '顺义',
 'rental_rooms': '3',
 'rental_timestamp': '2022-12-26',
 'rental_url': 'https://bj.lianjia.com/zufang/BJ1700358524648816640.html'}
2022-12-26T00:40:56 [rent_spider.py:116] DEBUG: area info[
        56.63㎡
        ]
2022-12-26T00:40:56 [rent_spider.py:152] DEBUG: lighting info[南        ]
2022-12-26T00:40:56 [rent_spider.py:121] DEBUG: room info[
          3房间2卫        ]
2022-12-26T00:40:56 [scraper.py:289] DEBUG: Scraped from <200 https://bj.lianjia.com/zufang/c1111542030462381/>
{'rental_area': '56.63',
 'rental_bathrooms': '2',
 'rental_business_area': '后沙峪',
 'rental_city': '北京',
 'rental_community': '国门智慧城',
 'rental_community_url': 'https://bj.lianjia.com/zufang/c1111542030462381/',
 'rental_lighting': '南',
 'rental_liverooms': 0,
 'rental_name': '整租·国门智慧城 3房间 南',
 'rental_price': '5000',
 'rental_region': '顺义',
 'rental_rooms': '3',
 'rental_timestamp': '2022-12-26',
 'rental_url': 'https://bj.lianjia.com/zufang/BJ1717829358950809600.html'}
2022-12-26T00:40:56 [rent_spider.py:116] DEBUG: area info[
        51.00㎡
        ]
2022-12-26T00:40:56 [rent_spider.py:152] DEBUG: lighting info[东        ]
2022-12-26T00:40:56 [rent_spider.py:121] DEBUG: room info[
          3房间2卫        ]
2022-12-26T00:40:56 [scraper.py:289] DEBUG: Scraped from <200 https://bj.lianjia.com/zufang/c1111542030462381/>
{'rental_area': '51.00',
 'rental_bathrooms': '2',
 'rental_business_area': '后沙峪',
 'rental_city': '北京',
 'rental_community': '国门智慧城',
 'rental_community_url': 'https://bj.lianjia.com/zufang/c1111542030462381/',
 'rental_lighting': '东',
 'rental_liverooms': 0,
 'rental_name': '整租·国门智慧城 3房间 东',
 'rental_price': '4600',
 'rental_region': '顺义',
 'rental_rooms': '3',
 'rental_timestamp': '2022-12-26',
 'rental_url': 'https://bj.lianjia.com/zufang/BJ1716433825199816704.html'}
2022-12-26T00:40:56 [rent_spider.py:116] DEBUG: area info[
        60.00㎡
        ]
2022-12-26T00:40:56 [rent_spider.py:152] DEBUG: lighting info[北        ]
2022-12-26T00:40:56 [rent_spider.py:121] DEBUG: room info[
          4房间2卫        ]
2022-12-26T00:40:56 [scraper.py:289] DEBUG: Scraped from <200 https://bj.lianjia.com/zufang/c1111542030462381/>
{'rental_area': '60.00',
 'rental_bathrooms': '2',
 'rental_business_area': '后沙峪',
 'rental_city': '北京',
 'rental_community': '国门智慧城',
 'rental_community_url': 'https://bj.lianjia.com/zufang/c1111542030462381/',
 'rental_lighting': '北',
 'rental_liverooms': 0,
 'rental_name': '整租·国门智慧城 4房间 北',
 'rental_price': '5300',
 'rental_region': '顺义',
 'rental_rooms': '4',
 'rental_timestamp': '2022-12-26',
 'rental_url': 'https://bj.lianjia.com/zufang/BJ1716335807352012800.html'}
2022-12-26T00:40:56 [rent_spider.py:217] INFO: Crawl next page's rentals: [https://bj.lianjia.com/zufang/pg2c1111542030462381/]
2022-12-26T00:41:01 [engine.py:295] DEBUG: Crawled (200) <GET https://bj.lianjia.com/zufang/c1111027377343/> (referer: None)
2022-12-26T00:41:01 [rent_spider.py:70] DEBUG: Number of houses available on rent[31]
2022-12-26T00:41:01 [rent_spider.py:116] DEBUG: area info[
        97.00㎡
        ]
2022-12-26T00:41:01 [rent_spider.py:152] DEBUG: lighting info[南 北        ]
2022-12-26T00:41:01 [rent_spider.py:121] DEBUG: room info[
          2室2厅1卫        ]
2022-12-26T00:41:01 [pipelines.py:675] INFO: The rental 整租·江山赋 2室2厅 南/北 is already in table rental.
2022-12-26T00:41:01 [scraper.py:289] DEBUG: Scraped from <200 https://bj.lianjia.com/zufang/c1111027377343/>
None
2022-12-26T00:41:01 [rent_spider.py:116] DEBUG: area info[
        108.00㎡
        ]
2022-12-26T00:41:01 [rent_spider.py:152] DEBUG: lighting info[南 西 北        ]
2022-12-26T00:41:01 [rent_spider.py:121] DEBUG: room info[
          3室1厅1卫        ]
2022-12-26T00:41:01 [pipelines.py:675] INFO: The rental 整租·江山赋 3室1厅 南/西/北 is already in table rental.
2022-12-26T00:41:01 [scraper.py:289] DEBUG: Scraped from <200 https://bj.lianjia.com/zufang/c1111027377343/>
None
2022-12-26T00:41:01 [rent_spider.py:116] DEBUG: area info[
        58.00㎡
        ]
2022-12-26T00:41:01 [rent_spider.py:152] DEBUG: lighting info[南        ]
2022-12-26T00:41:01 [rent_spider.py:121] DEBUG: room info[
          1室1厅1卫        ]
2022-12-26T00:41:01 [pipelines.py:675] INFO: The rental 整租·江山赋 1室1厅 南 is already in table rental.
2022-12-26T00:41:01 [scraper.py:289] DEBUG: Scraped from <200 https://bj.lianjia.com/zufang/c1111027377343/>
None
2022-12-26T00:41:01 [rent_spider.py:116] DEBUG: area info[
        58.00㎡
        ]
2022-12-26T00:41:01 [rent_spider.py:152] DEBUG: lighting info[西        ]
2022-12-26T00:41:01 [rent_spider.py:121] DEBUG: room info[
          1室1厅1卫        ]
2022-12-26T00:41:01 [pipelines.py:675] INFO: The rental 整租·江山赋 1室1厅 西 is already in table rental.
2022-12-26T00:41:01 [scraper.py:289] DEBUG: Scraped from <200 https://bj.lianjia.com/zufang/c1111027377343/>
None
2022-12-26T00:41:01 [rent_spider.py:116] DEBUG: area info[
        57.00㎡
        ]
2022-12-26T00:41:01 [rent_spider.py:152] DEBUG: lighting info[南        ]
2022-12-26T00:41:01 [rent_spider.py:121] DEBUG: room info[
          1室1厅1卫        ]
2022-12-26T00:41:01 [pipelines.py:675] INFO: The rental 整租·江山赋 1室1厅 南 is already in table rental.
2022-12-26T00:41:01 [scraper.py:289] DEBUG: Scraped from <200 https://bj.lianjia.com/zufang/c1111027377343/>
None
2022-12-26T00:41:01 [rent_spider.py:116] DEBUG: area info[
        105.00㎡
        ]
2022-12-26T00:41:01 [rent_spider.py:152] DEBUG: lighting info[北        ]
2022-12-26T00:41:01 [rent_spider.py:121] DEBUG: room info[
          3房间1卫        ]
2022-12-26T00:41:01 [scraper.py:289] DEBUG: Scraped from <200 https://bj.lianjia.com/zufang/c1111027377343/>
{'rental_area': '105.00',
 'rental_bathrooms': '1',
 'rental_business_area': '后沙峪',
 'rental_city': '北京',
 'rental_community': '江山赋',
 'rental_community_url': 'https://bj.lianjia.com/zufang/c1111027377343/',
 'rental_lighting': '北',
 'rental_liverooms': 0,
 'rental_name': '整租·江山赋 3房间 北',
 'rental_price': '6000',
 'rental_region': '顺义',
 'rental_rooms': '3',
 'rental_timestamp': '2022-12-26',
 'rental_url': 'https://bj.lianjia.com/zufang/BJ1632689083438333952.html'}
2022-12-26T00:41:01 [rent_spider.py:116] DEBUG: area info[
        104.00㎡
        ]
2022-12-26T00:41:01 [rent_spider.py:152] DEBUG: lighting info[南        ]
2022-12-26T00:41:01 [rent_spider.py:121] DEBUG: room info[
          2房间1卫        ]
2022-12-26T00:41:01 [scraper.py:289] DEBUG: Scraped from <200 https://bj.lianjia.com/zufang/c1111027377343/>
{'rental_area': '104.00',
 'rental_bathrooms': '1',
 'rental_business_area': '后沙峪',
 'rental_city': '北京',
 'rental_community': '江山赋',
 'rental_community_url': 'https://bj.lianjia.com/zufang/c1111027377343/',
 'rental_lighting': '南',
 'rental_liverooms': 0,
 'rental_name': '整租·江山赋 2房间 南',
 'rental_price': '5000',
 'rental_region': '顺义',
 'rental_rooms': '2',
 'rental_timestamp': '2022-12-26',
 'rental_url': 'https://bj.lianjia.com/zufang/BJ1607290436970348544.html'}
2022-12-26T00:41:01 [rent_spider.py:116] DEBUG: area info[
        50.00㎡
        ]
2022-12-26T00:41:01 [rent_spider.py:152] DEBUG: lighting info[西        ]
2022-12-26T00:41:01 [rent_spider.py:121] DEBUG: room info[
          1房间1卫        ]
2022-12-26T00:41:01 [scraper.py:289] DEBUG: Scraped from <200 https://bj.lianjia.com/zufang/c1111027377343/>
{'rental_area': '50.00',
 'rental_bathrooms': '1',
 'rental_business_area': '后沙峪',
 'rental_city': '北京',
 'rental_community': '江山赋',
 'rental_community_url': 'https://bj.lianjia.com/zufang/c1111027377343/',
 'rental_lighting': '西',
 'rental_liverooms': 0,
 'rental_name': '整租·江山赋 1房间 西',
 'rental_price': '3200',
 'rental_region': '顺义',
 'rental_rooms': '1',
 'rental_timestamp': '2022-12-26',
 'rental_url': 'https://bj.lianjia.com/zufang/BJ1717024332049285120.html'}
2022-12-26T00:41:01 [rent_spider.py:116] DEBUG: area info[
        94.96㎡
        ]
2022-12-26T00:41:01 [rent_spider.py:152] DEBUG: lighting info[北        ]
2022-12-26T00:41:01 [rent_spider.py:121] DEBUG: room info[
          3房间1卫        ]
2022-12-26T00:41:01 [scraper.py:289] DEBUG: Scraped from <200 https://bj.lianjia.com/zufang/c1111027377343/>
{'rental_area': '94.96',
 'rental_bathrooms': '1',
 'rental_business_area': '后沙峪',
 'rental_city': '北京',
 'rental_community': '江山赋',
 'rental_community_url': 'https://bj.lianjia.com/zufang/c1111027377343/',
 'rental_lighting': '北',
 'rental_liverooms': 0,
 'rental_name': '整租·江山赋 3房间 北',
 'rental_price': '4800',
 'rental_region': '顺义',
 'rental_rooms': '3',
 'rental_timestamp': '2022-12-26',
 'rental_url': 'https://bj.lianjia.com/zufang/BJ1708513474616754176.html'}
2022-12-26T00:41:01 [rent_spider.py:116] DEBUG: area info[
        97.00㎡
        ]
2022-12-26T00:41:01 [rent_spider.py:152] DEBUG: lighting info[南 北        ]
2022-12-26T00:41:01 [rent_spider.py:121] DEBUG: room info[
          2室1厅1卫        ]
2022-12-26T00:41:01 [pipelines.py:675] INFO: The rental 整租·江山赋 2室1厅 南/北 is already in table rental.
2022-12-26T00:41:01 [scraper.py:289] DEBUG: Scraped from <200 https://bj.lianjia.com/zufang/c1111027377343/>
None
2022-12-26T00:41:01 [rent_spider.py:116] DEBUG: area info[
        113.93㎡
        ]
2022-12-26T00:41:01 [rent_spider.py:152] DEBUG: lighting info[南 北        ]
2022-12-26T00:41:01 [rent_spider.py:121] DEBUG: room info[
          3室2厅2卫        ]
2022-12-26T00:41:01 [pipelines.py:675] INFO: The rental 整租·江山赋 3室2厅 南/北 is already in table rental.
2022-12-26T00:41:01 [scraper.py:289] DEBUG: Scraped from <200 https://bj.lianjia.com/zufang/c1111027377343/>
None
2022-12-26T00:41:01 [rent_spider.py:116] DEBUG: area info[
        97.00㎡
        ]
2022-12-26T00:41:01 [rent_spider.py:152] DEBUG: lighting info[南 北        ]
2022-12-26T00:41:01 [rent_spider.py:121] DEBUG: room info[
          2室1厅1卫        ]
2022-12-26T00:41:01 [pipelines.py:675] INFO: The rental 整租·江山赋 2室1厅 南/北 is already in table rental.
2022-12-26T00:41:01 [scraper.py:289] DEBUG: Scraped from <200 https://bj.lianjia.com/zufang/c1111027377343/>
None
2022-12-26T00:41:01 [rent_spider.py:116] DEBUG: area info[
        94.60㎡
        ]
2022-12-26T00:41:01 [rent_spider.py:152] DEBUG: lighting info[北        ]
2022-12-26T00:41:01 [rent_spider.py:121] DEBUG: room info[
          2房间1卫        ]
2022-12-26T00:41:01 [scraper.py:289] DEBUG: Scraped from <200 https://bj.lianjia.com/zufang/c1111027377343/>
{'rental_area': '94.60',
 'rental_bathrooms': '1',
 'rental_business_area': '后沙峪',
 'rental_city': '北京',
 'rental_community': '江山赋',
 'rental_community_url': 'https://bj.lianjia.com/zufang/c1111027377343/',
 'rental_lighting': '北',
 'rental_liverooms': 0,
 'rental_name': '整租·江山赋 2房间 北',
 'rental_price': '4600',
 'rental_region': '顺义',
 'rental_rooms': '2',
 'rental_timestamp': '2022-12-26',
 'rental_url': 'https://bj.lianjia.com/zufang/BJ1648269031238533120.html'}
2022-12-26T00:41:01 [rent_spider.py:116] DEBUG: area info[
        60.00㎡
        ]
2022-12-26T00:41:01 [rent_spider.py:152] DEBUG: lighting info[西        ]
2022-12-26T00:41:01 [rent_spider.py:121] DEBUG: room info[
          2室1厅1卫        ]
2022-12-26T00:41:01 [pipelines.py:675] INFO: The rental 整租·江山赋 2室1厅 西 is already in table rental.
2022-12-26T00:41:01 [scraper.py:289] DEBUG: Scraped from <200 https://bj.lianjia.com/zufang/c1111027377343/>
None
2022-12-26T00:41:01 [rent_spider.py:116] DEBUG: area info[
        160.93㎡
        ]
2022-12-26T00:41:01 [rent_spider.py:152] DEBUG: lighting info[南 北        ]
2022-12-26T00:41:01 [rent_spider.py:121] DEBUG: room info[
          3室1厅3卫        ]
2022-12-26T00:41:01 [pipelines.py:675] INFO: The rental 整租·江山赋 3室1厅 复式 南/北 is already in table rental.
2022-12-26T00:41:01 [scraper.py:289] DEBUG: Scraped from <200 https://bj.lianjia.com/zufang/c1111027377343/>
None
2022-12-26T00:41:01 [rent_spider.py:116] DEBUG: area info[
        89.00㎡
        ]
2022-12-26T00:41:01 [rent_spider.py:152] DEBUG: lighting info[南 北        ]
2022-12-26T00:41:01 [rent_spider.py:121] DEBUG: room info[
          4室2厅2卫        ]
2022-12-26T00:41:01 [pipelines.py:675] INFO: The rental 整租·江山赋 4室2厅 南/北 is already in table rental.
2022-12-26T00:41:01 [scraper.py:289] DEBUG: Scraped from <200 https://bj.lianjia.com/zufang/c1111027377343/>
None
2022-12-26T00:41:01 [rent_spider.py:116] DEBUG: area info[
        107.00㎡
        ]
2022-12-26T00:41:01 [rent_spider.py:152] DEBUG: lighting info[南 北        ]
2022-12-26T00:41:01 [rent_spider.py:121] DEBUG: room info[
          3室1厅1卫        ]
2022-12-26T00:41:01 [pipelines.py:675] INFO: The rental 整租·江山赋 3室1厅 南/北 is already in table rental.
2022-12-26T00:41:01 [scraper.py:289] DEBUG: Scraped from <200 https://bj.lianjia.com/zufang/c1111027377343/>
None
2022-12-26T00:41:01 [rent_spider.py:116] DEBUG: area info[
        158.00㎡
        ]
2022-12-26T00:41:01 [rent_spider.py:152] DEBUG: lighting info[南 北        ]
2022-12-26T00:41:01 [rent_spider.py:121] DEBUG: room info[
          4室2厅3卫        ]
2022-12-26T00:41:01 [pipelines.py:675] INFO: The rental 整租·江山赋 4室2厅 复式 南/北 is already in table rental.
2022-12-26T00:41:01 [scraper.py:289] DEBUG: Scraped from <200 https://bj.lianjia.com/zufang/c1111027377343/>
None
2022-12-26T00:41:01 [rent_spider.py:116] DEBUG: area info[
        107.00㎡
        ]
2022-12-26T00:41:01 [rent_spider.py:152] DEBUG: lighting info[南 北        ]
2022-12-26T00:41:01 [rent_spider.py:121] DEBUG: room info[
          5室1厅2卫        ]
2022-12-26T00:41:01 [pipelines.py:675] INFO: The rental 整租·江山赋 5室1厅 南/北 is already in table rental.
2022-12-26T00:41:01 [scraper.py:289] DEBUG: Scraped from <200 https://bj.lianjia.com/zufang/c1111027377343/>
None
2022-12-26T00:41:01 [rent_spider.py:116] DEBUG: area info[
        153.00㎡
        ]
2022-12-26T00:41:01 [rent_spider.py:152] DEBUG: lighting info[南 北        ]
2022-12-26T00:41:01 [rent_spider.py:121] DEBUG: room info[
          3室2厅2卫        ]
2022-12-26T00:41:01 [pipelines.py:675] INFO: The rental 整租·江山赋 3室2厅 南/北 is already in table rental.
2022-12-26T00:41:01 [scraper.py:289] DEBUG: Scraped from <200 https://bj.lianjia.com/zufang/c1111027377343/>
None
2022-12-26T00:41:01 [rent_spider.py:116] DEBUG: area info[
        97.00㎡
        ]
2022-12-26T00:41:01 [rent_spider.py:152] DEBUG: lighting info[南        ]
2022-12-26T00:41:01 [rent_spider.py:121] DEBUG: room info[
          2室1厅1卫        ]
2022-12-26T00:41:01 [pipelines.py:675] INFO: The rental 整租·江山赋 2室1厅 南 is already in table rental.
2022-12-26T00:41:01 [scraper.py:289] DEBUG: Scraped from <200 https://bj.lianjia.com/zufang/c1111027377343/>
None
2022-12-26T00:41:01 [rent_spider.py:116] DEBUG: area info[
        90.07㎡
        ]
2022-12-26T00:41:01 [rent_spider.py:152] DEBUG: lighting info[南 北        ]
2022-12-26T00:41:01 [rent_spider.py:121] DEBUG: room info[
          4室2厅2卫        ]
2022-12-26T00:41:01 [pipelines.py:675] INFO: The rental 整租·江山赋 4室2厅 南/北 is already in table rental.
2022-12-26T00:41:01 [scraper.py:289] DEBUG: Scraped from <200 https://bj.lianjia.com/zufang/c1111027377343/>
None
2022-12-26T00:41:01 [rent_spider.py:116] DEBUG: area info[
        75.00㎡
        ]
2022-12-26T00:41:01 [rent_spider.py:152] DEBUG: lighting info[东 西        ]
2022-12-26T00:41:01 [rent_spider.py:121] DEBUG: room info[
          2室1厅1卫        ]
2022-12-26T00:41:01 [pipelines.py:675] INFO: The rental 整租·江山赋 2室1厅 东/西 is already in table rental.
2022-12-26T00:41:01 [scraper.py:289] DEBUG: Scraped from <200 https://bj.lianjia.com/zufang/c1111027377343/>
None
2022-12-26T00:41:01 [rent_spider.py:116] DEBUG: area info[
        97.00㎡
        ]
2022-12-26T00:41:01 [rent_spider.py:152] DEBUG: lighting info[南 北        ]
2022-12-26T00:41:01 [rent_spider.py:121] DEBUG: room info[
          2室1厅1卫        ]
2022-12-26T00:41:01 [pipelines.py:675] INFO: The rental 整租·江山赋 2室1厅 南/北 is already in table rental.
2022-12-26T00:41:01 [scraper.py:289] DEBUG: Scraped from <200 https://bj.lianjia.com/zufang/c1111027377343/>
None
2022-12-26T00:41:01 [rent_spider.py:116] DEBUG: area info[
        150.00㎡
        ]
2022-12-26T00:41:01 [rent_spider.py:152] DEBUG: lighting info[南 北        ]
2022-12-26T00:41:01 [rent_spider.py:121] DEBUG: room info[
          3室2厅2卫        ]
2022-12-26T00:41:01 [pipelines.py:675] INFO: The rental 整租·江山赋 3室2厅 南/北 is already in table rental.
2022-12-26T00:41:01 [scraper.py:289] DEBUG: Scraped from <200 https://bj.lianjia.com/zufang/c1111027377343/>
None
2022-12-26T00:41:01 [rent_spider.py:116] DEBUG: area info[
        97.00㎡
        ]
2022-12-26T00:41:01 [rent_spider.py:152] DEBUG: lighting info[南 北        ]
2022-12-26T00:41:01 [rent_spider.py:121] DEBUG: room info[
          2室1厅1卫        ]
2022-12-26T00:41:01 [scraper.py:289] DEBUG: Scraped from <200 https://bj.lianjia.com/zufang/c1111027377343/>
{'rental_area': '97.00',
 'rental_bathrooms': '1',
 'rental_business_area': '后沙峪',
 'rental_city': '北京',
 'rental_community': '江山赋',
 'rental_community_url': 'https://bj.lianjia.com/zufang/c1111027377343/',
 'rental_lighting': '南 北',
 'rental_liverooms': '1',
 'rental_name': '整租·江山赋 2室1厅 南/北',
 'rental_price': '8000',
 'rental_region': '顺义',
 'rental_rooms': '2',
 'rental_timestamp': '2022-12-26',
 'rental_url': 'https://bj.lianjia.com/zufang/BJ1703683343268184064.html'}
2022-12-26T00:41:01 [rent_spider.py:116] DEBUG: area info[
        149.20㎡
        ]
2022-12-26T00:41:01 [rent_spider.py:152] DEBUG: lighting info[南 北        ]
2022-12-26T00:41:01 [rent_spider.py:121] DEBUG: room info[
          3室2厅2卫        ]
2022-12-26T00:41:01 [pipelines.py:675] INFO: The rental 整租·江山赋 3室2厅 南/北 is already in table rental.
2022-12-26T00:41:01 [scraper.py:289] DEBUG: Scraped from <200 https://bj.lianjia.com/zufang/c1111027377343/>
None
2022-12-26T00:41:01 [rent_spider.py:116] DEBUG: area info[
        154.00㎡
        ]
2022-12-26T00:41:01 [rent_spider.py:152] DEBUG: lighting info[南 北        ]
2022-12-26T00:41:01 [rent_spider.py:121] DEBUG: room info[
          3室2厅2卫        ]
2022-12-26T00:41:01 [pipelines.py:675] INFO: The rental 整租·江山赋 3室2厅 南/北 is already in table rental.
2022-12-26T00:41:01 [scraper.py:289] DEBUG: Scraped from <200 https://bj.lianjia.com/zufang/c1111027377343/>
None
2022-12-26T00:41:01 [rent_spider.py:116] DEBUG: area info[
        108.00㎡
        ]
2022-12-26T00:41:01 [rent_spider.py:152] DEBUG: lighting info[南 北        ]
2022-12-26T00:41:01 [rent_spider.py:121] DEBUG: room info[
          4室3厅3卫        ]
2022-12-26T00:41:01 [pipelines.py:675] INFO: The rental 整租·江山赋 4室3厅 复式 南/北 is already in table rental.
2022-12-26T00:41:01 [scraper.py:289] DEBUG: Scraped from <200 https://bj.lianjia.com/zufang/c1111027377343/>
None
2022-12-26T00:41:01 [rent_spider.py:116] DEBUG: area info[
        114.00㎡
        ]
2022-12-26T00:41:01 [rent_spider.py:152] DEBUG: lighting info[南 北        ]
2022-12-26T00:41:01 [rent_spider.py:121] DEBUG: room info[
          4室3厅2卫        ]
2022-12-26T00:41:01 [pipelines.py:675] INFO: The rental 整租·江山赋 4室3厅 南/北 is already in table rental.
2022-12-26T00:41:01 [scraper.py:289] DEBUG: Scraped from <200 https://bj.lianjia.com/zufang/c1111027377343/>
None
2022-12-26T00:41:01 [rent_spider.py:217] INFO: Crawl next page's rentals: [https://bj.lianjia.com/zufang/pg2c1111027377343/]
2022-12-26T00:41:09 [engine.py:295] DEBUG: Crawled (200) <GET https://bj.lianjia.com/zufang/c118282615852037/> (referer: None)
2022-12-26T00:41:09 [rent_spider.py:70] DEBUG: Number of houses available on rent[38]
2022-12-26T00:41:09 [rent_spider.py:116] DEBUG: area info[
        38.00㎡
        ]
2022-12-26T00:41:09 [rent_spider.py:152] DEBUG: lighting info[东 西        ]
2022-12-26T00:41:09 [rent_spider.py:121] DEBUG: room info[
          2室1厅2卫        ]
2022-12-26T00:41:09 [pipelines.py:675] INFO: The rental 整租·旭辉26街区 2室1厅 东/西 is already in table rental.
2022-12-26T00:41:09 [scraper.py:289] DEBUG: Scraped from <200 https://bj.lianjia.com/zufang/c118282615852037/>
None
2022-12-26T00:41:09 [rent_spider.py:116] DEBUG: area info[
        39.96㎡
        ]
2022-12-26T00:41:09 [rent_spider.py:152] DEBUG: lighting info[东 西        ]
2022-12-26T00:41:09 [rent_spider.py:121] DEBUG: room info[
          2室1厅2卫        ]
2022-12-26T00:41:09 [pipelines.py:675] INFO: The rental 整租·旭辉26街区 2室1厅 东/西 is already in table rental.
2022-12-26T00:41:09 [scraper.py:289] DEBUG: Scraped from <200 https://bj.lianjia.com/zufang/c118282615852037/>
None
2022-12-26T00:41:09 [rent_spider.py:116] DEBUG: area info[
        27.00㎡
        ]
2022-12-26T00:41:09 [rent_spider.py:152] DEBUG: lighting info[南 北        ]
2022-12-26T00:41:09 [rent_spider.py:121] DEBUG: room info[
          1室1厅1卫        ]
2022-12-26T00:41:09 [pipelines.py:675] INFO: The rental 整租·旭辉26街区 1室1厅 南/北 is already in table rental.
2022-12-26T00:41:09 [scraper.py:289] DEBUG: Scraped from <200 https://bj.lianjia.com/zufang/c118282615852037/>
None
2022-12-26T00:41:09 [rent_spider.py:116] DEBUG: area info[
        60.00㎡
        ]
2022-12-26T00:41:09 [rent_spider.py:152] DEBUG: lighting info[南        ]
2022-12-26T00:41:09 [rent_spider.py:121] DEBUG: room info[
          3室2厅2卫        ]
2022-12-26T00:41:09 [pipelines.py:675] INFO: The rental 整租·旭辉26街区 3室2厅 南 is already in table rental.
2022-12-26T00:41:09 [scraper.py:289] DEBUG: Scraped from <200 https://bj.lianjia.com/zufang/c118282615852037/>
None
2022-12-26T00:41:09 [rent_spider.py:116] DEBUG: area info[
        27.00㎡
        ]
2022-12-26T00:41:09 [rent_spider.py:152] DEBUG: lighting info[北        ]
2022-12-26T00:41:09 [rent_spider.py:121] DEBUG: room info[
          2房间1卫        ]
2022-12-26T00:41:09 [scraper.py:289] DEBUG: Scraped from <200 https://bj.lianjia.com/zufang/c118282615852037/>
{'rental_area': '27.00',
 'rental_bathrooms': '1',
 'rental_business_area': '顺义其它',
 'rental_city': '北京',
 'rental_community': '旭辉26街区',
 'rental_community_url': 'https://bj.lianjia.com/zufang/c118282615852037/',
 'rental_lighting': '北',
 'rental_liverooms': 0,
 'rental_name': '整租·旭辉26街区 2房间 北',
 'rental_price': '3200',
 'rental_region': '顺义',
 'rental_rooms': '2',
 'rental_timestamp': '2022-12-26',
 'rental_url': 'https://bj.lianjia.com/zufang/BJ1714891385653428224.html'}
2022-12-26T00:41:09 [rent_spider.py:116] DEBUG: area info[
        27.00㎡
        ]
2022-12-26T00:41:09 [rent_spider.py:152] DEBUG: lighting info[北        ]
2022-12-26T00:41:09 [rent_spider.py:121] DEBUG: room info[
          2房间1卫        ]
2022-12-26T00:41:09 [scraper.py:289] DEBUG: Scraped from <200 https://bj.lianjia.com/zufang/c118282615852037/>
{'rental_area': '27.00',
 'rental_bathrooms': '1',
 'rental_business_area': '顺义其它',
 'rental_city': '北京',
 'rental_community': '旭辉26街区',
 'rental_community_url': 'https://bj.lianjia.com/zufang/c118282615852037/',
 'rental_lighting': '北',
 'rental_liverooms': 0,
 'rental_name': '整租·旭辉26街区 2房间 北',
 'rental_price': '3000',
 'rental_region': '顺义',
 'rental_rooms': '2',
 'rental_timestamp': '2022-12-26',
 'rental_url': 'https://bj.lianjia.com/zufang/BJ1693993624586420224.html'}
2022-12-26T00:41:09 [rent_spider.py:116] DEBUG: area info[
        39.00㎡
        ]
2022-12-26T00:41:09 [rent_spider.py:152] DEBUG: lighting info[东 西        ]
2022-12-26T00:41:09 [rent_spider.py:121] DEBUG: room info[
          2室1厅2卫        ]
2022-12-26T00:41:09 [pipelines.py:675] INFO: The rental 整租·旭辉26街区 2室1厅 东/西 is already in table rental.
2022-12-26T00:41:09 [scraper.py:289] DEBUG: Scraped from <200 https://bj.lianjia.com/zufang/c118282615852037/>
None
2022-12-26T00:41:09 [rent_spider.py:116] DEBUG: area info[
        60.00㎡
        ]
2022-12-26T00:41:09 [rent_spider.py:152] DEBUG: lighting info[南 北        ]
2022-12-26T00:41:09 [rent_spider.py:121] DEBUG: room info[
          4房间2卫        ]
2022-12-26T00:41:09 [scraper.py:289] DEBUG: Scraped from <200 https://bj.lianjia.com/zufang/c118282615852037/>
{'rental_area': '60.00',
 'rental_bathrooms': '2',
 'rental_business_area': '顺义其它',
 'rental_city': '北京',
 'rental_community': '旭辉26街区',
 'rental_community_url': 'https://bj.lianjia.com/zufang/c118282615852037/',
 'rental_lighting': '南 北',
 'rental_liverooms': 0,
 'rental_name': '整租·旭辉26街区 4房间 南/北',
 'rental_price': '5200',
 'rental_region': '顺义',
 'rental_rooms': '4',
 'rental_timestamp': '2022-12-26',
 'rental_url': 'https://bj.lianjia.com/zufang/BJ1677266485594030080.html'}
2022-12-26T00:41:09 [rent_spider.py:116] DEBUG: area info[
        39.00㎡
        ]
2022-12-26T00:41:09 [rent_spider.py:152] DEBUG: lighting info[东 西        ]
2022-12-26T00:41:09 [rent_spider.py:121] DEBUG: room info[
          2室1厅2卫        ]
2022-12-26T00:41:09 [pipelines.py:675] INFO: The rental 整租·旭辉26街区 2室1厅 东/西 is already in table rental.
2022-12-26T00:41:09 [scraper.py:289] DEBUG: Scraped from <200 https://bj.lianjia.com/zufang/c118282615852037/>
None
2022-12-26T00:41:09 [rent_spider.py:116] DEBUG: area info[
        40.00㎡
        ]
2022-12-26T00:41:09 [rent_spider.py:152] DEBUG: lighting info[东 西        ]
2022-12-26T00:41:09 [rent_spider.py:121] DEBUG: room info[
          3房间2卫        ]
2022-12-26T00:41:09 [scraper.py:289] DEBUG: Scraped from <200 https://bj.lianjia.com/zufang/c118282615852037/>
{'rental_area': '40.00',
 'rental_bathrooms': '2',
 'rental_business_area': '顺义其它',
 'rental_city': '北京',
 'rental_community': '旭辉26街区',
 'rental_community_url': 'https://bj.lianjia.com/zufang/c118282615852037/',
 'rental_lighting': '东 西',
 'rental_liverooms': 0,
 'rental_name': '整租·旭辉26街区 3房间 东/西',
 'rental_price': '4200',
 'rental_region': '顺义',
 'rental_rooms': '3',
 'rental_timestamp': '2022-12-26',
 'rental_url': 'https://bj.lianjia.com/zufang/BJ1681943368076099584.html'}
2022-12-26T00:41:09 [rent_spider.py:116] DEBUG: area info[
        38.00㎡
        ]
2022-12-26T00:41:09 [rent_spider.py:152] DEBUG: lighting info[南        ]
2022-12-26T00:41:09 [rent_spider.py:121] DEBUG: room info[
          2室1厅1卫        ]
2022-12-26T00:41:09 [pipelines.py:675] INFO: The rental 整租·旭辉26街区 2室1厅 南 is already in table rental.
2022-12-26T00:41:09 [scraper.py:289] DEBUG: Scraped from <200 https://bj.lianjia.com/zufang/c118282615852037/>
None
2022-12-26T00:41:09 [rent_spider.py:116] DEBUG: area info[
        59.45㎡
        ]
2022-12-26T00:41:09 [rent_spider.py:152] DEBUG: lighting info[南        ]
2022-12-26T00:41:09 [rent_spider.py:121] DEBUG: room info[
          4房间2卫        ]
2022-12-26T00:41:09 [scraper.py:289] DEBUG: Scraped from <200 https://bj.lianjia.com/zufang/c118282615852037/>
{'rental_area': '59.45',
 'rental_bathrooms': '2',
 'rental_business_area': '顺义其它',
 'rental_city': '北京',
 'rental_community': '旭辉26街区',
 'rental_community_url': 'https://bj.lianjia.com/zufang/c118282615852037/',
 'rental_lighting': '南',
 'rental_liverooms': 0,
 'rental_name': '整租·旭辉26街区 4房间 南',
 'rental_price': '4500',
 'rental_region': '顺义',
 'rental_rooms': '4',
 'rental_timestamp': '2022-12-26',
 'rental_url': 'https://bj.lianjia.com/zufang/BJ1698199172072603648.html'}
2022-12-26T00:41:09 [rent_spider.py:116] DEBUG: area info[
        41.88㎡
        ]
2022-12-26T00:41:09 [rent_spider.py:152] DEBUG: lighting info[东 西        ]
2022-12-26T00:41:09 [rent_spider.py:121] DEBUG: room info[
          2室1厅1卫        ]
2022-12-26T00:41:09 [pipelines.py:675] INFO: The rental 整租·旭辉26街区 2室1厅 东/西 is already in table rental.
2022-12-26T00:41:09 [scraper.py:289] DEBUG: Scraped from <200 https://bj.lianjia.com/zufang/c118282615852037/>
None
2022-12-26T00:41:09 [rent_spider.py:116] DEBUG: area info[
        40.00㎡
        ]
2022-12-26T00:41:09 [rent_spider.py:152] DEBUG: lighting info[东 西        ]
2022-12-26T00:41:09 [rent_spider.py:121] DEBUG: room info[
          3房间2卫        ]
2022-12-26T00:41:09 [scraper.py:289] DEBUG: Scraped from <200 https://bj.lianjia.com/zufang/c118282615852037/>
{'rental_area': '40.00',
 'rental_bathrooms': '2',
 'rental_business_area': '顺义其它',
 'rental_city': '北京',
 'rental_community': '旭辉26街区',
 'rental_community_url': 'https://bj.lianjia.com/zufang/c118282615852037/',
 'rental_lighting': '东 西',
 'rental_liverooms': 0,
 'rental_name': '整租·旭辉26街区 3房间 东/西',
 'rental_price': '3900',
 'rental_region': '顺义',
 'rental_rooms': '3',
 'rental_timestamp': '2022-12-26',
 'rental_url': 'https://bj.lianjia.com/zufang/BJ1700817254268010496.html'}
2022-12-26T00:41:09 [rent_spider.py:116] DEBUG: area info[
        56.15㎡
        ]
2022-12-26T00:41:09 [rent_spider.py:152] DEBUG: lighting info[南 北        ]
2022-12-26T00:41:09 [rent_spider.py:121] DEBUG: room info[
          4房间2卫        ]
2022-12-26T00:41:09 [scraper.py:289] DEBUG: Scraped from <200 https://bj.lianjia.com/zufang/c118282615852037/>
{'rental_area': '56.15',
 'rental_bathrooms': '2',
 'rental_business_area': '顺义其它',
 'rental_city': '北京',
 'rental_community': '旭辉26街区',
 'rental_community_url': 'https://bj.lianjia.com/zufang/c118282615852037/',
 'rental_lighting': '南 北',
 'rental_liverooms': 0,
 'rental_name': '整租·旭辉26街区 4房间 南/北',
 'rental_price': '5300',
 'rental_region': '顺义',
 'rental_rooms': '4',
 'rental_timestamp': '2022-12-26',
 'rental_url': 'https://bj.lianjia.com/zufang/BJ1693212070578749440.html'}
2022-12-26T00:41:09 [rent_spider.py:116] DEBUG: area info[
        40.00㎡
        ]
2022-12-26T00:41:09 [rent_spider.py:152] DEBUG: lighting info[东        ]
2022-12-26T00:41:09 [rent_spider.py:121] DEBUG: room info[
          2室1厅2卫        ]
2022-12-26T00:41:09 [pipelines.py:675] INFO: The rental 整租·旭辉26街区 2室1厅 东 is already in table rental.
2022-12-26T00:41:09 [scraper.py:289] DEBUG: Scraped from <200 https://bj.lianjia.com/zufang/c118282615852037/>
None
2022-12-26T00:41:09 [rent_spider.py:116] DEBUG: area info[
        39.98㎡
        ]
2022-12-26T00:41:09 [rent_spider.py:152] DEBUG: lighting info[东        ]
2022-12-26T00:41:09 [rent_spider.py:121] DEBUG: room info[
          3房间2卫        ]
2022-12-26T00:41:09 [scraper.py:289] DEBUG: Scraped from <200 https://bj.lianjia.com/zufang/c118282615852037/>
{'rental_area': '39.98',
 'rental_bathrooms': '2',
 'rental_business_area': '顺义其它',
 'rental_city': '北京',
 'rental_community': '旭辉26街区',
 'rental_community_url': 'https://bj.lianjia.com/zufang/c118282615852037/',
 'rental_lighting': '东',
 'rental_liverooms': 0,
 'rental_name': '整租·旭辉26街区 3房间 东',
 'rental_price': '3800',
 'rental_region': '顺义',
 'rental_rooms': '3',
 'rental_timestamp': '2022-12-26',
 'rental_url': 'https://bj.lianjia.com/zufang/BJ1705775323792015360.html'}
2022-12-26T00:41:09 [rent_spider.py:116] DEBUG: area info[
        39.00㎡
        ]
2022-12-26T00:41:09 [rent_spider.py:152] DEBUG: lighting info[东 西        ]
2022-12-26T00:41:09 [rent_spider.py:121] DEBUG: room info[
          2室1厅2卫        ]
2022-12-26T00:41:09 [pipelines.py:675] INFO: The rental 整租·旭辉26街区 2室1厅 东/西 is already in table rental.
2022-12-26T00:41:09 [scraper.py:289] DEBUG: Scraped from <200 https://bj.lianjia.com/zufang/c118282615852037/>
None
2022-12-26T00:41:09 [rent_spider.py:116] DEBUG: area info[
        39.95㎡
        ]
2022-12-26T00:41:09 [rent_spider.py:152] DEBUG: lighting info[南 北        ]
2022-12-26T00:41:09 [rent_spider.py:121] DEBUG: room info[
          3房间2卫        ]
2022-12-26T00:41:09 [scraper.py:289] DEBUG: Scraped from <200 https://bj.lianjia.com/zufang/c118282615852037/>
{'rental_area': '39.95',
 'rental_bathrooms': '2',
 'rental_business_area': '顺义其它',
 'rental_city': '北京',
 'rental_community': '旭辉26街区',
 'rental_community_url': 'https://bj.lianjia.com/zufang/c118282615852037/',
 'rental_lighting': '南 北',
 'rental_liverooms': 0,
 'rental_name': '整租·旭辉26街区 3房间 南/北',
 'rental_price': '4000',
 'rental_region': '顺义',
 'rental_rooms': '3',
 'rental_timestamp': '2022-12-26',
 'rental_url': 'https://bj.lianjia.com/zufang/BJ1666399931146960896.html'}
2022-12-26T00:41:09 [rent_spider.py:116] DEBUG: area info[
        39.00㎡
        ]
2022-12-26T00:41:09 [rent_spider.py:152] DEBUG: lighting info[东 西        ]
2022-12-26T00:41:09 [rent_spider.py:121] DEBUG: room info[
          3房间1卫        ]
2022-12-26T00:41:09 [scraper.py:289] DEBUG: Scraped from <200 https://bj.lianjia.com/zufang/c118282615852037/>
{'rental_area': '39.00',
 'rental_bathrooms': '1',
 'rental_business_area': '顺义其它',
 'rental_city': '北京',
 'rental_community': '旭辉26街区',
 'rental_community_url': 'https://bj.lianjia.com/zufang/c118282615852037/',
 'rental_lighting': '东 西',
 'rental_liverooms': 0,
 'rental_name': '整租·旭辉26街区 3房间 东/西',
 'rental_price': '4000',
 'rental_region': '顺义',
 'rental_rooms': '3',
 'rental_timestamp': '2022-12-26',
 'rental_url': 'https://bj.lianjia.com/zufang/BJ1685217948110684160.html'}
2022-12-26T00:41:09 [rent_spider.py:116] DEBUG: area info[
        39.00㎡
        ]
2022-12-26T00:41:09 [rent_spider.py:152] DEBUG: lighting info[南 北        ]
2022-12-26T00:41:09 [rent_spider.py:121] DEBUG: room info[
          3房间1卫        ]
2022-12-26T00:41:09 [scraper.py:289] DEBUG: Scraped from <200 https://bj.lianjia.com/zufang/c118282615852037/>
{'rental_area': '39.00',
 'rental_bathrooms': '1',
 'rental_business_area': '顺义其它',
 'rental_city': '北京',
 'rental_community': '旭辉26街区',
 'rental_community_url': 'https://bj.lianjia.com/zufang/c118282615852037/',
 'rental_lighting': '南 北',
 'rental_liverooms': 0,
 'rental_name': '整租·旭辉26街区 3房间 南/北',
 'rental_price': '4300',
 'rental_region': '顺义',
 'rental_rooms': '3',
 'rental_timestamp': '2022-12-26',
 'rental_url': 'https://bj.lianjia.com/zufang/BJ1692422348361170944.html'}
2022-12-26T00:41:09 [rent_spider.py:116] DEBUG: area info[
        39.50㎡
        ]
2022-12-26T00:41:09 [rent_spider.py:152] DEBUG: lighting info[东 西        ]
2022-12-26T00:41:09 [rent_spider.py:121] DEBUG: room info[
          2室1厅2卫        ]
2022-12-26T00:41:09 [pipelines.py:675] INFO: The rental 整租·旭辉26街区 2室1厅 东/西 is already in table rental.
2022-12-26T00:41:09 [scraper.py:289] DEBUG: Scraped from <200 https://bj.lianjia.com/zufang/c118282615852037/>
None
2022-12-26T00:41:09 [rent_spider.py:116] DEBUG: area info[
        60.00㎡
        ]
2022-12-26T00:41:09 [rent_spider.py:152] DEBUG: lighting info[南 北        ]
2022-12-26T00:41:09 [rent_spider.py:121] DEBUG: room info[
          4房间2卫        ]
2022-12-26T00:41:09 [scraper.py:289] DEBUG: Scraped from <200 https://bj.lianjia.com/zufang/c118282615852037/>
{'rental_area': '60.00',
 'rental_bathrooms': '2',
 'rental_business_area': '顺义其它',
 'rental_city': '北京',
 'rental_community': '旭辉26街区',
 'rental_community_url': 'https://bj.lianjia.com/zufang/c118282615852037/',
 'rental_lighting': '南 北',
 'rental_liverooms': 0,
 'rental_name': '整租·旭辉26街区 4房间 南/北',
 'rental_price': '5600',
 'rental_region': '顺义',
 'rental_rooms': '4',
 'rental_timestamp': '2022-12-26',
 'rental_url': 'https://bj.lianjia.com/zufang/BJ1717036999715586048.html'}
2022-12-26T00:41:09 [rent_spider.py:116] DEBUG: area info[
        27.00㎡
        ]
2022-12-26T00:41:09 [rent_spider.py:152] DEBUG: lighting info[北        ]
2022-12-26T00:41:09 [rent_spider.py:121] DEBUG: room info[
          2房间1卫        ]
2022-12-26T00:41:09 [scraper.py:289] DEBUG: Scraped from <200 https://bj.lianjia.com/zufang/c118282615852037/>
{'rental_area': '27.00',
 'rental_bathrooms': '1',
 'rental_business_area': '顺义其它',
 'rental_city': '北京',
 'rental_community': '旭辉26街区',
 'rental_community_url': 'https://bj.lianjia.com/zufang/c118282615852037/',
 'rental_lighting': '北',
 'rental_liverooms': 0,
 'rental_name': '整租·旭辉26街区 2房间 北',
 'rental_price': '3200',
 'rental_region': '顺义',
 'rental_rooms': '2',
 'rental_timestamp': '2022-12-26',
 'rental_url': 'https://bj.lianjia.com/zufang/BJ1710269564379463680.html'}
2022-12-26T00:41:09 [rent_spider.py:116] DEBUG: area info[
        62.18㎡
        ]
2022-12-26T00:41:09 [rent_spider.py:152] DEBUG: lighting info[南 北        ]
2022-12-26T00:41:09 [rent_spider.py:121] DEBUG: room info[
          4房间2卫        ]
2022-12-26T00:41:09 [scraper.py:289] DEBUG: Scraped from <200 https://bj.lianjia.com/zufang/c118282615852037/>
{'rental_area': '62.18',
 'rental_bathrooms': '2',
 'rental_business_area': '顺义其它',
 'rental_city': '北京',
 'rental_community': '旭辉26街区',
 'rental_community_url': 'https://bj.lianjia.com/zufang/c118282615852037/',
 'rental_lighting': '南 北',
 'rental_liverooms': 0,
 'rental_name': '整租·旭辉26街区 4房间 南/北',
 'rental_price': '5200',
 'rental_region': '顺义',
 'rental_rooms': '4',
 'rental_timestamp': '2022-12-26',
 'rental_url': 'https://bj.lianjia.com/zufang/BJ1710523918156038144.html'}
2022-12-26T00:41:09 [rent_spider.py:116] DEBUG: area info[
        59.00㎡
        ]
2022-12-26T00:41:09 [rent_spider.py:152] DEBUG: lighting info[南 北        ]
2022-12-26T00:41:09 [rent_spider.py:121] DEBUG: room info[
          4房间2卫        ]
2022-12-26T00:41:09 [scraper.py:289] DEBUG: Scraped from <200 https://bj.lianjia.com/zufang/c118282615852037/>
{'rental_area': '59.00',
 'rental_bathrooms': '2',
 'rental_business_area': '顺义其它',
 'rental_city': '北京',
 'rental_community': '旭辉26街区',
 'rental_community_url': 'https://bj.lianjia.com/zufang/c118282615852037/',
 'rental_lighting': '南 北',
 'rental_liverooms': 0,
 'rental_name': '整租·旭辉26街区 4房间 南/北',
 'rental_price': '5000',
 'rental_region': '顺义',
 'rental_rooms': '4',
 'rental_timestamp': '2022-12-26',
 'rental_url': 'https://bj.lianjia.com/zufang/BJ1712392528151445504.html'}
2022-12-26T00:41:09 [rent_spider.py:116] DEBUG: area info[
        28.00㎡
        ]
2022-12-26T00:41:09 [rent_spider.py:152] DEBUG: lighting info[南 北        ]
2022-12-26T00:41:09 [rent_spider.py:121] DEBUG: room info[
          2室1厅1卫        ]
2022-12-26T00:41:09 [pipelines.py:675] INFO: The rental 整租·旭辉26街区 2室1厅 南/北 is already in table rental.
2022-12-26T00:41:09 [scraper.py:289] DEBUG: Scraped from <200 https://bj.lianjia.com/zufang/c118282615852037/>
None
2022-12-26T00:41:09 [rent_spider.py:116] DEBUG: area info[
        38.43㎡
        ]
2022-12-26T00:41:09 [rent_spider.py:152] DEBUG: lighting info[东        ]
2022-12-26T00:41:09 [rent_spider.py:121] DEBUG: room info[
          3房间2卫        ]
2022-12-26T00:41:09 [scraper.py:289] DEBUG: Scraped from <200 https://bj.lianjia.com/zufang/c118282615852037/>
{'rental_area': '38.43',
 'rental_bathrooms': '2',
 'rental_business_area': '顺义其它',
 'rental_city': '北京',
 'rental_community': '旭辉26街区',
 'rental_community_url': 'https://bj.lianjia.com/zufang/c118282615852037/',
 'rental_lighting': '东',
 'rental_liverooms': 0,
 'rental_name': '整租·旭辉26街区 3房间 东',
 'rental_price': '3600',
 'rental_region': '顺义',
 'rental_rooms': '3',
 'rental_timestamp': '2022-12-26',
 'rental_url': 'https://bj.lianjia.com/zufang/BJ1712741517182894080.html'}
2022-12-26T00:41:09 [rent_spider.py:116] DEBUG: area info[
        40.00㎡
        ]
2022-12-26T00:41:09 [rent_spider.py:152] DEBUG: lighting info[东 西        ]
2022-12-26T00:41:09 [rent_spider.py:121] DEBUG: room info[
          3房间1卫        ]
2022-12-26T00:41:09 [scraper.py:289] DEBUG: Scraped from <200 https://bj.lianjia.com/zufang/c118282615852037/>
{'rental_area': '40.00',
 'rental_bathrooms': '1',
 'rental_business_area': '顺义其它',
 'rental_city': '北京',
 'rental_community': '旭辉26街区',
 'rental_community_url': 'https://bj.lianjia.com/zufang/c118282615852037/',
 'rental_lighting': '东 西',
 'rental_liverooms': 0,
 'rental_name': '整租·旭辉26街区 3房间 东/西',
 'rental_price': '4300',
 'rental_region': '顺义',
 'rental_rooms': '3',
 'rental_timestamp': '2022-12-26',
 'rental_url': 'https://bj.lianjia.com/zufang/BJ1710277206007087104.html'}
2022-12-26T00:41:09 [rent_spider.py:116] DEBUG: area info[
        27.00㎡
        ]
2022-12-26T00:41:09 [rent_spider.py:152] DEBUG: lighting info[南 北        ]
2022-12-26T00:41:09 [rent_spider.py:121] DEBUG: room info[
          1室1厅1卫        ]
2022-12-26T00:41:09 [pipelines.py:675] INFO: The rental 整租·旭辉26街区 1室1厅 南/北 is already in table rental.
2022-12-26T00:41:09 [scraper.py:289] DEBUG: Scraped from <200 https://bj.lianjia.com/zufang/c118282615852037/>
None
2022-12-26T00:41:09 [rent_spider.py:217] INFO: Crawl next page's rentals: [https://bj.lianjia.com/zufang/pg2c118282615852037/]
2022-12-26T00:41:16 [engine.py:295] DEBUG: Crawled (200) <GET https://bj.lianjia.com/zufang/c1111041170735/> (referer: None)
2022-12-26T00:41:16 [rent_spider.py:70] DEBUG: Number of houses available on rent[54]
2022-12-26T00:41:16 [rent_spider.py:116] DEBUG: area info[
        113.00㎡
        ]
2022-12-26T00:41:16 [rent_spider.py:152] DEBUG: lighting info[南 北        ]
2022-12-26T00:41:16 [rent_spider.py:121] DEBUG: room info[
          2室2厅2卫        ]
2022-12-26T00:41:16 [pipelines.py:675] INFO: The rental 整租·中粮祥云国际生活区 2室2厅 南/北 is already in table rental.
2022-12-26T00:41:16 [scraper.py:289] DEBUG: Scraped from <200 https://bj.lianjia.com/zufang/c1111041170735/>
None
2022-12-26T00:41:16 [rent_spider.py:116] DEBUG: area info[
        118.00㎡
        ]
2022-12-26T00:41:16 [rent_spider.py:152] DEBUG: lighting info[南        ]
2022-12-26T00:41:16 [rent_spider.py:121] DEBUG: room info[
          2室1厅1卫        ]
2022-12-26T00:41:16 [pipelines.py:675] INFO: The rental 整租·中粮祥云国际生活区 2室1厅 南 is already in table rental.
2022-12-26T00:41:17 [scraper.py:289] DEBUG: Scraped from <200 https://bj.lianjia.com/zufang/c1111041170735/>
None
2022-12-26T00:41:17 [rent_spider.py:116] DEBUG: area info[
        54.33㎡
        ]
2022-12-26T00:41:17 [rent_spider.py:152] DEBUG: lighting info[北        ]
2022-12-26T00:41:17 [rent_spider.py:121] DEBUG: room info[
          2房间1卫        ]
2022-12-26T00:41:17 [scraper.py:289] DEBUG: Scraped from <200 https://bj.lianjia.com/zufang/c1111041170735/>
{'rental_area': '54.33',
 'rental_bathrooms': '1',
 'rental_business_area': '后沙峪',
 'rental_city': '北京',
 'rental_community': '中粮祥云国际生活区',
 'rental_community_url': 'https://bj.lianjia.com/zufang/c1111041170735/',
 'rental_lighting': '北',
 'rental_liverooms': 0,
 'rental_name': '整租·中粮祥云国际生活区 2房间 北',
 'rental_price': '4600',
 'rental_region': '顺义',
 'rental_rooms': '2',
 'rental_timestamp': '2022-12-26',
 'rental_url': 'https://bj.lianjia.com/zufang/BJ1645408934363660288.html'}
2022-12-26T00:41:17 [rent_spider.py:116] DEBUG: area info[
        114.00㎡
        ]
2022-12-26T00:41:17 [rent_spider.py:152] DEBUG: lighting info[南 北        ]
2022-12-26T00:41:17 [rent_spider.py:121] DEBUG: room info[
          2室2厅2卫        ]
2022-12-26T00:41:17 [pipelines.py:675] INFO: The rental 整租·中粮祥云国际生活区 2室2厅 南/北 is already in table rental.
2022-12-26T00:41:17 [scraper.py:289] DEBUG: Scraped from <200 https://bj.lianjia.com/zufang/c1111041170735/>
None
2022-12-26T00:41:17 [rent_spider.py:116] DEBUG: area info[
        114.00㎡
        ]
2022-12-26T00:41:17 [rent_spider.py:152] DEBUG: lighting info[东 西        ]
2022-12-26T00:41:17 [rent_spider.py:121] DEBUG: room info[
          2室1厅1卫        ]
2022-12-26T00:41:17 [pipelines.py:675] INFO: The rental 整租·中粮祥云国际生活区 2室1厅 东/西 is already in table rental.
2022-12-26T00:41:17 [scraper.py:289] DEBUG: Scraped from <200 https://bj.lianjia.com/zufang/c1111041170735/>
None
2022-12-26T00:41:17 [rent_spider.py:116] DEBUG: area info[
        50.00㎡
        ]
2022-12-26T00:41:17 [rent_spider.py:152] DEBUG: lighting info[南        ]
2022-12-26T00:41:17 [rent_spider.py:121] DEBUG: room info[
          1房间1卫        ]
2022-12-26T00:41:17 [scraper.py:289] DEBUG: Scraped from <200 https://bj.lianjia.com/zufang/c1111041170735/>
{'rental_area': '50.00',
 'rental_bathrooms': '1',
 'rental_business_area': '后沙峪',
 'rental_city': '北京',
 'rental_community': '中粮祥云国际生活区',
 'rental_community_url': 'https://bj.lianjia.com/zufang/c1111041170735/',
 'rental_lighting': '南',
 'rental_liverooms': 0,
 'rental_name': '整租·中粮祥云国际生活区 1房间 南',
 'rental_price': '4000',
 'rental_region': '顺义',
 'rental_rooms': '1',
 'rental_timestamp': '2022-12-26',
 'rental_url': 'https://bj.lianjia.com/zufang/BJ1706590414024212480.html'}
2022-12-26T00:41:17 [rent_spider.py:116] DEBUG: area info[
        113.00㎡
        ]
2022-12-26T00:41:17 [rent_spider.py:152] DEBUG: lighting info[南 北        ]
2022-12-26T00:41:17 [rent_spider.py:121] DEBUG: room info[
          2室1厅1卫        ]
2022-12-26T00:41:17 [pipelines.py:675] INFO: The rental 整租·中粮祥云国际生活区 2室1厅 南/北 is already in table rental.
2022-12-26T00:41:17 [scraper.py:289] DEBUG: Scraped from <200 https://bj.lianjia.com/zufang/c1111041170735/>
None
2022-12-26T00:41:17 [rent_spider.py:116] DEBUG: area info[
        166.00㎡
        ]
2022-12-26T00:41:17 [rent_spider.py:152] DEBUG: lighting info[南 北        ]
2022-12-26T00:41:17 [rent_spider.py:121] DEBUG: room info[
          3室1厅2卫        ]
2022-12-26T00:41:17 [pipelines.py:675] INFO: The rental 整租·中粮祥云国际生活区 3室1厅 南/北 is already in table rental.
2022-12-26T00:41:17 [scraper.py:289] DEBUG: Scraped from <200 https://bj.lianjia.com/zufang/c1111041170735/>
None
2022-12-26T00:41:17 [rent_spider.py:116] DEBUG: area info[
        273.00㎡
        ]
2022-12-26T00:41:17 [rent_spider.py:152] DEBUG: lighting info[南 北        ]
2022-12-26T00:41:17 [rent_spider.py:121] DEBUG: room info[
          4室2厅2卫        ]
2022-12-26T00:41:17 [pipelines.py:675] INFO: The rental 整租·中粮祥云国际生活区 4室2厅 南/北 is already in table rental.
2022-12-26T00:41:17 [scraper.py:289] DEBUG: Scraped from <200 https://bj.lianjia.com/zufang/c1111041170735/>
None
2022-12-26T00:41:17 [rent_spider.py:116] DEBUG: area info[
        116.00㎡
        ]
2022-12-26T00:41:17 [rent_spider.py:152] DEBUG: lighting info[南        ]
2022-12-26T00:41:17 [rent_spider.py:121] DEBUG: room info[
          2室1厅2卫        ]
2022-12-26T00:41:17 [pipelines.py:675] INFO: The rental 整租·中粮祥云国际生活区 2室1厅 南 is already in table rental.
2022-12-26T00:41:17 [scraper.py:289] DEBUG: Scraped from <200 https://bj.lianjia.com/zufang/c1111041170735/>
None
2022-12-26T00:41:17 [rent_spider.py:116] DEBUG: area info[
        300.59㎡
        ]
2022-12-26T00:41:17 [rent_spider.py:152] DEBUG: lighting info[南 北        ]
2022-12-26T00:41:17 [rent_spider.py:121] DEBUG: room info[
          4室2厅3卫        ]
2022-12-26T00:41:17 [scraper.py:289] DEBUG: Scraped from <200 https://bj.lianjia.com/zufang/c1111041170735/>
{'rental_area': '300.59',
 'rental_bathrooms': '3',
 'rental_business_area': '后沙峪',
 'rental_city': '北京',
 'rental_community': '中粮祥云国际生活区',
 'rental_community_url': 'https://bj.lianjia.com/zufang/c1111041170735/',
 'rental_lighting': '南 北',
 'rental_liverooms': '2',
 'rental_name': '整租·中粮祥云国际生活区 4室2厅 南/北',
 'rental_price': '36000',
 'rental_region': '顺义',
 'rental_rooms': '4',
 'rental_timestamp': '2022-12-26',
 'rental_url': 'https://bj.lianjia.com/zufang/BJ1647198221006536704.html'}
2022-12-26T00:41:17 [rent_spider.py:116] DEBUG: area info[
        175.00㎡
        ]
2022-12-26T00:41:17 [rent_spider.py:152] DEBUG: lighting info[南 北        ]
2022-12-26T00:41:17 [rent_spider.py:121] DEBUG: room info[
          2室2厅2卫        ]
2022-12-26T00:41:17 [pipelines.py:675] INFO: The rental 整租·中粮祥云国际生活区 2室2厅 南/北 is already in table rental.
2022-12-26T00:41:17 [scraper.py:289] DEBUG: Scraped from <200 https://bj.lianjia.com/zufang/c1111041170735/>
None
2022-12-26T00:41:17 [rent_spider.py:116] DEBUG: area info[
        307.76㎡
        ]
2022-12-26T00:41:17 [rent_spider.py:152] DEBUG: lighting info[南 西 北        ]
2022-12-26T00:41:17 [rent_spider.py:121] DEBUG: room info[
          4室3厅4卫        ]
2022-12-26T00:41:17 [pipelines.py:675] INFO: The rental 整租·中粮祥云国际生活区 4室3厅 南/西/北 is already in table rental.
2022-12-26T00:41:17 [scraper.py:289] DEBUG: Scraped from <200 https://bj.lianjia.com/zufang/c1111041170735/>
None
2022-12-26T00:41:17 [rent_spider.py:116] DEBUG: area info[
        332.00㎡
        ]
2022-12-26T00:41:17 [rent_spider.py:152] DEBUG: lighting info[南 西 北        ]
2022-12-26T00:41:17 [rent_spider.py:121] DEBUG: room info[
          3室3厅3卫        ]
2022-12-26T00:41:17 [pipelines.py:675] INFO: The rental 整租·中粮祥云国际生活区 3室3厅 南/西/北 is already in table rental.
2022-12-26T00:41:17 [scraper.py:289] DEBUG: Scraped from <200 https://bj.lianjia.com/zufang/c1111041170735/>
None
2022-12-26T00:41:17 [rent_spider.py:116] DEBUG: area info[
        54.00㎡
        ]
2022-12-26T00:41:17 [rent_spider.py:152] DEBUG: lighting info[北        ]
2022-12-26T00:41:17 [rent_spider.py:121] DEBUG: room info[
          2房间1卫        ]
2022-12-26T00:41:17 [scraper.py:289] DEBUG: Scraped from <200 https://bj.lianjia.com/zufang/c1111041170735/>
{'rental_area': '54.00',
 'rental_bathrooms': '1',
 'rental_business_area': '后沙峪',
 'rental_city': '北京',
 'rental_community': '中粮祥云国际生活区',
 'rental_community_url': 'https://bj.lianjia.com/zufang/c1111041170735/',
 'rental_lighting': '北',
 'rental_liverooms': 0,
 'rental_name': '整租·中粮祥云国际生活区 2房间 北',
 'rental_price': '5500',
 'rental_region': '顺义',
 'rental_rooms': '2',
 'rental_timestamp': '2022-12-26',
 'rental_url': 'https://bj.lianjia.com/zufang/BJ1653295397222744064.html'}
2022-12-26T00:41:17 [rent_spider.py:116] DEBUG: area info[
        190.00㎡
        ]
2022-12-26T00:41:17 [rent_spider.py:152] DEBUG: lighting info[南 北        ]
2022-12-26T00:41:17 [rent_spider.py:121] DEBUG: room info[
          4室1厅2卫        ]
2022-12-26T00:41:17 [scraper.py:289] DEBUG: Scraped from <200 https://bj.lianjia.com/zufang/c1111041170735/>
{'rental_area': '190.00',
 'rental_bathrooms': '2',
 'rental_business_area': '后沙峪',
 'rental_city': '北京',
 'rental_community': '中粮祥云国际生活区',
 'rental_community_url': 'https://bj.lianjia.com/zufang/c1111041170735/',
 'rental_lighting': '南 北',
 'rental_liverooms': '1',
 'rental_name': '整租·中粮祥云国际生活区 4室1厅 南/北',
 'rental_price': '23000',
 'rental_region': '顺义',
 'rental_rooms': '4',
 'rental_timestamp': '2022-12-26',
 'rental_url': 'https://bj.lianjia.com/zufang/BJ1655118462730633216.html'}
2022-12-26T00:41:17 [rent_spider.py:116] DEBUG: area info[
        300.75㎡
        ]
2022-12-26T00:41:17 [rent_spider.py:152] DEBUG: lighting info[南 北        ]
2022-12-26T00:41:17 [rent_spider.py:121] DEBUG: room info[
          3室2厅3卫        ]
2022-12-26T00:41:17 [scraper.py:289] DEBUG: Scraped from <200 https://bj.lianjia.com/zufang/c1111041170735/>
{'rental_area': '300.75',
 'rental_bathrooms': '3',
 'rental_business_area': '后沙峪',
 'rental_city': '北京',
 'rental_community': '中粮祥云国际生活区',
 'rental_community_url': 'https://bj.lianjia.com/zufang/c1111041170735/',
 'rental_lighting': '南 北',
 'rental_liverooms': '2',
 'rental_name': '整租·中粮祥云国际生活区 3室2厅 南/北',
 'rental_price': '40000',
 'rental_region': '顺义',
 'rental_rooms': '3',
 'rental_timestamp': '2022-12-26',
 'rental_url': 'https://bj.lianjia.com/zufang/BJ1660662095412199424.html'}
2022-12-26T00:41:17 [rent_spider.py:116] DEBUG: area info[
        480.00㎡
        ]
2022-12-26T00:41:17 [rent_spider.py:152] DEBUG: lighting info[东 南 北        ]
2022-12-26T00:41:17 [rent_spider.py:121] DEBUG: room info[
          13室3厅9卫        ]
2022-12-26T00:41:17 [scraper.py:289] DEBUG: Scraped from <200 https://bj.lianjia.com/zufang/c1111041170735/>
{'rental_area': '480.00',
 'rental_bathrooms': '9',
 'rental_business_area': '后沙峪',
 'rental_city': '北京',
 'rental_community': '中粮祥云国际生活区',
 'rental_community_url': 'https://bj.lianjia.com/zufang/c1111041170735/',
 'rental_lighting': '东 南 北',
 'rental_liverooms': '3',
 'rental_name': '整租·中粮祥云国际生活区 13室3厅 复式 东/南/北',
 'rental_price': '125000',
 'rental_region': '顺义',
 'rental_rooms': '13',
 'rental_timestamp': '2022-12-26',
 'rental_url': 'https://bj.lianjia.com/zufang/BJ1663848195676962816.html'}
2022-12-26T00:41:17 [rent_spider.py:116] DEBUG: area info[
        300.00㎡
        ]
2022-12-26T00:41:17 [rent_spider.py:152] DEBUG: lighting info[南        ]
2022-12-26T00:41:17 [rent_spider.py:121] DEBUG: room info[
          3室2厅3卫        ]
2022-12-26T00:41:17 [scraper.py:289] DEBUG: Scraped from <200 https://bj.lianjia.com/zufang/c1111041170735/>
{'rental_area': '300.00',
 'rental_bathrooms': '3',
 'rental_business_area': '后沙峪',
 'rental_city': '北京',
 'rental_community': '中粮祥云国际生活区',
 'rental_community_url': 'https://bj.lianjia.com/zufang/c1111041170735/',
 'rental_lighting': '南',
 'rental_liverooms': '2',
 'rental_name': '整租·中粮祥云国际生活区 3室2厅 南',
 'rental_price': '40000',
 'rental_region': '顺义',
 'rental_rooms': '3',
 'rental_timestamp': '2022-12-26',
 'rental_url': 'https://bj.lianjia.com/zufang/BJ1663852127191040000.html'}
2022-12-26T00:41:17 [rent_spider.py:116] DEBUG: area info[
        119.22㎡
        ]
2022-12-26T00:41:17 [rent_spider.py:152] DEBUG: lighting info[南 北        ]
2022-12-26T00:41:17 [rent_spider.py:121] DEBUG: room info[
          2室1厅2卫        ]
2022-12-26T00:41:17 [scraper.py:289] DEBUG: Scraped from <200 https://bj.lianjia.com/zufang/c1111041170735/>
{'rental_area': '119.22',
 'rental_bathrooms': '2',
 'rental_business_area': '后沙峪',
 'rental_city': '北京',
 'rental_community': '中粮祥云国际生活区',
 'rental_community_url': 'https://bj.lianjia.com/zufang/c1111041170735/',
 'rental_lighting': '南 北',
 'rental_liverooms': '1',
 'rental_name': '整租·中粮祥云国际生活区 2室1厅 南/北',
 'rental_price': '12500',
 'rental_region': '顺义',
 'rental_rooms': '2',
 'rental_timestamp': '2022-12-26',
 'rental_url': 'https://bj.lianjia.com/zufang/BJ1663843501642612736.html'}
2022-12-26T00:41:17 [rent_spider.py:116] DEBUG: area info[
        220.00㎡
        ]
2022-12-26T00:41:17 [rent_spider.py:152] DEBUG: lighting info[东 南 北        ]
2022-12-26T00:41:17 [rent_spider.py:121] DEBUG: room info[
          4室2厅3卫        ]
2022-12-26T00:41:17 [scraper.py:289] DEBUG: Scraped from <200 https://bj.lianjia.com/zufang/c1111041170735/>
{'rental_area': '220.00',
 'rental_bathrooms': '3',
 'rental_business_area': '后沙峪',
 'rental_city': '北京',
 'rental_community': '中粮祥云国际生活区',
 'rental_community_url': 'https://bj.lianjia.com/zufang/c1111041170735/',
 'rental_lighting': '东 南 北',
 'rental_liverooms': '2',
 'rental_name': '整租·中粮祥云国际生活区 4室2厅 东/南/北',
 'rental_price': '28000',
 'rental_region': '顺义',
 'rental_rooms': '4',
 'rental_timestamp': '2022-12-26',
 'rental_url': 'https://bj.lianjia.com/zufang/BJ1691671993797050368.html'}
2022-12-26T00:41:17 [rent_spider.py:116] DEBUG: area info[
        248.78㎡
        ]
2022-12-26T00:41:17 [rent_spider.py:152] DEBUG: lighting info[南 北        ]
2022-12-26T00:41:17 [rent_spider.py:121] DEBUG: room info[
          3室1厅2卫        ]
2022-12-26T00:41:17 [scraper.py:289] DEBUG: Scraped from <200 https://bj.lianjia.com/zufang/c1111041170735/>
{'rental_area': '248.78',
 'rental_bathrooms': '2',
 'rental_business_area': '后沙峪',
 'rental_city': '北京',
 'rental_community': '中粮祥云国际生活区',
 'rental_community_url': 'https://bj.lianjia.com/zufang/c1111041170735/',
 'rental_lighting': '南 北',
 'rental_liverooms': '1',
 'rental_name': '整租·中粮祥云国际生活区 3室1厅 南/北',
 'rental_price': '38000',
 'rental_region': '顺义',
 'rental_rooms': '3',
 'rental_timestamp': '2022-12-26',
 'rental_url': 'https://bj.lianjia.com/zufang/BJ1663767842090123264.html'}
2022-12-26T00:41:17 [rent_spider.py:116] DEBUG: area info[
        113.00㎡
        ]
2022-12-26T00:41:17 [rent_spider.py:152] DEBUG: lighting info[南 北        ]
2022-12-26T00:41:17 [rent_spider.py:121] DEBUG: room info[
          2室2厅2卫        ]
2022-12-26T00:41:17 [scraper.py:289] DEBUG: Scraped from <200 https://bj.lianjia.com/zufang/c1111041170735/>
{'rental_area': '113.00',
 'rental_bathrooms': '2',
 'rental_business_area': '后沙峪',
 'rental_city': '北京',
 'rental_community': '中粮祥云国际生活区',
 'rental_community_url': 'https://bj.lianjia.com/zufang/c1111041170735/',
 'rental_lighting': '南 北',
 'rental_liverooms': '2',
 'rental_name': '整租·中粮祥云国际生活区 2室2厅 南/北',
 'rental_price': '10000',
 'rental_region': '顺义',
 'rental_rooms': '2',
 'rental_timestamp': '2022-12-26',
 'rental_url': 'https://bj.lianjia.com/zufang/BJ1657947788832407552.html'}
2022-12-26T00:41:17 [rent_spider.py:116] DEBUG: area info[
        57.00㎡
        ]
2022-12-26T00:41:17 [rent_spider.py:152] DEBUG: lighting info[南        ]
2022-12-26T00:41:17 [rent_spider.py:121] DEBUG: room info[
          3房间1卫        ]
2022-12-26T00:41:17 [scraper.py:289] DEBUG: Scraped from <200 https://bj.lianjia.com/zufang/c1111041170735/>
{'rental_area': '57.00',
 'rental_bathrooms': '1',
 'rental_business_area': '后沙峪',
 'rental_city': '北京',
 'rental_community': '中粮祥云国际生活区',
 'rental_community_url': 'https://bj.lianjia.com/zufang/c1111041170735/',
 'rental_lighting': '南',
 'rental_liverooms': 0,
 'rental_name': '整租·中粮祥云国际生活区 3房间 南',
 'rental_price': '5200',
 'rental_region': '顺义',
 'rental_rooms': '3',
 'rental_timestamp': '2022-12-26',
 'rental_url': 'https://bj.lianjia.com/zufang/BJ1657741799269072896.html'}
2022-12-26T00:41:17 [rent_spider.py:116] DEBUG: area info[
        307.59㎡
        ]
2022-12-26T00:41:17 [rent_spider.py:152] DEBUG: lighting info[南        ]
2022-12-26T00:41:17 [rent_spider.py:121] DEBUG: room info[
          4室2厅3卫        ]
2022-12-26T00:41:17 [scraper.py:289] DEBUG: Scraped from <200 https://bj.lianjia.com/zufang/c1111041170735/>
{'rental_area': '307.59',
 'rental_bathrooms': '3',
 'rental_business_area': '后沙峪',
 'rental_city': '北京',
 'rental_community': '中粮祥云国际生活区',
 'rental_community_url': 'https://bj.lianjia.com/zufang/c1111041170735/',
 'rental_lighting': '南',
 'rental_liverooms': '2',
 'rental_name': '整租·中粮祥云国际生活区 4室2厅 南',
 'rental_price': '35000',
 'rental_region': '顺义',
 'rental_rooms': '4',
 'rental_timestamp': '2022-12-26',
 'rental_url': 'https://bj.lianjia.com/zufang/BJ1666658064654139392.html'}
2022-12-26T00:41:17 [rent_spider.py:116] DEBUG: area info[
        114.00㎡
        ]
2022-12-26T00:41:17 [rent_spider.py:152] DEBUG: lighting info[南 北        ]
2022-12-26T00:41:17 [rent_spider.py:121] DEBUG: room info[
          2室2厅2卫        ]
2022-12-26T00:41:17 [scraper.py:289] DEBUG: Scraped from <200 https://bj.lianjia.com/zufang/c1111041170735/>
{'rental_area': '114.00',
 'rental_bathrooms': '2',
 'rental_business_area': '后沙峪',
 'rental_city': '北京',
 'rental_community': '中粮祥云国际生活区',
 'rental_community_url': 'https://bj.lianjia.com/zufang/c1111041170735/',
 'rental_lighting': '南 北',
 'rental_liverooms': '2',
 'rental_name': '整租·中粮祥云国际生活区 2室2厅 南/北',
 'rental_price': '12000',
 'rental_region': '顺义',
 'rental_rooms': '2',
 'rental_timestamp': '2022-12-26',
 'rental_url': 'https://bj.lianjia.com/zufang/BJ1660183796231700480.html'}
2022-12-26T00:41:17 [rent_spider.py:116] DEBUG: area info[
        114.00㎡
        ]
2022-12-26T00:41:17 [rent_spider.py:152] DEBUG: lighting info[南 北        ]
2022-12-26T00:41:17 [rent_spider.py:121] DEBUG: room info[
          2室1厅2卫        ]
2022-12-26T00:41:17 [scraper.py:289] DEBUG: Scraped from <200 https://bj.lianjia.com/zufang/c1111041170735/>
{'rental_area': '114.00',
 'rental_bathrooms': '2',
 'rental_business_area': '后沙峪',
 'rental_city': '北京',
 'rental_community': '中粮祥云国际生活区',
 'rental_community_url': 'https://bj.lianjia.com/zufang/c1111041170735/',
 'rental_lighting': '南 北',
 'rental_liverooms': '1',
 'rental_name': '整租·中粮祥云国际生活区 2室1厅 南/北',
 'rental_price': '13000',
 'rental_region': '顺义',
 'rental_rooms': '2',
 'rental_timestamp': '2022-12-26',
 'rental_url': 'https://bj.lianjia.com/zufang/BJ1664570303096815616.html'}
2022-12-26T00:41:17 [rent_spider.py:116] DEBUG: area info[
        114.00㎡
        ]
2022-12-26T00:41:17 [rent_spider.py:152] DEBUG: lighting info[南 北        ]
2022-12-26T00:41:17 [rent_spider.py:121] DEBUG: room info[
          2室1厅1卫        ]
2022-12-26T00:41:17 [scraper.py:289] DEBUG: Scraped from <200 https://bj.lianjia.com/zufang/c1111041170735/>
{'rental_area': '114.00',
 'rental_bathrooms': '1',
 'rental_business_area': '后沙峪',
 'rental_city': '北京',
 'rental_community': '中粮祥云国际生活区',
 'rental_community_url': 'https://bj.lianjia.com/zufang/c1111041170735/',
 'rental_lighting': '南 北',
 'rental_liverooms': '1',
 'rental_name': '整租·中粮祥云国际生活区 2室1厅 南/北',
 'rental_price': '9800',
 'rental_region': '顺义',
 'rental_rooms': '2',
 'rental_timestamp': '2022-12-26',
 'rental_url': 'https://bj.lianjia.com/zufang/BJ1664915053247201280.html'}
2022-12-26T00:41:17 [rent_spider.py:116] DEBUG: area info[
        116.00㎡
        ]
2022-12-26T00:41:17 [rent_spider.py:152] DEBUG: lighting info[南 北        ]
2022-12-26T00:41:17 [rent_spider.py:121] DEBUG: room info[
          2室2厅2卫        ]
2022-12-26T00:41:17 [pipelines.py:675] INFO: The rental 整租·中粮祥云国际生活区 2室2厅 南/北 is already in table rental.
2022-12-26T00:41:17 [scraper.py:289] DEBUG: Scraped from <200 https://bj.lianjia.com/zufang/c1111041170735/>
None
2022-12-26T00:41:17 [rent_spider.py:116] DEBUG: area info[
        300.00㎡
        ]
2022-12-26T00:41:17 [rent_spider.py:152] DEBUG: lighting info[南 北        ]
2022-12-26T00:41:17 [rent_spider.py:121] DEBUG: room info[
          3室2厅3卫        ]
2022-12-26T00:41:17 [pipelines.py:675] INFO: The rental 整租·中粮祥云国际生活区 3室2厅 南/北 is already in table rental.
2022-12-26T00:41:17 [scraper.py:289] DEBUG: Scraped from <200 https://bj.lianjia.com/zufang/c1111041170735/>
None
2022-12-26T00:41:17 [rent_spider.py:217] INFO: Crawl next page's rentals: [https://bj.lianjia.com/zufang/pg2c1111041170735/]
2022-12-26T00:41:23 [engine.py:295] DEBUG: Crawled (200) <GET https://bj.lianjia.com/zufang/c1111027377451/> (referer: None)
2022-12-26T00:41:23 [rent_spider.py:70] DEBUG: Number of houses available on rent[34]
2022-12-26T00:41:23 [rent_spider.py:152] DEBUG: lighting info[建新南区]
2022-12-26T00:41:23 [rent_spider.py:116] DEBUG: area info[
        43.90㎡
        ]
2022-12-26T00:41:23 [rent_spider.py:152] DEBUG: lighting info[北        ]
2022-12-26T00:41:23 [rent_spider.py:121] DEBUG: room info[
          1室1厅1卫        ]
2022-12-26T00:41:23 [pipelines.py:675] INFO: The rental 整租·建新南区 1室1厅 北 is already in table rental.
2022-12-26T00:41:23 [scraper.py:289] DEBUG: Scraped from <200 https://bj.lianjia.com/zufang/c1111027377451/>
None
2022-12-26T00:41:23 [rent_spider.py:152] DEBUG: lighting info[建新南区]
2022-12-26T00:41:23 [rent_spider.py:116] DEBUG: area info[
        49.63㎡
        ]
2022-12-26T00:41:23 [rent_spider.py:152] DEBUG: lighting info[西北        ]
2022-12-26T00:41:23 [rent_spider.py:121] DEBUG: room info[
          2室1厅1卫        ]
2022-12-26T00:41:23 [pipelines.py:675] INFO: The rental 整租·建新南区 2室1厅 西北 is already in table rental.
2022-12-26T00:41:23 [scraper.py:289] DEBUG: Scraped from <200 https://bj.lianjia.com/zufang/c1111027377451/>
None
2022-12-26T00:41:23 [rent_spider.py:152] DEBUG: lighting info[建新南区]
2022-12-26T00:41:23 [rent_spider.py:116] DEBUG: area info[
        51.70㎡
        ]
2022-12-26T00:41:23 [rent_spider.py:152] DEBUG: lighting info[东北        ]
2022-12-26T00:41:23 [rent_spider.py:121] DEBUG: room info[
          1室1厅1卫        ]
2022-12-26T00:41:23 [pipelines.py:675] INFO: The rental 整租·建新南区 1室1厅 东北 is already in table rental.
2022-12-26T00:41:23 [scraper.py:289] DEBUG: Scraped from <200 https://bj.lianjia.com/zufang/c1111027377451/>
None
2022-12-26T00:41:23 [rent_spider.py:152] DEBUG: lighting info[建新南区]
2022-12-26T00:41:23 [rent_spider.py:116] DEBUG: area info[
        57.00㎡
        ]
2022-12-26T00:41:23 [rent_spider.py:152] DEBUG: lighting info[南 北        ]
2022-12-26T00:41:23 [rent_spider.py:121] DEBUG: room info[
          1室1厅1卫        ]
2022-12-26T00:41:23 [pipelines.py:675] INFO: The rental 整租·建新南区 1室1厅 南/北 is already in table rental.
2022-12-26T00:41:23 [scraper.py:289] DEBUG: Scraped from <200 https://bj.lianjia.com/zufang/c1111027377451/>
None
2022-12-26T00:41:23 [rent_spider.py:152] DEBUG: lighting info[建新南区]
2022-12-26T00:41:23 [rent_spider.py:116] DEBUG: area info[
        57.00㎡
        ]
2022-12-26T00:41:23 [rent_spider.py:152] DEBUG: lighting info[南 北        ]
2022-12-26T00:41:23 [rent_spider.py:121] DEBUG: room info[
          1室1厅1卫        ]
2022-12-26T00:41:23 [pipelines.py:675] INFO: The rental 整租·建新南区 1室1厅 南/北 is already in table rental.
2022-12-26T00:41:23 [scraper.py:289] DEBUG: Scraped from <200 https://bj.lianjia.com/zufang/c1111027377451/>
None
2022-12-26T00:41:23 [rent_spider.py:152] DEBUG: lighting info[建新南区]
2022-12-26T00:41:23 [rent_spider.py:116] DEBUG: area info[
        55.29㎡
        ]
2022-12-26T00:41:23 [rent_spider.py:152] DEBUG: lighting info[南        ]
2022-12-26T00:41:23 [rent_spider.py:121] DEBUG: room info[
          1室1厅1卫        ]
2022-12-26T00:41:23 [pipelines.py:675] INFO: The rental 整租·建新南区 1室1厅 南 is already in table rental.
2022-12-26T00:41:23 [scraper.py:289] DEBUG: Scraped from <200 https://bj.lianjia.com/zufang/c1111027377451/>
None
2022-12-26T00:41:23 [rent_spider.py:152] DEBUG: lighting info[建新南区]
2022-12-26T00:41:23 [rent_spider.py:116] DEBUG: area info[
        49.00㎡
        ]
2022-12-26T00:41:23 [rent_spider.py:152] DEBUG: lighting info[东        ]
2022-12-26T00:41:23 [rent_spider.py:121] DEBUG: room info[
          2室1厅1卫        ]
2022-12-26T00:41:23 [pipelines.py:675] INFO: The rental 整租·建新南区 2室1厅 东 is already in table rental.
2022-12-26T00:41:23 [scraper.py:289] DEBUG: Scraped from <200 https://bj.lianjia.com/zufang/c1111027377451/>
None
2022-12-26T00:41:23 [rent_spider.py:152] DEBUG: lighting info[建新南区]
2022-12-26T00:41:23 [rent_spider.py:116] DEBUG: area info[
        64.00㎡
        ]
2022-12-26T00:41:23 [rent_spider.py:152] DEBUG: lighting info[南 北        ]
2022-12-26T00:41:23 [rent_spider.py:121] DEBUG: room info[
          2室1厅1卫        ]
2022-12-26T00:41:23 [pipelines.py:675] INFO: The rental 整租·建新南区 2室1厅 南/北 is already in table rental.
2022-12-26T00:41:23 [scraper.py:289] DEBUG: Scraped from <200 https://bj.lianjia.com/zufang/c1111027377451/>
None
2022-12-26T00:41:23 [rent_spider.py:152] DEBUG: lighting info[建新南区]
2022-12-26T00:41:23 [rent_spider.py:116] DEBUG: area info[
        52.13㎡
        ]
2022-12-26T00:41:23 [rent_spider.py:152] DEBUG: lighting info[南 北        ]
2022-12-26T00:41:23 [rent_spider.py:121] DEBUG: room info[
          2室1厅1卫        ]
2022-12-26T00:41:23 [pipelines.py:675] INFO: The rental 整租·建新南区 2室1厅 南/北 is already in table rental.
2022-12-26T00:41:23 [scraper.py:289] DEBUG: Scraped from <200 https://bj.lianjia.com/zufang/c1111027377451/>
None
2022-12-26T00:41:23 [rent_spider.py:152] DEBUG: lighting info[建新南区]
2022-12-26T00:41:23 [rent_spider.py:116] DEBUG: area info[
        66.00㎡
        ]
2022-12-26T00:41:23 [rent_spider.py:152] DEBUG: lighting info[南 北        ]
2022-12-26T00:41:23 [rent_spider.py:121] DEBUG: room info[
          2室1厅1卫        ]
2022-12-26T00:41:23 [pipelines.py:675] INFO: The rental 整租·建新南区 2室1厅 南/北 is already in table rental.
2022-12-26T00:41:23 [scraper.py:289] DEBUG: Scraped from <200 https://bj.lianjia.com/zufang/c1111027377451/>
None
2022-12-26T00:41:23 [rent_spider.py:152] DEBUG: lighting info[建新南区]
2022-12-26T00:41:23 [rent_spider.py:116] DEBUG: area info[
        72.00㎡
        ]
2022-12-26T00:41:23 [rent_spider.py:152] DEBUG: lighting info[南 北        ]
2022-12-26T00:41:23 [rent_spider.py:121] DEBUG: room info[
          2室1厅1卫        ]
2022-12-26T00:41:23 [pipelines.py:675] INFO: The rental 整租·建新南区 2室1厅 南/北 is already in table rental.
2022-12-26T00:41:23 [scraper.py:289] DEBUG: Scraped from <200 https://bj.lianjia.com/zufang/c1111027377451/>
None
2022-12-26T00:41:23 [rent_spider.py:152] DEBUG: lighting info[建新南区]
2022-12-26T00:41:23 [rent_spider.py:116] DEBUG: area info[
        72.00㎡
        ]
2022-12-26T00:41:23 [rent_spider.py:152] DEBUG: lighting info[南 北        ]
2022-12-26T00:41:23 [rent_spider.py:121] DEBUG: room info[
          2室1厅1卫        ]
2022-12-26T00:41:23 [pipelines.py:675] INFO: The rental 整租·建新南区 2室1厅 南/北 is already in table rental.
2022-12-26T00:41:23 [scraper.py:289] DEBUG: Scraped from <200 https://bj.lianjia.com/zufang/c1111027377451/>
None
2022-12-26T00:41:23 [rent_spider.py:152] DEBUG: lighting info[建新南区]
2022-12-26T00:41:23 [rent_spider.py:116] DEBUG: area info[
        71.00㎡
        ]
2022-12-26T00:41:23 [rent_spider.py:152] DEBUG: lighting info[南 北        ]
2022-12-26T00:41:23 [rent_spider.py:121] DEBUG: room info[
          2室1厅1卫        ]
2022-12-26T00:41:23 [pipelines.py:675] INFO: The rental 整租·建新南区 2室1厅 南/北 is already in table rental.
2022-12-26T00:41:23 [scraper.py:289] DEBUG: Scraped from <200 https://bj.lianjia.com/zufang/c1111027377451/>
None
2022-12-26T00:41:23 [rent_spider.py:152] DEBUG: lighting info[建新南区]
2022-12-26T00:41:23 [rent_spider.py:116] DEBUG: area info[
        55.00㎡
        ]
2022-12-26T00:41:23 [rent_spider.py:152] DEBUG: lighting info[南        ]
2022-12-26T00:41:23 [rent_spider.py:121] DEBUG: room info[
          1室1厅1卫        ]
2022-12-26T00:41:23 [pipelines.py:675] INFO: The rental 整租·建新南区 1室1厅 南 is already in table rental.
2022-12-26T00:41:23 [scraper.py:289] DEBUG: Scraped from <200 https://bj.lianjia.com/zufang/c1111027377451/>
None
2022-12-26T00:41:23 [rent_spider.py:152] DEBUG: lighting info[建新南区]
2022-12-26T00:41:23 [rent_spider.py:116] DEBUG: area info[
        56.00㎡
        ]
2022-12-26T00:41:23 [rent_spider.py:152] DEBUG: lighting info[南 北        ]
2022-12-26T00:41:23 [rent_spider.py:121] DEBUG: room info[
          2室1厅1卫        ]
2022-12-26T00:41:23 [pipelines.py:675] INFO: The rental 整租·建新南区 2室1厅 南/北 is already in table rental.
2022-12-26T00:41:23 [scraper.py:289] DEBUG: Scraped from <200 https://bj.lianjia.com/zufang/c1111027377451/>
None
2022-12-26T00:41:23 [rent_spider.py:152] DEBUG: lighting info[建新南区]
2022-12-26T00:41:23 [rent_spider.py:116] DEBUG: area info[
        59.00㎡
        ]
2022-12-26T00:41:23 [rent_spider.py:152] DEBUG: lighting info[南 北        ]
2022-12-26T00:41:23 [rent_spider.py:121] DEBUG: room info[
          2室1厅1卫        ]
2022-12-26T00:41:23 [pipelines.py:675] INFO: The rental 整租·建新南区 2室1厅 南/北 is already in table rental.
2022-12-26T00:41:23 [scraper.py:289] DEBUG: Scraped from <200 https://bj.lianjia.com/zufang/c1111027377451/>
None
2022-12-26T00:41:23 [rent_spider.py:152] DEBUG: lighting info[建新南区]
2022-12-26T00:41:23 [rent_spider.py:116] DEBUG: area info[
        60.00㎡
        ]
2022-12-26T00:41:23 [rent_spider.py:152] DEBUG: lighting info[南 北        ]
2022-12-26T00:41:23 [rent_spider.py:121] DEBUG: room info[
          2室1厅1卫        ]
2022-12-26T00:41:23 [pipelines.py:675] INFO: The rental 整租·建新南区 2室1厅 南/北 is already in table rental.
2022-12-26T00:41:23 [scraper.py:289] DEBUG: Scraped from <200 https://bj.lianjia.com/zufang/c1111027377451/>
None
2022-12-26T00:41:23 [rent_spider.py:152] DEBUG: lighting info[建新南区]
2022-12-26T00:41:23 [rent_spider.py:116] DEBUG: area info[
        98.00㎡
        ]
2022-12-26T00:41:23 [rent_spider.py:152] DEBUG: lighting info[南 北        ]
2022-12-26T00:41:23 [rent_spider.py:121] DEBUG: room info[
          3室1厅1卫        ]
2022-12-26T00:41:23 [pipelines.py:675] INFO: The rental 整租·建新南区 3室1厅 南/北 is already in table rental.
2022-12-26T00:41:23 [scraper.py:289] DEBUG: Scraped from <200 https://bj.lianjia.com/zufang/c1111027377451/>
None
2022-12-26T00:41:23 [rent_spider.py:152] DEBUG: lighting info[建新南区]
2022-12-26T00:41:23 [rent_spider.py:116] DEBUG: area info[
        64.00㎡
        ]
2022-12-26T00:41:23 [rent_spider.py:152] DEBUG: lighting info[南 北        ]
2022-12-26T00:41:23 [rent_spider.py:121] DEBUG: room info[
          2室1厅1卫        ]
2022-12-26T00:41:23 [pipelines.py:675] INFO: The rental 整租·建新南区 2室1厅 南/北 is already in table rental.
2022-12-26T00:41:23 [scraper.py:289] DEBUG: Scraped from <200 https://bj.lianjia.com/zufang/c1111027377451/>
None
2022-12-26T00:41:23 [rent_spider.py:152] DEBUG: lighting info[建新南区]
2022-12-26T00:41:23 [rent_spider.py:116] DEBUG: area info[
        61.40㎡
        ]
2022-12-26T00:41:23 [rent_spider.py:152] DEBUG: lighting info[南 北        ]
2022-12-26T00:41:23 [rent_spider.py:121] DEBUG: room info[
          2室1厅1卫        ]
2022-12-26T00:41:23 [pipelines.py:675] INFO: The rental 整租·建新南区 2室1厅 南/北 is already in table rental.
2022-12-26T00:41:23 [scraper.py:289] DEBUG: Scraped from <200 https://bj.lianjia.com/zufang/c1111027377451/>
None
2022-12-26T00:41:23 [rent_spider.py:152] DEBUG: lighting info[建新南区]
2022-12-26T00:41:23 [rent_spider.py:116] DEBUG: area info[
        87.00㎡
        ]
2022-12-26T00:41:23 [rent_spider.py:152] DEBUG: lighting info[南 北        ]
2022-12-26T00:41:23 [rent_spider.py:121] DEBUG: room info[
          2室1厅1卫        ]
2022-12-26T00:41:23 [pipelines.py:675] INFO: The rental 整租·建新南区 2室1厅 南/北 is already in table rental.
2022-12-26T00:41:23 [scraper.py:289] DEBUG: Scraped from <200 https://bj.lianjia.com/zufang/c1111027377451/>
None
2022-12-26T00:41:23 [rent_spider.py:152] DEBUG: lighting info[建新南区]
2022-12-26T00:41:23 [rent_spider.py:116] DEBUG: area info[
        89.00㎡
        ]
2022-12-26T00:41:23 [rent_spider.py:152] DEBUG: lighting info[南 北        ]
2022-12-26T00:41:23 [rent_spider.py:121] DEBUG: room info[
          3室1厅1卫        ]
2022-12-26T00:41:23 [pipelines.py:675] INFO: The rental 整租·建新南区 3室1厅 南/北 is already in table rental.
2022-12-26T00:41:23 [scraper.py:289] DEBUG: Scraped from <200 https://bj.lianjia.com/zufang/c1111027377451/>
None
2022-12-26T00:41:23 [rent_spider.py:152] DEBUG: lighting info[建新南区]
2022-12-26T00:41:23 [rent_spider.py:116] DEBUG: area info[
        67.00㎡
        ]
2022-12-26T00:41:23 [rent_spider.py:152] DEBUG: lighting info[南 北        ]
2022-12-26T00:41:23 [rent_spider.py:121] DEBUG: room info[
          2室1厅1卫        ]
2022-12-26T00:41:23 [pipelines.py:675] INFO: The rental 整租·建新南区 2室1厅 南/北 is already in table rental.
2022-12-26T00:41:23 [scraper.py:289] DEBUG: Scraped from <200 https://bj.lianjia.com/zufang/c1111027377451/>
None
2022-12-26T00:41:23 [rent_spider.py:152] DEBUG: lighting info[建新南区]
2022-12-26T00:41:23 [rent_spider.py:116] DEBUG: area info[
        57.72㎡
        ]
2022-12-26T00:41:23 [rent_spider.py:152] DEBUG: lighting info[南        ]
2022-12-26T00:41:23 [rent_spider.py:121] DEBUG: room info[
          2室1厅1卫        ]
2022-12-26T00:41:23 [pipelines.py:675] INFO: The rental 整租·建新南区 2室1厅 南 is already in table rental.
2022-12-26T00:41:23 [scraper.py:289] DEBUG: Scraped from <200 https://bj.lianjia.com/zufang/c1111027377451/>
None
2022-12-26T00:41:23 [rent_spider.py:152] DEBUG: lighting info[建新南区]
2022-12-26T00:41:23 [rent_spider.py:116] DEBUG: area info[
        98.00㎡
        ]
2022-12-26T00:41:23 [rent_spider.py:152] DEBUG: lighting info[南 北        ]
2022-12-26T00:41:23 [rent_spider.py:121] DEBUG: room info[
          3室1厅1卫        ]
2022-12-26T00:41:24 [pipelines.py:675] INFO: The rental 整租·建新南区 3室1厅 南/北 is already in table rental.
2022-12-26T00:41:24 [scraper.py:289] DEBUG: Scraped from <200 https://bj.lianjia.com/zufang/c1111027377451/>
None
2022-12-26T00:41:24 [rent_spider.py:152] DEBUG: lighting info[建新南区]
2022-12-26T00:41:24 [rent_spider.py:116] DEBUG: area info[
        64.00㎡
        ]
2022-12-26T00:41:24 [rent_spider.py:152] DEBUG: lighting info[南 北        ]
2022-12-26T00:41:24 [rent_spider.py:121] DEBUG: room info[
          2室1厅1卫        ]
2022-12-26T00:41:24 [pipelines.py:675] INFO: The rental 整租·建新南区 2室1厅 南/北 is already in table rental.
2022-12-26T00:41:24 [scraper.py:289] DEBUG: Scraped from <200 https://bj.lianjia.com/zufang/c1111027377451/>
None
2022-12-26T00:41:24 [rent_spider.py:152] DEBUG: lighting info[建新南区]
2022-12-26T00:41:24 [rent_spider.py:116] DEBUG: area info[
        60.00㎡
        ]
2022-12-26T00:41:24 [rent_spider.py:152] DEBUG: lighting info[南 北        ]
2022-12-26T00:41:24 [rent_spider.py:121] DEBUG: room info[
          1室1厅1卫        ]
2022-12-26T00:41:24 [pipelines.py:675] INFO: The rental 整租·建新南区 1室1厅 南/北 is already in table rental.
2022-12-26T00:41:24 [scraper.py:289] DEBUG: Scraped from <200 https://bj.lianjia.com/zufang/c1111027377451/>
None
2022-12-26T00:41:24 [rent_spider.py:152] DEBUG: lighting info[建新南区]
2022-12-26T00:41:24 [rent_spider.py:116] DEBUG: area info[
        60.00㎡
        ]
2022-12-26T00:41:24 [rent_spider.py:152] DEBUG: lighting info[南 北        ]
2022-12-26T00:41:24 [rent_spider.py:121] DEBUG: room info[
          2室1厅1卫        ]
2022-12-26T00:41:24 [pipelines.py:675] INFO: The rental 整租·建新南区 2室1厅 南/北 is already in table rental.
2022-12-26T00:41:24 [scraper.py:289] DEBUG: Scraped from <200 https://bj.lianjia.com/zufang/c1111027377451/>
None
2022-12-26T00:41:24 [rent_spider.py:152] DEBUG: lighting info[建新南区]
2022-12-26T00:41:24 [rent_spider.py:116] DEBUG: area info[
        65.00㎡
        ]
2022-12-26T00:41:24 [rent_spider.py:152] DEBUG: lighting info[南 北        ]
2022-12-26T00:41:24 [rent_spider.py:121] DEBUG: room info[
          2室1厅1卫        ]
2022-12-26T00:41:24 [pipelines.py:675] INFO: The rental 整租·建新南区 2室1厅 南/北 is already in table rental.
2022-12-26T00:41:24 [scraper.py:289] DEBUG: Scraped from <200 https://bj.lianjia.com/zufang/c1111027377451/>
None
2022-12-26T00:41:24 [rent_spider.py:152] DEBUG: lighting info[建新南区]
2022-12-26T00:41:24 [rent_spider.py:116] DEBUG: area info[
        44.00㎡
        ]
2022-12-26T00:41:24 [rent_spider.py:152] DEBUG: lighting info[南        ]
2022-12-26T00:41:24 [rent_spider.py:121] DEBUG: room info[
          1室1厅1卫        ]
2022-12-26T00:41:24 [pipelines.py:675] INFO: The rental 整租·建新南区 1室1厅 南 is already in table rental.
2022-12-26T00:41:24 [scraper.py:289] DEBUG: Scraped from <200 https://bj.lianjia.com/zufang/c1111027377451/>
None
2022-12-26T00:41:24 [rent_spider.py:152] DEBUG: lighting info[建新南区]
2022-12-26T00:41:24 [rent_spider.py:116] DEBUG: area info[
        71.76㎡
        ]
2022-12-26T00:41:24 [rent_spider.py:152] DEBUG: lighting info[南 北        ]
2022-12-26T00:41:24 [rent_spider.py:121] DEBUG: room info[
          2室1厅1卫        ]
2022-12-26T00:41:24 [pipelines.py:675] INFO: The rental 整租·建新南区 2室1厅 南/北 is already in table rental.
2022-12-26T00:41:24 [scraper.py:289] DEBUG: Scraped from <200 https://bj.lianjia.com/zufang/c1111027377451/>
None
2022-12-26T00:41:24 [rent_spider.py:217] INFO: Crawl next page's rentals: [https://bj.lianjia.com/zufang/pg2c1111027377451/]
2022-12-26T00:41:31 [engine.py:295] DEBUG: Crawled (200) <GET https://bj.lianjia.com/zufang/c1111027381324/> (referer: None)
2022-12-26T00:41:31 [rent_spider.py:70] DEBUG: Number of houses available on rent[34]
2022-12-26T00:41:31 [rent_spider.py:152] DEBUG: lighting info[西辛南区]
2022-12-26T00:41:31 [rent_spider.py:116] DEBUG: area info[
        85.00㎡
        ]
2022-12-26T00:41:31 [rent_spider.py:152] DEBUG: lighting info[南 北        ]
2022-12-26T00:41:31 [rent_spider.py:121] DEBUG: room info[
          2室1厅1卫        ]
2022-12-26T00:41:31 [pipelines.py:675] INFO: The rental 整租·西辛南区 2室1厅 南/北 is already in table rental.
2022-12-26T00:41:31 [scraper.py:289] DEBUG: Scraped from <200 https://bj.lianjia.com/zufang/c1111027381324/>
None
2022-12-26T00:41:31 [rent_spider.py:152] DEBUG: lighting info[西辛南区]
2022-12-26T00:41:31 [rent_spider.py:116] DEBUG: area info[
        63.18㎡
        ]
2022-12-26T00:41:31 [rent_spider.py:152] DEBUG: lighting info[南 北        ]
2022-12-26T00:41:31 [rent_spider.py:121] DEBUG: room info[
          1室1厅1卫        ]
2022-12-26T00:41:31 [pipelines.py:675] INFO: The rental 整租·西辛南区 1室1厅 南/北 is already in table rental.
2022-12-26T00:41:31 [scraper.py:289] DEBUG: Scraped from <200 https://bj.lianjia.com/zufang/c1111027381324/>
None
2022-12-26T00:41:31 [rent_spider.py:152] DEBUG: lighting info[西辛南区]
2022-12-26T00:41:31 [rent_spider.py:116] DEBUG: area info[
        50.00㎡
        ]
2022-12-26T00:41:31 [rent_spider.py:152] DEBUG: lighting info[南 北        ]
2022-12-26T00:41:31 [rent_spider.py:121] DEBUG: room info[
          2室1厅1卫        ]
2022-12-26T00:41:31 [pipelines.py:675] INFO: The rental 整租·西辛南区 2室1厅 南/北 is already in table rental.
2022-12-26T00:41:31 [scraper.py:289] DEBUG: Scraped from <200 https://bj.lianjia.com/zufang/c1111027381324/>
None
2022-12-26T00:41:31 [rent_spider.py:152] DEBUG: lighting info[西辛南区]
2022-12-26T00:41:31 [rent_spider.py:116] DEBUG: area info[
        36.75㎡
        ]
2022-12-26T00:41:31 [rent_spider.py:152] DEBUG: lighting info[南 北        ]
2022-12-26T00:41:31 [rent_spider.py:121] DEBUG: room info[
          1室1厅1卫        ]
2022-12-26T00:41:31 [pipelines.py:675] INFO: The rental 整租·西辛南区 1室1厅 南/北 is already in table rental.
2022-12-26T00:41:31 [scraper.py:289] DEBUG: Scraped from <200 https://bj.lianjia.com/zufang/c1111027381324/>
None
2022-12-26T00:41:31 [rent_spider.py:152] DEBUG: lighting info[西辛南区]
2022-12-26T00:41:31 [rent_spider.py:116] DEBUG: area info[
        68.08㎡
        ]
2022-12-26T00:41:31 [rent_spider.py:152] DEBUG: lighting info[南 北        ]
2022-12-26T00:41:31 [rent_spider.py:121] DEBUG: room info[
          1室1厅1卫        ]
2022-12-26T00:41:31 [pipelines.py:675] INFO: The rental 整租·西辛南区 1室1厅 南/北 is already in table rental.
2022-12-26T00:41:31 [scraper.py:289] DEBUG: Scraped from <200 https://bj.lianjia.com/zufang/c1111027381324/>
None
2022-12-26T00:41:31 [rent_spider.py:152] DEBUG: lighting info[西辛南区]
2022-12-26T00:41:31 [rent_spider.py:116] DEBUG: area info[
        88.00㎡
        ]
2022-12-26T00:41:31 [rent_spider.py:152] DEBUG: lighting info[南 北        ]
2022-12-26T00:41:31 [rent_spider.py:121] DEBUG: room info[
          2室2厅1卫        ]
2022-12-26T00:41:31 [pipelines.py:675] INFO: The rental 整租·西辛南区 2室2厅 南/北 is already in table rental.
2022-12-26T00:41:31 [scraper.py:289] DEBUG: Scraped from <200 https://bj.lianjia.com/zufang/c1111027381324/>
None
2022-12-26T00:41:31 [rent_spider.py:152] DEBUG: lighting info[西辛南区]
2022-12-26T00:41:31 [rent_spider.py:116] DEBUG: area info[
        112.00㎡
        ]
2022-12-26T00:41:31 [rent_spider.py:152] DEBUG: lighting info[南 北        ]
2022-12-26T00:41:31 [rent_spider.py:121] DEBUG: room info[
          3室2厅2卫        ]
2022-12-26T00:41:31 [pipelines.py:675] INFO: The rental 整租·西辛南区 3室2厅 南/北 is already in table rental.
2022-12-26T00:41:31 [scraper.py:289] DEBUG: Scraped from <200 https://bj.lianjia.com/zufang/c1111027381324/>
None
2022-12-26T00:41:31 [rent_spider.py:152] DEBUG: lighting info[西辛南区]
2022-12-26T00:41:31 [rent_spider.py:116] DEBUG: area info[
        65.00㎡
        ]
2022-12-26T00:41:31 [rent_spider.py:152] DEBUG: lighting info[南 北        ]
2022-12-26T00:41:31 [rent_spider.py:121] DEBUG: room info[
          2室1厅1卫        ]
2022-12-26T00:41:31 [pipelines.py:675] INFO: The rental 整租·西辛南区 2室1厅 南/北 is already in table rental.
2022-12-26T00:41:31 [scraper.py:289] DEBUG: Scraped from <200 https://bj.lianjia.com/zufang/c1111027381324/>
None
2022-12-26T00:41:31 [rent_spider.py:152] DEBUG: lighting info[西辛南区]
2022-12-26T00:41:31 [rent_spider.py:116] DEBUG: area info[
        67.00㎡
        ]
2022-12-26T00:41:31 [rent_spider.py:152] DEBUG: lighting info[南 北        ]
2022-12-26T00:41:31 [rent_spider.py:121] DEBUG: room info[
          2室1厅1卫        ]
2022-12-26T00:41:31 [pipelines.py:675] INFO: The rental 整租·西辛南区 2室1厅 南/北 is already in table rental.
2022-12-26T00:41:31 [scraper.py:289] DEBUG: Scraped from <200 https://bj.lianjia.com/zufang/c1111027381324/>
None
2022-12-26T00:41:31 [rent_spider.py:152] DEBUG: lighting info[西辛南区]
2022-12-26T00:41:31 [rent_spider.py:116] DEBUG: area info[
        100.00㎡
        ]
2022-12-26T00:41:31 [rent_spider.py:152] DEBUG: lighting info[南 北        ]
2022-12-26T00:41:31 [rent_spider.py:121] DEBUG: room info[
          3室1厅1卫        ]
2022-12-26T00:41:31 [pipelines.py:675] INFO: The rental 整租·西辛南区 3室1厅 南/北 is already in table rental.
2022-12-26T00:41:31 [scraper.py:289] DEBUG: Scraped from <200 https://bj.lianjia.com/zufang/c1111027381324/>
None
2022-12-26T00:41:31 [rent_spider.py:152] DEBUG: lighting info[西辛南区]
2022-12-26T00:41:31 [rent_spider.py:116] DEBUG: area info[
        105.00㎡
        ]
2022-12-26T00:41:31 [rent_spider.py:152] DEBUG: lighting info[南 北        ]
2022-12-26T00:41:31 [rent_spider.py:121] DEBUG: room info[
          3室1厅1卫        ]
2022-12-26T00:41:31 [pipelines.py:675] INFO: The rental 整租·西辛南区 3室1厅 南/北 is already in table rental.
2022-12-26T00:41:31 [scraper.py:289] DEBUG: Scraped from <200 https://bj.lianjia.com/zufang/c1111027381324/>
None
2022-12-26T00:41:31 [rent_spider.py:152] DEBUG: lighting info[西辛南区]
2022-12-26T00:41:31 [rent_spider.py:116] DEBUG: area info[
        106.08㎡
        ]
2022-12-26T00:41:31 [rent_spider.py:152] DEBUG: lighting info[南 北        ]
2022-12-26T00:41:31 [rent_spider.py:121] DEBUG: room info[
          3室1厅1卫        ]
2022-12-26T00:41:31 [pipelines.py:675] INFO: The rental 整租·西辛南区 3室1厅 南/北 is already in table rental.
2022-12-26T00:41:31 [scraper.py:289] DEBUG: Scraped from <200 https://bj.lianjia.com/zufang/c1111027381324/>
None
2022-12-26T00:41:31 [rent_spider.py:152] DEBUG: lighting info[西辛南区]
2022-12-26T00:41:31 [rent_spider.py:116] DEBUG: area info[
        86.00㎡
        ]
2022-12-26T00:41:31 [rent_spider.py:152] DEBUG: lighting info[南 北        ]
2022-12-26T00:41:31 [rent_spider.py:121] DEBUG: room info[
          2室1厅1卫        ]
2022-12-26T00:41:31 [pipelines.py:675] INFO: The rental 整租·西辛南区 2室1厅 南/北 is already in table rental.
2022-12-26T00:41:31 [scraper.py:289] DEBUG: Scraped from <200 https://bj.lianjia.com/zufang/c1111027381324/>
None
2022-12-26T00:41:31 [rent_spider.py:152] DEBUG: lighting info[西辛南区]
2022-12-26T00:41:31 [rent_spider.py:116] DEBUG: area info[
        97.00㎡
        ]
2022-12-26T00:41:31 [rent_spider.py:152] DEBUG: lighting info[南 北        ]
2022-12-26T00:41:31 [rent_spider.py:121] DEBUG: room info[
          3室1厅2卫        ]
2022-12-26T00:41:31 [pipelines.py:675] INFO: The rental 整租·西辛南区 3室1厅 南/北 is already in table rental.
2022-12-26T00:41:31 [scraper.py:289] DEBUG: Scraped from <200 https://bj.lianjia.com/zufang/c1111027381324/>
None
2022-12-26T00:41:31 [rent_spider.py:152] DEBUG: lighting info[西辛南区]
2022-12-26T00:41:31 [rent_spider.py:116] DEBUG: area info[
        128.68㎡
        ]
2022-12-26T00:41:31 [rent_spider.py:152] DEBUG: lighting info[南 北        ]
2022-12-26T00:41:31 [rent_spider.py:121] DEBUG: room info[
          3室2厅1卫        ]
2022-12-26T00:41:31 [pipelines.py:675] INFO: The rental 整租·西辛南区 3室2厅 南/北 is already in table rental.
2022-12-26T00:41:31 [scraper.py:289] DEBUG: Scraped from <200 https://bj.lianjia.com/zufang/c1111027381324/>
None
2022-12-26T00:41:31 [rent_spider.py:152] DEBUG: lighting info[西辛南区]
2022-12-26T00:41:31 [rent_spider.py:116] DEBUG: area info[
        71.00㎡
        ]
2022-12-26T00:41:31 [rent_spider.py:152] DEBUG: lighting info[南 北        ]
2022-12-26T00:41:31 [rent_spider.py:121] DEBUG: room info[
          2室1厅1卫        ]
2022-12-26T00:41:31 [pipelines.py:675] INFO: The rental 整租·西辛南区 2室1厅 南/北 is already in table rental.
2022-12-26T00:41:31 [scraper.py:289] DEBUG: Scraped from <200 https://bj.lianjia.com/zufang/c1111027381324/>
None
2022-12-26T00:41:31 [rent_spider.py:152] DEBUG: lighting info[西辛南区]
2022-12-26T00:41:31 [rent_spider.py:116] DEBUG: area info[
        73.94㎡
        ]
2022-12-26T00:41:31 [rent_spider.py:152] DEBUG: lighting info[南 北        ]
2022-12-26T00:41:31 [rent_spider.py:121] DEBUG: room info[
          2室1厅1卫        ]
2022-12-26T00:41:31 [pipelines.py:675] INFO: The rental 整租·西辛南区 2室1厅 南/北 is already in table rental.
2022-12-26T00:41:31 [scraper.py:289] DEBUG: Scraped from <200 https://bj.lianjia.com/zufang/c1111027381324/>
None
2022-12-26T00:41:31 [rent_spider.py:152] DEBUG: lighting info[西辛南区]
2022-12-26T00:41:31 [rent_spider.py:116] DEBUG: area info[
        67.00㎡
        ]
2022-12-26T00:41:31 [rent_spider.py:152] DEBUG: lighting info[南 北        ]
2022-12-26T00:41:31 [rent_spider.py:121] DEBUG: room info[
          1室1厅1卫        ]
2022-12-26T00:41:31 [pipelines.py:675] INFO: The rental 整租·西辛南区 1室1厅 南/北 is already in table rental.
2022-12-26T00:41:31 [scraper.py:289] DEBUG: Scraped from <200 https://bj.lianjia.com/zufang/c1111027381324/>
None
2022-12-26T00:41:31 [rent_spider.py:152] DEBUG: lighting info[西辛南区]
2022-12-26T00:41:31 [rent_spider.py:116] DEBUG: area info[
        113.00㎡
        ]
2022-12-26T00:41:31 [rent_spider.py:152] DEBUG: lighting info[南 北        ]
2022-12-26T00:41:31 [rent_spider.py:121] DEBUG: room info[
          3室1厅2卫        ]
2022-12-26T00:41:31 [pipelines.py:675] INFO: The rental 整租·西辛南区 3室1厅 南/北 is already in table rental.
2022-12-26T00:41:31 [scraper.py:289] DEBUG: Scraped from <200 https://bj.lianjia.com/zufang/c1111027381324/>
None
2022-12-26T00:41:31 [rent_spider.py:152] DEBUG: lighting info[西辛南区]
2022-12-26T00:41:31 [rent_spider.py:116] DEBUG: area info[
        79.65㎡
        ]
2022-12-26T00:41:31 [rent_spider.py:152] DEBUG: lighting info[南 北        ]
2022-12-26T00:41:31 [rent_spider.py:121] DEBUG: room info[
          2室1厅1卫        ]
2022-12-26T00:41:31 [pipelines.py:675] INFO: The rental 整租·西辛南区 2室1厅 南/北 is already in table rental.
2022-12-26T00:41:31 [scraper.py:289] DEBUG: Scraped from <200 https://bj.lianjia.com/zufang/c1111027381324/>
None
2022-12-26T00:41:31 [rent_spider.py:152] DEBUG: lighting info[西辛南区]
2022-12-26T00:41:31 [rent_spider.py:116] DEBUG: area info[
        37.00㎡
        ]
2022-12-26T00:41:31 [rent_spider.py:152] DEBUG: lighting info[南 北        ]
2022-12-26T00:41:31 [rent_spider.py:121] DEBUG: room info[
          1室0厅1卫        ]
2022-12-26T00:41:31 [pipelines.py:675] INFO: The rental 整租·西辛南区 1室0厅 南/北 is already in table rental.
2022-12-26T00:41:31 [scraper.py:289] DEBUG: Scraped from <200 https://bj.lianjia.com/zufang/c1111027381324/>
None
2022-12-26T00:41:31 [rent_spider.py:152] DEBUG: lighting info[西辛南区]
2022-12-26T00:41:31 [rent_spider.py:116] DEBUG: area info[
        81.00㎡
        ]
2022-12-26T00:41:31 [rent_spider.py:152] DEBUG: lighting info[南 北        ]
2022-12-26T00:41:31 [rent_spider.py:121] DEBUG: room info[
          2室1厅1卫        ]
2022-12-26T00:41:31 [pipelines.py:675] INFO: The rental 整租·西辛南区 2室1厅 南/北 is already in table rental.
2022-12-26T00:41:31 [scraper.py:289] DEBUG: Scraped from <200 https://bj.lianjia.com/zufang/c1111027381324/>
None
2022-12-26T00:41:31 [rent_spider.py:152] DEBUG: lighting info[西辛南区]
2022-12-26T00:41:31 [rent_spider.py:116] DEBUG: area info[
        79.65㎡
        ]
2022-12-26T00:41:31 [rent_spider.py:152] DEBUG: lighting info[南 北        ]
2022-12-26T00:41:31 [rent_spider.py:121] DEBUG: room info[
          2室1厅1卫        ]
2022-12-26T00:41:31 [pipelines.py:675] INFO: The rental 整租·西辛南区 2室1厅 南/北 is already in table rental.
2022-12-26T00:41:31 [scraper.py:289] DEBUG: Scraped from <200 https://bj.lianjia.com/zufang/c1111027381324/>
None
2022-12-26T00:41:31 [rent_spider.py:152] DEBUG: lighting info[西辛南区]
2022-12-26T00:41:31 [rent_spider.py:116] DEBUG: area info[
        34.48㎡
        ]
2022-12-26T00:41:31 [rent_spider.py:152] DEBUG: lighting info[南 北        ]
2022-12-26T00:41:31 [rent_spider.py:121] DEBUG: room info[
          1室0厅1卫        ]
2022-12-26T00:41:31 [pipelines.py:675] INFO: The rental 整租·西辛南区 1室0厅 南/北 is already in table rental.
2022-12-26T00:41:31 [scraper.py:289] DEBUG: Scraped from <200 https://bj.lianjia.com/zufang/c1111027381324/>
None
2022-12-26T00:41:31 [rent_spider.py:152] DEBUG: lighting info[西辛南区]
2022-12-26T00:41:31 [rent_spider.py:116] DEBUG: area info[
        84.43㎡
        ]
2022-12-26T00:41:31 [rent_spider.py:152] DEBUG: lighting info[南 北        ]
2022-12-26T00:41:31 [rent_spider.py:121] DEBUG: room info[
          2室1厅2卫        ]
2022-12-26T00:41:31 [pipelines.py:675] INFO: The rental 整租·西辛南区 2室1厅 南/北 is already in table rental.
2022-12-26T00:41:31 [scraper.py:289] DEBUG: Scraped from <200 https://bj.lianjia.com/zufang/c1111027381324/>
None
2022-12-26T00:41:31 [rent_spider.py:152] DEBUG: lighting info[西辛南区]
2022-12-26T00:41:31 [rent_spider.py:116] DEBUG: area info[
        68.64㎡
        ]
2022-12-26T00:41:31 [rent_spider.py:152] DEBUG: lighting info[南 北        ]
2022-12-26T00:41:31 [rent_spider.py:121] DEBUG: room info[
          2室1厅1卫        ]
2022-12-26T00:41:31 [pipelines.py:675] INFO: The rental 整租·西辛南区 2室1厅 南/北 is already in table rental.
2022-12-26T00:41:31 [scraper.py:289] DEBUG: Scraped from <200 https://bj.lianjia.com/zufang/c1111027381324/>
None
2022-12-26T00:41:31 [rent_spider.py:152] DEBUG: lighting info[西辛南区]
2022-12-26T00:41:31 [rent_spider.py:116] DEBUG: area info[
        62.00㎡
        ]
2022-12-26T00:41:31 [rent_spider.py:152] DEBUG: lighting info[南        ]
2022-12-26T00:41:31 [rent_spider.py:121] DEBUG: room info[
          1室1厅1卫        ]
2022-12-26T00:41:31 [pipelines.py:675] INFO: The rental 整租·西辛南区 1室1厅 南 is already in table rental.
2022-12-26T00:41:31 [scraper.py:289] DEBUG: Scraped from <200 https://bj.lianjia.com/zufang/c1111027381324/>
None
2022-12-26T00:41:31 [rent_spider.py:152] DEBUG: lighting info[西辛南区]
2022-12-26T00:41:31 [rent_spider.py:116] DEBUG: area info[
        69.56㎡
        ]
2022-12-26T00:41:31 [rent_spider.py:152] DEBUG: lighting info[南 北        ]
2022-12-26T00:41:31 [rent_spider.py:121] DEBUG: room info[
          2室1厅1卫        ]
2022-12-26T00:41:31 [pipelines.py:675] INFO: The rental 整租·西辛南区 2室1厅 南/北 is already in table rental.
2022-12-26T00:41:31 [scraper.py:289] DEBUG: Scraped from <200 https://bj.lianjia.com/zufang/c1111027381324/>
None
2022-12-26T00:41:31 [rent_spider.py:152] DEBUG: lighting info[西辛南区]
2022-12-26T00:41:31 [rent_spider.py:116] DEBUG: area info[
        51.00㎡
        ]
2022-12-26T00:41:31 [rent_spider.py:152] DEBUG: lighting info[南 北        ]
2022-12-26T00:41:31 [rent_spider.py:121] DEBUG: room info[
          1室1厅1卫        ]
2022-12-26T00:41:31 [pipelines.py:675] INFO: The rental 整租·西辛南区 1室1厅 南/北 is already in table rental.
2022-12-26T00:41:31 [scraper.py:289] DEBUG: Scraped from <200 https://bj.lianjia.com/zufang/c1111027381324/>
None
2022-12-26T00:41:31 [rent_spider.py:152] DEBUG: lighting info[西辛南区]
2022-12-26T00:41:31 [rent_spider.py:116] DEBUG: area info[
        60.00㎡
        ]
2022-12-26T00:41:31 [rent_spider.py:152] DEBUG: lighting info[南 北        ]
2022-12-26T00:41:31 [rent_spider.py:121] DEBUG: room info[
          1室1厅1卫        ]
2022-12-26T00:41:31 [pipelines.py:675] INFO: The rental 整租·西辛南区 1室1厅 南/北 is already in table rental.
2022-12-26T00:41:31 [scraper.py:289] DEBUG: Scraped from <200 https://bj.lianjia.com/zufang/c1111027381324/>
None
2022-12-26T00:41:31 [rent_spider.py:217] INFO: Crawl next page's rentals: [https://bj.lianjia.com/zufang/pg2c1111027381324/]
2022-12-26T00:41:40 [engine.py:295] DEBUG: Crawled (200) <GET https://bj.lianjia.com/zufang/c1120044353375699/> (referer: None)
2022-12-26T00:41:40 [rent_spider.py:70] DEBUG: Number of houses available on rent[42]
2022-12-26T00:41:40 [rent_spider.py:116] DEBUG: area info[
        88.00㎡
        ]
2022-12-26T00:41:40 [rent_spider.py:152] DEBUG: lighting info[东 南 西        ]
2022-12-26T00:41:40 [rent_spider.py:121] DEBUG: room info[
          2室1厅1卫        ]
2022-12-26T00:41:40 [pipelines.py:675] INFO: The rental 整租·中国铁建国际公馆 2室1厅 东/南/西 is already in table rental.
2022-12-26T00:41:40 [scraper.py:289] DEBUG: Scraped from <200 https://bj.lianjia.com/zufang/c1120044353375699/>
None
2022-12-26T00:41:40 [rent_spider.py:116] DEBUG: area info[
        80.00㎡
        ]
2022-12-26T00:41:40 [rent_spider.py:152] DEBUG: lighting info[东 西        ]
2022-12-26T00:41:40 [rent_spider.py:121] DEBUG: room info[
          2室1厅1卫        ]
2022-12-26T00:41:40 [pipelines.py:675] INFO: The rental 整租·中国铁建国际公馆 2室1厅 东/西 is already in table rental.
2022-12-26T00:41:40 [scraper.py:289] DEBUG: Scraped from <200 https://bj.lianjia.com/zufang/c1120044353375699/>
None
2022-12-26T00:41:40 [rent_spider.py:116] DEBUG: area info[
        88.00㎡
        ]
2022-12-26T00:41:40 [rent_spider.py:152] DEBUG: lighting info[东 西        ]
2022-12-26T00:41:40 [rent_spider.py:121] DEBUG: room info[
          2室1厅1卫        ]
2022-12-26T00:41:40 [pipelines.py:675] INFO: The rental 整租·中国铁建国际公馆 2室1厅 东/西 is already in table rental.
2022-12-26T00:41:40 [scraper.py:289] DEBUG: Scraped from <200 https://bj.lianjia.com/zufang/c1120044353375699/>
None
2022-12-26T00:41:40 [rent_spider.py:116] DEBUG: area info[
        89.00㎡
        ]
2022-12-26T00:41:40 [rent_spider.py:152] DEBUG: lighting info[南 北        ]
2022-12-26T00:41:40 [rent_spider.py:121] DEBUG: room info[
          3室1厅1卫        ]
2022-12-26T00:41:40 [pipelines.py:675] INFO: The rental 整租·中国铁建国际公馆 3室1厅 南/北 is already in table rental.
2022-12-26T00:41:40 [scraper.py:289] DEBUG: Scraped from <200 https://bj.lianjia.com/zufang/c1120044353375699/>
None
2022-12-26T00:41:40 [rent_spider.py:116] DEBUG: area info[
        80.00㎡
        ]
2022-12-26T00:41:40 [rent_spider.py:152] DEBUG: lighting info[东 西        ]
2022-12-26T00:41:40 [rent_spider.py:121] DEBUG: room info[
          2室1厅1卫        ]
2022-12-26T00:41:40 [pipelines.py:675] INFO: The rental 整租·中国铁建国际公馆 2室1厅 东/西 is already in table rental.
2022-12-26T00:41:40 [scraper.py:289] DEBUG: Scraped from <200 https://bj.lianjia.com/zufang/c1120044353375699/>
None
2022-12-26T00:41:40 [rent_spider.py:116] DEBUG: area info[
        79.63㎡
        ]
2022-12-26T00:41:40 [rent_spider.py:152] DEBUG: lighting info[西南        ]
2022-12-26T00:41:40 [rent_spider.py:121] DEBUG: room info[
          2室1厅1卫        ]
2022-12-26T00:41:40 [pipelines.py:675] INFO: The rental 整租·中国铁建国际公馆 2室1厅 西南 is already in table rental.
2022-12-26T00:41:40 [scraper.py:289] DEBUG: Scraped from <200 https://bj.lianjia.com/zufang/c1120044353375699/>
None
2022-12-26T00:41:40 [rent_spider.py:116] DEBUG: area info[
        150.00㎡
        ]
2022-12-26T00:41:40 [rent_spider.py:152] DEBUG: lighting info[南 北        ]
2022-12-26T00:41:40 [rent_spider.py:121] DEBUG: room info[
          4室1厅2卫        ]
2022-12-26T00:41:40 [pipelines.py:675] INFO: The rental 整租·中国铁建国际公馆 4室1厅 南/北 is already in table rental.
2022-12-26T00:41:40 [scraper.py:289] DEBUG: Scraped from <200 https://bj.lianjia.com/zufang/c1120044353375699/>
None
2022-12-26T00:41:40 [rent_spider.py:116] DEBUG: area info[
        89.00㎡
        ]
2022-12-26T00:41:40 [rent_spider.py:152] DEBUG: lighting info[南 北        ]
2022-12-26T00:41:40 [rent_spider.py:121] DEBUG: room info[
          3室1厅1卫        ]
2022-12-26T00:41:40 [pipelines.py:675] INFO: The rental 整租·中国铁建国际公馆 3室1厅 南/北 is already in table rental.
2022-12-26T00:41:40 [scraper.py:289] DEBUG: Scraped from <200 https://bj.lianjia.com/zufang/c1120044353375699/>
None
2022-12-26T00:41:40 [rent_spider.py:116] DEBUG: area info[
        89.00㎡
        ]
2022-12-26T00:41:40 [rent_spider.py:152] DEBUG: lighting info[南 北        ]
2022-12-26T00:41:40 [rent_spider.py:121] DEBUG: room info[
          3室1厅1卫        ]
2022-12-26T00:41:40 [pipelines.py:675] INFO: The rental 整租·中国铁建国际公馆 3室1厅 南/北 is already in table rental.
2022-12-26T00:41:40 [scraper.py:289] DEBUG: Scraped from <200 https://bj.lianjia.com/zufang/c1120044353375699/>
None
2022-12-26T00:41:40 [rent_spider.py:116] DEBUG: area info[
        90.00㎡
        ]
2022-12-26T00:41:40 [rent_spider.py:152] DEBUG: lighting info[南 北        ]
2022-12-26T00:41:40 [rent_spider.py:121] DEBUG: room info[
          3室1厅1卫        ]
2022-12-26T00:41:40 [pipelines.py:675] INFO: The rental 整租·中国铁建国际公馆 3室1厅 南/北 is already in table rental.
2022-12-26T00:41:40 [scraper.py:289] DEBUG: Scraped from <200 https://bj.lianjia.com/zufang/c1120044353375699/>
None
2022-12-26T00:41:40 [rent_spider.py:116] DEBUG: area info[
        89.00㎡
        ]
2022-12-26T00:41:40 [rent_spider.py:152] DEBUG: lighting info[南 北        ]
2022-12-26T00:41:40 [rent_spider.py:121] DEBUG: room info[
          3室1厅1卫        ]
2022-12-26T00:41:40 [pipelines.py:675] INFO: The rental 整租·中国铁建国际公馆 3室1厅 南/北 is already in table rental.
2022-12-26T00:41:40 [scraper.py:289] DEBUG: Scraped from <200 https://bj.lianjia.com/zufang/c1120044353375699/>
None
2022-12-26T00:41:40 [rent_spider.py:116] DEBUG: area info[
        80.00㎡
        ]
2022-12-26T00:41:40 [rent_spider.py:152] DEBUG: lighting info[东 西        ]
2022-12-26T00:41:40 [rent_spider.py:121] DEBUG: room info[
          2室1厅1卫        ]
2022-12-26T00:41:40 [pipelines.py:675] INFO: The rental 整租·中国铁建国际公馆 2室1厅 东/西 is already in table rental.
2022-12-26T00:41:40 [scraper.py:289] DEBUG: Scraped from <200 https://bj.lianjia.com/zufang/c1120044353375699/>
None
2022-12-26T00:41:40 [rent_spider.py:116] DEBUG: area info[
        80.00㎡
        ]
2022-12-26T00:41:40 [rent_spider.py:152] DEBUG: lighting info[南 北        ]
2022-12-26T00:41:40 [rent_spider.py:121] DEBUG: room info[
          2室1厅1卫        ]
2022-12-26T00:41:40 [pipelines.py:675] INFO: The rental 整租·中国铁建国际公馆 2室1厅 南/北 is already in table rental.
2022-12-26T00:41:40 [scraper.py:289] DEBUG: Scraped from <200 https://bj.lianjia.com/zufang/c1120044353375699/>
None
2022-12-26T00:41:40 [rent_spider.py:116] DEBUG: area info[
        89.00㎡
        ]
2022-12-26T00:41:40 [rent_spider.py:152] DEBUG: lighting info[南 北        ]
2022-12-26T00:41:40 [rent_spider.py:121] DEBUG: room info[
          3室2厅1卫        ]
2022-12-26T00:41:40 [pipelines.py:675] INFO: The rental 整租·中国铁建国际公馆 3室2厅 南/北 is already in table rental.
2022-12-26T00:41:40 [scraper.py:289] DEBUG: Scraped from <200 https://bj.lianjia.com/zufang/c1120044353375699/>
None
2022-12-26T00:41:40 [rent_spider.py:116] DEBUG: area info[
        88.00㎡
        ]
2022-12-26T00:41:40 [rent_spider.py:152] DEBUG: lighting info[南 西        ]
2022-12-26T00:41:40 [rent_spider.py:121] DEBUG: room info[
          2室1厅1卫        ]
2022-12-26T00:41:40 [pipelines.py:675] INFO: The rental 整租·中国铁建国际公馆 2室1厅 南/西 is already in table rental.
2022-12-26T00:41:40 [scraper.py:289] DEBUG: Scraped from <200 https://bj.lianjia.com/zufang/c1120044353375699/>
None
2022-12-26T00:41:40 [rent_spider.py:116] DEBUG: area info[
        88.08㎡
        ]
2022-12-26T00:41:40 [rent_spider.py:152] DEBUG: lighting info[南 北        ]
2022-12-26T00:41:40 [rent_spider.py:121] DEBUG: room info[
          3室1厅1卫        ]
2022-12-26T00:41:40 [pipelines.py:675] INFO: The rental 整租·中国铁建国际公馆 3室1厅 南/北 is already in table rental.
2022-12-26T00:41:40 [scraper.py:289] DEBUG: Scraped from <200 https://bj.lianjia.com/zufang/c1120044353375699/>
None
2022-12-26T00:41:40 [rent_spider.py:116] DEBUG: area info[
        84.00㎡
        ]
2022-12-26T00:41:40 [rent_spider.py:152] DEBUG: lighting info[东 西        ]
2022-12-26T00:41:40 [rent_spider.py:121] DEBUG: room info[
          2室1厅1卫        ]
2022-12-26T00:41:40 [pipelines.py:675] INFO: The rental 整租·中国铁建国际公馆 2室1厅 东/西 is already in table rental.
2022-12-26T00:41:40 [scraper.py:289] DEBUG: Scraped from <200 https://bj.lianjia.com/zufang/c1120044353375699/>
None
2022-12-26T00:41:40 [rent_spider.py:116] DEBUG: area info[
        89.50㎡
        ]
2022-12-26T00:41:40 [rent_spider.py:152] DEBUG: lighting info[南 北        ]
2022-12-26T00:41:40 [rent_spider.py:121] DEBUG: room info[
          3室1厅1卫        ]
2022-12-26T00:41:40 [pipelines.py:675] INFO: The rental 整租·中国铁建国际公馆 3室1厅 南/北 is already in table rental.
2022-12-26T00:41:40 [scraper.py:289] DEBUG: Scraped from <200 https://bj.lianjia.com/zufang/c1120044353375699/>
None
2022-12-26T00:41:40 [rent_spider.py:116] DEBUG: area info[
        89.00㎡
        ]
2022-12-26T00:41:40 [rent_spider.py:152] DEBUG: lighting info[南 北        ]
2022-12-26T00:41:40 [rent_spider.py:121] DEBUG: room info[
          3室1厅1卫        ]
2022-12-26T00:41:40 [pipelines.py:675] INFO: The rental 整租·中国铁建国际公馆 3室1厅 南/北 is already in table rental.
2022-12-26T00:41:40 [scraper.py:289] DEBUG: Scraped from <200 https://bj.lianjia.com/zufang/c1120044353375699/>
None
2022-12-26T00:41:40 [rent_spider.py:116] DEBUG: area info[
        80.00㎡
        ]
2022-12-26T00:41:40 [rent_spider.py:152] DEBUG: lighting info[南 北        ]
2022-12-26T00:41:40 [rent_spider.py:121] DEBUG: room info[
          2室1厅1卫        ]
2022-12-26T00:41:40 [pipelines.py:675] INFO: The rental 整租·中国铁建国际公馆 2室1厅 南/北 is already in table rental.
2022-12-26T00:41:40 [scraper.py:289] DEBUG: Scraped from <200 https://bj.lianjia.com/zufang/c1120044353375699/>
None
2022-12-26T00:41:40 [rent_spider.py:116] DEBUG: area info[
        83.00㎡
        ]
2022-12-26T00:41:40 [rent_spider.py:152] DEBUG: lighting info[东 西        ]
2022-12-26T00:41:40 [rent_spider.py:121] DEBUG: room info[
          2室1厅1卫        ]
2022-12-26T00:41:40 [pipelines.py:675] INFO: The rental 整租·中国铁建国际公馆 2室1厅 东/西 is already in table rental.
2022-12-26T00:41:40 [scraper.py:289] DEBUG: Scraped from <200 https://bj.lianjia.com/zufang/c1120044353375699/>
None
2022-12-26T00:41:40 [rent_spider.py:116] DEBUG: area info[
        89.00㎡
        ]
2022-12-26T00:41:40 [rent_spider.py:152] DEBUG: lighting info[南 北        ]
2022-12-26T00:41:40 [rent_spider.py:121] DEBUG: room info[
          3室1厅1卫        ]
2022-12-26T00:41:40 [pipelines.py:675] INFO: The rental 整租·中国铁建国际公馆 3室1厅 南/北 is already in table rental.
2022-12-26T00:41:40 [scraper.py:289] DEBUG: Scraped from <200 https://bj.lianjia.com/zufang/c1120044353375699/>
None
2022-12-26T00:41:40 [rent_spider.py:116] DEBUG: area info[
        89.00㎡
        ]
2022-12-26T00:41:40 [rent_spider.py:152] DEBUG: lighting info[南 北        ]
2022-12-26T00:41:40 [rent_spider.py:121] DEBUG: room info[
          3室2厅1卫        ]
2022-12-26T00:41:40 [pipelines.py:675] INFO: The rental 整租·中国铁建国际公馆 3室2厅 南/北 is already in table rental.
2022-12-26T00:41:40 [scraper.py:289] DEBUG: Scraped from <200 https://bj.lianjia.com/zufang/c1120044353375699/>
None
2022-12-26T00:41:40 [rent_spider.py:116] DEBUG: area info[
        89.00㎡
        ]
2022-12-26T00:41:40 [rent_spider.py:152] DEBUG: lighting info[南 北        ]
2022-12-26T00:41:40 [rent_spider.py:121] DEBUG: room info[
          3室1厅1卫        ]
2022-12-26T00:41:40 [pipelines.py:675] INFO: The rental 整租·中国铁建国际公馆 3室1厅 南/北 is already in table rental.
2022-12-26T00:41:40 [scraper.py:289] DEBUG: Scraped from <200 https://bj.lianjia.com/zufang/c1120044353375699/>
None
2022-12-26T00:41:40 [rent_spider.py:116] DEBUG: area info[
        80.00㎡
        ]
2022-12-26T00:41:40 [rent_spider.py:152] DEBUG: lighting info[东 西        ]
2022-12-26T00:41:40 [rent_spider.py:121] DEBUG: room info[
          2室1厅1卫        ]
2022-12-26T00:41:40 [pipelines.py:675] INFO: The rental 整租·中国铁建国际公馆 2室1厅 东/西 is already in table rental.
2022-12-26T00:41:40 [scraper.py:289] DEBUG: Scraped from <200 https://bj.lianjia.com/zufang/c1120044353375699/>
None
2022-12-26T00:41:40 [rent_spider.py:116] DEBUG: area info[
        80.06㎡
        ]
2022-12-26T00:41:40 [rent_spider.py:152] DEBUG: lighting info[南 北        ]
2022-12-26T00:41:40 [rent_spider.py:121] DEBUG: room info[
          2室1厅1卫        ]
2022-12-26T00:41:40 [pipelines.py:675] INFO: The rental 整租·中国铁建国际公馆 2室1厅 南/北 is already in table rental.
2022-12-26T00:41:40 [scraper.py:289] DEBUG: Scraped from <200 https://bj.lianjia.com/zufang/c1120044353375699/>
None
2022-12-26T00:41:40 [rent_spider.py:116] DEBUG: area info[
        82.00㎡
        ]
2022-12-26T00:41:40 [rent_spider.py:152] DEBUG: lighting info[东 西        ]
2022-12-26T00:41:40 [rent_spider.py:121] DEBUG: room info[
          2室1厅1卫        ]
2022-12-26T00:41:40 [pipelines.py:675] INFO: The rental 整租·中国铁建国际公馆 2室1厅 东/西 is already in table rental.
2022-12-26T00:41:40 [scraper.py:289] DEBUG: Scraped from <200 https://bj.lianjia.com/zufang/c1120044353375699/>
None
2022-12-26T00:41:40 [rent_spider.py:116] DEBUG: area info[
        90.00㎡
        ]
2022-12-26T00:41:40 [rent_spider.py:152] DEBUG: lighting info[南 北        ]
2022-12-26T00:41:40 [rent_spider.py:121] DEBUG: room info[
          3室1厅1卫        ]
2022-12-26T00:41:40 [pipelines.py:675] INFO: The rental 整租·中国铁建国际公馆 3室1厅 南/北 is already in table rental.
2022-12-26T00:41:40 [scraper.py:289] DEBUG: Scraped from <200 https://bj.lianjia.com/zufang/c1120044353375699/>
None
2022-12-26T00:41:40 [rent_spider.py:116] DEBUG: area info[
        89.00㎡
        ]
2022-12-26T00:41:40 [rent_spider.py:152] DEBUG: lighting info[南 北        ]
2022-12-26T00:41:40 [rent_spider.py:121] DEBUG: room info[
          3室1厅1卫        ]
2022-12-26T00:41:40 [pipelines.py:675] INFO: The rental 整租·中国铁建国际公馆 3室1厅 南/北 is already in table rental.
2022-12-26T00:41:40 [scraper.py:289] DEBUG: Scraped from <200 https://bj.lianjia.com/zufang/c1120044353375699/>
None
2022-12-26T00:41:40 [rent_spider.py:116] DEBUG: area info[
        89.00㎡
        ]
2022-12-26T00:41:40 [rent_spider.py:152] DEBUG: lighting info[南 北        ]
2022-12-26T00:41:40 [rent_spider.py:121] DEBUG: room info[
          3室2厅1卫        ]
2022-12-26T00:41:40 [pipelines.py:675] INFO: The rental 整租·中国铁建国际公馆 3室2厅 南/北 is already in table rental.
2022-12-26T00:41:40 [scraper.py:289] DEBUG: Scraped from <200 https://bj.lianjia.com/zufang/c1120044353375699/>
None
2022-12-26T00:41:40 [rent_spider.py:116] DEBUG: area info[
        150.91㎡
        ]
2022-12-26T00:41:40 [rent_spider.py:152] DEBUG: lighting info[南 北        ]
2022-12-26T00:41:40 [rent_spider.py:121] DEBUG: room info[
          4室1厅2卫        ]
2022-12-26T00:41:40 [pipelines.py:675] INFO: The rental 整租·中国铁建国际公馆 4室1厅 南/北 is already in table rental.
2022-12-26T00:41:40 [scraper.py:289] DEBUG: Scraped from <200 https://bj.lianjia.com/zufang/c1120044353375699/>
None
2022-12-26T00:41:40 [rent_spider.py:217] INFO: Crawl next page's rentals: [https://bj.lianjia.com/zufang/pg2c1120044353375699/]
2022-12-26T00:41:47 [logstats.py:48] INFO: Crawled 8 pages (at 8 pages/min), scraped 242 items (at 242 items/min)
2022-12-26T00:41:47 [engine.py:295] DEBUG: Crawled (200) <GET https://bj.lianjia.com/zufang/c1111027377957/> (referer: None)
2022-12-26T00:41:47 [rent_spider.py:70] DEBUG: Number of houses available on rent[38]
2022-12-26T00:41:47 [rent_spider.py:116] DEBUG: area info[
        149.00㎡
        ]
2022-12-26T00:41:47 [rent_spider.py:152] DEBUG: lighting info[南 北        ]
2022-12-26T00:41:47 [rent_spider.py:121] DEBUG: room info[
          3室2厅2卫        ]
2022-12-26T00:41:47 [pipelines.py:675] INFO: The rental 整租·林肯公园 3室2厅 南/北 is already in table rental.
2022-12-26T00:41:47 [scraper.py:289] DEBUG: Scraped from <200 https://bj.lianjia.com/zufang/c1111027377957/>
None
2022-12-26T00:41:47 [rent_spider.py:116] DEBUG: area info[
        92.00㎡
        ]
2022-12-26T00:41:47 [rent_spider.py:152] DEBUG: lighting info[南 北        ]
2022-12-26T00:41:47 [rent_spider.py:121] DEBUG: room info[
          2室1厅1卫        ]
2022-12-26T00:41:47 [pipelines.py:675] INFO: The rental 整租·林肯公园 2室1厅 南/北 is already in table rental.
2022-12-26T00:41:47 [scraper.py:289] DEBUG: Scraped from <200 https://bj.lianjia.com/zufang/c1111027377957/>
None
2022-12-26T00:41:47 [rent_spider.py:116] DEBUG: area info[
        92.00㎡
        ]
2022-12-26T00:41:47 [rent_spider.py:152] DEBUG: lighting info[南 北        ]
2022-12-26T00:41:47 [rent_spider.py:121] DEBUG: room info[
          2室1厅1卫        ]
2022-12-26T00:41:47 [pipelines.py:675] INFO: The rental 整租·林肯公园 2室1厅 南/北 is already in table rental.
2022-12-26T00:41:47 [scraper.py:289] DEBUG: Scraped from <200 https://bj.lianjia.com/zufang/c1111027377957/>
None
2022-12-26T00:41:47 [rent_spider.py:116] DEBUG: area info[
        92.00㎡
        ]
2022-12-26T00:41:47 [rent_spider.py:152] DEBUG: lighting info[南 北        ]
2022-12-26T00:41:47 [rent_spider.py:121] DEBUG: room info[
          2室1厅2卫        ]
2022-12-26T00:41:47 [pipelines.py:675] INFO: The rental 整租·林肯公园 2室1厅 南/北 is already in table rental.
2022-12-26T00:41:47 [scraper.py:289] DEBUG: Scraped from <200 https://bj.lianjia.com/zufang/c1111027377957/>
None
2022-12-26T00:41:47 [rent_spider.py:116] DEBUG: area info[
        91.54㎡
        ]
2022-12-26T00:41:47 [rent_spider.py:152] DEBUG: lighting info[南 北        ]
2022-12-26T00:41:47 [rent_spider.py:121] DEBUG: room info[
          2室1厅1卫        ]
2022-12-26T00:41:47 [pipelines.py:675] INFO: The rental 整租·林肯公园 2室1厅 南/北 is already in table rental.
2022-12-26T00:41:47 [scraper.py:289] DEBUG: Scraped from <200 https://bj.lianjia.com/zufang/c1111027377957/>
None
2022-12-26T00:41:47 [rent_spider.py:116] DEBUG: area info[
        218.00㎡
        ]
2022-12-26T00:41:47 [rent_spider.py:152] DEBUG: lighting info[东北        ]
2022-12-26T00:41:47 [rent_spider.py:121] DEBUG: room info[
          4房间2卫        ]
2022-12-26T00:41:47 [scraper.py:289] DEBUG: Scraped from <200 https://bj.lianjia.com/zufang/c1111027377957/>
{'rental_area': '218.00',
 'rental_bathrooms': '2',
 'rental_business_area': '亦庄',
 'rental_city': '北京',
 'rental_community': '林肯公园',
 'rental_community_url': 'https://bj.lianjia.com/zufang/c1111027377957/',
 'rental_lighting': '东北',
 'rental_liverooms': 0,
 'rental_name': '整租·林肯公园 4房间 东北',
 'rental_price': '18500',
 'rental_region': '亦庄开发区',
 'rental_rooms': '4',
 'rental_timestamp': '2022-12-26',
 'rental_url': 'https://bj.lianjia.com/zufang/BJ1659794189816168448.html'}
2022-12-26T00:41:47 [rent_spider.py:116] DEBUG: area info[
        36.00㎡
        ]
2022-12-26T00:41:47 [rent_spider.py:152] DEBUG: lighting info[北        ]
2022-12-26T00:41:47 [rent_spider.py:121] DEBUG: room info[
          3房间1卫        ]
2022-12-26T00:41:47 [scraper.py:289] DEBUG: Scraped from <200 https://bj.lianjia.com/zufang/c1111027377957/>
{'rental_area': '36.00',
 'rental_bathrooms': '1',
 'rental_business_area': '亦庄',
 'rental_city': '北京',
 'rental_community': '林肯公园',
 'rental_community_url': 'https://bj.lianjia.com/zufang/c1111027377957/',
 'rental_lighting': '北',
 'rental_liverooms': 0,
 'rental_name': '整租·林肯公园 3房间 北',
 'rental_price': '6600',
 'rental_region': '亦庄开发区',
 'rental_rooms': '3',
 'rental_timestamp': '2022-12-26',
 'rental_url': 'https://bj.lianjia.com/zufang/BJ1684509307065860096.html'}
2022-12-26T00:41:47 [rent_spider.py:116] DEBUG: area info[
        55.00㎡
        ]
2022-12-26T00:41:47 [rent_spider.py:152] DEBUG: lighting info[西        ]
2022-12-26T00:41:47 [rent_spider.py:121] DEBUG: room info[
          2房间1卫        ]
2022-12-26T00:41:47 [scraper.py:289] DEBUG: Scraped from <200 https://bj.lianjia.com/zufang/c1111027377957/>
{'rental_area': '55.00',
 'rental_bathrooms': '1',
 'rental_business_area': '亦庄',
 'rental_city': '北京',
 'rental_community': '林肯公园',
 'rental_community_url': 'https://bj.lianjia.com/zufang/c1111027377957/',
 'rental_lighting': '西',
 'rental_liverooms': 0,
 'rental_name': '整租·林肯公园 2房间 西',
 'rental_price': '5400',
 'rental_region': '亦庄开发区',
 'rental_rooms': '2',
 'rental_timestamp': '2022-12-26',
 'rental_url': 'https://bj.lianjia.com/zufang/BJ1709850533147181056.html'}
2022-12-26T00:41:47 [rent_spider.py:116] DEBUG: area info[
        36.19㎡
        ]
2022-12-26T00:41:47 [rent_spider.py:152] DEBUG: lighting info[南        ]
2022-12-26T00:41:47 [rent_spider.py:121] DEBUG: room info[
          1房间1卫        ]
2022-12-26T00:41:47 [scraper.py:289] DEBUG: Scraped from <200 https://bj.lianjia.com/zufang/c1111027377957/>
{'rental_area': '36.19',
 'rental_bathrooms': '1',
 'rental_business_area': '亦庄',
 'rental_city': '北京',
 'rental_community': '林肯公园',
 'rental_community_url': 'https://bj.lianjia.com/zufang/c1111027377957/',
 'rental_lighting': '南',
 'rental_liverooms': 0,
 'rental_name': '整租·林肯公园 1房间 南',
 'rental_price': '4400',
 'rental_region': '亦庄开发区',
 'rental_rooms': '1',
 'rental_timestamp': '2022-12-26',
 'rental_url': 'https://bj.lianjia.com/zufang/BJ1703366870091956224.html'}
2022-12-26T00:41:47 [rent_spider.py:116] DEBUG: area info[
        49.05㎡
        ]
2022-12-26T00:41:47 [rent_spider.py:152] DEBUG: lighting info[东        ]
2022-12-26T00:41:47 [rent_spider.py:121] DEBUG: room info[
          1房间1卫        ]
2022-12-26T00:41:47 [scraper.py:289] DEBUG: Scraped from <200 https://bj.lianjia.com/zufang/c1111027377957/>
{'rental_area': '49.05',
 'rental_bathrooms': '1',
 'rental_business_area': '亦庄',
 'rental_city': '北京',
 'rental_community': '林肯公园',
 'rental_community_url': 'https://bj.lianjia.com/zufang/c1111027377957/',
 'rental_lighting': '东',
 'rental_liverooms': 0,
 'rental_name': '整租·林肯公园 1房间 东',
 'rental_price': '5200',
 'rental_region': '亦庄开发区',
 'rental_rooms': '1',
 'rental_timestamp': '2022-12-26',
 'rental_url': 'https://bj.lianjia.com/zufang/BJ1717403988019642368.html'}
2022-12-26T00:41:47 [rent_spider.py:116] DEBUG: area info[
        45.00㎡
        ]
2022-12-26T00:41:47 [rent_spider.py:152] DEBUG: lighting info[南        ]
2022-12-26T00:41:47 [rent_spider.py:121] DEBUG: room info[
          1房间1卫        ]
2022-12-26T00:41:47 [scraper.py:289] DEBUG: Scraped from <200 https://bj.lianjia.com/zufang/c1111027377957/>
{'rental_area': '45.00',
 'rental_bathrooms': '1',
 'rental_business_area': '亦庄',
 'rental_city': '北京',
 'rental_community': '林肯公园',
 'rental_community_url': 'https://bj.lianjia.com/zufang/c1111027377957/',
 'rental_lighting': '南',
 'rental_liverooms': 0,
 'rental_name': '整租·林肯公园 1房间 南',
 'rental_price': '4800',
 'rental_region': '亦庄开发区',
 'rental_rooms': '1',
 'rental_timestamp': '2022-12-26',
 'rental_url': 'https://bj.lianjia.com/zufang/BJ1695290064780656640.html'}
2022-12-26T00:41:47 [rent_spider.py:116] DEBUG: area info[
        35.14㎡
        ]
2022-12-26T00:41:47 [rent_spider.py:152] DEBUG: lighting info[南        ]
2022-12-26T00:41:47 [rent_spider.py:121] DEBUG: room info[
          2房间2卫        ]
2022-12-26T00:41:47 [scraper.py:289] DEBUG: Scraped from <200 https://bj.lianjia.com/zufang/c1111027377957/>
{'rental_area': '35.14',
 'rental_bathrooms': '2',
 'rental_business_area': '亦庄',
 'rental_city': '北京',
 'rental_community': '林肯公园',
 'rental_community_url': 'https://bj.lianjia.com/zufang/c1111027377957/',
 'rental_lighting': '南',
 'rental_liverooms': 0,
 'rental_name': '整租·林肯公园 2房间 复式 南',
 'rental_price': '6300',
 'rental_region': '亦庄开发区',
 'rental_rooms': '2',
 'rental_timestamp': '2022-12-26',
 'rental_url': 'https://bj.lianjia.com/zufang/BJ1680092897262698496.html'}
2022-12-26T00:41:47 [rent_spider.py:116] DEBUG: area info[
        56.00㎡
        ]
2022-12-26T00:41:47 [rent_spider.py:152] DEBUG: lighting info[西        ]
2022-12-26T00:41:47 [rent_spider.py:121] DEBUG: room info[
          2房间1卫        ]
2022-12-26T00:41:47 [scraper.py:289] DEBUG: Scraped from <200 https://bj.lianjia.com/zufang/c1111027377957/>
{'rental_area': '56.00',
 'rental_bathrooms': '1',
 'rental_business_area': '亦庄',
 'rental_city': '北京',
 'rental_community': '林肯公园',
 'rental_community_url': 'https://bj.lianjia.com/zufang/c1111027377957/',
 'rental_lighting': '西',
 'rental_liverooms': 0,
 'rental_name': '整租·林肯公园 2房间 西',
 'rental_price': '5500',
 'rental_region': '亦庄开发区',
 'rental_rooms': '2',
 'rental_timestamp': '2022-12-26',
 'rental_url': 'https://bj.lianjia.com/zufang/BJ1704077409856258048.html'}
2022-12-26T00:41:47 [rent_spider.py:116] DEBUG: area info[
        45.00㎡
        ]
2022-12-26T00:41:47 [rent_spider.py:152] DEBUG: lighting info[东        ]
2022-12-26T00:41:47 [rent_spider.py:121] DEBUG: room info[
          2房间1卫        ]
2022-12-26T00:41:47 [scraper.py:289] DEBUG: Scraped from <200 https://bj.lianjia.com/zufang/c1111027377957/>
{'rental_area': '45.00',
 'rental_bathrooms': '1',
 'rental_business_area': '亦庄',
 'rental_city': '北京',
 'rental_community': '林肯公园',
 'rental_community_url': 'https://bj.lianjia.com/zufang/c1111027377957/',
 'rental_lighting': '东',
 'rental_liverooms': 0,
 'rental_name': '整租·林肯公园 2房间 东',
 'rental_price': '4500',
 'rental_region': '亦庄开发区',
 'rental_rooms': '2',
 'rental_timestamp': '2022-12-26',
 'rental_url': 'https://bj.lianjia.com/zufang/BJ1690346758732775424.html'}
2022-12-26T00:41:47 [rent_spider.py:116] DEBUG: area info[
        36.00㎡
        ]
2022-12-26T00:41:47 [rent_spider.py:152] DEBUG: lighting info[南        ]
2022-12-26T00:41:47 [rent_spider.py:121] DEBUG: room info[
          1房间1卫        ]
2022-12-26T00:41:47 [scraper.py:289] DEBUG: Scraped from <200 https://bj.lianjia.com/zufang/c1111027377957/>
{'rental_area': '36.00',
 'rental_bathrooms': '1',
 'rental_business_area': '亦庄',
 'rental_city': '北京',
 'rental_community': '林肯公园',
 'rental_community_url': 'https://bj.lianjia.com/zufang/c1111027377957/',
 'rental_lighting': '南',
 'rental_liverooms': 0,
 'rental_name': '整租·林肯公园 1房间 南',
 'rental_price': '4600',
 'rental_region': '亦庄开发区',
 'rental_rooms': '1',
 'rental_timestamp': '2022-12-26',
 'rental_url': 'https://bj.lianjia.com/zufang/BJ1710943113528213504.html'}
2022-12-26T00:41:47 [rent_spider.py:116] DEBUG: area info[
        220.00㎡
        ]
2022-12-26T00:41:47 [rent_spider.py:152] DEBUG: lighting info[西南        ]
2022-12-26T00:41:47 [rent_spider.py:121] DEBUG: room info[
          6房间3卫        ]
2022-12-26T00:41:47 [scraper.py:289] DEBUG: Scraped from <200 https://bj.lianjia.com/zufang/c1111027377957/>
{'rental_area': '220.00',
 'rental_bathrooms': '3',
 'rental_business_area': '亦庄',
 'rental_city': '北京',
 'rental_community': '林肯公园',
 'rental_community_url': 'https://bj.lianjia.com/zufang/c1111027377957/',
 'rental_lighting': '西南',
 'rental_liverooms': 0,
 'rental_name': '整租·林肯公园 6房间 西南',
 'rental_price': '21000',
 'rental_region': '亦庄开发区',
 'rental_rooms': '6',
 'rental_timestamp': '2022-12-26',
 'rental_url': 'https://bj.lianjia.com/zufang/BJ1587052091971469312.html'}
2022-12-26T00:41:47 [rent_spider.py:116] DEBUG: area info[
        87.00㎡
        ]
2022-12-26T00:41:47 [rent_spider.py:152] DEBUG: lighting info[南        ]
2022-12-26T00:41:47 [rent_spider.py:121] DEBUG: room info[
          6房间3卫        ]
2022-12-26T00:41:47 [scraper.py:289] DEBUG: Scraped from <200 https://bj.lianjia.com/zufang/c1111027377957/>
{'rental_area': '87.00',
 'rental_bathrooms': '3',
 'rental_business_area': '亦庄',
 'rental_city': '北京',
 'rental_community': '林肯公园',
 'rental_community_url': 'https://bj.lianjia.com/zufang/c1111027377957/',
 'rental_lighting': '南',
 'rental_liverooms': 0,
 'rental_name': '整租·林肯公园 6房间 南',
 'rental_price': '12000',
 'rental_region': '亦庄开发区',
 'rental_rooms': '6',
 'rental_timestamp': '2022-12-26',
 'rental_url': 'https://bj.lianjia.com/zufang/BJ1681283858781175808.html'}
2022-12-26T00:41:47 [rent_spider.py:116] DEBUG: area info[
        220.00㎡
        ]
2022-12-26T00:41:47 [rent_spider.py:152] DEBUG: lighting info[西南        ]
2022-12-26T00:41:47 [rent_spider.py:121] DEBUG: room info[
          5房间3卫        ]
2022-12-26T00:41:47 [scraper.py:289] DEBUG: Scraped from <200 https://bj.lianjia.com/zufang/c1111027377957/>
{'rental_area': '220.00',
 'rental_bathrooms': '3',
 'rental_business_area': '亦庄',
 'rental_city': '北京',
 'rental_community': '林肯公园',
 'rental_community_url': 'https://bj.lianjia.com/zufang/c1111027377957/',
 'rental_lighting': '西南',
 'rental_liverooms': 0,
 'rental_name': '整租·林肯公园 5房间 西南',
 'rental_price': '18000',
 'rental_region': '亦庄开发区',
 'rental_rooms': '5',
 'rental_timestamp': '2022-12-26',
 'rental_url': 'https://bj.lianjia.com/zufang/BJ1652985573452808192.html'}
2022-12-26T00:41:47 [rent_spider.py:116] DEBUG: area info[
        69.00㎡
        ]
2022-12-26T00:41:47 [rent_spider.py:152] DEBUG: lighting info[西南        ]
2022-12-26T00:41:47 [rent_spider.py:121] DEBUG: room info[
          3房间1卫        ]
2022-12-26T00:41:47 [scraper.py:289] DEBUG: Scraped from <200 https://bj.lianjia.com/zufang/c1111027377957/>
{'rental_area': '69.00',
 'rental_bathrooms': '1',
 'rental_business_area': '亦庄',
 'rental_city': '北京',
 'rental_community': '林肯公园',
 'rental_community_url': 'https://bj.lianjia.com/zufang/c1111027377957/',
 'rental_lighting': '西南',
 'rental_liverooms': 0,
 'rental_name': '整租·林肯公园 3房间 西南',
 'rental_price': '7000',
 'rental_region': '亦庄开发区',
 'rental_rooms': '3',
 'rental_timestamp': '2022-12-26',
 'rental_url': 'https://bj.lianjia.com/zufang/BJ1689295105824915456.html'}
2022-12-26T00:41:47 [rent_spider.py:116] DEBUG: area info[
        252.00㎡
        ]
2022-12-26T00:41:47 [rent_spider.py:152] DEBUG: lighting info[西 北        ]
2022-12-26T00:41:47 [rent_spider.py:121] DEBUG: room info[
          5房间3卫        ]
2022-12-26T00:41:47 [scraper.py:289] DEBUG: Scraped from <200 https://bj.lianjia.com/zufang/c1111027377957/>
{'rental_area': '252.00',
 'rental_bathrooms': '3',
 'rental_business_area': '亦庄',
 'rental_city': '北京',
 'rental_community': '林肯公园',
 'rental_community_url': 'https://bj.lianjia.com/zufang/c1111027377957/',
 'rental_lighting': '西 北',
 'rental_liverooms': 0,
 'rental_name': '整租·林肯公园 5房间 西/北',
 'rental_price': '20000',
 'rental_region': '亦庄开发区',
 'rental_rooms': '5',
 'rental_timestamp': '2022-12-26',
 'rental_url': 'https://bj.lianjia.com/zufang/BJ1668945984241008640.html'}
2022-12-26T00:41:47 [rent_spider.py:116] DEBUG: area info[
        57.00㎡
        ]
2022-12-26T00:41:47 [rent_spider.py:152] DEBUG: lighting info[西        ]
2022-12-26T00:41:47 [rent_spider.py:121] DEBUG: room info[
          4房间2卫        ]
2022-12-26T00:41:47 [scraper.py:289] DEBUG: Scraped from <200 https://bj.lianjia.com/zufang/c1111027377957/>
{'rental_area': '57.00',
 'rental_bathrooms': '2',
 'rental_business_area': '亦庄',
 'rental_city': '北京',
 'rental_community': '林肯公园',
 'rental_community_url': 'https://bj.lianjia.com/zufang/c1111027377957/',
 'rental_lighting': '西',
 'rental_liverooms': 0,
 'rental_name': '整租·林肯公园 4房间 复式 西',
 'rental_price': '8500',
 'rental_region': '亦庄开发区',
 'rental_rooms': '4',
 'rental_timestamp': '2022-12-26',
 'rental_url': 'https://bj.lianjia.com/zufang/BJ1670689731882516480.html'}
2022-12-26T00:41:47 [rent_spider.py:116] DEBUG: area info[
        95.00㎡
        ]
2022-12-26T00:41:47 [rent_spider.py:152] DEBUG: lighting info[南 北        ]
2022-12-26T00:41:47 [rent_spider.py:121] DEBUG: room info[
          2室1厅1卫        ]
2022-12-26T00:41:47 [pipelines.py:675] INFO: The rental 整租·林肯公园 2室1厅 南/北 is already in table rental.
2022-12-26T00:41:47 [scraper.py:289] DEBUG: Scraped from <200 https://bj.lianjia.com/zufang/c1111027377957/>
None
2022-12-26T00:41:47 [rent_spider.py:116] DEBUG: area info[
        36.17㎡
        ]
2022-12-26T00:41:47 [rent_spider.py:152] DEBUG: lighting info[西南        ]
2022-12-26T00:41:47 [rent_spider.py:121] DEBUG: room info[
          1房间1卫        ]
2022-12-26T00:41:47 [scraper.py:289] DEBUG: Scraped from <200 https://bj.lianjia.com/zufang/c1111027377957/>
{'rental_area': '36.17',
 'rental_bathrooms': '1',
 'rental_business_area': '亦庄',
 'rental_city': '北京',
 'rental_community': '林肯公园',
 'rental_community_url': 'https://bj.lianjia.com/zufang/c1111027377957/',
 'rental_lighting': '西南',
 'rental_liverooms': 0,
 'rental_name': '整租·林肯公园 1房间 西南',
 'rental_price': '4600',
 'rental_region': '亦庄开发区',
 'rental_rooms': '1',
 'rental_timestamp': '2022-12-26',
 'rental_url': 'https://bj.lianjia.com/zufang/BJ1713189496150818816.html'}
2022-12-26T00:41:47 [rent_spider.py:116] DEBUG: area info[
        55.00㎡
        ]
2022-12-26T00:41:47 [rent_spider.py:152] DEBUG: lighting info[北        ]
2022-12-26T00:41:47 [rent_spider.py:121] DEBUG: room info[
          2房间1卫        ]
2022-12-26T00:41:47 [scraper.py:289] DEBUG: Scraped from <200 https://bj.lianjia.com/zufang/c1111027377957/>
{'rental_area': '55.00',
 'rental_bathrooms': '1',
 'rental_business_area': '亦庄',
 'rental_city': '北京',
 'rental_community': '林肯公园',
 'rental_community_url': 'https://bj.lianjia.com/zufang/c1111027377957/',
 'rental_lighting': '北',
 'rental_liverooms': 0,
 'rental_name': '整租·林肯公园 2房间 北',
 'rental_price': '5500',
 'rental_region': '亦庄开发区',
 'rental_rooms': '2',
 'rental_timestamp': '2022-12-26',
 'rental_url': 'https://bj.lianjia.com/zufang/BJ1712022371449176064.html'}
2022-12-26T00:41:47 [rent_spider.py:116] DEBUG: area info[
        45.00㎡
        ]
2022-12-26T00:41:47 [rent_spider.py:152] DEBUG: lighting info[西        ]
2022-12-26T00:41:47 [rent_spider.py:121] DEBUG: room info[
          1房间1卫        ]
2022-12-26T00:41:47 [scraper.py:289] DEBUG: Scraped from <200 https://bj.lianjia.com/zufang/c1111027377957/>
{'rental_area': '45.00',
 'rental_bathrooms': '1',
 'rental_business_area': '亦庄',
 'rental_city': '北京',
 'rental_community': '林肯公园',
 'rental_community_url': 'https://bj.lianjia.com/zufang/c1111027377957/',
 'rental_lighting': '西',
 'rental_liverooms': 0,
 'rental_name': '整租·林肯公园 1房间 西',
 'rental_price': '4600',
 'rental_region': '亦庄开发区',
 'rental_rooms': '1',
 'rental_timestamp': '2022-12-26',
 'rental_url': 'https://bj.lianjia.com/zufang/BJ1712090833898962944.html'}
2022-12-26T00:41:47 [rent_spider.py:116] DEBUG: area info[
        70.41㎡
        ]
2022-12-26T00:41:47 [rent_spider.py:152] DEBUG: lighting info[东南        ]
2022-12-26T00:41:47 [rent_spider.py:121] DEBUG: room info[
          3房间1卫        ]
2022-12-26T00:41:47 [scraper.py:289] DEBUG: Scraped from <200 https://bj.lianjia.com/zufang/c1111027377957/>
{'rental_area': '70.41',
 'rental_bathrooms': '1',
 'rental_business_area': '亦庄',
 'rental_city': '北京',
 'rental_community': '林肯公园',
 'rental_community_url': 'https://bj.lianjia.com/zufang/c1111027377957/',
 'rental_lighting': '东南',
 'rental_liverooms': 0,
 'rental_name': '整租·林肯公园 3房间 东南',
 'rental_price': '7000',
 'rental_region': '亦庄开发区',
 'rental_rooms': '3',
 'rental_timestamp': '2022-12-26',
 'rental_url': 'https://bj.lianjia.com/zufang/BJ1712722107651063808.html'}
2022-12-26T00:41:47 [rent_spider.py:116] DEBUG: area info[
        93.00㎡
        ]
2022-12-26T00:41:47 [rent_spider.py:152] DEBUG: lighting info[南 北        ]
2022-12-26T00:41:47 [rent_spider.py:121] DEBUG: room info[
          2室1厅1卫        ]
2022-12-26T00:41:47 [pipelines.py:675] INFO: The rental 整租·林肯公园 2室1厅 南/北 is already in table rental.
2022-12-26T00:41:47 [scraper.py:289] DEBUG: Scraped from <200 https://bj.lianjia.com/zufang/c1111027377957/>
None
2022-12-26T00:41:47 [rent_spider.py:116] DEBUG: area info[
        92.00㎡
        ]
2022-12-26T00:41:47 [rent_spider.py:152] DEBUG: lighting info[南        ]
2022-12-26T00:41:47 [rent_spider.py:121] DEBUG: room info[
          2室1厅1卫        ]
2022-12-26T00:41:47 [pipelines.py:675] INFO: The rental 整租·林肯公园 2室1厅 南 is already in table rental.
2022-12-26T00:41:47 [scraper.py:289] DEBUG: Scraped from <200 https://bj.lianjia.com/zufang/c1111027377957/>
None
2022-12-26T00:41:47 [rent_spider.py:116] DEBUG: area info[
        92.00㎡
        ]
2022-12-26T00:41:47 [rent_spider.py:152] DEBUG: lighting info[南        ]
2022-12-26T00:41:47 [rent_spider.py:121] DEBUG: room info[
          2室1厅1卫        ]
2022-12-26T00:41:47 [pipelines.py:675] INFO: The rental 整租·林肯公园 2室1厅 南 is already in table rental.
2022-12-26T00:41:47 [scraper.py:289] DEBUG: Scraped from <200 https://bj.lianjia.com/zufang/c1111027377957/>
None
2022-12-26T00:41:47 [rent_spider.py:116] DEBUG: area info[
        36.00㎡
        ]
2022-12-26T00:41:47 [rent_spider.py:152] DEBUG: lighting info[北        ]
2022-12-26T00:41:47 [rent_spider.py:121] DEBUG: room info[
          1房间1卫        ]
2022-12-26T00:41:47 [scraper.py:289] DEBUG: Scraped from <200 https://bj.lianjia.com/zufang/c1111027377957/>
{'rental_area': '36.00',
 'rental_bathrooms': '1',
 'rental_business_area': '亦庄',
 'rental_city': '北京',
 'rental_community': '林肯公园',
 'rental_community_url': 'https://bj.lianjia.com/zufang/c1111027377957/',
 'rental_lighting': '北',
 'rental_liverooms': 0,
 'rental_name': '整租·林肯公园 1房间 北',
 'rental_price': '4500',
 'rental_region': '亦庄开发区',
 'rental_rooms': '1',
 'rental_timestamp': '2022-12-26',
 'rental_url': 'https://bj.lianjia.com/zufang/BJ1693855386051805184.html'}
2022-12-26T00:41:47 [rent_spider.py:217] INFO: Crawl next page's rentals: [https://bj.lianjia.com/zufang/pg2c1111027377957/]
2022-12-26T00:41:53 [engine.py:295] DEBUG: Crawled (200) <GET https://bj.lianjia.com/zufang/c1111027379889/> (referer: None)
2022-12-26T00:41:53 [rent_spider.py:70] DEBUG: Number of houses available on rent[35]
2022-12-26T00:41:53 [rent_spider.py:116] DEBUG: area info[
        89.00㎡
        ]
2022-12-26T00:41:53 [rent_spider.py:152] DEBUG: lighting info[西        ]
2022-12-26T00:41:53 [rent_spider.py:121] DEBUG: room info[
          3室1厅1卫        ]
2022-12-26T00:41:53 [pipelines.py:675] INFO: The rental 整租·天居园 3室1厅 西 is already in table rental.
2022-12-26T00:41:53 [scraper.py:289] DEBUG: Scraped from <200 https://bj.lianjia.com/zufang/c1111027379889/>
None
2022-12-26T00:41:53 [rent_spider.py:116] DEBUG: area info[
        132.83㎡
        ]
2022-12-26T00:41:53 [rent_spider.py:152] DEBUG: lighting info[东        ]
2022-12-26T00:41:53 [rent_spider.py:121] DEBUG: room info[
          2室2厅2卫        ]
2022-12-26T00:41:53 [pipelines.py:675] INFO: The rental 整租·天居园 2室2厅 东 is already in table rental.
2022-12-26T00:41:53 [scraper.py:289] DEBUG: Scraped from <200 https://bj.lianjia.com/zufang/c1111027379889/>
None
2022-12-26T00:41:53 [rent_spider.py:116] DEBUG: area info[
        59.00㎡
        ]
2022-12-26T00:41:53 [rent_spider.py:152] DEBUG: lighting info[西        ]
2022-12-26T00:41:53 [rent_spider.py:121] DEBUG: room info[
          1室0厅1卫        ]
2022-12-26T00:41:53 [pipelines.py:675] INFO: The rental 整租·天居园 1室0厅 西 is already in table rental.
2022-12-26T00:41:53 [scraper.py:289] DEBUG: Scraped from <200 https://bj.lianjia.com/zufang/c1111027379889/>
None
2022-12-26T00:41:53 [rent_spider.py:116] DEBUG: area info[
        50.18㎡
        ]
2022-12-26T00:41:53 [rent_spider.py:152] DEBUG: lighting info[西 北        ]
2022-12-26T00:41:53 [rent_spider.py:121] DEBUG: room info[
          1室0厅1卫        ]
2022-12-26T00:41:53 [pipelines.py:675] INFO: The rental 整租·天居园 1室0厅 西/北 is already in table rental.
2022-12-26T00:41:53 [scraper.py:289] DEBUG: Scraped from <200 https://bj.lianjia.com/zufang/c1111027379889/>
None
2022-12-26T00:41:53 [rent_spider.py:116] DEBUG: area info[
        69.00㎡
        ]
2022-12-26T00:41:53 [rent_spider.py:152] DEBUG: lighting info[北        ]
2022-12-26T00:41:53 [rent_spider.py:121] DEBUG: room info[
          1室1厅1卫        ]
2022-12-26T00:41:53 [pipelines.py:675] INFO: The rental 整租·天居园 1室1厅 北 is already in table rental.
2022-12-26T00:41:53 [scraper.py:289] DEBUG: Scraped from <200 https://bj.lianjia.com/zufang/c1111027379889/>
None
2022-12-26T00:41:53 [rent_spider.py:116] DEBUG: area info[
        74.50㎡
        ]
2022-12-26T00:41:53 [rent_spider.py:152] DEBUG: lighting info[西        ]
2022-12-26T00:41:53 [rent_spider.py:121] DEBUG: room info[
          1室1厅1卫        ]
2022-12-26T00:41:53 [pipelines.py:675] INFO: The rental 整租·天居园 1室1厅 西 is already in table rental.
2022-12-26T00:41:53 [scraper.py:289] DEBUG: Scraped from <200 https://bj.lianjia.com/zufang/c1111027379889/>
None
2022-12-26T00:41:53 [rent_spider.py:116] DEBUG: area info[
        108.00㎡
        ]
2022-12-26T00:41:53 [rent_spider.py:152] DEBUG: lighting info[西北        ]
2022-12-26T00:41:53 [rent_spider.py:121] DEBUG: room info[
          2室2厅2卫        ]
2022-12-26T00:41:53 [pipelines.py:675] INFO: The rental 整租·天居园 2室2厅 西北 is already in table rental.
2022-12-26T00:41:53 [scraper.py:289] DEBUG: Scraped from <200 https://bj.lianjia.com/zufang/c1111027379889/>
None
2022-12-26T00:41:53 [rent_spider.py:116] DEBUG: area info[
        109.00㎡
        ]
2022-12-26T00:41:53 [rent_spider.py:152] DEBUG: lighting info[南        ]
2022-12-26T00:41:53 [rent_spider.py:121] DEBUG: room info[
          2室1厅2卫        ]
2022-12-26T00:41:53 [pipelines.py:675] INFO: The rental 整租·天居园 2室1厅 南 is already in table rental.
2022-12-26T00:41:53 [scraper.py:289] DEBUG: Scraped from <200 https://bj.lianjia.com/zufang/c1111027379889/>
None
2022-12-26T00:41:53 [rent_spider.py:116] DEBUG: area info[
        105.00㎡
        ]
2022-12-26T00:41:53 [rent_spider.py:152] DEBUG: lighting info[东 南        ]
2022-12-26T00:41:53 [rent_spider.py:121] DEBUG: room info[
          2室2厅1卫        ]
2022-12-26T00:41:53 [pipelines.py:675] INFO: The rental 整租·天居园 2室2厅 东/南 is already in table rental.
2022-12-26T00:41:53 [scraper.py:289] DEBUG: Scraped from <200 https://bj.lianjia.com/zufang/c1111027379889/>
None
2022-12-26T00:41:53 [rent_spider.py:116] DEBUG: area info[
        44.00㎡
        ]
2022-12-26T00:41:53 [rent_spider.py:152] DEBUG: lighting info[东        ]
2022-12-26T00:41:53 [rent_spider.py:121] DEBUG: room info[
          1室1厅1卫        ]
2022-12-26T00:41:53 [pipelines.py:675] INFO: The rental 整租·天居园 1室1厅 东 is already in table rental.
2022-12-26T00:41:53 [scraper.py:289] DEBUG: Scraped from <200 https://bj.lianjia.com/zufang/c1111027379889/>
None
2022-12-26T00:41:53 [rent_spider.py:116] DEBUG: area info[
        74.00㎡
        ]
2022-12-26T00:41:53 [rent_spider.py:152] DEBUG: lighting info[南        ]
2022-12-26T00:41:53 [rent_spider.py:121] DEBUG: room info[
          1室1厅1卫        ]
2022-12-26T00:41:53 [pipelines.py:675] INFO: The rental 整租·天居园 1室1厅 南 is already in table rental.
2022-12-26T00:41:53 [scraper.py:289] DEBUG: Scraped from <200 https://bj.lianjia.com/zufang/c1111027379889/>
None
2022-12-26T00:41:53 [rent_spider.py:116] DEBUG: area info[
        51.00㎡
        ]
2022-12-26T00:41:53 [rent_spider.py:152] DEBUG: lighting info[西北        ]
2022-12-26T00:41:53 [rent_spider.py:121] DEBUG: room info[
          1室1厅1卫        ]
2022-12-26T00:41:53 [pipelines.py:675] INFO: The rental 整租·天居园 1室1厅 西北 is already in table rental.
2022-12-26T00:41:53 [scraper.py:289] DEBUG: Scraped from <200 https://bj.lianjia.com/zufang/c1111027379889/>
None
2022-12-26T00:41:53 [rent_spider.py:116] DEBUG: area info[
        55.34㎡
        ]
2022-12-26T00:41:53 [rent_spider.py:152] DEBUG: lighting info[东 北        ]
2022-12-26T00:41:53 [rent_spider.py:121] DEBUG: room info[
          1室0厅1卫        ]
2022-12-26T00:41:53 [pipelines.py:675] INFO: The rental 整租·天居园 1室0厅 东/北 is already in table rental.
2022-12-26T00:41:53 [scraper.py:289] DEBUG: Scraped from <200 https://bj.lianjia.com/zufang/c1111027379889/>
None
2022-12-26T00:41:53 [rent_spider.py:116] DEBUG: area info[
        75.50㎡
        ]
2022-12-26T00:41:53 [rent_spider.py:152] DEBUG: lighting info[东        ]
2022-12-26T00:41:53 [rent_spider.py:121] DEBUG: room info[
          2室1厅1卫        ]
2022-12-26T00:41:53 [pipelines.py:675] INFO: The rental 整租·天居园 2室1厅 东 is already in table rental.
2022-12-26T00:41:53 [scraper.py:289] DEBUG: Scraped from <200 https://bj.lianjia.com/zufang/c1111027379889/>
None
2022-12-26T00:41:53 [rent_spider.py:116] DEBUG: area info[
        88.41㎡
        ]
2022-12-26T00:41:53 [rent_spider.py:152] DEBUG: lighting info[西        ]
2022-12-26T00:41:53 [rent_spider.py:121] DEBUG: room info[
          2室1厅1卫        ]
2022-12-26T00:41:53 [pipelines.py:675] INFO: The rental 整租·天居园 2室1厅 西 is already in table rental.
2022-12-26T00:41:53 [scraper.py:289] DEBUG: Scraped from <200 https://bj.lianjia.com/zufang/c1111027379889/>
None
2022-12-26T00:41:53 [rent_spider.py:116] DEBUG: area info[
        58.93㎡
        ]
2022-12-26T00:41:53 [rent_spider.py:152] DEBUG: lighting info[西        ]
2022-12-26T00:41:53 [rent_spider.py:121] DEBUG: room info[
          1室1厅1卫        ]
2022-12-26T00:41:53 [pipelines.py:675] INFO: The rental 整租·天居园 1室1厅 西 is already in table rental.
2022-12-26T00:41:53 [scraper.py:289] DEBUG: Scraped from <200 https://bj.lianjia.com/zufang/c1111027379889/>
None
2022-12-26T00:41:53 [rent_spider.py:116] DEBUG: area info[
        44.00㎡
        ]
2022-12-26T00:41:53 [rent_spider.py:152] DEBUG: lighting info[西        ]
2022-12-26T00:41:53 [rent_spider.py:121] DEBUG: room info[
          1室0厅1卫        ]
2022-12-26T00:41:53 [pipelines.py:675] INFO: The rental 整租·天居园 1室0厅 西 is already in table rental.
2022-12-26T00:41:53 [scraper.py:289] DEBUG: Scraped from <200 https://bj.lianjia.com/zufang/c1111027379889/>
None
2022-12-26T00:41:53 [rent_spider.py:116] DEBUG: area info[
        59.00㎡
        ]
2022-12-26T00:41:53 [rent_spider.py:152] DEBUG: lighting info[西        ]
2022-12-26T00:41:53 [rent_spider.py:121] DEBUG: room info[
          1室1厅1卫        ]
2022-12-26T00:41:53 [pipelines.py:675] INFO: The rental 整租·天居园 1室1厅 西 is already in table rental.
2022-12-26T00:41:53 [scraper.py:289] DEBUG: Scraped from <200 https://bj.lianjia.com/zufang/c1111027379889/>
None
2022-12-26T00:41:53 [rent_spider.py:116] DEBUG: area info[
        74.52㎡
        ]
2022-12-26T00:41:53 [rent_spider.py:152] DEBUG: lighting info[东        ]
2022-12-26T00:41:53 [rent_spider.py:121] DEBUG: room info[
          1室1厅1卫        ]
2022-12-26T00:41:53 [pipelines.py:675] INFO: The rental 整租·天居园 1室1厅 东 is already in table rental.
2022-12-26T00:41:53 [scraper.py:289] DEBUG: Scraped from <200 https://bj.lianjia.com/zufang/c1111027379889/>
None
2022-12-26T00:41:53 [rent_spider.py:116] DEBUG: area info[
        55.00㎡
        ]
2022-12-26T00:41:53 [rent_spider.py:152] DEBUG: lighting info[东北        ]
2022-12-26T00:41:53 [rent_spider.py:121] DEBUG: room info[
          1室0厅1卫        ]
2022-12-26T00:41:53 [pipelines.py:675] INFO: The rental 整租·天居园 1室0厅 东北 is already in table rental.
2022-12-26T00:41:53 [scraper.py:289] DEBUG: Scraped from <200 https://bj.lianjia.com/zufang/c1111027379889/>
None
2022-12-26T00:41:53 [rent_spider.py:116] DEBUG: area info[
        85.00㎡
        ]
2022-12-26T00:41:53 [rent_spider.py:152] DEBUG: lighting info[东北        ]
2022-12-26T00:41:53 [rent_spider.py:121] DEBUG: room info[
          2室1厅1卫        ]
2022-12-26T00:41:53 [pipelines.py:675] INFO: The rental 整租·天居园 2室1厅 东北 is already in table rental.
2022-12-26T00:41:53 [scraper.py:289] DEBUG: Scraped from <200 https://bj.lianjia.com/zufang/c1111027379889/>
None
2022-12-26T00:41:53 [rent_spider.py:116] DEBUG: area info[
        59.00㎡
        ]
2022-12-26T00:41:53 [rent_spider.py:152] DEBUG: lighting info[西        ]
2022-12-26T00:41:53 [rent_spider.py:121] DEBUG: room info[
          1室0厅1卫        ]
2022-12-26T00:41:53 [pipelines.py:675] INFO: The rental 整租·天居园 1室0厅 西 is already in table rental.
2022-12-26T00:41:53 [scraper.py:289] DEBUG: Scraped from <200 https://bj.lianjia.com/zufang/c1111027379889/>
None
2022-12-26T00:41:53 [rent_spider.py:116] DEBUG: area info[
        55.10㎡
        ]
2022-12-26T00:41:53 [rent_spider.py:152] DEBUG: lighting info[西 北        ]
2022-12-26T00:41:53 [rent_spider.py:121] DEBUG: room info[
          1室0厅1卫        ]
2022-12-26T00:41:53 [pipelines.py:675] INFO: The rental 整租·天居园 1室0厅 西/北 is already in table rental.
2022-12-26T00:41:53 [scraper.py:289] DEBUG: Scraped from <200 https://bj.lianjia.com/zufang/c1111027379889/>
None
2022-12-26T00:41:53 [rent_spider.py:116] DEBUG: area info[
        133.00㎡
        ]
2022-12-26T00:41:53 [rent_spider.py:152] DEBUG: lighting info[东        ]
2022-12-26T00:41:53 [rent_spider.py:121] DEBUG: room info[
          2室1厅1卫        ]
2022-12-26T00:41:53 [pipelines.py:675] INFO: The rental 整租·天居园 2室1厅 东 is already in table rental.
2022-12-26T00:41:53 [scraper.py:289] DEBUG: Scraped from <200 https://bj.lianjia.com/zufang/c1111027379889/>
None
2022-12-26T00:41:53 [rent_spider.py:116] DEBUG: area info[
        106.00㎡
        ]
2022-12-26T00:41:53 [rent_spider.py:152] DEBUG: lighting info[南 北        ]
2022-12-26T00:41:53 [rent_spider.py:121] DEBUG: room info[
          3室1厅2卫        ]
2022-12-26T00:41:53 [pipelines.py:675] INFO: The rental 整租·天居园 3室1厅 南/北 is already in table rental.
2022-12-26T00:41:53 [scraper.py:289] DEBUG: Scraped from <200 https://bj.lianjia.com/zufang/c1111027379889/>
None
2022-12-26T00:41:53 [rent_spider.py:116] DEBUG: area info[
        59.00㎡
        ]
2022-12-26T00:41:53 [rent_spider.py:152] DEBUG: lighting info[西        ]
2022-12-26T00:41:53 [rent_spider.py:121] DEBUG: room info[
          1室0厅1卫        ]
2022-12-26T00:41:53 [pipelines.py:675] INFO: The rental 整租·天居园 1室0厅 西 is already in table rental.
2022-12-26T00:41:53 [scraper.py:289] DEBUG: Scraped from <200 https://bj.lianjia.com/zufang/c1111027379889/>
None
2022-12-26T00:41:53 [rent_spider.py:116] DEBUG: area info[
        110.00㎡
        ]
2022-12-26T00:41:53 [rent_spider.py:152] DEBUG: lighting info[东北        ]
2022-12-26T00:41:53 [rent_spider.py:121] DEBUG: room info[
          2室1厅2卫        ]
2022-12-26T00:41:53 [pipelines.py:675] INFO: The rental 整租·天居园 2室1厅 东北 is already in table rental.
2022-12-26T00:41:53 [scraper.py:289] DEBUG: Scraped from <200 https://bj.lianjia.com/zufang/c1111027379889/>
None
2022-12-26T00:41:53 [rent_spider.py:116] DEBUG: area info[
        138.00㎡
        ]
2022-12-26T00:41:53 [rent_spider.py:152] DEBUG: lighting info[南        ]
2022-12-26T00:41:53 [rent_spider.py:121] DEBUG: room info[
          2室1厅1卫        ]
2022-12-26T00:41:53 [pipelines.py:675] INFO: The rental 整租·天居园 2室1厅 南 is already in table rental.
2022-12-26T00:41:53 [scraper.py:289] DEBUG: Scraped from <200 https://bj.lianjia.com/zufang/c1111027379889/>
None
2022-12-26T00:41:53 [rent_spider.py:116] DEBUG: area info[
        138.00㎡
        ]
2022-12-26T00:41:53 [rent_spider.py:152] DEBUG: lighting info[南        ]
2022-12-26T00:41:53 [rent_spider.py:121] DEBUG: room info[
          3室2厅1卫        ]
2022-12-26T00:41:53 [pipelines.py:675] INFO: The rental 整租·天居园 3室2厅 南 is already in table rental.
2022-12-26T00:41:53 [scraper.py:289] DEBUG: Scraped from <200 https://bj.lianjia.com/zufang/c1111027379889/>
None
2022-12-26T00:41:53 [rent_spider.py:116] DEBUG: area info[
        108.00㎡
        ]
2022-12-26T00:41:53 [rent_spider.py:152] DEBUG: lighting info[西北        ]
2022-12-26T00:41:53 [rent_spider.py:121] DEBUG: room info[
          2室1厅2卫        ]
2022-12-26T00:41:53 [pipelines.py:675] INFO: The rental 整租·天居园 2室1厅 西北 is already in table rental.
2022-12-26T00:41:53 [scraper.py:289] DEBUG: Scraped from <200 https://bj.lianjia.com/zufang/c1111027379889/>
None
2022-12-26T00:41:53 [rent_spider.py:217] INFO: Crawl next page's rentals: [https://bj.lianjia.com/zufang/pg2c1111027379889/]
2022-12-26T00:41:58 [engine.py:295] DEBUG: Crawled (200) <GET https://bj.lianjia.com/zufang/c1111027378909/> (referer: None)
2022-12-26T00:41:58 [rent_spider.py:70] DEBUG: Number of houses available on rent[36]
2022-12-26T00:41:58 [rent_spider.py:152] DEBUG: lighting info[西三旗]
2022-12-26T00:41:58 [rent_spider.py:116] DEBUG: area info[
        88.51㎡
        ]
2022-12-26T00:41:58 [rent_spider.py:152] DEBUG: lighting info[南        ]
2022-12-26T00:41:58 [rent_spider.py:121] DEBUG: room info[
          2室1厅1卫        ]
2022-12-26T00:41:58 [pipelines.py:675] INFO: The rental 整租·旗胜家园 2室1厅 南 is already in table rental.
2022-12-26T00:41:58 [scraper.py:289] DEBUG: Scraped from <200 https://bj.lianjia.com/zufang/c1111027378909/>
None
2022-12-26T00:41:58 [rent_spider.py:152] DEBUG: lighting info[西三旗]
2022-12-26T00:41:58 [rent_spider.py:116] DEBUG: area info[
        89.51㎡
        ]
2022-12-26T00:41:58 [rent_spider.py:152] DEBUG: lighting info[南        ]
2022-12-26T00:41:58 [rent_spider.py:121] DEBUG: room info[
          2室1厅1卫        ]
2022-12-26T00:41:58 [pipelines.py:675] INFO: The rental 整租·旗胜家园 2室1厅 南 is already in table rental.
2022-12-26T00:41:58 [scraper.py:289] DEBUG: Scraped from <200 https://bj.lianjia.com/zufang/c1111027378909/>
None
2022-12-26T00:41:58 [rent_spider.py:152] DEBUG: lighting info[西三旗]
2022-12-26T00:41:58 [rent_spider.py:116] DEBUG: area info[
        89.02㎡
        ]
2022-12-26T00:41:58 [rent_spider.py:152] DEBUG: lighting info[南 北        ]
2022-12-26T00:41:58 [rent_spider.py:121] DEBUG: room info[
          2室1厅1卫        ]
2022-12-26T00:41:58 [pipelines.py:675] INFO: The rental 整租·旗胜家园 2室1厅 南/北 is already in table rental.
2022-12-26T00:41:58 [scraper.py:289] DEBUG: Scraped from <200 https://bj.lianjia.com/zufang/c1111027378909/>
None
2022-12-26T00:41:58 [rent_spider.py:152] DEBUG: lighting info[西三旗]
2022-12-26T00:41:58 [rent_spider.py:116] DEBUG: area info[
        89.81㎡
        ]
2022-12-26T00:41:58 [rent_spider.py:152] DEBUG: lighting info[南 北        ]
2022-12-26T00:41:58 [rent_spider.py:121] DEBUG: room info[
          2室1厅1卫        ]
2022-12-26T00:41:58 [pipelines.py:675] INFO: The rental 整租·旗胜家园 2室1厅 南/北 is already in table rental.
2022-12-26T00:41:58 [scraper.py:289] DEBUG: Scraped from <200 https://bj.lianjia.com/zufang/c1111027378909/>
None
2022-12-26T00:41:58 [rent_spider.py:152] DEBUG: lighting info[西三旗]
2022-12-26T00:41:58 [rent_spider.py:116] DEBUG: area info[
        89.00㎡
        ]
2022-12-26T00:41:58 [rent_spider.py:152] DEBUG: lighting info[南        ]
2022-12-26T00:41:58 [rent_spider.py:121] DEBUG: room info[
          2室1厅1卫        ]
2022-12-26T00:41:58 [pipelines.py:675] INFO: The rental 整租·旗胜家园 2室1厅 南 is already in table rental.
2022-12-26T00:41:58 [scraper.py:289] DEBUG: Scraped from <200 https://bj.lianjia.com/zufang/c1111027378909/>
None
2022-12-26T00:41:58 [rent_spider.py:152] DEBUG: lighting info[西三旗]
2022-12-26T00:41:58 [rent_spider.py:116] DEBUG: area info[
        89.00㎡
        ]
2022-12-26T00:41:58 [rent_spider.py:152] DEBUG: lighting info[南        ]
2022-12-26T00:41:58 [rent_spider.py:121] DEBUG: room info[
          2室1厅1卫        ]
2022-12-26T00:41:58 [pipelines.py:675] INFO: The rental 整租·旗胜家园 2室1厅 南 is already in table rental.
2022-12-26T00:41:58 [scraper.py:289] DEBUG: Scraped from <200 https://bj.lianjia.com/zufang/c1111027378909/>
None
2022-12-26T00:41:58 [rent_spider.py:152] DEBUG: lighting info[西三旗]
2022-12-26T00:41:58 [rent_spider.py:116] DEBUG: area info[
        89.00㎡
        ]
2022-12-26T00:41:58 [rent_spider.py:152] DEBUG: lighting info[南 北        ]
2022-12-26T00:41:58 [rent_spider.py:121] DEBUG: room info[
          2室1厅1卫        ]
2022-12-26T00:41:58 [pipelines.py:675] INFO: The rental 整租·旗胜家园 2室1厅 南/北 is already in table rental.
2022-12-26T00:41:58 [scraper.py:289] DEBUG: Scraped from <200 https://bj.lianjia.com/zufang/c1111027378909/>
None
2022-12-26T00:41:58 [rent_spider.py:152] DEBUG: lighting info[西三旗]
2022-12-26T00:41:58 [rent_spider.py:116] DEBUG: area info[
        89.00㎡
        ]
2022-12-26T00:41:58 [rent_spider.py:152] DEBUG: lighting info[南 北        ]
2022-12-26T00:41:58 [rent_spider.py:121] DEBUG: room info[
          2室1厅1卫        ]
2022-12-26T00:41:58 [pipelines.py:675] INFO: The rental 整租·旗胜家园 2室1厅 南/北 is already in table rental.
2022-12-26T00:41:58 [scraper.py:289] DEBUG: Scraped from <200 https://bj.lianjia.com/zufang/c1111027378909/>
None
2022-12-26T00:41:58 [rent_spider.py:152] DEBUG: lighting info[西三旗]
2022-12-26T00:41:58 [rent_spider.py:116] DEBUG: area info[
        89.00㎡
        ]
2022-12-26T00:41:58 [rent_spider.py:152] DEBUG: lighting info[南 北        ]
2022-12-26T00:41:58 [rent_spider.py:121] DEBUG: room info[
          2室1厅1卫        ]
2022-12-26T00:41:58 [pipelines.py:675] INFO: The rental 整租·旗胜家园 2室1厅 南/北 is already in table rental.
2022-12-26T00:41:58 [scraper.py:289] DEBUG: Scraped from <200 https://bj.lianjia.com/zufang/c1111027378909/>
None
2022-12-26T00:41:58 [rent_spider.py:152] DEBUG: lighting info[西三旗]
2022-12-26T00:41:58 [rent_spider.py:116] DEBUG: area info[
        89.00㎡
        ]
2022-12-26T00:41:58 [rent_spider.py:152] DEBUG: lighting info[南        ]
2022-12-26T00:41:58 [rent_spider.py:121] DEBUG: room info[
          2室1厅1卫        ]
2022-12-26T00:41:58 [pipelines.py:675] INFO: The rental 整租·旗胜家园 2室1厅 南 is already in table rental.
2022-12-26T00:41:58 [scraper.py:289] DEBUG: Scraped from <200 https://bj.lianjia.com/zufang/c1111027378909/>
None
2022-12-26T00:41:58 [rent_spider.py:152] DEBUG: lighting info[西三旗]
2022-12-26T00:41:58 [rent_spider.py:116] DEBUG: area info[
        89.00㎡
        ]
2022-12-26T00:41:58 [rent_spider.py:152] DEBUG: lighting info[南 北        ]
2022-12-26T00:41:58 [rent_spider.py:121] DEBUG: room info[
          2室1厅1卫        ]
2022-12-26T00:41:58 [pipelines.py:675] INFO: The rental 整租·旗胜家园 2室1厅 南/北 is already in table rental.
2022-12-26T00:41:58 [scraper.py:289] DEBUG: Scraped from <200 https://bj.lianjia.com/zufang/c1111027378909/>
None
2022-12-26T00:41:58 [rent_spider.py:152] DEBUG: lighting info[西三旗]
2022-12-26T00:41:58 [rent_spider.py:116] DEBUG: area info[
        79.00㎡
        ]
2022-12-26T00:41:58 [rent_spider.py:152] DEBUG: lighting info[东 南        ]
2022-12-26T00:41:58 [rent_spider.py:121] DEBUG: room info[
          2室1厅1卫        ]
2022-12-26T00:41:58 [pipelines.py:675] INFO: The rental 整租·旗胜家园 2室1厅 东/南 is already in table rental.
2022-12-26T00:41:58 [scraper.py:289] DEBUG: Scraped from <200 https://bj.lianjia.com/zufang/c1111027378909/>
None
2022-12-26T00:41:58 [rent_spider.py:152] DEBUG: lighting info[西三旗]
2022-12-26T00:41:58 [rent_spider.py:116] DEBUG: area info[
        89.00㎡
        ]
2022-12-26T00:41:58 [rent_spider.py:152] DEBUG: lighting info[南 北        ]
2022-12-26T00:41:58 [rent_spider.py:121] DEBUG: room info[
          2室1厅1卫        ]
2022-12-26T00:41:58 [pipelines.py:675] INFO: The rental 整租·旗胜家园 2室1厅 南/北 is already in table rental.
2022-12-26T00:41:58 [scraper.py:289] DEBUG: Scraped from <200 https://bj.lianjia.com/zufang/c1111027378909/>
None
2022-12-26T00:41:58 [rent_spider.py:152] DEBUG: lighting info[西三旗]
2022-12-26T00:41:58 [rent_spider.py:116] DEBUG: area info[
        89.00㎡
        ]
2022-12-26T00:41:58 [rent_spider.py:152] DEBUG: lighting info[南        ]
2022-12-26T00:41:58 [rent_spider.py:121] DEBUG: room info[
          2室1厅1卫        ]
2022-12-26T00:41:58 [pipelines.py:675] INFO: The rental 整租·旗胜家园 2室1厅 南 is already in table rental.
2022-12-26T00:41:58 [scraper.py:289] DEBUG: Scraped from <200 https://bj.lianjia.com/zufang/c1111027378909/>
None
2022-12-26T00:41:58 [rent_spider.py:152] DEBUG: lighting info[西三旗]
2022-12-26T00:41:58 [rent_spider.py:116] DEBUG: area info[
        89.00㎡
        ]
2022-12-26T00:41:58 [rent_spider.py:152] DEBUG: lighting info[南 北        ]
2022-12-26T00:41:58 [rent_spider.py:121] DEBUG: room info[
          2室1厅1卫        ]
2022-12-26T00:41:58 [pipelines.py:675] INFO: The rental 整租·旗胜家园 2室1厅 南/北 is already in table rental.
2022-12-26T00:41:58 [scraper.py:289] DEBUG: Scraped from <200 https://bj.lianjia.com/zufang/c1111027378909/>
None
2022-12-26T00:41:58 [rent_spider.py:152] DEBUG: lighting info[西三旗]
2022-12-26T00:41:58 [rent_spider.py:116] DEBUG: area info[
        89.69㎡
        ]
2022-12-26T00:41:58 [rent_spider.py:152] DEBUG: lighting info[南 北        ]
2022-12-26T00:41:58 [rent_spider.py:121] DEBUG: room info[
          2室1厅1卫        ]
2022-12-26T00:41:58 [pipelines.py:675] INFO: The rental 整租·旗胜家园 2室1厅 南/北 is already in table rental.
2022-12-26T00:41:58 [scraper.py:289] DEBUG: Scraped from <200 https://bj.lianjia.com/zufang/c1111027378909/>
None
2022-12-26T00:41:58 [rent_spider.py:152] DEBUG: lighting info[西三旗]
2022-12-26T00:41:58 [rent_spider.py:116] DEBUG: area info[
        75.00㎡
        ]
2022-12-26T00:41:58 [rent_spider.py:152] DEBUG: lighting info[东北        ]
2022-12-26T00:41:58 [rent_spider.py:121] DEBUG: room info[
          2室1厅1卫        ]
2022-12-26T00:41:58 [pipelines.py:675] INFO: The rental 整租·旗胜家园 2室1厅 东北 is already in table rental.
2022-12-26T00:41:58 [scraper.py:289] DEBUG: Scraped from <200 https://bj.lianjia.com/zufang/c1111027378909/>
None
2022-12-26T00:41:58 [rent_spider.py:152] DEBUG: lighting info[西三旗]
2022-12-26T00:41:58 [rent_spider.py:116] DEBUG: area info[
        88.68㎡
        ]
2022-12-26T00:41:58 [rent_spider.py:152] DEBUG: lighting info[南 北        ]
2022-12-26T00:41:58 [rent_spider.py:121] DEBUG: room info[
          2室1厅1卫        ]
2022-12-26T00:41:58 [pipelines.py:675] INFO: The rental 整租·旗胜家园 2室1厅 南/北 is already in table rental.
2022-12-26T00:41:58 [scraper.py:289] DEBUG: Scraped from <200 https://bj.lianjia.com/zufang/c1111027378909/>
None
2022-12-26T00:41:58 [rent_spider.py:152] DEBUG: lighting info[西三旗]
2022-12-26T00:41:58 [rent_spider.py:116] DEBUG: area info[
        90.00㎡
        ]
2022-12-26T00:41:58 [rent_spider.py:152] DEBUG: lighting info[东 南 北        ]
2022-12-26T00:41:58 [rent_spider.py:121] DEBUG: room info[
          3室1厅1卫        ]
2022-12-26T00:41:58 [pipelines.py:675] INFO: The rental 整租·旗胜家园 3室1厅 东/南/北 is already in table rental.
2022-12-26T00:41:58 [scraper.py:289] DEBUG: Scraped from <200 https://bj.lianjia.com/zufang/c1111027378909/>
None
2022-12-26T00:41:58 [rent_spider.py:152] DEBUG: lighting info[西三旗]
2022-12-26T00:41:58 [rent_spider.py:116] DEBUG: area info[
        89.27㎡
        ]
2022-12-26T00:41:58 [rent_spider.py:152] DEBUG: lighting info[南 北        ]
2022-12-26T00:41:58 [rent_spider.py:121] DEBUG: room info[
          2室1厅1卫        ]
2022-12-26T00:41:58 [pipelines.py:675] INFO: The rental 整租·旗胜家园 2室1厅 南/北 is already in table rental.
2022-12-26T00:41:58 [scraper.py:289] DEBUG: Scraped from <200 https://bj.lianjia.com/zufang/c1111027378909/>
None
2022-12-26T00:41:58 [rent_spider.py:152] DEBUG: lighting info[西三旗]
2022-12-26T00:41:58 [rent_spider.py:116] DEBUG: area info[
        90.00㎡
        ]
2022-12-26T00:41:58 [rent_spider.py:152] DEBUG: lighting info[南 西 北        ]
2022-12-26T00:41:58 [rent_spider.py:121] DEBUG: room info[
          3室1厅1卫        ]
2022-12-26T00:41:58 [pipelines.py:675] INFO: The rental 整租·旗胜家园 3室1厅 南/西/北 is already in table rental.
2022-12-26T00:41:58 [scraper.py:289] DEBUG: Scraped from <200 https://bj.lianjia.com/zufang/c1111027378909/>
None
2022-12-26T00:41:58 [rent_spider.py:152] DEBUG: lighting info[西三旗]
2022-12-26T00:41:58 [rent_spider.py:116] DEBUG: area info[
        89.00㎡
        ]
2022-12-26T00:41:58 [rent_spider.py:152] DEBUG: lighting info[南 西 北        ]
2022-12-26T00:41:58 [rent_spider.py:121] DEBUG: room info[
          3室1厅1卫        ]
2022-12-26T00:41:58 [pipelines.py:675] INFO: The rental 整租·旗胜家园 3室1厅 南/西/北 is already in table rental.
2022-12-26T00:41:58 [scraper.py:289] DEBUG: Scraped from <200 https://bj.lianjia.com/zufang/c1111027378909/>
None
2022-12-26T00:41:58 [rent_spider.py:152] DEBUG: lighting info[西三旗]
2022-12-26T00:41:58 [rent_spider.py:116] DEBUG: area info[
        85.22㎡
        ]
2022-12-26T00:41:58 [rent_spider.py:152] DEBUG: lighting info[南        ]
2022-12-26T00:41:58 [rent_spider.py:121] DEBUG: room info[
          2室1厅1卫        ]
2022-12-26T00:41:58 [pipelines.py:675] INFO: The rental 整租·旗胜家园 2室1厅 南 is already in table rental.
2022-12-26T00:41:58 [scraper.py:289] DEBUG: Scraped from <200 https://bj.lianjia.com/zufang/c1111027378909/>
None
2022-12-26T00:41:58 [rent_spider.py:152] DEBUG: lighting info[西三旗]
2022-12-26T00:41:58 [rent_spider.py:116] DEBUG: area info[
        90.00㎡
        ]
2022-12-26T00:41:58 [rent_spider.py:152] DEBUG: lighting info[南 西 北        ]
2022-12-26T00:41:58 [rent_spider.py:121] DEBUG: room info[
          3室1厅1卫        ]
2022-12-26T00:41:58 [pipelines.py:675] INFO: The rental 整租·旗胜家园 3室1厅 南/西/北 is already in table rental.
2022-12-26T00:41:58 [scraper.py:289] DEBUG: Scraped from <200 https://bj.lianjia.com/zufang/c1111027378909/>
None
2022-12-26T00:41:58 [rent_spider.py:152] DEBUG: lighting info[西三旗]
2022-12-26T00:41:58 [rent_spider.py:116] DEBUG: area info[
        89.00㎡
        ]
2022-12-26T00:41:58 [rent_spider.py:152] DEBUG: lighting info[南        ]
2022-12-26T00:41:58 [rent_spider.py:121] DEBUG: room info[
          2室1厅1卫        ]
2022-12-26T00:41:58 [pipelines.py:675] INFO: The rental 整租·旗胜家园 2室1厅 南 is already in table rental.
2022-12-26T00:41:58 [scraper.py:289] DEBUG: Scraped from <200 https://bj.lianjia.com/zufang/c1111027378909/>
None
2022-12-26T00:41:58 [rent_spider.py:152] DEBUG: lighting info[西三旗]
2022-12-26T00:41:58 [rent_spider.py:116] DEBUG: area info[
        89.00㎡
        ]
2022-12-26T00:41:58 [rent_spider.py:152] DEBUG: lighting info[南 西北        ]
2022-12-26T00:41:58 [rent_spider.py:121] DEBUG: room info[
          2室1厅1卫        ]
2022-12-26T00:41:58 [pipelines.py:675] INFO: The rental 整租·旗胜家园 2室1厅 南/西北 is already in table rental.
2022-12-26T00:41:58 [scraper.py:289] DEBUG: Scraped from <200 https://bj.lianjia.com/zufang/c1111027378909/>
None
2022-12-26T00:41:58 [rent_spider.py:152] DEBUG: lighting info[西三旗]
2022-12-26T00:41:58 [rent_spider.py:116] DEBUG: area info[
        90.50㎡
        ]
2022-12-26T00:41:58 [rent_spider.py:152] DEBUG: lighting info[东南 北        ]
2022-12-26T00:41:58 [rent_spider.py:121] DEBUG: room info[
          3室1厅1卫        ]
2022-12-26T00:41:58 [pipelines.py:675] INFO: The rental 整租·旗胜家园 3室1厅 东南/北 is already in table rental.
2022-12-26T00:41:58 [scraper.py:289] DEBUG: Scraped from <200 https://bj.lianjia.com/zufang/c1111027378909/>
None
2022-12-26T00:41:58 [rent_spider.py:152] DEBUG: lighting info[西三旗]
2022-12-26T00:41:58 [rent_spider.py:116] DEBUG: area info[
        89.92㎡
        ]
2022-12-26T00:41:58 [rent_spider.py:152] DEBUG: lighting info[西南 北        ]
2022-12-26T00:41:58 [rent_spider.py:121] DEBUG: room info[
          3室1厅1卫        ]
2022-12-26T00:41:58 [pipelines.py:675] INFO: The rental 整租·旗胜家园 3室1厅 西南/北 is already in table rental.
2022-12-26T00:41:58 [scraper.py:289] DEBUG: Scraped from <200 https://bj.lianjia.com/zufang/c1111027378909/>
None
2022-12-26T00:41:58 [rent_spider.py:152] DEBUG: lighting info[西三旗]
2022-12-26T00:41:58 [rent_spider.py:116] DEBUG: area info[
        89.00㎡
        ]
2022-12-26T00:41:58 [rent_spider.py:152] DEBUG: lighting info[南        ]
2022-12-26T00:41:58 [rent_spider.py:121] DEBUG: room info[
          2室1厅1卫        ]
2022-12-26T00:41:58 [pipelines.py:675] INFO: The rental 整租·旗胜家园 2室1厅 南 is already in table rental.
2022-12-26T00:41:58 [scraper.py:289] DEBUG: Scraped from <200 https://bj.lianjia.com/zufang/c1111027378909/>
None
2022-12-26T00:41:58 [rent_spider.py:152] DEBUG: lighting info[西三旗]
2022-12-26T00:41:58 [rent_spider.py:116] DEBUG: area info[
        89.00㎡
        ]
2022-12-26T00:41:58 [rent_spider.py:152] DEBUG: lighting info[南 北        ]
2022-12-26T00:41:58 [rent_spider.py:121] DEBUG: room info[
          2室1厅1卫        ]
2022-12-26T00:41:58 [pipelines.py:675] INFO: The rental 整租·旗胜家园 2室1厅 南/北 is already in table rental.
2022-12-26T00:41:58 [scraper.py:289] DEBUG: Scraped from <200 https://bj.lianjia.com/zufang/c1111027378909/>
None
2022-12-26T00:41:58 [rent_spider.py:217] INFO: Crawl next page's rentals: [https://bj.lianjia.com/zufang/pg2c1111027378909/]
2022-12-26T00:42:06 [engine.py:295] DEBUG: Crawled (200) <GET https://bj.lianjia.com/zufang/c1111027382146/> (referer: None)
2022-12-26T00:42:07 [rent_spider.py:70] DEBUG: Number of houses available on rent[31]
2022-12-26T00:42:07 [rent_spider.py:152] DEBUG: lighting info[西三旗]
2022-12-26T00:42:07 [rent_spider.py:116] DEBUG: area info[
        74.80㎡
        ]
2022-12-26T00:42:07 [rent_spider.py:152] DEBUG: lighting info[南        ]
2022-12-26T00:42:07 [rent_spider.py:121] DEBUG: room info[
          3室0厅1卫        ]
2022-12-26T00:42:07 [pipelines.py:675] INFO: The rental 整租·育新花园 3室0厅 南 is already in table rental.
2022-12-26T00:42:07 [scraper.py:289] DEBUG: Scraped from <200 https://bj.lianjia.com/zufang/c1111027382146/>
None
2022-12-26T00:42:07 [rent_spider.py:152] DEBUG: lighting info[西三旗]
2022-12-26T00:42:07 [rent_spider.py:116] DEBUG: area info[
        63.10㎡
        ]
2022-12-26T00:42:07 [rent_spider.py:152] DEBUG: lighting info[东        ]
2022-12-26T00:42:07 [rent_spider.py:121] DEBUG: room info[
          2室1厅1卫        ]
2022-12-26T00:42:07 [pipelines.py:675] INFO: The rental 整租·育新花园 2室1厅 东 is already in table rental.
2022-12-26T00:42:07 [scraper.py:289] DEBUG: Scraped from <200 https://bj.lianjia.com/zufang/c1111027382146/>
None
2022-12-26T00:42:07 [rent_spider.py:152] DEBUG: lighting info[西三旗]
2022-12-26T00:42:07 [rent_spider.py:116] DEBUG: area info[
        63.10㎡
        ]
2022-12-26T00:42:07 [rent_spider.py:152] DEBUG: lighting info[西        ]
2022-12-26T00:42:07 [rent_spider.py:121] DEBUG: room info[
          2室1厅1卫        ]
2022-12-26T00:42:07 [pipelines.py:675] INFO: The rental 整租·育新花园 2室1厅 西 is already in table rental.
2022-12-26T00:42:07 [scraper.py:289] DEBUG: Scraped from <200 https://bj.lianjia.com/zufang/c1111027382146/>
None
2022-12-26T00:42:07 [rent_spider.py:152] DEBUG: lighting info[西三旗]
2022-12-26T00:42:07 [rent_spider.py:116] DEBUG: area info[
        67.90㎡
        ]
2022-12-26T00:42:07 [rent_spider.py:152] DEBUG: lighting info[南 北        ]
2022-12-26T00:42:07 [rent_spider.py:121] DEBUG: room info[
          2室1厅1卫        ]
2022-12-26T00:42:07 [pipelines.py:675] INFO: The rental 整租·育新花园 2室1厅 南/北 is already in table rental.
2022-12-26T00:42:07 [scraper.py:289] DEBUG: Scraped from <200 https://bj.lianjia.com/zufang/c1111027382146/>
None
2022-12-26T00:42:07 [rent_spider.py:152] DEBUG: lighting info[西三旗]
2022-12-26T00:42:07 [rent_spider.py:116] DEBUG: area info[
        63.10㎡
        ]
2022-12-26T00:42:07 [rent_spider.py:152] DEBUG: lighting info[西        ]
2022-12-26T00:42:07 [rent_spider.py:121] DEBUG: room info[
          2室1厅1卫        ]
2022-12-26T00:42:07 [pipelines.py:675] INFO: The rental 整租·育新花园 2室1厅 西 is already in table rental.
2022-12-26T00:42:07 [scraper.py:289] DEBUG: Scraped from <200 https://bj.lianjia.com/zufang/c1111027382146/>
None
2022-12-26T00:42:07 [rent_spider.py:152] DEBUG: lighting info[西三旗]
2022-12-26T00:42:07 [rent_spider.py:116] DEBUG: area info[
        63.00㎡
        ]
2022-12-26T00:42:07 [rent_spider.py:152] DEBUG: lighting info[东南        ]
2022-12-26T00:42:07 [rent_spider.py:121] DEBUG: room info[
          2室1厅1卫        ]
2022-12-26T00:42:07 [pipelines.py:675] INFO: The rental 整租·育新花园 2室1厅 东南 is already in table rental.
2022-12-26T00:42:07 [scraper.py:289] DEBUG: Scraped from <200 https://bj.lianjia.com/zufang/c1111027382146/>
None
2022-12-26T00:42:07 [rent_spider.py:152] DEBUG: lighting info[西三旗]
2022-12-26T00:42:07 [rent_spider.py:116] DEBUG: area info[
        51.60㎡
        ]
2022-12-26T00:42:07 [rent_spider.py:152] DEBUG: lighting info[南        ]
2022-12-26T00:42:07 [rent_spider.py:121] DEBUG: room info[
          1室1厅1卫        ]
2022-12-26T00:42:07 [pipelines.py:675] INFO: The rental 整租·育新花园 1室1厅 南 is already in table rental.
2022-12-26T00:42:07 [scraper.py:289] DEBUG: Scraped from <200 https://bj.lianjia.com/zufang/c1111027382146/>
None
2022-12-26T00:42:07 [rent_spider.py:152] DEBUG: lighting info[西三旗]
2022-12-26T00:42:07 [rent_spider.py:116] DEBUG: area info[
        74.80㎡
        ]
2022-12-26T00:42:07 [rent_spider.py:152] DEBUG: lighting info[南        ]
2022-12-26T00:42:07 [rent_spider.py:121] DEBUG: room info[
          3室0厅1卫        ]
2022-12-26T00:42:07 [pipelines.py:675] INFO: The rental 整租·育新花园 3室0厅 南 is already in table rental.
2022-12-26T00:42:07 [scraper.py:289] DEBUG: Scraped from <200 https://bj.lianjia.com/zufang/c1111027382146/>
None
2022-12-26T00:42:07 [rent_spider.py:152] DEBUG: lighting info[西三旗]
2022-12-26T00:42:07 [rent_spider.py:116] DEBUG: area info[
        77.00㎡
        ]
2022-12-26T00:42:07 [rent_spider.py:152] DEBUG: lighting info[南        ]
2022-12-26T00:42:07 [rent_spider.py:121] DEBUG: room info[
          2室1厅1卫        ]
2022-12-26T00:42:07 [pipelines.py:675] INFO: The rental 整租·育新花园 2室1厅 南 is already in table rental.
2022-12-26T00:42:07 [scraper.py:289] DEBUG: Scraped from <200 https://bj.lianjia.com/zufang/c1111027382146/>
None
2022-12-26T00:42:07 [rent_spider.py:152] DEBUG: lighting info[西三旗]
2022-12-26T00:42:07 [rent_spider.py:116] DEBUG: area info[
        69.70㎡
        ]
2022-12-26T00:42:07 [rent_spider.py:152] DEBUG: lighting info[南 北        ]
2022-12-26T00:42:07 [rent_spider.py:121] DEBUG: room info[
          2室1厅1卫        ]
2022-12-26T00:42:07 [pipelines.py:675] INFO: The rental 整租·育新花园 2室1厅 南/北 is already in table rental.
2022-12-26T00:42:07 [scraper.py:289] DEBUG: Scraped from <200 https://bj.lianjia.com/zufang/c1111027382146/>
None
2022-12-26T00:42:07 [rent_spider.py:152] DEBUG: lighting info[西三旗]
2022-12-26T00:42:07 [rent_spider.py:116] DEBUG: area info[
        74.80㎡
        ]
2022-12-26T00:42:07 [rent_spider.py:152] DEBUG: lighting info[南        ]
2022-12-26T00:42:07 [rent_spider.py:121] DEBUG: room info[
          3室0厅1卫        ]
2022-12-26T00:42:07 [pipelines.py:675] INFO: The rental 整租·育新花园 3室0厅 南 is already in table rental.
2022-12-26T00:42:07 [scraper.py:289] DEBUG: Scraped from <200 https://bj.lianjia.com/zufang/c1111027382146/>
None
2022-12-26T00:42:07 [rent_spider.py:152] DEBUG: lighting info[西三旗]
2022-12-26T00:42:07 [rent_spider.py:116] DEBUG: area info[
        74.80㎡
        ]
2022-12-26T00:42:07 [rent_spider.py:152] DEBUG: lighting info[南        ]
2022-12-26T00:42:07 [rent_spider.py:121] DEBUG: room info[
          3室0厅1卫        ]
2022-12-26T00:42:07 [pipelines.py:675] INFO: The rental 整租·育新花园 3室0厅 南 is already in table rental.
2022-12-26T00:42:07 [scraper.py:289] DEBUG: Scraped from <200 https://bj.lianjia.com/zufang/c1111027382146/>
None
2022-12-26T00:42:07 [rent_spider.py:152] DEBUG: lighting info[西三旗]
2022-12-26T00:42:07 [rent_spider.py:116] DEBUG: area info[
        74.80㎡
        ]
2022-12-26T00:42:07 [rent_spider.py:152] DEBUG: lighting info[南        ]
2022-12-26T00:42:07 [rent_spider.py:121] DEBUG: room info[
          3室0厅1卫        ]
2022-12-26T00:42:07 [pipelines.py:675] INFO: The rental 整租·育新花园 3室0厅 南 is already in table rental.
2022-12-26T00:42:07 [scraper.py:289] DEBUG: Scraped from <200 https://bj.lianjia.com/zufang/c1111027382146/>
None
2022-12-26T00:42:07 [rent_spider.py:152] DEBUG: lighting info[西三旗]
2022-12-26T00:42:07 [rent_spider.py:116] DEBUG: area info[
        63.10㎡
        ]
2022-12-26T00:42:07 [rent_spider.py:152] DEBUG: lighting info[西南        ]
2022-12-26T00:42:07 [rent_spider.py:121] DEBUG: room info[
          3房间1卫        ]
2022-12-26T00:42:07 [scraper.py:289] DEBUG: Scraped from <200 https://bj.lianjia.com/zufang/c1111027382146/>
{'rental_area': '63.10',
 'rental_bathrooms': '1',
 'rental_business_area': '西三旗',
 'rental_city': '北京',
 'rental_community': '育新花园',
 'rental_community_url': 'https://bj.lianjia.com/zufang/c1111027382146/',
 'rental_lighting': '西南',
 'rental_liverooms': 0,
 'rental_name': '整租·育新花园 3房间 西南',
 'rental_price': '6000',
 'rental_region': '海淀',
 'rental_rooms': '3',
 'rental_timestamp': '2022-12-26',
 'rental_url': 'https://bj.lianjia.com/zufang/BJ1684788970841440256.html'}
2022-12-26T00:42:07 [rent_spider.py:152] DEBUG: lighting info[西三旗]
2022-12-26T00:42:07 [rent_spider.py:116] DEBUG: area info[
        51.60㎡
        ]
2022-12-26T00:42:07 [rent_spider.py:152] DEBUG: lighting info[南        ]
2022-12-26T00:42:07 [rent_spider.py:121] DEBUG: room info[
          1室1厅1卫        ]
2022-12-26T00:42:07 [pipelines.py:675] INFO: The rental 整租·育新花园 1室1厅 南 is already in table rental.
2022-12-26T00:42:07 [scraper.py:289] DEBUG: Scraped from <200 https://bj.lianjia.com/zufang/c1111027382146/>
None
2022-12-26T00:42:07 [rent_spider.py:152] DEBUG: lighting info[西三旗]
2022-12-26T00:42:07 [rent_spider.py:116] DEBUG: area info[
        90.00㎡
        ]
2022-12-26T00:42:07 [rent_spider.py:152] DEBUG: lighting info[南 北        ]
2022-12-26T00:42:07 [rent_spider.py:121] DEBUG: room info[
          3室1厅1卫        ]
2022-12-26T00:42:07 [pipelines.py:675] INFO: The rental 整租·育新花园 3室1厅 南/北 is already in table rental.
2022-12-26T00:42:07 [scraper.py:289] DEBUG: Scraped from <200 https://bj.lianjia.com/zufang/c1111027382146/>
None
2022-12-26T00:42:07 [rent_spider.py:152] DEBUG: lighting info[西三旗]
2022-12-26T00:42:07 [rent_spider.py:116] DEBUG: area info[
        87.00㎡
        ]
2022-12-26T00:42:07 [rent_spider.py:152] DEBUG: lighting info[西南        ]
2022-12-26T00:42:07 [rent_spider.py:121] DEBUG: room info[
          2室1厅1卫        ]
2022-12-26T00:42:07 [pipelines.py:675] INFO: The rental 整租·育新花园 2室1厅 西南 is already in table rental.
2022-12-26T00:42:07 [scraper.py:289] DEBUG: Scraped from <200 https://bj.lianjia.com/zufang/c1111027382146/>
None
2022-12-26T00:42:07 [rent_spider.py:152] DEBUG: lighting info[西三旗]
2022-12-26T00:42:07 [rent_spider.py:116] DEBUG: area info[
        74.80㎡
        ]
2022-12-26T00:42:07 [rent_spider.py:152] DEBUG: lighting info[南        ]
2022-12-26T00:42:07 [rent_spider.py:121] DEBUG: room info[
          3室0厅1卫        ]
2022-12-26T00:42:07 [pipelines.py:675] INFO: The rental 整租·育新花园 3室0厅 南 is already in table rental.
2022-12-26T00:42:07 [scraper.py:289] DEBUG: Scraped from <200 https://bj.lianjia.com/zufang/c1111027382146/>
None
2022-12-26T00:42:07 [rent_spider.py:152] DEBUG: lighting info[西三旗]
2022-12-26T00:42:07 [rent_spider.py:116] DEBUG: area info[
        102.60㎡
        ]
2022-12-26T00:42:07 [rent_spider.py:152] DEBUG: lighting info[东 西北        ]
2022-12-26T00:42:07 [rent_spider.py:121] DEBUG: room info[
          3室1厅1卫        ]
2022-12-26T00:42:07 [pipelines.py:675] INFO: The rental 整租·育新花园 3室1厅 东/西北 is already in table rental.
2022-12-26T00:42:07 [scraper.py:289] DEBUG: Scraped from <200 https://bj.lianjia.com/zufang/c1111027382146/>
None
2022-12-26T00:42:07 [rent_spider.py:152] DEBUG: lighting info[西三旗]
2022-12-26T00:42:07 [rent_spider.py:116] DEBUG: area info[
        70.00㎡
        ]
2022-12-26T00:42:07 [rent_spider.py:152] DEBUG: lighting info[南 北        ]
2022-12-26T00:42:07 [rent_spider.py:121] DEBUG: room info[
          2室1厅1卫        ]
2022-12-26T00:42:07 [pipelines.py:675] INFO: The rental 整租·育新花园 2室1厅 南/北 is already in table rental.
2022-12-26T00:42:07 [scraper.py:289] DEBUG: Scraped from <200 https://bj.lianjia.com/zufang/c1111027382146/>
None
2022-12-26T00:42:07 [rent_spider.py:152] DEBUG: lighting info[西三旗]
2022-12-26T00:42:07 [rent_spider.py:116] DEBUG: area info[
        51.60㎡
        ]
2022-12-26T00:42:07 [rent_spider.py:152] DEBUG: lighting info[南        ]
2022-12-26T00:42:07 [rent_spider.py:121] DEBUG: room info[
          1室1厅1卫        ]
2022-12-26T00:42:07 [pipelines.py:675] INFO: The rental 整租·育新花园 1室1厅 南 is already in table rental.
2022-12-26T00:42:07 [scraper.py:289] DEBUG: Scraped from <200 https://bj.lianjia.com/zufang/c1111027382146/>
None
2022-12-26T00:42:07 [rent_spider.py:152] DEBUG: lighting info[西三旗]
2022-12-26T00:42:07 [rent_spider.py:116] DEBUG: area info[
        92.10㎡
        ]
2022-12-26T00:42:07 [rent_spider.py:152] DEBUG: lighting info[东 北        ]
2022-12-26T00:42:07 [rent_spider.py:121] DEBUG: room info[
          2室1厅1卫        ]
2022-12-26T00:42:07 [pipelines.py:675] INFO: The rental 整租·育新花园 2室1厅 东/北 is already in table rental.
2022-12-26T00:42:07 [scraper.py:289] DEBUG: Scraped from <200 https://bj.lianjia.com/zufang/c1111027382146/>
None
2022-12-26T00:42:07 [rent_spider.py:152] DEBUG: lighting info[西三旗]
2022-12-26T00:42:07 [rent_spider.py:116] DEBUG: area info[
        69.70㎡
        ]
2022-12-26T00:42:07 [rent_spider.py:152] DEBUG: lighting info[南 北        ]
2022-12-26T00:42:07 [rent_spider.py:121] DEBUG: room info[
          2室1厅1卫        ]
2022-12-26T00:42:07 [pipelines.py:675] INFO: The rental 整租·育新花园 2室1厅 南/北 is already in table rental.
2022-12-26T00:42:07 [scraper.py:289] DEBUG: Scraped from <200 https://bj.lianjia.com/zufang/c1111027382146/>
None
2022-12-26T00:42:07 [rent_spider.py:152] DEBUG: lighting info[西三旗]
2022-12-26T00:42:07 [rent_spider.py:116] DEBUG: area info[
        74.80㎡
        ]
2022-12-26T00:42:07 [rent_spider.py:152] DEBUG: lighting info[南        ]
2022-12-26T00:42:07 [rent_spider.py:121] DEBUG: room info[
          3室0厅1卫        ]
2022-12-26T00:42:07 [pipelines.py:675] INFO: The rental 整租·育新花园 3室0厅 南 is already in table rental.
2022-12-26T00:42:07 [scraper.py:289] DEBUG: Scraped from <200 https://bj.lianjia.com/zufang/c1111027382146/>
None
2022-12-26T00:42:07 [rent_spider.py:152] DEBUG: lighting info[西三旗]
2022-12-26T00:42:07 [rent_spider.py:116] DEBUG: area info[
        63.10㎡
        ]
2022-12-26T00:42:07 [rent_spider.py:152] DEBUG: lighting info[东南        ]
2022-12-26T00:42:07 [rent_spider.py:121] DEBUG: room info[
          2室1厅1卫        ]
2022-12-26T00:42:07 [pipelines.py:675] INFO: The rental 整租·育新花园 2室1厅 东南 is already in table rental.
2022-12-26T00:42:07 [scraper.py:289] DEBUG: Scraped from <200 https://bj.lianjia.com/zufang/c1111027382146/>
None
2022-12-26T00:42:07 [rent_spider.py:152] DEBUG: lighting info[西三旗]
2022-12-26T00:42:07 [rent_spider.py:116] DEBUG: area info[
        69.70㎡
        ]
2022-12-26T00:42:07 [rent_spider.py:152] DEBUG: lighting info[南 北        ]
2022-12-26T00:42:07 [rent_spider.py:121] DEBUG: room info[
          2室1厅1卫        ]
2022-12-26T00:42:07 [pipelines.py:675] INFO: The rental 整租·育新花园 2室1厅 南/北 is already in table rental.
2022-12-26T00:42:07 [scraper.py:289] DEBUG: Scraped from <200 https://bj.lianjia.com/zufang/c1111027382146/>
None
2022-12-26T00:42:07 [rent_spider.py:152] DEBUG: lighting info[西三旗]
2022-12-26T00:42:07 [rent_spider.py:116] DEBUG: area info[
        90.00㎡
        ]
2022-12-26T00:42:07 [rent_spider.py:152] DEBUG: lighting info[南 北        ]
2022-12-26T00:42:07 [rent_spider.py:121] DEBUG: room info[
          3室1厅1卫        ]
2022-12-26T00:42:07 [pipelines.py:675] INFO: The rental 整租·育新花园 3室1厅 南/北 is already in table rental.
2022-12-26T00:42:07 [scraper.py:289] DEBUG: Scraped from <200 https://bj.lianjia.com/zufang/c1111027382146/>
None
2022-12-26T00:42:07 [rent_spider.py:152] DEBUG: lighting info[西三旗]
2022-12-26T00:42:07 [rent_spider.py:116] DEBUG: area info[
        74.80㎡
        ]
2022-12-26T00:42:07 [rent_spider.py:152] DEBUG: lighting info[南 北        ]
2022-12-26T00:42:07 [rent_spider.py:121] DEBUG: room info[
          3室1厅1卫        ]
2022-12-26T00:42:07 [pipelines.py:675] INFO: The rental 整租·育新花园 3室1厅 南/北 is already in table rental.
2022-12-26T00:42:07 [scraper.py:289] DEBUG: Scraped from <200 https://bj.lianjia.com/zufang/c1111027382146/>
None
2022-12-26T00:42:07 [rent_spider.py:152] DEBUG: lighting info[西三旗]
2022-12-26T00:42:07 [rent_spider.py:116] DEBUG: area info[
        88.40㎡
        ]
2022-12-26T00:42:07 [rent_spider.py:152] DEBUG: lighting info[南        ]
2022-12-26T00:42:07 [rent_spider.py:121] DEBUG: room info[
          3室1厅1卫        ]
2022-12-26T00:42:07 [pipelines.py:675] INFO: The rental 整租·育新花园 3室1厅 南 is already in table rental.
2022-12-26T00:42:07 [scraper.py:289] DEBUG: Scraped from <200 https://bj.lianjia.com/zufang/c1111027382146/>
None
2022-12-26T00:42:07 [rent_spider.py:152] DEBUG: lighting info[西三旗]
2022-12-26T00:42:07 [rent_spider.py:116] DEBUG: area info[
        74.80㎡
        ]
2022-12-26T00:42:07 [rent_spider.py:152] DEBUG: lighting info[南        ]
2022-12-26T00:42:07 [rent_spider.py:121] DEBUG: room info[
          3室0厅1卫        ]
2022-12-26T00:42:07 [pipelines.py:675] INFO: The rental 整租·育新花园 3室0厅 南 is already in table rental.
2022-12-26T00:42:07 [scraper.py:289] DEBUG: Scraped from <200 https://bj.lianjia.com/zufang/c1111027382146/>
None
2022-12-26T00:42:07 [rent_spider.py:217] INFO: Crawl next page's rentals: [https://bj.lianjia.com/zufang/pg2c1111027382146/]
2022-12-26T00:42:13 [engine.py:295] DEBUG: Crawled (200) <GET https://bj.lianjia.com/zufang/c1111027374040/> (referer: None)
2022-12-26T00:42:14 [rent_spider.py:70] DEBUG: Number of houses available on rent[42]
2022-12-26T00:42:14 [rent_spider.py:152] DEBUG: lighting info[东亚上北中心]
2022-12-26T00:42:14 [rent_spider.py:116] DEBUG: area info[
        57.33㎡
        ]
2022-12-26T00:42:14 [rent_spider.py:152] DEBUG: lighting info[东        ]
2022-12-26T00:42:14 [rent_spider.py:121] DEBUG: room info[
          2房间1卫        ]
2022-12-26T00:42:14 [scraper.py:289] DEBUG: Scraped from <200 https://bj.lianjia.com/zufang/c1111027374040/>
{'rental_area': '57.33',
 'rental_bathrooms': '1',
 'rental_business_area': '回龙观',
 'rental_city': '北京',
 'rental_community': '东亚上北中心',
 'rental_community_url': 'https://bj.lianjia.com/zufang/c1111027374040/',
 'rental_lighting': '东',
 'rental_liverooms': 0,
 'rental_name': '整租·东亚上北中心 2房间 东',
 'rental_price': '5200',
 'rental_region': '昌平',
 'rental_rooms': '2',
 'rental_timestamp': '2022-12-26',
 'rental_url': 'https://bj.lianjia.com/zufang/BJ1708754190831976448.html'}
2022-12-26T00:42:14 [rent_spider.py:152] DEBUG: lighting info[东亚上北中心]
2022-12-26T00:42:14 [rent_spider.py:116] DEBUG: area info[
        37.19㎡
        ]
2022-12-26T00:42:14 [rent_spider.py:152] DEBUG: lighting info[北        ]
2022-12-26T00:42:14 [rent_spider.py:121] DEBUG: room info[
          1房间1卫        ]
2022-12-26T00:42:14 [scraper.py:289] DEBUG: Scraped from <200 https://bj.lianjia.com/zufang/c1111027374040/>
{'rental_area': '37.19',
 'rental_bathrooms': '1',
 'rental_business_area': '回龙观',
 'rental_city': '北京',
 'rental_community': '东亚上北中心',
 'rental_community_url': 'https://bj.lianjia.com/zufang/c1111027374040/',
 'rental_lighting': '北',
 'rental_liverooms': 0,
 'rental_name': '整租·东亚上北中心 1房间 北',
 'rental_price': '4000',
 'rental_region': '昌平',
 'rental_rooms': '1',
 'rental_timestamp': '2022-12-26',
 'rental_url': 'https://bj.lianjia.com/zufang/BJ1700071697136222208.html'}
2022-12-26T00:42:14 [rent_spider.py:152] DEBUG: lighting info[东亚上北中心]
2022-12-26T00:42:14 [rent_spider.py:116] DEBUG: area info[
        57.44㎡
        ]
2022-12-26T00:42:14 [rent_spider.py:152] DEBUG: lighting info[南        ]
2022-12-26T00:42:14 [rent_spider.py:121] DEBUG: room info[
          2房间1卫        ]
2022-12-26T00:42:14 [scraper.py:289] DEBUG: Scraped from <200 https://bj.lianjia.com/zufang/c1111027374040/>
{'rental_area': '57.44',
 'rental_bathrooms': '1',
 'rental_business_area': '回龙观',
 'rental_city': '北京',
 'rental_community': '东亚上北中心',
 'rental_community_url': 'https://bj.lianjia.com/zufang/c1111027374040/',
 'rental_lighting': '南',
 'rental_liverooms': 0,
 'rental_name': '整租·东亚上北中心 2房间 南',
 'rental_price': '5300',
 'rental_region': '昌平',
 'rental_rooms': '2',
 'rental_timestamp': '2022-12-26',
 'rental_url': 'https://bj.lianjia.com/zufang/BJ1710890083034333184.html'}
2022-12-26T00:42:14 [rent_spider.py:152] DEBUG: lighting info[东亚上北中心]
2022-12-26T00:42:14 [rent_spider.py:116] DEBUG: area info[
        61.10㎡
        ]
2022-12-26T00:42:14 [rent_spider.py:152] DEBUG: lighting info[西        ]
2022-12-26T00:42:14 [rent_spider.py:121] DEBUG: room info[
          2房间1卫        ]
2022-12-26T00:42:14 [scraper.py:289] DEBUG: Scraped from <200 https://bj.lianjia.com/zufang/c1111027374040/>
{'rental_area': '61.10',
 'rental_bathrooms': '1',
 'rental_business_area': '回龙观',
 'rental_city': '北京',
 'rental_community': '东亚上北中心',
 'rental_community_url': 'https://bj.lianjia.com/zufang/c1111027374040/',
 'rental_lighting': '西',
 'rental_liverooms': 0,
 'rental_name': '整租·东亚上北中心 2房间 西',
 'rental_price': '5200',
 'rental_region': '昌平',
 'rental_rooms': '2',
 'rental_timestamp': '2022-12-26',
 'rental_url': 'https://bj.lianjia.com/zufang/BJ1679103482172276736.html'}
2022-12-26T00:42:14 [rent_spider.py:152] DEBUG: lighting info[东亚上北中心]
2022-12-26T00:42:14 [rent_spider.py:116] DEBUG: area info[
        38.43㎡
        ]
2022-12-26T00:42:14 [rent_spider.py:152] DEBUG: lighting info[北        ]
2022-12-26T00:42:14 [rent_spider.py:121] DEBUG: room info[
          1房间1卫        ]
2022-12-26T00:42:14 [scraper.py:289] DEBUG: Scraped from <200 https://bj.lianjia.com/zufang/c1111027374040/>
{'rental_area': '38.43',
 'rental_bathrooms': '1',
 'rental_business_area': '回龙观',
 'rental_city': '北京',
 'rental_community': '东亚上北中心',
 'rental_community_url': 'https://bj.lianjia.com/zufang/c1111027374040/',
 'rental_lighting': '北',
 'rental_liverooms': 0,
 'rental_name': '整租·东亚上北中心 1房间 北',
 'rental_price': '4150',
 'rental_region': '昌平',
 'rental_rooms': '1',
 'rental_timestamp': '2022-12-26',
 'rental_url': 'https://bj.lianjia.com/zufang/BJ1702176951617191936.html'}
2022-12-26T00:42:14 [rent_spider.py:152] DEBUG: lighting info[东亚上北中心]
2022-12-26T00:42:14 [rent_spider.py:116] DEBUG: area info[
        37.00㎡
        ]
2022-12-26T00:42:14 [rent_spider.py:152] DEBUG: lighting info[北        ]
2022-12-26T00:42:14 [rent_spider.py:121] DEBUG: room info[
          1房间1卫        ]
2022-12-26T00:42:14 [scraper.py:289] DEBUG: Scraped from <200 https://bj.lianjia.com/zufang/c1111027374040/>
{'rental_area': '37.00',
 'rental_bathrooms': '1',
 'rental_business_area': '回龙观',
 'rental_city': '北京',
 'rental_community': '东亚上北中心',
 'rental_community_url': 'https://bj.lianjia.com/zufang/c1111027374040/',
 'rental_lighting': '北',
 'rental_liverooms': 0,
 'rental_name': '整租·东亚上北中心 1房间 北',
 'rental_price': '4200',
 'rental_region': '昌平',
 'rental_rooms': '1',
 'rental_timestamp': '2022-12-26',
 'rental_url': 'https://bj.lianjia.com/zufang/BJ1716818260730576896.html'}
2022-12-26T00:42:14 [rent_spider.py:152] DEBUG: lighting info[东亚上北中心]
2022-12-26T00:42:14 [rent_spider.py:116] DEBUG: area info[
        42.00㎡
        ]
2022-12-26T00:42:14 [rent_spider.py:152] DEBUG: lighting info[南        ]
2022-12-26T00:42:14 [rent_spider.py:121] DEBUG: room info[
          1房间1卫        ]
2022-12-26T00:42:14 [scraper.py:289] DEBUG: Scraped from <200 https://bj.lianjia.com/zufang/c1111027374040/>
{'rental_area': '42.00',
 'rental_bathrooms': '1',
 'rental_business_area': '回龙观',
 'rental_city': '北京',
 'rental_community': '东亚上北中心',
 'rental_community_url': 'https://bj.lianjia.com/zufang/c1111027374040/',
 'rental_lighting': '南',
 'rental_liverooms': 0,
 'rental_name': '整租·东亚上北中心 1房间 南',
 'rental_price': '4980',
 'rental_region': '昌平',
 'rental_rooms': '1',
 'rental_timestamp': '2022-12-26',
 'rental_url': 'https://bj.lianjia.com/zufang/BJ1606483600952262656.html'}
2022-12-26T00:42:14 [rent_spider.py:152] DEBUG: lighting info[东亚上北中心]
2022-12-26T00:42:14 [rent_spider.py:116] DEBUG: area info[
        90.43㎡
        ]
2022-12-26T00:42:14 [rent_spider.py:152] DEBUG: lighting info[东南        ]
2022-12-26T00:42:14 [rent_spider.py:121] DEBUG: room info[
          3房间1卫        ]
2022-12-26T00:42:14 [scraper.py:289] DEBUG: Scraped from <200 https://bj.lianjia.com/zufang/c1111027374040/>
{'rental_area': '90.43',
 'rental_bathrooms': '1',
 'rental_business_area': '回龙观',
 'rental_city': '北京',
 'rental_community': '东亚上北中心',
 'rental_community_url': 'https://bj.lianjia.com/zufang/c1111027374040/',
 'rental_lighting': '东南',
 'rental_liverooms': 0,
 'rental_name': '整租·东亚上北中心 3房间 东南',
 'rental_price': '6800',
 'rental_region': '昌平',
 'rental_rooms': '3',
 'rental_timestamp': '2022-12-26',
 'rental_url': 'https://bj.lianjia.com/zufang/BJ1675817038615937024.html'}
2022-12-26T00:42:14 [rent_spider.py:152] DEBUG: lighting info[东亚上北中心]
2022-12-26T00:42:14 [rent_spider.py:116] DEBUG: area info[
        80.92㎡
        ]
2022-12-26T00:42:14 [rent_spider.py:152] DEBUG: lighting info[东南        ]
2022-12-26T00:42:14 [rent_spider.py:121] DEBUG: room info[
          3房间1卫        ]
2022-12-26T00:42:14 [scraper.py:289] DEBUG: Scraped from <200 https://bj.lianjia.com/zufang/c1111027374040/>
{'rental_area': '80.92',
 'rental_bathrooms': '1',
 'rental_business_area': '回龙观',
 'rental_city': '北京',
 'rental_community': '东亚上北中心',
 'rental_community_url': 'https://bj.lianjia.com/zufang/c1111027374040/',
 'rental_lighting': '东南',
 'rental_liverooms': 0,
 'rental_name': '整租·东亚上北中心 3房间 东南',
 'rental_price': '6200',
 'rental_region': '昌平',
 'rental_rooms': '3',
 'rental_timestamp': '2022-12-26',
 'rental_url': 'https://bj.lianjia.com/zufang/BJ1706332109460733952.html'}
2022-12-26T00:42:14 [rent_spider.py:152] DEBUG: lighting info[东亚上北中心]
2022-12-26T00:42:14 [rent_spider.py:116] DEBUG: area info[
        53.74㎡
        ]
2022-12-26T00:42:14 [rent_spider.py:152] DEBUG: lighting info[北        ]
2022-12-26T00:42:14 [rent_spider.py:121] DEBUG: room info[
          2房间1卫        ]
2022-12-26T00:42:14 [scraper.py:289] DEBUG: Scraped from <200 https://bj.lianjia.com/zufang/c1111027374040/>
{'rental_area': '53.74',
 'rental_bathrooms': '1',
 'rental_business_area': '回龙观',
 'rental_city': '北京',
 'rental_community': '东亚上北中心',
 'rental_community_url': 'https://bj.lianjia.com/zufang/c1111027374040/',
 'rental_lighting': '北',
 'rental_liverooms': 0,
 'rental_name': '整租·东亚上北中心 2房间 北',
 'rental_price': '4600',
 'rental_region': '昌平',
 'rental_rooms': '2',
 'rental_timestamp': '2022-12-26',
 'rental_url': 'https://bj.lianjia.com/zufang/BJ1674413980082241536.html'}
2022-12-26T00:42:14 [rent_spider.py:152] DEBUG: lighting info[东亚上北中心]
2022-12-26T00:42:14 [rent_spider.py:116] DEBUG: area info[
        57.00㎡
        ]
2022-12-26T00:42:14 [rent_spider.py:152] DEBUG: lighting info[东北        ]
2022-12-26T00:42:14 [rent_spider.py:121] DEBUG: room info[
          2房间1卫        ]
2022-12-26T00:42:14 [scraper.py:289] DEBUG: Scraped from <200 https://bj.lianjia.com/zufang/c1111027374040/>
{'rental_area': '57.00',
 'rental_bathrooms': '1',
 'rental_business_area': '回龙观',
 'rental_city': '北京',
 'rental_community': '东亚上北中心',
 'rental_community_url': 'https://bj.lianjia.com/zufang/c1111027374040/',
 'rental_lighting': '东北',
 'rental_liverooms': 0,
 'rental_name': '整租·东亚上北中心 2房间 东北',
 'rental_price': '4900',
 'rental_region': '昌平',
 'rental_rooms': '2',
 'rental_timestamp': '2022-12-26',
 'rental_url': 'https://bj.lianjia.com/zufang/BJ1684427150020575232.html'}
2022-12-26T00:42:14 [rent_spider.py:152] DEBUG: lighting info[东亚上北中心]
2022-12-26T00:42:14 [rent_spider.py:116] DEBUG: area info[
        56.64㎡
        ]
2022-12-26T00:42:14 [rent_spider.py:152] DEBUG: lighting info[北        ]
2022-12-26T00:42:14 [rent_spider.py:121] DEBUG: room info[
          3房间1卫        ]
2022-12-26T00:42:14 [scraper.py:289] DEBUG: Scraped from <200 https://bj.lianjia.com/zufang/c1111027374040/>
{'rental_area': '56.64',
 'rental_bathrooms': '1',
 'rental_business_area': '回龙观',
 'rental_city': '北京',
 'rental_community': '东亚上北中心',
 'rental_community_url': 'https://bj.lianjia.com/zufang/c1111027374040/',
 'rental_lighting': '北',
 'rental_liverooms': 0,
 'rental_name': '整租·东亚上北中心 3房间 北',
 'rental_price': '5200',
 'rental_region': '昌平',
 'rental_rooms': '3',
 'rental_timestamp': '2022-12-26',
 'rental_url': 'https://bj.lianjia.com/zufang/BJ1686244294773440512.html'}
2022-12-26T00:42:14 [rent_spider.py:152] DEBUG: lighting info[东亚上北中心]
2022-12-26T00:42:14 [rent_spider.py:116] DEBUG: area info[
        80.00㎡
        ]
2022-12-26T00:42:14 [rent_spider.py:152] DEBUG: lighting info[东南        ]
2022-12-26T00:42:14 [rent_spider.py:121] DEBUG: room info[
          3房间1卫        ]
2022-12-26T00:42:14 [scraper.py:289] DEBUG: Scraped from <200 https://bj.lianjia.com/zufang/c1111027374040/>
{'rental_area': '80.00',
 'rental_bathrooms': '1',
 'rental_business_area': '回龙观',
 'rental_city': '北京',
 'rental_community': '东亚上北中心',
 'rental_community_url': 'https://bj.lianjia.com/zufang/c1111027374040/',
 'rental_lighting': '东南',
 'rental_liverooms': 0,
 'rental_name': '整租·东亚上北中心 3房间 东南',
 'rental_price': '6300',
 'rental_region': '昌平',
 'rental_rooms': '3',
 'rental_timestamp': '2022-12-26',
 'rental_url': 'https://bj.lianjia.com/zufang/BJ1684427530523639808.html'}
2022-12-26T00:42:14 [rent_spider.py:152] DEBUG: lighting info[东亚上北中心]
2022-12-26T00:42:14 [rent_spider.py:116] DEBUG: area info[
        57.00㎡
        ]
2022-12-26T00:42:14 [rent_spider.py:152] DEBUG: lighting info[东        ]
2022-12-26T00:42:14 [rent_spider.py:121] DEBUG: room info[
          2房间1卫        ]
2022-12-26T00:42:14 [scraper.py:289] DEBUG: Scraped from <200 https://bj.lianjia.com/zufang/c1111027374040/>
{'rental_area': '57.00',
 'rental_bathrooms': '1',
 'rental_business_area': '回龙观',
 'rental_city': '北京',
 'rental_community': '东亚上北中心',
 'rental_community_url': 'https://bj.lianjia.com/zufang/c1111027374040/',
 'rental_lighting': '东',
 'rental_liverooms': 0,
 'rental_name': '整租·东亚上北中心 2房间 东',
 'rental_price': '5100',
 'rental_region': '昌平',
 'rental_rooms': '2',
 'rental_timestamp': '2022-12-26',
 'rental_url': 'https://bj.lianjia.com/zufang/BJ1692871719745748992.html'}
2022-12-26T00:42:14 [rent_spider.py:152] DEBUG: lighting info[东亚上北中心]
2022-12-26T00:42:14 [rent_spider.py:116] DEBUG: area info[
        83.62㎡
        ]
2022-12-26T00:42:14 [rent_spider.py:152] DEBUG: lighting info[东南        ]
2022-12-26T00:42:14 [rent_spider.py:121] DEBUG: room info[
          3房间1卫        ]
2022-12-26T00:42:14 [scraper.py:289] DEBUG: Scraped from <200 https://bj.lianjia.com/zufang/c1111027374040/>
{'rental_area': '83.62',
 'rental_bathrooms': '1',
 'rental_business_area': '回龙观',
 'rental_city': '北京',
 'rental_community': '东亚上北中心',
 'rental_community_url': 'https://bj.lianjia.com/zufang/c1111027374040/',
 'rental_lighting': '东南',
 'rental_liverooms': 0,
 'rental_name': '整租·东亚上北中心 3房间 东南',
 'rental_price': '6500',
 'rental_region': '昌平',
 'rental_rooms': '3',
 'rental_timestamp': '2022-12-26',
 'rental_url': 'https://bj.lianjia.com/zufang/BJ1652216375743086592.html'}
2022-12-26T00:42:14 [rent_spider.py:152] DEBUG: lighting info[东亚上北中心]
2022-12-26T00:42:14 [rent_spider.py:116] DEBUG: area info[
        38.00㎡
        ]
2022-12-26T00:42:14 [rent_spider.py:152] DEBUG: lighting info[北        ]
2022-12-26T00:42:14 [rent_spider.py:121] DEBUG: room info[
          1房间1卫        ]
2022-12-26T00:42:14 [scraper.py:289] DEBUG: Scraped from <200 https://bj.lianjia.com/zufang/c1111027374040/>
{'rental_area': '38.00',
 'rental_bathrooms': '1',
 'rental_business_area': '回龙观',
 'rental_city': '北京',
 'rental_community': '东亚上北中心',
 'rental_community_url': 'https://bj.lianjia.com/zufang/c1111027374040/',
 'rental_lighting': '北',
 'rental_liverooms': 0,
 'rental_name': '整租·东亚上北中心 1房间 北',
 'rental_price': '4300',
 'rental_region': '昌平',
 'rental_rooms': '1',
 'rental_timestamp': '2022-12-26',
 'rental_url': 'https://bj.lianjia.com/zufang/BJ1689867334967099392.html'}
2022-12-26T00:42:14 [rent_spider.py:152] DEBUG: lighting info[东亚上北中心]
2022-12-26T00:42:14 [rent_spider.py:116] DEBUG: area info[
        89.00㎡
        ]
2022-12-26T00:42:14 [rent_spider.py:152] DEBUG: lighting info[东南        ]
2022-12-26T00:42:14 [rent_spider.py:121] DEBUG: room info[
          3房间1卫        ]
2022-12-26T00:42:14 [scraper.py:289] DEBUG: Scraped from <200 https://bj.lianjia.com/zufang/c1111027374040/>
{'rental_area': '89.00',
 'rental_bathrooms': '1',
 'rental_business_area': '回龙观',
 'rental_city': '北京',
 'rental_community': '东亚上北中心',
 'rental_community_url': 'https://bj.lianjia.com/zufang/c1111027374040/',
 'rental_lighting': '东南',
 'rental_liverooms': 0,
 'rental_name': '整租·东亚上北中心 3房间 东南',
 'rental_price': '6300',
 'rental_region': '昌平',
 'rental_rooms': '3',
 'rental_timestamp': '2022-12-26',
 'rental_url': 'https://bj.lianjia.com/zufang/BJ1690265071168520192.html'}
2022-12-26T00:42:14 [rent_spider.py:152] DEBUG: lighting info[东亚上北中心]
2022-12-26T00:42:14 [rent_spider.py:116] DEBUG: area info[
        84.00㎡
        ]
2022-12-26T00:42:14 [rent_spider.py:152] DEBUG: lighting info[西南        ]
2022-12-26T00:42:14 [rent_spider.py:121] DEBUG: room info[
          3房间1卫        ]
2022-12-26T00:42:14 [scraper.py:289] DEBUG: Scraped from <200 https://bj.lianjia.com/zufang/c1111027374040/>
{'rental_area': '84.00',
 'rental_bathrooms': '1',
 'rental_business_area': '回龙观',
 'rental_city': '北京',
 'rental_community': '东亚上北中心',
 'rental_community_url': 'https://bj.lianjia.com/zufang/c1111027374040/',
 'rental_lighting': '西南',
 'rental_liverooms': 0,
 'rental_name': '整租·东亚上北中心 3房间 西南',
 'rental_price': '6300',
 'rental_region': '昌平',
 'rental_rooms': '3',
 'rental_timestamp': '2022-12-26',
 'rental_url': 'https://bj.lianjia.com/zufang/BJ1702613957686067200.html'}
2022-12-26T00:42:14 [rent_spider.py:152] DEBUG: lighting info[东亚上北中心]
2022-12-26T00:42:14 [rent_spider.py:116] DEBUG: area info[
        53.00㎡
        ]
2022-12-26T00:42:14 [rent_spider.py:152] DEBUG: lighting info[西北        ]
2022-12-26T00:42:14 [rent_spider.py:121] DEBUG: room info[
          2房间1卫        ]
2022-12-26T00:42:14 [scraper.py:289] DEBUG: Scraped from <200 https://bj.lianjia.com/zufang/c1111027374040/>
{'rental_area': '53.00',
 'rental_bathrooms': '1',
 'rental_business_area': '回龙观',
 'rental_city': '北京',
 'rental_community': '东亚上北中心',
 'rental_community_url': 'https://bj.lianjia.com/zufang/c1111027374040/',
 'rental_lighting': '西北',
 'rental_liverooms': 0,
 'rental_name': '整租·东亚上北中心 2房间 西北',
 'rental_price': '5300',
 'rental_region': '昌平',
 'rental_rooms': '2',
 'rental_timestamp': '2022-12-26',
 'rental_url': 'https://bj.lianjia.com/zufang/BJ1701953841810898944.html'}
2022-12-26T00:42:14 [rent_spider.py:152] DEBUG: lighting info[东亚上北中心]
2022-12-26T00:42:14 [rent_spider.py:116] DEBUG: area info[
        37.00㎡
        ]
2022-12-26T00:42:14 [rent_spider.py:152] DEBUG: lighting info[北        ]
2022-12-26T00:42:14 [rent_spider.py:121] DEBUG: room info[
          1房间1卫        ]
2022-12-26T00:42:14 [scraper.py:289] DEBUG: Scraped from <200 https://bj.lianjia.com/zufang/c1111027374040/>
{'rental_area': '37.00',
 'rental_bathrooms': '1',
 'rental_business_area': '回龙观',
 'rental_city': '北京',
 'rental_community': '东亚上北中心',
 'rental_community_url': 'https://bj.lianjia.com/zufang/c1111027374040/',
 'rental_lighting': '北',
 'rental_liverooms': 0,
 'rental_name': '整租·东亚上北中心 1房间 北',
 'rental_price': '4100',
 'rental_region': '昌平',
 'rental_rooms': '1',
 'rental_timestamp': '2022-12-26',
 'rental_url': 'https://bj.lianjia.com/zufang/BJ1683092352303890432.html'}
2022-12-26T00:42:14 [rent_spider.py:152] DEBUG: lighting info[东亚上北中心]
2022-12-26T00:42:14 [rent_spider.py:116] DEBUG: area info[
        59.00㎡
        ]
2022-12-26T00:42:14 [rent_spider.py:152] DEBUG: lighting info[南        ]
2022-12-26T00:42:14 [rent_spider.py:121] DEBUG: room info[
          2房间1卫        ]
2022-12-26T00:42:14 [scraper.py:289] DEBUG: Scraped from <200 https://bj.lianjia.com/zufang/c1111027374040/>
{'rental_area': '59.00',
 'rental_bathrooms': '1',
 'rental_business_area': '回龙观',
 'rental_city': '北京',
 'rental_community': '东亚上北中心',
 'rental_community_url': 'https://bj.lianjia.com/zufang/c1111027374040/',
 'rental_lighting': '南',
 'rental_liverooms': 0,
 'rental_name': '整租·东亚上北中心 2房间 南',
 'rental_price': '5500',
 'rental_region': '昌平',
 'rental_rooms': '2',
 'rental_timestamp': '2022-12-26',
 'rental_url': 'https://bj.lianjia.com/zufang/BJ1710627110604767232.html'}
2022-12-26T00:42:14 [rent_spider.py:152] DEBUG: lighting info[东亚上北中心]
2022-12-26T00:42:14 [rent_spider.py:116] DEBUG: area info[
        53.00㎡
        ]
2022-12-26T00:42:14 [rent_spider.py:152] DEBUG: lighting info[北        ]
2022-12-26T00:42:14 [rent_spider.py:121] DEBUG: room info[
          2房间1卫        ]
2022-12-26T00:42:14 [scraper.py:289] DEBUG: Scraped from <200 https://bj.lianjia.com/zufang/c1111027374040/>
{'rental_area': '53.00',
 'rental_bathrooms': '1',
 'rental_business_area': '回龙观',
 'rental_city': '北京',
 'rental_community': '东亚上北中心',
 'rental_community_url': 'https://bj.lianjia.com/zufang/c1111027374040/',
 'rental_lighting': '北',
 'rental_liverooms': 0,
 'rental_name': '整租·东亚上北中心 2房间 北',
 'rental_price': '4900',
 'rental_region': '昌平',
 'rental_rooms': '2',
 'rental_timestamp': '2022-12-26',
 'rental_url': 'https://bj.lianjia.com/zufang/BJ1696821011535626240.html'}
2022-12-26T00:42:14 [rent_spider.py:152] DEBUG: lighting info[东亚上北中心]
2022-12-26T00:42:14 [rent_spider.py:116] DEBUG: area info[
        56.53㎡
        ]
2022-12-26T00:42:14 [rent_spider.py:152] DEBUG: lighting info[北        ]
2022-12-26T00:42:14 [rent_spider.py:121] DEBUG: room info[
          2房间1卫        ]
2022-12-26T00:42:14 [scraper.py:289] DEBUG: Scraped from <200 https://bj.lianjia.com/zufang/c1111027374040/>
{'rental_area': '56.53',
 'rental_bathrooms': '1',
 'rental_business_area': '回龙观',
 'rental_city': '北京',
 'rental_community': '东亚上北中心',
 'rental_community_url': 'https://bj.lianjia.com/zufang/c1111027374040/',
 'rental_lighting': '北',
 'rental_liverooms': 0,
 'rental_name': '整租·东亚上北中心 2房间 北',
 'rental_price': '5200',
 'rental_region': '昌平',
 'rental_rooms': '2',
 'rental_timestamp': '2022-12-26',
 'rental_url': 'https://bj.lianjia.com/zufang/BJ1716664447096848384.html'}
2022-12-26T00:42:14 [rent_spider.py:152] DEBUG: lighting info[东亚上北中心]
2022-12-26T00:42:14 [rent_spider.py:116] DEBUG: area info[
        38.43㎡
        ]
2022-12-26T00:42:14 [rent_spider.py:152] DEBUG: lighting info[北        ]
2022-12-26T00:42:14 [rent_spider.py:121] DEBUG: room info[
          1房间1卫        ]
2022-12-26T00:42:14 [scraper.py:289] DEBUG: Scraped from <200 https://bj.lianjia.com/zufang/c1111027374040/>
{'rental_area': '38.43',
 'rental_bathrooms': '1',
 'rental_business_area': '回龙观',
 'rental_city': '北京',
 'rental_community': '东亚上北中心',
 'rental_community_url': 'https://bj.lianjia.com/zufang/c1111027374040/',
 'rental_lighting': '北',
 'rental_liverooms': 0,
 'rental_name': '整租·东亚上北中心 1房间 北',
 'rental_price': '4300',
 'rental_region': '昌平',
 'rental_rooms': '1',
 'rental_timestamp': '2022-12-26',
 'rental_url': 'https://bj.lianjia.com/zufang/BJ1717775028008779776.html'}
2022-12-26T00:42:14 [rent_spider.py:152] DEBUG: lighting info[东亚上北中心]
2022-12-26T00:42:14 [rent_spider.py:116] DEBUG: area info[
        56.30㎡
        ]
2022-12-26T00:42:14 [rent_spider.py:152] DEBUG: lighting info[北        ]
2022-12-26T00:42:14 [rent_spider.py:121] DEBUG: room info[
          2房间1卫        ]
2022-12-26T00:42:14 [scraper.py:289] DEBUG: Scraped from <200 https://bj.lianjia.com/zufang/c1111027374040/>
{'rental_area': '56.30',
 'rental_bathrooms': '1',
 'rental_business_area': '回龙观',
 'rental_city': '北京',
 'rental_community': '东亚上北中心',
 'rental_community_url': 'https://bj.lianjia.com/zufang/c1111027374040/',
 'rental_lighting': '北',
 'rental_liverooms': 0,
 'rental_name': '整租·东亚上北中心 2房间 北',
 'rental_price': '5300',
 'rental_region': '昌平',
 'rental_rooms': '2',
 'rental_timestamp': '2022-12-26',
 'rental_url': 'https://bj.lianjia.com/zufang/BJ1704525516381356032.html'}
2022-12-26T00:42:14 [rent_spider.py:152] DEBUG: lighting info[东亚上北中心]
2022-12-26T00:42:14 [rent_spider.py:116] DEBUG: area info[
        38.00㎡
        ]
2022-12-26T00:42:14 [rent_spider.py:152] DEBUG: lighting info[北        ]
2022-12-26T00:42:14 [rent_spider.py:121] DEBUG: room info[
          1房间2卫        ]
2022-12-26T00:42:14 [scraper.py:289] DEBUG: Scraped from <200 https://bj.lianjia.com/zufang/c1111027374040/>
{'rental_area': '38.00',
 'rental_bathrooms': '2',
 'rental_business_area': '回龙观',
 'rental_city': '北京',
 'rental_community': '东亚上北中心',
 'rental_community_url': 'https://bj.lianjia.com/zufang/c1111027374040/',
 'rental_lighting': '北',
 'rental_liverooms': 0,
 'rental_name': '整租·东亚上北中心 1房间 北',
 'rental_price': '4000',
 'rental_region': '昌平',
 'rental_rooms': '1',
 'rental_timestamp': '2022-12-26',
 'rental_url': 'https://bj.lianjia.com/zufang/BJ1702223830447030272.html'}
2022-12-26T00:42:14 [rent_spider.py:152] DEBUG: lighting info[东亚上北中心]
2022-12-26T00:42:14 [rent_spider.py:116] DEBUG: area info[
        56.39㎡
        ]
2022-12-26T00:42:14 [rent_spider.py:152] DEBUG: lighting info[西北        ]
2022-12-26T00:42:14 [rent_spider.py:121] DEBUG: room info[
          2房间1卫        ]
2022-12-26T00:42:14 [scraper.py:289] DEBUG: Scraped from <200 https://bj.lianjia.com/zufang/c1111027374040/>
{'rental_area': '56.39',
 'rental_bathrooms': '1',
 'rental_business_area': '回龙观',
 'rental_city': '北京',
 'rental_community': '东亚上北中心',
 'rental_community_url': 'https://bj.lianjia.com/zufang/c1111027374040/',
 'rental_lighting': '西北',
 'rental_liverooms': 0,
 'rental_name': '整租·东亚上北中心 2房间 西北',
 'rental_price': '5200',
 'rental_region': '昌平',
 'rental_rooms': '2',
 'rental_timestamp': '2022-12-26',
 'rental_url': 'https://bj.lianjia.com/zufang/BJ1702675870142955520.html'}
2022-12-26T00:42:14 [rent_spider.py:152] DEBUG: lighting info[东亚上北中心]
2022-12-26T00:42:14 [rent_spider.py:116] DEBUG: area info[
        56.00㎡
        ]
2022-12-26T00:42:14 [rent_spider.py:152] DEBUG: lighting info[北        ]
2022-12-26T00:42:14 [rent_spider.py:121] DEBUG: room info[
          2房间1卫        ]
2022-12-26T00:42:14 [scraper.py:289] DEBUG: Scraped from <200 https://bj.lianjia.com/zufang/c1111027374040/>
{'rental_area': '56.00',
 'rental_bathrooms': '1',
 'rental_business_area': '回龙观',
 'rental_city': '北京',
 'rental_community': '东亚上北中心',
 'rental_community_url': 'https://bj.lianjia.com/zufang/c1111027374040/',
 'rental_lighting': '北',
 'rental_liverooms': 0,
 'rental_name': '整租·东亚上北中心 2房间 北',
 'rental_price': '4950',
 'rental_region': '昌平',
 'rental_rooms': '2',
 'rental_timestamp': '2022-12-26',
 'rental_url': 'https://bj.lianjia.com/zufang/BJ1690968801736130560.html'}
2022-12-26T00:42:14 [rent_spider.py:152] DEBUG: lighting info[东亚上北中心]
2022-12-26T00:42:14 [rent_spider.py:116] DEBUG: area info[
        56.84㎡
        ]
2022-12-26T00:42:14 [rent_spider.py:152] DEBUG: lighting info[东        ]
2022-12-26T00:42:14 [rent_spider.py:121] DEBUG: room info[
          2房间1卫        ]
2022-12-26T00:42:14 [scraper.py:289] DEBUG: Scraped from <200 https://bj.lianjia.com/zufang/c1111027374040/>
{'rental_area': '56.84',
 'rental_bathrooms': '1',
 'rental_business_area': '回龙观',
 'rental_city': '北京',
 'rental_community': '东亚上北中心',
 'rental_community_url': 'https://bj.lianjia.com/zufang/c1111027374040/',
 'rental_lighting': '东',
 'rental_liverooms': 0,
 'rental_name': '整租·东亚上北中心 2房间 东',
 'rental_price': '5500',
 'rental_region': '昌平',
 'rental_rooms': '2',
 'rental_timestamp': '2022-12-26',
 'rental_url': 'https://bj.lianjia.com/zufang/BJ1698633891880894464.html'}
2022-12-26T00:42:14 [rent_spider.py:152] DEBUG: lighting info[东亚上北中心]
2022-12-26T00:42:14 [rent_spider.py:116] DEBUG: area info[
        57.00㎡
        ]
2022-12-26T00:42:14 [rent_spider.py:152] DEBUG: lighting info[东北        ]
2022-12-26T00:42:14 [rent_spider.py:121] DEBUG: room info[
          2房间1卫        ]
2022-12-26T00:42:14 [scraper.py:289] DEBUG: Scraped from <200 https://bj.lianjia.com/zufang/c1111027374040/>
{'rental_area': '57.00',
 'rental_bathrooms': '1',
 'rental_business_area': '回龙观',
 'rental_city': '北京',
 'rental_community': '东亚上北中心',
 'rental_community_url': 'https://bj.lianjia.com/zufang/c1111027374040/',
 'rental_lighting': '东北',
 'rental_liverooms': 0,
 'rental_name': '整租·东亚上北中心 2房间 东北',
 'rental_price': '5300',
 'rental_region': '昌平',
 'rental_rooms': '2',
 'rental_timestamp': '2022-12-26',
 'rental_url': 'https://bj.lianjia.com/zufang/BJ1698235387601747968.html'}
2022-12-26T00:42:14 [rent_spider.py:217] INFO: Crawl next page's rentals: [https://bj.lianjia.com/zufang/pg2c1111027374040/]
2022-12-26T00:42:22 [engine.py:295] DEBUG: Crawled (200) <GET https://bj.lianjia.com/zufang/c1111027378138/> (referer: None)
2022-12-26T00:42:22 [rent_spider.py:70] DEBUG: Number of houses available on rent[36]
2022-12-26T00:42:22 [rent_spider.py:116] DEBUG: area info[
        47.57㎡
        ]
2022-12-26T00:42:22 [rent_spider.py:152] DEBUG: lighting info[北        ]
2022-12-26T00:42:22 [rent_spider.py:121] DEBUG: room info[
          1室0厅1卫        ]
2022-12-26T00:42:22 [pipelines.py:675] INFO: The rental 整租·流星花园三区 1室0厅 北 is already in table rental.
2022-12-26T00:42:22 [scraper.py:289] DEBUG: Scraped from <200 https://bj.lianjia.com/zufang/c1111027378138/>
None
2022-12-26T00:42:22 [rent_spider.py:116] DEBUG: area info[
        126.80㎡
        ]
2022-12-26T00:42:22 [rent_spider.py:152] DEBUG: lighting info[南 北        ]
2022-12-26T00:42:22 [rent_spider.py:121] DEBUG: room info[
          3室2厅2卫        ]
2022-12-26T00:42:22 [pipelines.py:675] INFO: The rental 整租·流星花园三区 3室2厅 南/北 is already in table rental.
2022-12-26T00:42:22 [scraper.py:289] DEBUG: Scraped from <200 https://bj.lianjia.com/zufang/c1111027378138/>
None
2022-12-26T00:42:22 [rent_spider.py:116] DEBUG: area info[
        47.00㎡
        ]
2022-12-26T00:42:22 [rent_spider.py:152] DEBUG: lighting info[北        ]
2022-12-26T00:42:22 [rent_spider.py:121] DEBUG: room info[
          1室0厅0卫        ]
2022-12-26T00:42:22 [pipelines.py:675] INFO: The rental 整租·流星花园三区 1室0厅 北 is already in table rental.
2022-12-26T00:42:22 [scraper.py:289] DEBUG: Scraped from <200 https://bj.lianjia.com/zufang/c1111027378138/>
None
2022-12-26T00:42:22 [rent_spider.py:116] DEBUG: area info[
        100.00㎡
        ]
2022-12-26T00:42:22 [rent_spider.py:152] DEBUG: lighting info[南 北        ]
2022-12-26T00:42:22 [rent_spider.py:121] DEBUG: room info[
          2室1厅1卫        ]
2022-12-26T00:42:22 [pipelines.py:675] INFO: The rental 整租·流星花园三区 2室1厅 南/北 is already in table rental.
2022-12-26T00:42:22 [scraper.py:289] DEBUG: Scraped from <200 https://bj.lianjia.com/zufang/c1111027378138/>
None
2022-12-26T00:42:22 [rent_spider.py:116] DEBUG: area info[
        174.75㎡
        ]
2022-12-26T00:42:22 [rent_spider.py:152] DEBUG: lighting info[东 南 北        ]
2022-12-26T00:42:22 [rent_spider.py:121] DEBUG: room info[
          4室2厅2卫        ]
2022-12-26T00:42:22 [pipelines.py:675] INFO: The rental 整租·流星花园三区 4室2厅 东/南/北 is already in table rental.
2022-12-26T00:42:22 [scraper.py:289] DEBUG: Scraped from <200 https://bj.lianjia.com/zufang/c1111027378138/>
None
2022-12-26T00:42:22 [rent_spider.py:116] DEBUG: area info[
        95.00㎡
        ]
2022-12-26T00:42:22 [rent_spider.py:152] DEBUG: lighting info[南 北        ]
2022-12-26T00:42:22 [rent_spider.py:121] DEBUG: room info[
          2室1厅1卫        ]
2022-12-26T00:42:22 [pipelines.py:675] INFO: The rental 整租·流星花园三区 2室1厅 南/北 is already in table rental.
2022-12-26T00:42:22 [scraper.py:289] DEBUG: Scraped from <200 https://bj.lianjia.com/zufang/c1111027378138/>
None
2022-12-26T00:42:22 [rent_spider.py:116] DEBUG: area info[
        102.00㎡
        ]
2022-12-26T00:42:22 [rent_spider.py:152] DEBUG: lighting info[南 北        ]
2022-12-26T00:42:22 [rent_spider.py:121] DEBUG: room info[
          2室1厅1卫        ]
2022-12-26T00:42:22 [pipelines.py:675] INFO: The rental 整租·流星花园三区 2室1厅 南/北 is already in table rental.
2022-12-26T00:42:22 [scraper.py:289] DEBUG: Scraped from <200 https://bj.lianjia.com/zufang/c1111027378138/>
None
2022-12-26T00:42:22 [rent_spider.py:116] DEBUG: area info[
        46.00㎡
        ]
2022-12-26T00:42:22 [rent_spider.py:152] DEBUG: lighting info[东 南        ]
2022-12-26T00:42:22 [rent_spider.py:121] DEBUG: room info[
          1室0厅1卫        ]
2022-12-26T00:42:22 [pipelines.py:675] INFO: The rental 整租·流星花园三区 1室0厅 东/南 is already in table rental.
2022-12-26T00:42:22 [scraper.py:289] DEBUG: Scraped from <200 https://bj.lianjia.com/zufang/c1111027378138/>
None
2022-12-26T00:42:22 [rent_spider.py:116] DEBUG: area info[
        130.00㎡
        ]
2022-12-26T00:42:22 [rent_spider.py:152] DEBUG: lighting info[南 北        ]
2022-12-26T00:42:22 [rent_spider.py:121] DEBUG: room info[
          3室2厅2卫        ]
2022-12-26T00:42:22 [pipelines.py:675] INFO: The rental 整租·流星花园三区 3室2厅 南/北 is already in table rental.
2022-12-26T00:42:22 [scraper.py:289] DEBUG: Scraped from <200 https://bj.lianjia.com/zufang/c1111027378138/>
None
2022-12-26T00:42:22 [rent_spider.py:116] DEBUG: area info[
        139.30㎡
        ]
2022-12-26T00:42:22 [rent_spider.py:152] DEBUG: lighting info[南 北        ]
2022-12-26T00:42:22 [rent_spider.py:121] DEBUG: room info[
          3室1厅2卫        ]
2022-12-26T00:42:22 [pipelines.py:675] INFO: The rental 整租·流星花园三区 3室1厅 南/北 is already in table rental.
2022-12-26T00:42:22 [scraper.py:289] DEBUG: Scraped from <200 https://bj.lianjia.com/zufang/c1111027378138/>
None
2022-12-26T00:42:22 [rent_spider.py:116] DEBUG: area info[
        102.00㎡
        ]
2022-12-26T00:42:22 [rent_spider.py:152] DEBUG: lighting info[南 北        ]
2022-12-26T00:42:22 [rent_spider.py:121] DEBUG: room info[
          2室1厅1卫        ]
2022-12-26T00:42:22 [pipelines.py:675] INFO: The rental 整租·流星花园三区 2室1厅 南/北 is already in table rental.
2022-12-26T00:42:22 [scraper.py:289] DEBUG: Scraped from <200 https://bj.lianjia.com/zufang/c1111027378138/>
None
2022-12-26T00:42:22 [rent_spider.py:116] DEBUG: area info[
        102.51㎡
        ]
2022-12-26T00:42:22 [rent_spider.py:152] DEBUG: lighting info[南 西 北        ]
2022-12-26T00:42:22 [rent_spider.py:121] DEBUG: room info[
          2室1厅2卫        ]
2022-12-26T00:42:22 [pipelines.py:675] INFO: The rental 整租·流星花园三区 2室1厅 南/西/北 is already in table rental.
2022-12-26T00:42:22 [scraper.py:289] DEBUG: Scraped from <200 https://bj.lianjia.com/zufang/c1111027378138/>
None
2022-12-26T00:42:22 [rent_spider.py:116] DEBUG: area info[
        47.22㎡
        ]
2022-12-26T00:42:22 [rent_spider.py:152] DEBUG: lighting info[北        ]
2022-12-26T00:42:22 [rent_spider.py:121] DEBUG: room info[
          1室0厅1卫        ]
2022-12-26T00:42:22 [pipelines.py:675] INFO: The rental 整租·流星花园三区 1室0厅 北 is already in table rental.
2022-12-26T00:42:22 [scraper.py:289] DEBUG: Scraped from <200 https://bj.lianjia.com/zufang/c1111027378138/>
None
2022-12-26T00:42:22 [rent_spider.py:116] DEBUG: area info[
        86.28㎡
        ]
2022-12-26T00:42:22 [rent_spider.py:152] DEBUG: lighting info[东南 南        ]
2022-12-26T00:42:22 [rent_spider.py:121] DEBUG: room info[
          2室1厅1卫        ]
2022-12-26T00:42:22 [pipelines.py:675] INFO: The rental 整租·流星花园三区 2室1厅 东南/南 is already in table rental.
2022-12-26T00:42:22 [scraper.py:289] DEBUG: Scraped from <200 https://bj.lianjia.com/zufang/c1111027378138/>
None
2022-12-26T00:42:22 [rent_spider.py:116] DEBUG: area info[
        115.00㎡
        ]
2022-12-26T00:42:22 [rent_spider.py:152] DEBUG: lighting info[南 北        ]
2022-12-26T00:42:22 [rent_spider.py:121] DEBUG: room info[
          3室2厅2卫        ]
2022-12-26T00:42:22 [pipelines.py:675] INFO: The rental 整租·流星花园三区 3室2厅 南/北 is already in table rental.
2022-12-26T00:42:22 [scraper.py:289] DEBUG: Scraped from <200 https://bj.lianjia.com/zufang/c1111027378138/>
None
2022-12-26T00:42:22 [rent_spider.py:116] DEBUG: area info[
        49.61㎡
        ]
2022-12-26T00:42:22 [rent_spider.py:152] DEBUG: lighting info[北        ]
2022-12-26T00:42:22 [rent_spider.py:121] DEBUG: room info[
          1室1厅1卫        ]
2022-12-26T00:42:22 [pipelines.py:675] INFO: The rental 整租·流星花园三区 1室1厅 北 is already in table rental.
2022-12-26T00:42:22 [scraper.py:289] DEBUG: Scraped from <200 https://bj.lianjia.com/zufang/c1111027378138/>
None
2022-12-26T00:42:22 [rent_spider.py:116] DEBUG: area info[
        102.00㎡
        ]
2022-12-26T00:42:22 [rent_spider.py:152] DEBUG: lighting info[南 北        ]
2022-12-26T00:42:22 [rent_spider.py:121] DEBUG: room info[
          2室1厅1卫        ]
2022-12-26T00:42:22 [pipelines.py:675] INFO: The rental 整租·流星花园三区 2室1厅 南/北 is already in table rental.
2022-12-26T00:42:22 [scraper.py:289] DEBUG: Scraped from <200 https://bj.lianjia.com/zufang/c1111027378138/>
None
2022-12-26T00:42:22 [rent_spider.py:116] DEBUG: area info[
        72.67㎡
        ]
2022-12-26T00:42:22 [rent_spider.py:152] DEBUG: lighting info[南        ]
2022-12-26T00:42:22 [rent_spider.py:121] DEBUG: room info[
          1室1厅1卫        ]
2022-12-26T00:42:22 [pipelines.py:675] INFO: The rental 整租·流星花园三区 1室1厅 南 is already in table rental.
2022-12-26T00:42:22 [scraper.py:289] DEBUG: Scraped from <200 https://bj.lianjia.com/zufang/c1111027378138/>
None
2022-12-26T00:42:22 [rent_spider.py:116] DEBUG: area info[
        122.25㎡
        ]
2022-12-26T00:42:22 [rent_spider.py:152] DEBUG: lighting info[南 北        ]
2022-12-26T00:42:22 [rent_spider.py:121] DEBUG: room info[
          3室1厅2卫        ]
2022-12-26T00:42:22 [pipelines.py:675] INFO: The rental 整租·流星花园三区 3室1厅 南/北 is already in table rental.
2022-12-26T00:42:22 [scraper.py:289] DEBUG: Scraped from <200 https://bj.lianjia.com/zufang/c1111027378138/>
None
2022-12-26T00:42:22 [rent_spider.py:116] DEBUG: area info[
        102.00㎡
        ]
2022-12-26T00:42:22 [rent_spider.py:152] DEBUG: lighting info[南 北        ]
2022-12-26T00:42:22 [rent_spider.py:121] DEBUG: room info[
          2室1厅1卫        ]
2022-12-26T00:42:22 [pipelines.py:675] INFO: The rental 整租·流星花园三区 2室1厅 南/北 is already in table rental.
2022-12-26T00:42:22 [scraper.py:289] DEBUG: Scraped from <200 https://bj.lianjia.com/zufang/c1111027378138/>
None
2022-12-26T00:42:22 [rent_spider.py:116] DEBUG: area info[
        121.00㎡
        ]
2022-12-26T00:42:22 [rent_spider.py:152] DEBUG: lighting info[南 北        ]
2022-12-26T00:42:22 [rent_spider.py:121] DEBUG: room info[
          3室1厅2卫        ]
2022-12-26T00:42:22 [pipelines.py:675] INFO: The rental 整租·流星花园三区 3室1厅 南/北 is already in table rental.
2022-12-26T00:42:22 [scraper.py:289] DEBUG: Scraped from <200 https://bj.lianjia.com/zufang/c1111027378138/>
None
2022-12-26T00:42:22 [rent_spider.py:116] DEBUG: area info[
        101.00㎡
        ]
2022-12-26T00:42:22 [rent_spider.py:152] DEBUG: lighting info[南 北        ]
2022-12-26T00:42:22 [rent_spider.py:121] DEBUG: room info[
          2室1厅1卫        ]
2022-12-26T00:42:22 [pipelines.py:675] INFO: The rental 整租·流星花园三区 2室1厅 南/北 is already in table rental.
2022-12-26T00:42:22 [scraper.py:289] DEBUG: Scraped from <200 https://bj.lianjia.com/zufang/c1111027378138/>
None
2022-12-26T00:42:22 [rent_spider.py:116] DEBUG: area info[
        100.42㎡
        ]
2022-12-26T00:42:22 [rent_spider.py:152] DEBUG: lighting info[南 北        ]
2022-12-26T00:42:22 [rent_spider.py:121] DEBUG: room info[
          2室1厅1卫        ]
2022-12-26T00:42:22 [pipelines.py:675] INFO: The rental 整租·流星花园三区 2室1厅 南/北 is already in table rental.
2022-12-26T00:42:22 [scraper.py:289] DEBUG: Scraped from <200 https://bj.lianjia.com/zufang/c1111027378138/>
None
2022-12-26T00:42:22 [rent_spider.py:116] DEBUG: area info[
        121.00㎡
        ]
2022-12-26T00:42:22 [rent_spider.py:152] DEBUG: lighting info[南 北        ]
2022-12-26T00:42:22 [rent_spider.py:121] DEBUG: room info[
          3室2厅2卫        ]
2022-12-26T00:42:22 [pipelines.py:675] INFO: The rental 整租·流星花园三区 3室2厅 南/北 is already in table rental.
2022-12-26T00:42:22 [scraper.py:289] DEBUG: Scraped from <200 https://bj.lianjia.com/zufang/c1111027378138/>
None
2022-12-26T00:42:22 [rent_spider.py:116] DEBUG: area info[
        140.00㎡
        ]
2022-12-26T00:42:22 [rent_spider.py:152] DEBUG: lighting info[南 北        ]
2022-12-26T00:42:22 [rent_spider.py:121] DEBUG: room info[
          3室1厅2卫        ]
2022-12-26T00:42:22 [pipelines.py:675] INFO: The rental 整租·流星花园三区 3室1厅 南/北 is already in table rental.
2022-12-26T00:42:22 [scraper.py:289] DEBUG: Scraped from <200 https://bj.lianjia.com/zufang/c1111027378138/>
None
2022-12-26T00:42:22 [rent_spider.py:116] DEBUG: area info[
        110.00㎡
        ]
2022-12-26T00:42:22 [rent_spider.py:152] DEBUG: lighting info[南 北        ]
2022-12-26T00:42:22 [rent_spider.py:121] DEBUG: room info[
          3室1厅1卫        ]
2022-12-26T00:42:22 [pipelines.py:675] INFO: The rental 整租·流星花园三区 3室1厅 复式 南/北 is already in table rental.
2022-12-26T00:42:22 [scraper.py:289] DEBUG: Scraped from <200 https://bj.lianjia.com/zufang/c1111027378138/>
None
2022-12-26T00:42:22 [rent_spider.py:116] DEBUG: area info[
        121.00㎡
        ]
2022-12-26T00:42:22 [rent_spider.py:152] DEBUG: lighting info[南 北        ]
2022-12-26T00:42:22 [rent_spider.py:121] DEBUG: room info[
          3室2厅2卫        ]
2022-12-26T00:42:22 [pipelines.py:675] INFO: The rental 整租·流星花园三区 3室2厅 南/北 is already in table rental.
2022-12-26T00:42:22 [scraper.py:289] DEBUG: Scraped from <200 https://bj.lianjia.com/zufang/c1111027378138/>
None
2022-12-26T00:42:22 [rent_spider.py:116] DEBUG: area info[
        142.00㎡
        ]
2022-12-26T00:42:22 [rent_spider.py:152] DEBUG: lighting info[南 北        ]
2022-12-26T00:42:22 [rent_spider.py:121] DEBUG: room info[
          3室2厅2卫        ]
2022-12-26T00:42:22 [pipelines.py:675] INFO: The rental 整租·流星花园三区 3室2厅 南/北 is already in table rental.
2022-12-26T00:42:22 [scraper.py:289] DEBUG: Scraped from <200 https://bj.lianjia.com/zufang/c1111027378138/>
None
2022-12-26T00:42:22 [rent_spider.py:116] DEBUG: area info[
        110.00㎡
        ]
2022-12-26T00:42:22 [rent_spider.py:152] DEBUG: lighting info[南 北        ]
2022-12-26T00:42:22 [rent_spider.py:121] DEBUG: room info[
          3室1厅1卫        ]
2022-12-26T00:42:22 [pipelines.py:675] INFO: The rental 整租·流星花园三区 3室1厅 南/北 is already in table rental.
2022-12-26T00:42:22 [scraper.py:289] DEBUG: Scraped from <200 https://bj.lianjia.com/zufang/c1111027378138/>
None
2022-12-26T00:42:22 [rent_spider.py:116] DEBUG: area info[
        95.00㎡
        ]
2022-12-26T00:42:22 [rent_spider.py:152] DEBUG: lighting info[南 北        ]
2022-12-26T00:42:22 [rent_spider.py:121] DEBUG: room info[
          3室1厅1卫        ]
2022-12-26T00:42:22 [pipelines.py:675] INFO: The rental 整租·流星花园三区 3室1厅 南/北 is already in table rental.
2022-12-26T00:42:22 [scraper.py:289] DEBUG: Scraped from <200 https://bj.lianjia.com/zufang/c1111027378138/>
None
2022-12-26T00:42:22 [rent_spider.py:217] INFO: Crawl next page's rentals: [https://bj.lianjia.com/zufang/pg2c1111027378138/]
2022-12-26T00:42:28 [engine.py:295] DEBUG: Crawled (200) <GET https://bj.lianjia.com/zufang/c1111027381003/> (referer: None)
2022-12-26T00:42:28 [rent_spider.py:70] DEBUG: Number of houses available on rent[40]
2022-12-26T00:42:28 [rent_spider.py:116] DEBUG: area info[
        47.00㎡
        ]
2022-12-26T00:42:28 [rent_spider.py:152] DEBUG: lighting info[北        ]
2022-12-26T00:42:28 [rent_spider.py:121] DEBUG: room info[
          1室0厅1卫        ]
2022-12-26T00:42:28 [pipelines.py:675] INFO: The rental 整租·新龙城 1室0厅 北 is already in table rental.
2022-12-26T00:42:28 [scraper.py:289] DEBUG: Scraped from <200 https://bj.lianjia.com/zufang/c1111027381003/>
None
2022-12-26T00:42:28 [rent_spider.py:116] DEBUG: area info[
        70.56㎡
        ]
2022-12-26T00:42:28 [rent_spider.py:152] DEBUG: lighting info[北        ]
2022-12-26T00:42:28 [rent_spider.py:121] DEBUG: room info[
          1室1厅1卫        ]
2022-12-26T00:42:28 [pipelines.py:675] INFO: The rental 整租·新龙城 1室1厅 北 is already in table rental.
2022-12-26T00:42:28 [scraper.py:289] DEBUG: Scraped from <200 https://bj.lianjia.com/zufang/c1111027381003/>
None
2022-12-26T00:42:28 [rent_spider.py:116] DEBUG: area info[
        117.00㎡
        ]
2022-12-26T00:42:28 [rent_spider.py:152] DEBUG: lighting info[南 北        ]
2022-12-26T00:42:28 [rent_spider.py:121] DEBUG: room info[
          2室1厅1卫        ]
2022-12-26T00:42:28 [pipelines.py:675] INFO: The rental 整租·新龙城 2室1厅 南/北 is already in table rental.
2022-12-26T00:42:28 [scraper.py:289] DEBUG: Scraped from <200 https://bj.lianjia.com/zufang/c1111027381003/>
None
2022-12-26T00:42:28 [rent_spider.py:116] DEBUG: area info[
        107.00㎡
        ]
2022-12-26T00:42:28 [rent_spider.py:152] DEBUG: lighting info[南 北        ]
2022-12-26T00:42:28 [rent_spider.py:121] DEBUG: room info[
          2室1厅1卫        ]
2022-12-26T00:42:28 [pipelines.py:675] INFO: The rental 整租·新龙城 2室1厅 南/北 is already in table rental.
2022-12-26T00:42:28 [scraper.py:289] DEBUG: Scraped from <200 https://bj.lianjia.com/zufang/c1111027381003/>
None
2022-12-26T00:42:28 [rent_spider.py:116] DEBUG: area info[
        100.54㎡
        ]
2022-12-26T00:42:28 [rent_spider.py:152] DEBUG: lighting info[南 北        ]
2022-12-26T00:42:28 [rent_spider.py:121] DEBUG: room info[
          2室1厅1卫        ]
2022-12-26T00:42:28 [pipelines.py:675] INFO: The rental 整租·新龙城 2室1厅 南/北 is already in table rental.
2022-12-26T00:42:28 [scraper.py:289] DEBUG: Scraped from <200 https://bj.lianjia.com/zufang/c1111027381003/>
None
2022-12-26T00:42:28 [rent_spider.py:116] DEBUG: area info[
        91.00㎡
        ]
2022-12-26T00:42:28 [rent_spider.py:152] DEBUG: lighting info[东 南        ]
2022-12-26T00:42:28 [rent_spider.py:121] DEBUG: room info[
          2室1厅1卫        ]
2022-12-26T00:42:28 [pipelines.py:675] INFO: The rental 整租·新龙城 2室1厅 东/南 is already in table rental.
2022-12-26T00:42:28 [scraper.py:289] DEBUG: Scraped from <200 https://bj.lianjia.com/zufang/c1111027381003/>
None
2022-12-26T00:42:28 [rent_spider.py:116] DEBUG: area info[
        95.19㎡
        ]
2022-12-26T00:42:28 [rent_spider.py:152] DEBUG: lighting info[东 西        ]
2022-12-26T00:42:28 [rent_spider.py:121] DEBUG: room info[
          2室1厅1卫        ]
2022-12-26T00:42:28 [pipelines.py:675] INFO: The rental 整租·新龙城 2室1厅 东/西 is already in table rental.
2022-12-26T00:42:28 [scraper.py:289] DEBUG: Scraped from <200 https://bj.lianjia.com/zufang/c1111027381003/>
None
2022-12-26T00:42:28 [rent_spider.py:116] DEBUG: area info[
        121.00㎡
        ]
2022-12-26T00:42:28 [rent_spider.py:152] DEBUG: lighting info[南 北        ]
2022-12-26T00:42:28 [rent_spider.py:121] DEBUG: room info[
          3室1厅2卫        ]
2022-12-26T00:42:28 [pipelines.py:675] INFO: The rental 整租·新龙城 3室1厅 南/北 is already in table rental.
2022-12-26T00:42:28 [scraper.py:289] DEBUG: Scraped from <200 https://bj.lianjia.com/zufang/c1111027381003/>
None
2022-12-26T00:42:28 [rent_spider.py:116] DEBUG: area info[
        114.00㎡
        ]
2022-12-26T00:42:28 [rent_spider.py:152] DEBUG: lighting info[南 北        ]
2022-12-26T00:42:28 [rent_spider.py:121] DEBUG: room info[
          3室1厅2卫        ]
2022-12-26T00:42:28 [pipelines.py:675] INFO: The rental 整租·新龙城 3室1厅 南/北 is already in table rental.
2022-12-26T00:42:28 [scraper.py:289] DEBUG: Scraped from <200 https://bj.lianjia.com/zufang/c1111027381003/>
None
2022-12-26T00:42:28 [rent_spider.py:116] DEBUG: area info[
        70.41㎡
        ]
2022-12-26T00:42:28 [rent_spider.py:152] DEBUG: lighting info[南        ]
2022-12-26T00:42:28 [rent_spider.py:121] DEBUG: room info[
          1室1厅1卫        ]
2022-12-26T00:42:28 [pipelines.py:675] INFO: The rental 整租·新龙城 1室1厅 南 is already in table rental.
2022-12-26T00:42:28 [scraper.py:289] DEBUG: Scraped from <200 https://bj.lianjia.com/zufang/c1111027381003/>
None
2022-12-26T00:42:28 [rent_spider.py:116] DEBUG: area info[
        70.25㎡
        ]
2022-12-26T00:42:28 [rent_spider.py:152] DEBUG: lighting info[南        ]
2022-12-26T00:42:28 [rent_spider.py:121] DEBUG: room info[
          1室1厅1卫        ]
2022-12-26T00:42:28 [pipelines.py:675] INFO: The rental 整租·新龙城 1室1厅 南 is already in table rental.
2022-12-26T00:42:28 [scraper.py:289] DEBUG: Scraped from <200 https://bj.lianjia.com/zufang/c1111027381003/>
None
2022-12-26T00:42:28 [rent_spider.py:116] DEBUG: area info[
        56.77㎡
        ]
2022-12-26T00:42:28 [rent_spider.py:152] DEBUG: lighting info[北        ]
2022-12-26T00:42:28 [rent_spider.py:121] DEBUG: room info[
          1室1厅1卫        ]
2022-12-26T00:42:28 [pipelines.py:675] INFO: The rental 整租·新龙城 1室1厅 北 is already in table rental.
2022-12-26T00:42:28 [scraper.py:289] DEBUG: Scraped from <200 https://bj.lianjia.com/zufang/c1111027381003/>
None
2022-12-26T00:42:28 [rent_spider.py:116] DEBUG: area info[
        90.53㎡
        ]
2022-12-26T00:42:28 [rent_spider.py:152] DEBUG: lighting info[东南        ]
2022-12-26T00:42:28 [rent_spider.py:121] DEBUG: room info[
          2室1厅1卫        ]
2022-12-26T00:42:28 [pipelines.py:675] INFO: The rental 整租·新龙城 2室1厅 东南 is already in table rental.
2022-12-26T00:42:28 [scraper.py:289] DEBUG: Scraped from <200 https://bj.lianjia.com/zufang/c1111027381003/>
None
2022-12-26T00:42:28 [rent_spider.py:116] DEBUG: area info[
        91.07㎡
        ]
2022-12-26T00:42:28 [rent_spider.py:152] DEBUG: lighting info[东 西        ]
2022-12-26T00:42:28 [rent_spider.py:121] DEBUG: room info[
          2室1厅1卫        ]
2022-12-26T00:42:28 [pipelines.py:675] INFO: The rental 整租·新龙城 2室1厅 东/西 is already in table rental.
2022-12-26T00:42:28 [scraper.py:289] DEBUG: Scraped from <200 https://bj.lianjia.com/zufang/c1111027381003/>
None
2022-12-26T00:42:28 [rent_spider.py:116] DEBUG: area info[
        98.00㎡
        ]
2022-12-26T00:42:28 [rent_spider.py:152] DEBUG: lighting info[南 北        ]
2022-12-26T00:42:28 [rent_spider.py:121] DEBUG: room info[
          2室1厅1卫        ]
2022-12-26T00:42:28 [pipelines.py:675] INFO: The rental 整租·新龙城 2室1厅 南/北 is already in table rental.
2022-12-26T00:42:28 [scraper.py:289] DEBUG: Scraped from <200 https://bj.lianjia.com/zufang/c1111027381003/>
None
2022-12-26T00:42:28 [rent_spider.py:116] DEBUG: area info[
        110.00㎡
        ]
2022-12-26T00:42:28 [rent_spider.py:152] DEBUG: lighting info[南 北        ]
2022-12-26T00:42:28 [rent_spider.py:121] DEBUG: room info[
          3室1厅2卫        ]
2022-12-26T00:42:28 [pipelines.py:675] INFO: The rental 整租·新龙城 3室1厅 南/北 is already in table rental.
2022-12-26T00:42:28 [scraper.py:289] DEBUG: Scraped from <200 https://bj.lianjia.com/zufang/c1111027381003/>
None
2022-12-26T00:42:28 [rent_spider.py:116] DEBUG: area info[
        109.00㎡
        ]
2022-12-26T00:42:28 [rent_spider.py:152] DEBUG: lighting info[东 西        ]
2022-12-26T00:42:28 [rent_spider.py:121] DEBUG: room info[
          3室1厅1卫        ]
2022-12-26T00:42:28 [pipelines.py:675] INFO: The rental 整租·新龙城 3室1厅 东/西 is already in table rental.
2022-12-26T00:42:28 [scraper.py:289] DEBUG: Scraped from <200 https://bj.lianjia.com/zufang/c1111027381003/>
None
2022-12-26T00:42:28 [rent_spider.py:116] DEBUG: area info[
        121.00㎡
        ]
2022-12-26T00:42:28 [rent_spider.py:152] DEBUG: lighting info[南 北        ]
2022-12-26T00:42:28 [rent_spider.py:121] DEBUG: room info[
          3室1厅2卫        ]
2022-12-26T00:42:28 [pipelines.py:675] INFO: The rental 整租·新龙城 3室1厅 南/北 is already in table rental.
2022-12-26T00:42:28 [scraper.py:289] DEBUG: Scraped from <200 https://bj.lianjia.com/zufang/c1111027381003/>
None
2022-12-26T00:42:28 [rent_spider.py:116] DEBUG: area info[
        110.00㎡
        ]
2022-12-26T00:42:28 [rent_spider.py:152] DEBUG: lighting info[南 北        ]
2022-12-26T00:42:28 [rent_spider.py:121] DEBUG: room info[
          3室2厅2卫        ]
2022-12-26T00:42:28 [pipelines.py:675] INFO: The rental 整租·新龙城 3室2厅 南/北 is already in table rental.
2022-12-26T00:42:28 [scraper.py:289] DEBUG: Scraped from <200 https://bj.lianjia.com/zufang/c1111027381003/>
None
2022-12-26T00:42:28 [rent_spider.py:116] DEBUG: area info[
        118.00㎡
        ]
2022-12-26T00:42:28 [rent_spider.py:152] DEBUG: lighting info[南 北        ]
2022-12-26T00:42:28 [rent_spider.py:121] DEBUG: room info[
          3室2厅2卫        ]
2022-12-26T00:42:28 [pipelines.py:675] INFO: The rental 整租·新龙城 3室2厅 南/北 is already in table rental.
2022-12-26T00:42:28 [scraper.py:289] DEBUG: Scraped from <200 https://bj.lianjia.com/zufang/c1111027381003/>
None
2022-12-26T00:42:28 [rent_spider.py:116] DEBUG: area info[
        113.04㎡
        ]
2022-12-26T00:42:28 [rent_spider.py:152] DEBUG: lighting info[南 北        ]
2022-12-26T00:42:28 [rent_spider.py:121] DEBUG: room info[
          3室1厅2卫        ]
2022-12-26T00:42:28 [pipelines.py:675] INFO: The rental 整租·新龙城 3室1厅 南/北 is already in table rental.
2022-12-26T00:42:28 [scraper.py:289] DEBUG: Scraped from <200 https://bj.lianjia.com/zufang/c1111027381003/>
None
2022-12-26T00:42:28 [rent_spider.py:116] DEBUG: area info[
        46.45㎡
        ]
2022-12-26T00:42:28 [rent_spider.py:152] DEBUG: lighting info[北        ]
2022-12-26T00:42:28 [rent_spider.py:121] DEBUG: room info[
          1室0厅1卫        ]
2022-12-26T00:42:28 [pipelines.py:675] INFO: The rental 整租·新龙城 1室0厅 北 is already in table rental.
2022-12-26T00:42:28 [scraper.py:289] DEBUG: Scraped from <200 https://bj.lianjia.com/zufang/c1111027381003/>
None
2022-12-26T00:42:28 [rent_spider.py:116] DEBUG: area info[
        113.00㎡
        ]
2022-12-26T00:42:28 [rent_spider.py:152] DEBUG: lighting info[南 北        ]
2022-12-26T00:42:28 [rent_spider.py:121] DEBUG: room info[
          3室1厅2卫        ]
2022-12-26T00:42:28 [pipelines.py:675] INFO: The rental 整租·新龙城 3室1厅 南/北 is already in table rental.
2022-12-26T00:42:28 [scraper.py:289] DEBUG: Scraped from <200 https://bj.lianjia.com/zufang/c1111027381003/>
None
2022-12-26T00:42:28 [rent_spider.py:116] DEBUG: area info[
        47.00㎡
        ]
2022-12-26T00:42:28 [rent_spider.py:152] DEBUG: lighting info[北        ]
2022-12-26T00:42:28 [rent_spider.py:121] DEBUG: room info[
          1室0厅1卫        ]
2022-12-26T00:42:28 [pipelines.py:675] INFO: The rental 整租·新龙城 1室0厅 北 is already in table rental.
2022-12-26T00:42:28 [scraper.py:289] DEBUG: Scraped from <200 https://bj.lianjia.com/zufang/c1111027381003/>
None
2022-12-26T00:42:28 [rent_spider.py:116] DEBUG: area info[
        46.45㎡
        ]
2022-12-26T00:42:28 [rent_spider.py:152] DEBUG: lighting info[北        ]
2022-12-26T00:42:28 [rent_spider.py:121] DEBUG: room info[
          1室1厅1卫        ]
2022-12-26T00:42:28 [pipelines.py:675] INFO: The rental 整租·新龙城 1室1厅 北 is already in table rental.
2022-12-26T00:42:28 [scraper.py:289] DEBUG: Scraped from <200 https://bj.lianjia.com/zufang/c1111027381003/>
None
2022-12-26T00:42:28 [rent_spider.py:116] DEBUG: area info[
        90.00㎡
        ]
2022-12-26T00:42:28 [rent_spider.py:152] DEBUG: lighting info[东 南        ]
2022-12-26T00:42:28 [rent_spider.py:121] DEBUG: room info[
          2室2厅1卫        ]
2022-12-26T00:42:28 [pipelines.py:675] INFO: The rental 整租·新龙城 2室2厅 东/南 is already in table rental.
2022-12-26T00:42:28 [scraper.py:289] DEBUG: Scraped from <200 https://bj.lianjia.com/zufang/c1111027381003/>
None
2022-12-26T00:42:28 [rent_spider.py:116] DEBUG: area info[
        111.80㎡
        ]
2022-12-26T00:42:28 [rent_spider.py:152] DEBUG: lighting info[南 北        ]
2022-12-26T00:42:28 [rent_spider.py:121] DEBUG: room info[
          3室1厅2卫        ]
2022-12-26T00:42:28 [pipelines.py:675] INFO: The rental 整租·新龙城 3室1厅 南/北 is already in table rental.
2022-12-26T00:42:28 [scraper.py:289] DEBUG: Scraped from <200 https://bj.lianjia.com/zufang/c1111027381003/>
None
2022-12-26T00:42:28 [rent_spider.py:116] DEBUG: area info[
        47.00㎡
        ]
2022-12-26T00:42:28 [rent_spider.py:152] DEBUG: lighting info[北        ]
2022-12-26T00:42:28 [rent_spider.py:121] DEBUG: room info[
          1室0厅1卫        ]
2022-12-26T00:42:28 [pipelines.py:675] INFO: The rental 整租·新龙城 1室0厅 北 is already in table rental.
2022-12-26T00:42:28 [scraper.py:289] DEBUG: Scraped from <200 https://bj.lianjia.com/zufang/c1111027381003/>
None
2022-12-26T00:42:28 [rent_spider.py:116] DEBUG: area info[
        100.20㎡
        ]
2022-12-26T00:42:28 [rent_spider.py:152] DEBUG: lighting info[南 北        ]
2022-12-26T00:42:28 [rent_spider.py:121] DEBUG: room info[
          2室1厅1卫        ]
2022-12-26T00:42:28 [pipelines.py:675] INFO: The rental 整租·新龙城 2室1厅 南/北 is already in table rental.
2022-12-26T00:42:28 [scraper.py:289] DEBUG: Scraped from <200 https://bj.lianjia.com/zufang/c1111027381003/>
None
2022-12-26T00:42:28 [rent_spider.py:116] DEBUG: area info[
        57.00㎡
        ]
2022-12-26T00:42:28 [rent_spider.py:152] DEBUG: lighting info[北        ]
2022-12-26T00:42:28 [rent_spider.py:121] DEBUG: room info[
          2室1厅1卫        ]
2022-12-26T00:42:28 [pipelines.py:675] INFO: The rental 整租·新龙城 2室1厅 北 is already in table rental.
2022-12-26T00:42:28 [scraper.py:289] DEBUG: Scraped from <200 https://bj.lianjia.com/zufang/c1111027381003/>
None
2022-12-26T00:42:28 [rent_spider.py:217] INFO: Crawl next page's rentals: [https://bj.lianjia.com/zufang/pg2c1111027381003/]
2022-12-26T00:42:36 [engine.py:295] DEBUG: Crawled (200) <GET https://bj.lianjia.com/zufang/c1111027382209/> (referer: None)
2022-12-26T00:42:36 [rent_spider.py:70] DEBUG: Number of houses available on rent[58]
2022-12-26T00:42:36 [rent_spider.py:116] DEBUG: area info[
        95.85㎡
        ]
2022-12-26T00:42:36 [rent_spider.py:152] DEBUG: lighting info[西北        ]
2022-12-26T00:42:36 [rent_spider.py:121] DEBUG: room info[
          2室1厅1卫        ]
2022-12-26T00:42:36 [pipelines.py:675] INFO: The rental 整租·远洋山水 2室1厅 西北 is already in table rental.
2022-12-26T00:42:36 [scraper.py:289] DEBUG: Scraped from <200 https://bj.lianjia.com/zufang/c1111027382209/>
None
2022-12-26T00:42:36 [rent_spider.py:116] DEBUG: area info[
        136.10㎡
        ]
2022-12-26T00:42:36 [rent_spider.py:152] DEBUG: lighting info[南 北        ]
2022-12-26T00:42:36 [rent_spider.py:121] DEBUG: room info[
          3室2厅2卫        ]
2022-12-26T00:42:36 [pipelines.py:675] INFO: The rental 整租·远洋山水 3室2厅 南/北 is already in table rental.
2022-12-26T00:42:36 [scraper.py:289] DEBUG: Scraped from <200 https://bj.lianjia.com/zufang/c1111027382209/>
None
2022-12-26T00:42:36 [rent_spider.py:116] DEBUG: area info[
        100.32㎡
        ]
2022-12-26T00:42:36 [rent_spider.py:152] DEBUG: lighting info[东北        ]
2022-12-26T00:42:36 [rent_spider.py:121] DEBUG: room info[
          2室1厅1卫        ]
2022-12-26T00:42:36 [pipelines.py:675] INFO: The rental 整租·远洋山水 2室1厅 东北 is already in table rental.
2022-12-26T00:42:36 [scraper.py:289] DEBUG: Scraped from <200 https://bj.lianjia.com/zufang/c1111027382209/>
None
2022-12-26T00:42:36 [rent_spider.py:116] DEBUG: area info[
        62.00㎡
        ]
2022-12-26T00:42:36 [rent_spider.py:152] DEBUG: lighting info[东        ]
2022-12-26T00:42:36 [rent_spider.py:121] DEBUG: room info[
          1室1厅1卫        ]
2022-12-26T00:42:36 [pipelines.py:675] INFO: The rental 整租·远洋山水 1室1厅 东 is already in table rental.
2022-12-26T00:42:36 [scraper.py:289] DEBUG: Scraped from <200 https://bj.lianjia.com/zufang/c1111027382209/>
None
2022-12-26T00:42:36 [rent_spider.py:116] DEBUG: area info[
        97.80㎡
        ]
2022-12-26T00:42:36 [rent_spider.py:152] DEBUG: lighting info[西南        ]
2022-12-26T00:42:36 [rent_spider.py:121] DEBUG: room info[
          2室1厅1卫        ]
2022-12-26T00:42:36 [pipelines.py:675] INFO: The rental 整租·远洋山水 2室1厅 西南 is already in table rental.
2022-12-26T00:42:36 [scraper.py:289] DEBUG: Scraped from <200 https://bj.lianjia.com/zufang/c1111027382209/>
None
2022-12-26T00:42:36 [rent_spider.py:116] DEBUG: area info[
        64.60㎡
        ]
2022-12-26T00:42:36 [rent_spider.py:152] DEBUG: lighting info[西        ]
2022-12-26T00:42:36 [rent_spider.py:121] DEBUG: room info[
          1室1厅1卫        ]
2022-12-26T00:42:36 [pipelines.py:675] INFO: The rental 整租·远洋山水 1室1厅 西 is already in table rental.
2022-12-26T00:42:36 [scraper.py:289] DEBUG: Scraped from <200 https://bj.lianjia.com/zufang/c1111027382209/>
None
2022-12-26T00:42:36 [rent_spider.py:116] DEBUG: area info[
        64.00㎡
        ]
2022-12-26T00:42:36 [rent_spider.py:152] DEBUG: lighting info[西        ]
2022-12-26T00:42:36 [rent_spider.py:121] DEBUG: room info[
          1室1厅1卫        ]
2022-12-26T00:42:36 [pipelines.py:675] INFO: The rental 整租·远洋山水 1室1厅 西 is already in table rental.
2022-12-26T00:42:36 [scraper.py:289] DEBUG: Scraped from <200 https://bj.lianjia.com/zufang/c1111027382209/>
None
2022-12-26T00:42:36 [rent_spider.py:116] DEBUG: area info[
        61.00㎡
        ]
2022-12-26T00:42:36 [rent_spider.py:152] DEBUG: lighting info[南        ]
2022-12-26T00:42:36 [rent_spider.py:121] DEBUG: room info[
          1室1厅1卫        ]
2022-12-26T00:42:36 [pipelines.py:675] INFO: The rental 整租·远洋山水 1室1厅 南 is already in table rental.
2022-12-26T00:42:36 [scraper.py:289] DEBUG: Scraped from <200 https://bj.lianjia.com/zufang/c1111027382209/>
None
2022-12-26T00:42:36 [rent_spider.py:116] DEBUG: area info[
        94.67㎡
        ]
2022-12-26T00:42:36 [rent_spider.py:152] DEBUG: lighting info[东南        ]
2022-12-26T00:42:36 [rent_spider.py:121] DEBUG: room info[
          2室2厅1卫        ]
2022-12-26T00:42:36 [pipelines.py:675] INFO: The rental 整租·远洋山水 2室2厅 东南 is already in table rental.
2022-12-26T00:42:36 [scraper.py:289] DEBUG: Scraped from <200 https://bj.lianjia.com/zufang/c1111027382209/>
None
2022-12-26T00:42:36 [rent_spider.py:116] DEBUG: area info[
        127.00㎡
        ]
2022-12-26T00:42:36 [rent_spider.py:152] DEBUG: lighting info[南 北        ]
2022-12-26T00:42:36 [rent_spider.py:121] DEBUG: room info[
          2室2厅2卫        ]
2022-12-26T00:42:36 [pipelines.py:675] INFO: The rental 整租·远洋山水 2室2厅 南/北 is already in table rental.
2022-12-26T00:42:36 [scraper.py:289] DEBUG: Scraped from <200 https://bj.lianjia.com/zufang/c1111027382209/>
None
2022-12-26T00:42:36 [rent_spider.py:116] DEBUG: area info[
        60.00㎡
        ]
2022-12-26T00:42:36 [rent_spider.py:152] DEBUG: lighting info[南        ]
2022-12-26T00:42:36 [rent_spider.py:121] DEBUG: room info[
          1室1厅1卫        ]
2022-12-26T00:42:36 [pipelines.py:675] INFO: The rental 整租·远洋山水 1室1厅 南 is already in table rental.
2022-12-26T00:42:36 [scraper.py:289] DEBUG: Scraped from <200 https://bj.lianjia.com/zufang/c1111027382209/>
None
2022-12-26T00:42:36 [rent_spider.py:116] DEBUG: area info[
        72.28㎡
        ]
2022-12-26T00:42:36 [rent_spider.py:152] DEBUG: lighting info[南 北        ]
2022-12-26T00:42:36 [rent_spider.py:121] DEBUG: room info[
          2室1厅1卫        ]
2022-12-26T00:42:36 [pipelines.py:675] INFO: The rental 整租·远洋山水 2室1厅 南/北 is already in table rental.
2022-12-26T00:42:36 [scraper.py:289] DEBUG: Scraped from <200 https://bj.lianjia.com/zufang/c1111027382209/>
None
2022-12-26T00:42:36 [rent_spider.py:116] DEBUG: area info[
        70.00㎡
        ]
2022-12-26T00:42:36 [rent_spider.py:152] DEBUG: lighting info[西南        ]
2022-12-26T00:42:36 [rent_spider.py:121] DEBUG: room info[
          1室1厅1卫        ]
2022-12-26T00:42:36 [pipelines.py:675] INFO: The rental 整租·远洋山水 1室1厅 西南 is already in table rental.
2022-12-26T00:42:36 [scraper.py:289] DEBUG: Scraped from <200 https://bj.lianjia.com/zufang/c1111027382209/>
None
2022-12-26T00:42:36 [rent_spider.py:116] DEBUG: area info[
        117.76㎡
        ]
2022-12-26T00:42:36 [rent_spider.py:152] DEBUG: lighting info[南        ]
2022-12-26T00:42:36 [rent_spider.py:121] DEBUG: room info[
          2室2厅1卫        ]
2022-12-26T00:42:36 [pipelines.py:675] INFO: The rental 整租·远洋山水 2室2厅 南 is already in table rental.
2022-12-26T00:42:36 [scraper.py:289] DEBUG: Scraped from <200 https://bj.lianjia.com/zufang/c1111027382209/>
None
2022-12-26T00:42:36 [rent_spider.py:116] DEBUG: area info[
        108.00㎡
        ]
2022-12-26T00:42:36 [rent_spider.py:152] DEBUG: lighting info[南 北        ]
2022-12-26T00:42:36 [rent_spider.py:121] DEBUG: room info[
          2室2厅1卫        ]
2022-12-26T00:42:36 [pipelines.py:675] INFO: The rental 整租·远洋山水 2室2厅 南/北 is already in table rental.
2022-12-26T00:42:36 [scraper.py:289] DEBUG: Scraped from <200 https://bj.lianjia.com/zufang/c1111027382209/>
None
2022-12-26T00:42:36 [rent_spider.py:116] DEBUG: area info[
        105.12㎡
        ]
2022-12-26T00:42:36 [rent_spider.py:152] DEBUG: lighting info[南        ]
2022-12-26T00:42:36 [rent_spider.py:121] DEBUG: room info[
          2室1厅1卫        ]
2022-12-26T00:42:36 [pipelines.py:675] INFO: The rental 整租·远洋山水 2室1厅 南 is already in table rental.
2022-12-26T00:42:36 [scraper.py:289] DEBUG: Scraped from <200 https://bj.lianjia.com/zufang/c1111027382209/>
None
2022-12-26T00:42:36 [rent_spider.py:116] DEBUG: area info[
        57.00㎡
        ]
2022-12-26T00:42:36 [rent_spider.py:152] DEBUG: lighting info[西        ]
2022-12-26T00:42:36 [rent_spider.py:121] DEBUG: room info[
          1室1厅1卫        ]
2022-12-26T00:42:36 [pipelines.py:675] INFO: The rental 整租·远洋山水 1室1厅 西 is already in table rental.
2022-12-26T00:42:36 [scraper.py:289] DEBUG: Scraped from <200 https://bj.lianjia.com/zufang/c1111027382209/>
None
2022-12-26T00:42:36 [rent_spider.py:116] DEBUG: area info[
        135.00㎡
        ]
2022-12-26T00:42:36 [rent_spider.py:152] DEBUG: lighting info[南 北        ]
2022-12-26T00:42:36 [rent_spider.py:121] DEBUG: room info[
          3室2厅2卫        ]
2022-12-26T00:42:36 [pipelines.py:675] INFO: The rental 整租·远洋山水 3室2厅 南/北 is already in table rental.
2022-12-26T00:42:36 [scraper.py:289] DEBUG: Scraped from <200 https://bj.lianjia.com/zufang/c1111027382209/>
None
2022-12-26T00:42:36 [rent_spider.py:116] DEBUG: area info[
        67.71㎡
        ]
2022-12-26T00:42:36 [rent_spider.py:152] DEBUG: lighting info[东        ]
2022-12-26T00:42:36 [rent_spider.py:121] DEBUG: room info[
          1室1厅1卫        ]
2022-12-26T00:42:36 [pipelines.py:675] INFO: The rental 整租·远洋山水 1室1厅 东 is already in table rental.
2022-12-26T00:42:36 [scraper.py:289] DEBUG: Scraped from <200 https://bj.lianjia.com/zufang/c1111027382209/>
None
2022-12-26T00:42:36 [rent_spider.py:116] DEBUG: area info[
        60.00㎡
        ]
2022-12-26T00:42:36 [rent_spider.py:152] DEBUG: lighting info[北        ]
2022-12-26T00:42:36 [rent_spider.py:121] DEBUG: room info[
          1室1厅1卫        ]
2022-12-26T00:42:36 [pipelines.py:675] INFO: The rental 整租·远洋山水 1室1厅 北 is already in table rental.
2022-12-26T00:42:36 [scraper.py:289] DEBUG: Scraped from <200 https://bj.lianjia.com/zufang/c1111027382209/>
None
2022-12-26T00:42:36 [rent_spider.py:116] DEBUG: area info[
        56.00㎡
        ]
2022-12-26T00:42:36 [rent_spider.py:152] DEBUG: lighting info[西        ]
2022-12-26T00:42:36 [rent_spider.py:121] DEBUG: room info[
          1室1厅1卫        ]
2022-12-26T00:42:36 [pipelines.py:675] INFO: The rental 整租·远洋山水 1室1厅 西 is already in table rental.
2022-12-26T00:42:36 [scraper.py:289] DEBUG: Scraped from <200 https://bj.lianjia.com/zufang/c1111027382209/>
None
2022-12-26T00:42:36 [rent_spider.py:116] DEBUG: area info[
        105.09㎡
        ]
2022-12-26T00:42:36 [rent_spider.py:152] DEBUG: lighting info[东        ]
2022-12-26T00:42:36 [rent_spider.py:121] DEBUG: room info[
          2室1厅1卫        ]
2022-12-26T00:42:36 [pipelines.py:675] INFO: The rental 整租·远洋山水 2室1厅 东 is already in table rental.
2022-12-26T00:42:36 [scraper.py:289] DEBUG: Scraped from <200 https://bj.lianjia.com/zufang/c1111027382209/>
None
2022-12-26T00:42:36 [rent_spider.py:116] DEBUG: area info[
        94.38㎡
        ]
2022-12-26T00:42:36 [rent_spider.py:152] DEBUG: lighting info[东北        ]
2022-12-26T00:42:36 [rent_spider.py:121] DEBUG: room info[
          2室1厅1卫        ]
2022-12-26T00:42:36 [pipelines.py:675] INFO: The rental 整租·远洋山水 2室1厅 东北 is already in table rental.
2022-12-26T00:42:36 [scraper.py:289] DEBUG: Scraped from <200 https://bj.lianjia.com/zufang/c1111027382209/>
None
2022-12-26T00:42:36 [rent_spider.py:116] DEBUG: area info[
        122.00㎡
        ]
2022-12-26T00:42:36 [rent_spider.py:152] DEBUG: lighting info[南 北        ]
2022-12-26T00:42:36 [rent_spider.py:121] DEBUG: room info[
          3室2厅2卫        ]
2022-12-26T00:42:36 [pipelines.py:675] INFO: The rental 整租·远洋山水 3室2厅 复式 南/北 is already in table rental.
2022-12-26T00:42:36 [scraper.py:289] DEBUG: Scraped from <200 https://bj.lianjia.com/zufang/c1111027382209/>
None
2022-12-26T00:42:36 [rent_spider.py:116] DEBUG: area info[
        57.00㎡
        ]
2022-12-26T00:42:36 [rent_spider.py:152] DEBUG: lighting info[西        ]
2022-12-26T00:42:36 [rent_spider.py:121] DEBUG: room info[
          1室1厅1卫        ]
2022-12-26T00:42:36 [pipelines.py:675] INFO: The rental 整租·远洋山水 1室1厅 西 is already in table rental.
2022-12-26T00:42:36 [scraper.py:289] DEBUG: Scraped from <200 https://bj.lianjia.com/zufang/c1111027382209/>
None
2022-12-26T00:42:36 [rent_spider.py:116] DEBUG: area info[
        114.43㎡
        ]
2022-12-26T00:42:36 [rent_spider.py:152] DEBUG: lighting info[南 北        ]
2022-12-26T00:42:36 [rent_spider.py:121] DEBUG: room info[
          2室1厅1卫        ]
2022-12-26T00:42:36 [pipelines.py:675] INFO: The rental 整租·远洋山水 2室1厅 南/北 is already in table rental.
2022-12-26T00:42:36 [scraper.py:289] DEBUG: Scraped from <200 https://bj.lianjia.com/zufang/c1111027382209/>
None
2022-12-26T00:42:36 [rent_spider.py:116] DEBUG: area info[
        113.00㎡
        ]
2022-12-26T00:42:36 [rent_spider.py:152] DEBUG: lighting info[东北        ]
2022-12-26T00:42:36 [rent_spider.py:121] DEBUG: room info[
          3室2厅2卫        ]
2022-12-26T00:42:36 [pipelines.py:675] INFO: The rental 整租·远洋山水 3室2厅 东北 is already in table rental.
2022-12-26T00:42:36 [scraper.py:289] DEBUG: Scraped from <200 https://bj.lianjia.com/zufang/c1111027382209/>
None
2022-12-26T00:42:36 [rent_spider.py:116] DEBUG: area info[
        56.83㎡
        ]
2022-12-26T00:42:36 [rent_spider.py:152] DEBUG: lighting info[北        ]
2022-12-26T00:42:36 [rent_spider.py:121] DEBUG: room info[
          1室0厅1卫        ]
2022-12-26T00:42:36 [pipelines.py:675] INFO: The rental 整租·远洋山水 1室0厅 北 is already in table rental.
2022-12-26T00:42:36 [scraper.py:289] DEBUG: Scraped from <200 https://bj.lianjia.com/zufang/c1111027382209/>
None
2022-12-26T00:42:36 [rent_spider.py:116] DEBUG: area info[
        96.56㎡
        ]
2022-12-26T00:42:36 [rent_spider.py:152] DEBUG: lighting info[东北        ]
2022-12-26T00:42:36 [rent_spider.py:121] DEBUG: room info[
          2室2厅1卫        ]
2022-12-26T00:42:36 [pipelines.py:675] INFO: The rental 整租·远洋山水 2室2厅 东北 is already in table rental.
2022-12-26T00:42:36 [scraper.py:289] DEBUG: Scraped from <200 https://bj.lianjia.com/zufang/c1111027382209/>
None
2022-12-26T00:42:36 [rent_spider.py:116] DEBUG: area info[
        100.81㎡
        ]
2022-12-26T00:42:36 [rent_spider.py:152] DEBUG: lighting info[西北        ]
2022-12-26T00:42:36 [rent_spider.py:121] DEBUG: room info[
          2室1厅1卫        ]
2022-12-26T00:42:36 [pipelines.py:675] INFO: The rental 整租·远洋山水 2室1厅 西北 is already in table rental.
2022-12-26T00:42:36 [scraper.py:289] DEBUG: Scraped from <200 https://bj.lianjia.com/zufang/c1111027382209/>
None
2022-12-26T00:42:36 [rent_spider.py:116] DEBUG: area info[
        54.68㎡
        ]
2022-12-26T00:42:36 [rent_spider.py:152] DEBUG: lighting info[西        ]
2022-12-26T00:42:36 [rent_spider.py:121] DEBUG: room info[
          1室0厅1卫        ]
2022-12-26T00:42:36 [pipelines.py:675] INFO: The rental 整租·远洋山水 1室0厅 西 is already in table rental.
2022-12-26T00:42:36 [scraper.py:289] DEBUG: Scraped from <200 https://bj.lianjia.com/zufang/c1111027382209/>
None
2022-12-26T00:42:36 [rent_spider.py:217] INFO: Crawl next page's rentals: [https://bj.lianjia.com/zufang/pg2c1111027382209/]
2022-12-26T00:42:42 [engine.py:295] DEBUG: Crawled (200) <GET https://bj.lianjia.com/zufang/c1111027377283/> (referer: None)
2022-12-26T00:42:43 [rent_spider.py:70] DEBUG: Number of houses available on rent[32]
2022-12-26T00:42:43 [rent_spider.py:116] DEBUG: area info[
        70.80㎡
        ]
2022-12-26T00:42:43 [rent_spider.py:152] DEBUG: lighting info[南        ]
2022-12-26T00:42:43 [rent_spider.py:121] DEBUG: room info[
          1室1厅1卫        ]
2022-12-26T00:42:43 [pipelines.py:675] INFO: The rental 整租·京贸国际城 1室1厅 南 is already in table rental.
2022-12-26T00:42:43 [scraper.py:289] DEBUG: Scraped from <200 https://bj.lianjia.com/zufang/c1111027377283/>
None
2022-12-26T00:42:43 [rent_spider.py:116] DEBUG: area info[
        89.93㎡
        ]
2022-12-26T00:42:43 [rent_spider.py:152] DEBUG: lighting info[南 北        ]
2022-12-26T00:42:43 [rent_spider.py:121] DEBUG: room info[
          2室1厅1卫        ]
2022-12-26T00:42:43 [pipelines.py:675] INFO: The rental 整租·京贸国际城 2室1厅 南/北 is already in table rental.
2022-12-26T00:42:43 [scraper.py:289] DEBUG: Scraped from <200 https://bj.lianjia.com/zufang/c1111027377283/>
None
2022-12-26T00:42:43 [rent_spider.py:116] DEBUG: area info[
        93.37㎡
        ]
2022-12-26T00:42:43 [rent_spider.py:152] DEBUG: lighting info[西南        ]
2022-12-26T00:42:43 [rent_spider.py:121] DEBUG: room info[
          2室2厅1卫        ]
2022-12-26T00:42:43 [pipelines.py:675] INFO: The rental 整租·京贸国际城 2室2厅 西南 is already in table rental.
2022-12-26T00:42:43 [scraper.py:289] DEBUG: Scraped from <200 https://bj.lianjia.com/zufang/c1111027377283/>
None
2022-12-26T00:42:43 [rent_spider.py:116] DEBUG: area info[
        91.24㎡
        ]
2022-12-26T00:42:43 [rent_spider.py:152] DEBUG: lighting info[南 北        ]
2022-12-26T00:42:43 [rent_spider.py:121] DEBUG: room info[
          2室1厅1卫        ]
2022-12-26T00:42:43 [pipelines.py:675] INFO: The rental 整租·京贸国际城 2室1厅 南/北 is already in table rental.
2022-12-26T00:42:43 [scraper.py:289] DEBUG: Scraped from <200 https://bj.lianjia.com/zufang/c1111027377283/>
None
2022-12-26T00:42:43 [rent_spider.py:116] DEBUG: area info[
        84.04㎡
        ]
2022-12-26T00:42:43 [rent_spider.py:152] DEBUG: lighting info[南 北        ]
2022-12-26T00:42:43 [rent_spider.py:121] DEBUG: room info[
          2室1厅1卫        ]
2022-12-26T00:42:43 [pipelines.py:675] INFO: The rental 整租·京贸国际城 2室1厅 南/北 is already in table rental.
2022-12-26T00:42:43 [scraper.py:289] DEBUG: Scraped from <200 https://bj.lianjia.com/zufang/c1111027377283/>
None
2022-12-26T00:42:43 [rent_spider.py:116] DEBUG: area info[
        128.00㎡
        ]
2022-12-26T00:42:43 [rent_spider.py:152] DEBUG: lighting info[南 北        ]
2022-12-26T00:42:43 [rent_spider.py:121] DEBUG: room info[
          3室2厅1卫        ]
2022-12-26T00:42:43 [pipelines.py:675] INFO: The rental 整租·京贸国际城 3室2厅 南/北 is already in table rental.
2022-12-26T00:42:43 [scraper.py:289] DEBUG: Scraped from <200 https://bj.lianjia.com/zufang/c1111027377283/>
None
2022-12-26T00:42:43 [rent_spider.py:116] DEBUG: area info[
        92.37㎡
        ]
2022-12-26T00:42:43 [rent_spider.py:152] DEBUG: lighting info[南        ]
2022-12-26T00:42:43 [rent_spider.py:121] DEBUG: room info[
          2室1厅1卫        ]
2022-12-26T00:42:43 [pipelines.py:675] INFO: The rental 整租·京贸国际城 2室1厅 南 is already in table rental.
2022-12-26T00:42:43 [scraper.py:289] DEBUG: Scraped from <200 https://bj.lianjia.com/zufang/c1111027377283/>
None
2022-12-26T00:42:43 [rent_spider.py:116] DEBUG: area info[
        68.17㎡
        ]
2022-12-26T00:42:43 [rent_spider.py:152] DEBUG: lighting info[南        ]
2022-12-26T00:42:43 [rent_spider.py:121] DEBUG: room info[
          1室1厅1卫        ]
2022-12-26T00:42:43 [pipelines.py:675] INFO: The rental 整租·京贸国际城 1室1厅 南 is already in table rental.
2022-12-26T00:42:43 [scraper.py:289] DEBUG: Scraped from <200 https://bj.lianjia.com/zufang/c1111027377283/>
None
2022-12-26T00:42:43 [rent_spider.py:116] DEBUG: area info[
        68.00㎡
        ]
2022-12-26T00:42:43 [rent_spider.py:152] DEBUG: lighting info[南        ]
2022-12-26T00:42:43 [rent_spider.py:121] DEBUG: room info[
          1室1厅1卫        ]
2022-12-26T00:42:43 [pipelines.py:675] INFO: The rental 整租·京贸国际城 1室1厅 南 is already in table rental.
2022-12-26T00:42:43 [scraper.py:289] DEBUG: Scraped from <200 https://bj.lianjia.com/zufang/c1111027377283/>
None
2022-12-26T00:42:43 [rent_spider.py:116] DEBUG: area info[
        58.42㎡
        ]
2022-12-26T00:42:43 [rent_spider.py:152] DEBUG: lighting info[南        ]
2022-12-26T00:42:43 [rent_spider.py:121] DEBUG: room info[
          1室1厅1卫        ]
2022-12-26T00:42:43 [pipelines.py:675] INFO: The rental 整租·京贸国际城 1室1厅 南 is already in table rental.
2022-12-26T00:42:43 [scraper.py:289] DEBUG: Scraped from <200 https://bj.lianjia.com/zufang/c1111027377283/>
None
2022-12-26T00:42:43 [rent_spider.py:116] DEBUG: area info[
        89.00㎡
        ]
2022-12-26T00:42:43 [rent_spider.py:152] DEBUG: lighting info[南 北        ]
2022-12-26T00:42:43 [rent_spider.py:121] DEBUG: room info[
          2室1厅1卫        ]
2022-12-26T00:42:43 [pipelines.py:675] INFO: The rental 整租·京贸国际城 2室1厅 南/北 is already in table rental.
2022-12-26T00:42:43 [scraper.py:289] DEBUG: Scraped from <200 https://bj.lianjia.com/zufang/c1111027377283/>
None
2022-12-26T00:42:43 [rent_spider.py:116] DEBUG: area info[
        87.41㎡
        ]
2022-12-26T00:42:43 [rent_spider.py:152] DEBUG: lighting info[东        ]
2022-12-26T00:42:43 [rent_spider.py:121] DEBUG: room info[
          2室1厅1卫        ]
2022-12-26T00:42:43 [pipelines.py:675] INFO: The rental 整租·京贸国际城 2室1厅 东 is already in table rental.
2022-12-26T00:42:43 [scraper.py:289] DEBUG: Scraped from <200 https://bj.lianjia.com/zufang/c1111027377283/>
None
2022-12-26T00:42:43 [rent_spider.py:116] DEBUG: area info[
        88.48㎡
        ]
2022-12-26T00:42:43 [rent_spider.py:152] DEBUG: lighting info[南        ]
2022-12-26T00:42:43 [rent_spider.py:121] DEBUG: room info[
          2室1厅1卫        ]
2022-12-26T00:42:43 [pipelines.py:675] INFO: The rental 整租·京贸国际城 2室1厅 南 is already in table rental.
2022-12-26T00:42:43 [scraper.py:289] DEBUG: Scraped from <200 https://bj.lianjia.com/zufang/c1111027377283/>
None
2022-12-26T00:42:43 [rent_spider.py:116] DEBUG: area info[
        79.66㎡
        ]
2022-12-26T00:42:43 [rent_spider.py:152] DEBUG: lighting info[南        ]
2022-12-26T00:42:43 [rent_spider.py:121] DEBUG: room info[
          2室1厅1卫        ]
2022-12-26T00:42:43 [pipelines.py:675] INFO: The rental 整租·京贸国际城 2室1厅 南 is already in table rental.
2022-12-26T00:42:43 [scraper.py:289] DEBUG: Scraped from <200 https://bj.lianjia.com/zufang/c1111027377283/>
None
2022-12-26T00:42:43 [rent_spider.py:116] DEBUG: area info[
        92.13㎡
        ]
2022-12-26T00:42:43 [rent_spider.py:152] DEBUG: lighting info[南        ]
2022-12-26T00:42:43 [rent_spider.py:121] DEBUG: room info[
          4室2厅1卫        ]
2022-12-26T00:42:43 [pipelines.py:675] INFO: The rental 整租·京贸国际城 4室2厅 跃层 南 is already in table rental.
2022-12-26T00:42:43 [scraper.py:289] DEBUG: Scraped from <200 https://bj.lianjia.com/zufang/c1111027377283/>
None
2022-12-26T00:42:43 [rent_spider.py:116] DEBUG: area info[
        68.31㎡
        ]
2022-12-26T00:42:43 [rent_spider.py:152] DEBUG: lighting info[南        ]
2022-12-26T00:42:43 [rent_spider.py:121] DEBUG: room info[
          1室1厅1卫        ]
2022-12-26T00:42:43 [pipelines.py:675] INFO: The rental 整租·京贸国际城 1室1厅 南 is already in table rental.
2022-12-26T00:42:43 [scraper.py:289] DEBUG: Scraped from <200 https://bj.lianjia.com/zufang/c1111027377283/>
None
2022-12-26T00:42:43 [rent_spider.py:116] DEBUG: area info[
        128.00㎡
        ]
2022-12-26T00:42:43 [rent_spider.py:152] DEBUG: lighting info[东 南 北        ]
2022-12-26T00:42:43 [rent_spider.py:121] DEBUG: room info[
          3室1厅1卫        ]
2022-12-26T00:42:43 [pipelines.py:675] INFO: The rental 整租·京贸国际城 3室1厅 东/南/北 is already in table rental.
2022-12-26T00:42:43 [scraper.py:289] DEBUG: Scraped from <200 https://bj.lianjia.com/zufang/c1111027377283/>
None
2022-12-26T00:42:43 [rent_spider.py:116] DEBUG: area info[
        79.96㎡
        ]
2022-12-26T00:42:43 [rent_spider.py:152] DEBUG: lighting info[南        ]
2022-12-26T00:42:43 [rent_spider.py:121] DEBUG: room info[
          2室1厅1卫        ]
2022-12-26T00:42:43 [pipelines.py:675] INFO: The rental 整租·京贸国际城 2室1厅 南 is already in table rental.
2022-12-26T00:42:43 [scraper.py:289] DEBUG: Scraped from <200 https://bj.lianjia.com/zufang/c1111027377283/>
None
2022-12-26T00:42:43 [rent_spider.py:116] DEBUG: area info[
        87.00㎡
        ]
2022-12-26T00:42:43 [rent_spider.py:152] DEBUG: lighting info[南        ]
2022-12-26T00:42:43 [rent_spider.py:121] DEBUG: room info[
          2室2厅1卫        ]
2022-12-26T00:42:43 [pipelines.py:675] INFO: The rental 整租·京贸国际城 2室2厅 南 is already in table rental.
2022-12-26T00:42:43 [scraper.py:289] DEBUG: Scraped from <200 https://bj.lianjia.com/zufang/c1111027377283/>
None
2022-12-26T00:42:43 [rent_spider.py:116] DEBUG: area info[
        91.05㎡
        ]
2022-12-26T00:42:43 [rent_spider.py:152] DEBUG: lighting info[南        ]
2022-12-26T00:42:43 [rent_spider.py:121] DEBUG: room info[
          2室1厅1卫        ]
2022-12-26T00:42:43 [pipelines.py:675] INFO: The rental 整租·京贸国际城 2室1厅 南 is already in table rental.
2022-12-26T00:42:43 [scraper.py:289] DEBUG: Scraped from <200 https://bj.lianjia.com/zufang/c1111027377283/>
None
2022-12-26T00:42:43 [rent_spider.py:116] DEBUG: area info[
        94.81㎡
        ]
2022-12-26T00:42:43 [rent_spider.py:152] DEBUG: lighting info[南        ]
2022-12-26T00:42:43 [rent_spider.py:121] DEBUG: room info[
          2室1厅1卫        ]
2022-12-26T00:42:43 [pipelines.py:675] INFO: The rental 整租·京贸国际城 2室1厅 南 is already in table rental.
2022-12-26T00:42:43 [scraper.py:289] DEBUG: Scraped from <200 https://bj.lianjia.com/zufang/c1111027377283/>
None
2022-12-26T00:42:43 [rent_spider.py:116] DEBUG: area info[
        140.00㎡
        ]
2022-12-26T00:42:43 [rent_spider.py:152] DEBUG: lighting info[南 西 北        ]
2022-12-26T00:42:43 [rent_spider.py:121] DEBUG: room info[
          3室1厅2卫        ]
2022-12-26T00:42:43 [pipelines.py:675] INFO: The rental 整租·京贸国际城 3室1厅 南/西/北 is already in table rental.
2022-12-26T00:42:43 [scraper.py:289] DEBUG: Scraped from <200 https://bj.lianjia.com/zufang/c1111027377283/>
None
2022-12-26T00:42:43 [rent_spider.py:116] DEBUG: area info[
        94.00㎡
        ]
2022-12-26T00:42:43 [rent_spider.py:152] DEBUG: lighting info[南        ]
2022-12-26T00:42:43 [rent_spider.py:121] DEBUG: room info[
          2室1厅1卫        ]
2022-12-26T00:42:43 [pipelines.py:675] INFO: The rental 整租·京贸国际城 2室1厅 南 is already in table rental.
2022-12-26T00:42:43 [scraper.py:289] DEBUG: Scraped from <200 https://bj.lianjia.com/zufang/c1111027377283/>
None
2022-12-26T00:42:43 [rent_spider.py:116] DEBUG: area info[
        70.48㎡
        ]
2022-12-26T00:42:43 [rent_spider.py:152] DEBUG: lighting info[南        ]
2022-12-26T00:42:43 [rent_spider.py:121] DEBUG: room info[
          2室1厅1卫        ]
2022-12-26T00:42:43 [pipelines.py:675] INFO: The rental 整租·京贸国际城 2室1厅 南 is already in table rental.
2022-12-26T00:42:43 [scraper.py:289] DEBUG: Scraped from <200 https://bj.lianjia.com/zufang/c1111027377283/>
None
2022-12-26T00:42:43 [rent_spider.py:116] DEBUG: area info[
        90.32㎡
        ]
2022-12-26T00:42:43 [rent_spider.py:152] DEBUG: lighting info[南 北        ]
2022-12-26T00:42:43 [rent_spider.py:121] DEBUG: room info[
          2室1厅1卫        ]
2022-12-26T00:42:43 [pipelines.py:675] INFO: The rental 整租·京贸国际城 2室1厅 南/北 is already in table rental.
2022-12-26T00:42:43 [scraper.py:289] DEBUG: Scraped from <200 https://bj.lianjia.com/zufang/c1111027377283/>
None
2022-12-26T00:42:43 [rent_spider.py:116] DEBUG: area info[
        90.97㎡
        ]
2022-12-26T00:42:43 [rent_spider.py:152] DEBUG: lighting info[东南        ]
2022-12-26T00:42:43 [rent_spider.py:121] DEBUG: room info[
          2室1厅1卫        ]
2022-12-26T00:42:43 [pipelines.py:675] INFO: The rental 整租·京贸国际城 2室1厅 东南 is already in table rental.
2022-12-26T00:42:43 [scraper.py:289] DEBUG: Scraped from <200 https://bj.lianjia.com/zufang/c1111027377283/>
None
2022-12-26T00:42:43 [rent_spider.py:116] DEBUG: area info[
        90.36㎡
        ]
2022-12-26T00:42:43 [rent_spider.py:152] DEBUG: lighting info[南 北        ]
2022-12-26T00:42:43 [rent_spider.py:121] DEBUG: room info[
          2室2厅1卫        ]
2022-12-26T00:42:43 [pipelines.py:675] INFO: The rental 整租·京贸国际城 2室2厅 南/北 is already in table rental.
2022-12-26T00:42:43 [scraper.py:289] DEBUG: Scraped from <200 https://bj.lianjia.com/zufang/c1111027377283/>
None
2022-12-26T00:42:43 [rent_spider.py:116] DEBUG: area info[
        85.00㎡
        ]
2022-12-26T00:42:43 [rent_spider.py:152] DEBUG: lighting info[南 北        ]
2022-12-26T00:42:43 [rent_spider.py:121] DEBUG: room info[
          2室1厅1卫        ]
2022-12-26T00:42:43 [pipelines.py:675] INFO: The rental 整租·京贸国际城 2室1厅 南/北 is already in table rental.
2022-12-26T00:42:43 [scraper.py:289] DEBUG: Scraped from <200 https://bj.lianjia.com/zufang/c1111027377283/>
None
2022-12-26T00:42:43 [rent_spider.py:116] DEBUG: area info[
        92.37㎡
        ]
2022-12-26T00:42:43 [rent_spider.py:152] DEBUG: lighting info[南        ]
2022-12-26T00:42:43 [rent_spider.py:121] DEBUG: room info[
          2室1厅1卫        ]
2022-12-26T00:42:43 [pipelines.py:675] INFO: The rental 整租·京贸国际城 2室1厅 南 is already in table rental.
2022-12-26T00:42:43 [scraper.py:289] DEBUG: Scraped from <200 https://bj.lianjia.com/zufang/c1111027377283/>
None
2022-12-26T00:42:43 [rent_spider.py:116] DEBUG: area info[
        94.60㎡
        ]
2022-12-26T00:42:43 [rent_spider.py:152] DEBUG: lighting info[南        ]
2022-12-26T00:42:43 [rent_spider.py:121] DEBUG: room info[
          2室1厅1卫        ]
2022-12-26T00:42:43 [pipelines.py:675] INFO: The rental 整租·京贸国际城 2室1厅 南 is already in table rental.
2022-12-26T00:42:43 [scraper.py:289] DEBUG: Scraped from <200 https://bj.lianjia.com/zufang/c1111027377283/>
None
2022-12-26T00:42:43 [rent_spider.py:217] INFO: Crawl next page's rentals: [https://bj.lianjia.com/zufang/pg2c1111027377283/]
2022-12-26T00:42:47 [logstats.py:48] INFO: Crawled 17 pages (at 9 pages/min), scraped 513 items (at 271 items/min)
2022-12-26T00:42:51 [engine.py:295] DEBUG: Crawled (200) <GET https://bj.lianjia.com/zufang/pg2c1111063667480/> (referer: https://bj.lianjia.com/zufang/c1111063667480/)
2022-12-26T00:42:51 [scraper.py:180] ERROR: Spider error processing <GET https://bj.lianjia.com/zufang/pg2c1111063667480/> (referer: https://bj.lianjia.com/zufang/c1111063667480/)
Traceback (most recent call last):
  File "/opt/homebrew/anaconda3/envs/py311/lib/python3.11/site-packages/twisted/internet/defer.py", line 892, in _runCallbacks
    current.result = callback(  # type: ignore[misc]
                     ^^^^^^^^^^^^^^^^^^^^^^^^^^^^^^^
TypeError: RentSpider.parse() missing 1 required positional argument: 'city'
2022-12-26T00:42:56 [engine.py:295] DEBUG: Crawled (200) <GET https://bj.lianjia.com/zufang/pg2c1111542030462381/> (referer: https://bj.lianjia.com/zufang/c1111542030462381/)
2022-12-26T00:42:56 [rent_spider.py:51] INFO: Crawling rent info in community gogo新世代[https://bj.lianjia.com/zufang/c1111027374678/] in 北京
2022-12-26T00:42:56 [scraper.py:180] ERROR: Spider error processing <GET https://bj.lianjia.com/zufang/pg2c1111542030462381/> (referer: https://bj.lianjia.com/zufang/c1111542030462381/)
Traceback (most recent call last):
  File "/opt/homebrew/anaconda3/envs/py311/lib/python3.11/site-packages/twisted/internet/defer.py", line 892, in _runCallbacks
    current.result = callback(  # type: ignore[misc]
                     ^^^^^^^^^^^^^^^^^^^^^^^^^^^^^^^
TypeError: RentSpider.parse() missing 1 required positional argument: 'city'
2022-12-26T00:42:58 [crawler.py:313] INFO: Received SIGINT, shutting down gracefully. Send again to force 
2022-12-26T00:42:58 [engine.py:362] INFO: Closing spider (shutdown)
2022-12-26T00:42:59 [crawler.py:321] INFO: Received SIGINT twice, forcing unclean shutdown
2022-12-26T00:50:44 [log.py:147] INFO: Scrapy 2.7.1 started (bot: lianjia)
2022-12-26T00:50:44 [log.py:154] INFO: Versions: lxml 4.9.1.0, libxml2 2.9.13, cssselect 1.2.0, parsel 1.7.0, w3lib 2.0.1, Twisted 22.10.0, Python 3.11.0 | packaged by conda-forge | (main, Oct 25 2022, 06:21:25) [Clang 14.0.4 ], pyOpenSSL 22.1.0 (OpenSSL 3.0.7 1 Nov 2022), cryptography 38.0.3, Platform macOS-13.2-arm64-arm-64bit
2022-12-26T00:50:44 [crawler.py:66] INFO: Overridden settings:
{'BOT_NAME': 'lianjia',
 'CONCURRENT_REQUESTS_PER_DOMAIN': 2,
 'CONCURRENT_REQUESTS_PER_IP': 2,
 'COOKIES_ENABLED': False,
 'DOWNLOAD_DELAY': 6,
 'NEWSPIDER_MODULE': 'lianjia.spiders',
 'REQUEST_FINGERPRINTER_IMPLEMENTATION': '2.7',
 'SPIDER_MODULES': ['lianjia.spiders'],
 'TWISTED_REACTOR': 'twisted.internet.asyncioreactor.AsyncioSelectorReactor',
 'USER_AGENT': 'user-agent: Mozilla/5.0 (Windows NT 10.0; Win64; x64) '
               'AppleWebKit/537.36 (KHTML, like Gecko) Chrome/98.0.4758.82 '
               'Safari/537.36'}
2022-12-26T00:50:44 [selector_events.py:54] DEBUG: Using selector: KqueueSelector
2022-12-26T00:50:44 [log.py:159] DEBUG: Using reactor: twisted.internet.asyncioreactor.AsyncioSelectorReactor
2022-12-26T00:50:44 [log.py:162] DEBUG: Using asyncio event loop: asyncio.unix_events._UnixSelectorEventLoop
2022-12-26T00:50:44 [telnet.py:55] INFO: Telnet Password: 5f11fed11915a81b
2022-12-26T00:50:44 [middleware.py:52] INFO: Enabled extensions:
['scrapy.extensions.corestats.CoreStats',
 'scrapy.extensions.telnet.TelnetConsole',
 'scrapy.extensions.memusage.MemoryUsage',
 'scrapy.extensions.logstats.LogStats']
2022-12-26T00:50:44 [middleware.py:52] INFO: Enabled downloader middlewares:
['scrapy.downloadermiddlewares.httpauth.HttpAuthMiddleware',
 'lianjia.middlewares.ProxiesMiddleware',
 'scrapy.downloadermiddlewares.downloadtimeout.DownloadTimeoutMiddleware',
 'scrapy.downloadermiddlewares.defaultheaders.DefaultHeadersMiddleware',
 'scrapy.downloadermiddlewares.useragent.UserAgentMiddleware',
 'scrapy.downloadermiddlewares.retry.RetryMiddleware',
 'scrapy.downloadermiddlewares.redirect.MetaRefreshMiddleware',
 'scrapy.downloadermiddlewares.httpcompression.HttpCompressionMiddleware',
 'scrapy.downloadermiddlewares.redirect.RedirectMiddleware',
 'scrapy.downloadermiddlewares.httpproxy.HttpProxyMiddleware',
 'scrapy.downloadermiddlewares.stats.DownloaderStats']
2022-12-26T00:50:44 [middleware.py:52] INFO: Enabled spider middlewares:
['scrapy.spidermiddlewares.httperror.HttpErrorMiddleware',
 'scrapy.spidermiddlewares.offsite.OffsiteMiddleware',
 'scrapy.spidermiddlewares.referer.RefererMiddleware',
 'scrapy.spidermiddlewares.urllength.UrlLengthMiddleware',
 'scrapy.spidermiddlewares.depth.DepthMiddleware']
2022-12-26T00:50:44 [middleware.py:52] INFO: Enabled item pipelines:
['lianjia.pipelines.DownBusinessAreaUrlPipeline']
2022-12-26T00:50:44 [engine.py:317] INFO: Spider opened
2022-12-26T00:50:44 [logstats.py:48] INFO: Crawled 0 pages (at 0 pages/min), scraped 0 items (at 0 items/min)
2022-12-26T00:50:44 [telnet.py:67] INFO: Telnet console listening on 127.0.0.1:6024
2022-12-26T00:50:45 [engine.py:295] DEBUG: Crawled (200) <GET https://wf.lianjia.com/xiaoqu/> (referer: None)
2022-12-26T00:50:45 [engine.py:295] DEBUG: Crawled (200) <GET https://sh.lianjia.com/xiaoqu/pudong/> (referer: None)
2022-12-26T00:50:45 [engine.py:295] DEBUG: Crawled (200) <GET https://bj.lianjia.com/xiaoqu/dongcheng/> (referer: None)
2022-12-26T00:50:45 [engine.py:295] DEBUG: Crawled (200) <GET https://gz.lianjia.com/xiaoqu/tianhe/> (referer: None)
2022-12-26T00:50:45 [engine.py:295] DEBUG: Crawled (200) <GET https://sz.lianjia.com/xiaoqu/luohuqu/> (referer: None)
2022-12-26T00:50:45 [dupefilters.py:122] DEBUG: Filtered duplicate request: <GET https://sh.lianjia.com/xiaoqu/pudong/> - no more duplicates will be shown (see DUPEFILTER_DEBUG to show all duplicates)
2022-12-26T00:50:49 [engine.py:295] DEBUG: Crawled (200) <GET https://sh.lianjia.com/xiaoqu/shanghaizhoubian/> (referer: https://sh.lianjia.com/xiaoqu/pudong/)
2022-12-26T00:50:49 [business_area_spider.py:131] INFO: Crawling district info: 上海 上海周边 常熟市[https://sh.lianjia.com/xiaoqu/changshushi/]
2022-12-26T00:50:49 [pipelines.py:98] INFO: Insert new city 上海
2022-12-26T00:50:49 [pipelines.py:133] INFO: Insert new region 上海周边 in city 上海.
2022-12-26T00:50:49 [scraper.py:289] DEBUG: Scraped from <200 https://sh.lianjia.com/xiaoqu/shanghaizhoubian/>
{'business_area_city': '上海',
 'business_area_name': '常熟市',
 'business_area_region': '上海周边',
 'business_area_url': 'https://sh.lianjia.com/xiaoqu/changshushi/'}
2022-12-26T00:50:49 [business_area_spider.py:131] INFO: Crawling district info: 上海 上海周边 海门[https://sh.lianjia.com/xiaoqu/haimen/]
2022-12-26T00:50:49 [scraper.py:289] DEBUG: Scraped from <200 https://sh.lianjia.com/xiaoqu/shanghaizhoubian/>
{'business_area_city': '上海',
 'business_area_name': '海门',
 'business_area_region': '上海周边',
 'business_area_url': 'https://sh.lianjia.com/xiaoqu/haimen/'}
2022-12-26T00:50:49 [business_area_spider.py:131] INFO: Crawling district info: 上海 上海周边 湖州[https://sh.lianjia.com/xiaoqu/huzhou2/]
2022-12-26T00:50:49 [scraper.py:289] DEBUG: Scraped from <200 https://sh.lianjia.com/xiaoqu/shanghaizhoubian/>
{'business_area_city': '上海',
 'business_area_name': '湖州',
 'business_area_region': '上海周边',
 'business_area_url': 'https://sh.lianjia.com/xiaoqu/huzhou2/'}
2022-12-26T00:50:49 [business_area_spider.py:131] INFO: Crawling district info: 上海 上海周边 嘉兴[https://sh.lianjia.com/xiaoqu/jiaxing/]
2022-12-26T00:50:49 [scraper.py:289] DEBUG: Scraped from <200 https://sh.lianjia.com/xiaoqu/shanghaizhoubian/>
{'business_area_city': '上海',
 'business_area_name': '嘉兴',
 'business_area_region': '上海周边',
 'business_area_url': 'https://sh.lianjia.com/xiaoqu/jiaxing/'}
2022-12-26T00:50:49 [business_area_spider.py:131] INFO: Crawling district info: 上海 上海周边 昆山[https://sh.lianjia.com/xiaoqu/kunshan1/]
2022-12-26T00:50:49 [scraper.py:289] DEBUG: Scraped from <200 https://sh.lianjia.com/xiaoqu/shanghaizhoubian/>
{'business_area_city': '上海',
 'business_area_name': '昆山',
 'business_area_region': '上海周边',
 'business_area_url': 'https://sh.lianjia.com/xiaoqu/kunshan1/'}
2022-12-26T00:50:49 [business_area_spider.py:131] INFO: Crawling district info: 上海 上海周边 南通[https://sh.lianjia.com/xiaoqu/nantong/]
2022-12-26T00:50:49 [scraper.py:289] DEBUG: Scraped from <200 https://sh.lianjia.com/xiaoqu/shanghaizhoubian/>
{'business_area_city': '上海',
 'business_area_name': '南通',
 'business_area_region': '上海周边',
 'business_area_url': 'https://sh.lianjia.com/xiaoqu/nantong/'}
2022-12-26T00:50:49 [business_area_spider.py:131] INFO: Crawling district info: 上海 上海周边 启东[https://sh.lianjia.com/xiaoqu/qidong1/]
2022-12-26T00:50:49 [scraper.py:289] DEBUG: Scraped from <200 https://sh.lianjia.com/xiaoqu/shanghaizhoubian/>
{'business_area_city': '上海',
 'business_area_name': '启东',
 'business_area_region': '上海周边',
 'business_area_url': 'https://sh.lianjia.com/xiaoqu/qidong1/'}
2022-12-26T00:50:49 [business_area_spider.py:131] INFO: Crawling district info: 上海 上海周边 上海周边[https://sh.lianjia.com/xiaoqu/shanghaizhoubian2/]
2022-12-26T00:50:49 [scraper.py:289] DEBUG: Scraped from <200 https://sh.lianjia.com/xiaoqu/shanghaizhoubian/>
{'business_area_city': '上海',
 'business_area_name': '上海周边',
 'business_area_region': '上海周边',
 'business_area_url': 'https://sh.lianjia.com/xiaoqu/shanghaizhoubian2/'}
2022-12-26T00:50:49 [business_area_spider.py:131] INFO: Crawling district info: 上海 上海周边 苏州[https://sh.lianjia.com/xiaoqu/suzhou/]
2022-12-26T00:50:49 [scraper.py:289] DEBUG: Scraped from <200 https://sh.lianjia.com/xiaoqu/shanghaizhoubian/>
{'business_area_city': '上海',
 'business_area_name': '苏州',
 'business_area_region': '上海周边',
 'business_area_url': 'https://sh.lianjia.com/xiaoqu/suzhou/'}
2022-12-26T00:50:49 [business_area_spider.py:131] INFO: Crawling district info: 上海 上海周边 太仓[https://sh.lianjia.com/xiaoqu/taicang212/]
2022-12-26T00:50:49 [scraper.py:289] DEBUG: Scraped from <200 https://sh.lianjia.com/xiaoqu/shanghaizhoubian/>
{'business_area_city': '上海',
 'business_area_name': '太仓',
 'business_area_region': '上海周边',
 'business_area_url': 'https://sh.lianjia.com/xiaoqu/taicang212/'}
2022-12-26T00:50:49 [business_area_spider.py:131] INFO: Crawling district info: 上海 上海周边 无锡市[https://sh.lianjia.com/xiaoqu/wuxishi/]
2022-12-26T00:50:49 [scraper.py:289] DEBUG: Scraped from <200 https://sh.lianjia.com/xiaoqu/shanghaizhoubian/>
{'business_area_city': '上海',
 'business_area_name': '无锡市',
 'business_area_region': '上海周边',
 'business_area_url': 'https://sh.lianjia.com/xiaoqu/wuxishi/'}
2022-12-26T00:50:49 [business_area_spider.py:131] INFO: Crawling district info: 上海 上海周边 徐行[https://sh.lianjia.com/xiaoqu/xuxing/]
2022-12-26T00:50:49 [scraper.py:289] DEBUG: Scraped from <200 https://sh.lianjia.com/xiaoqu/shanghaizhoubian/>
{'business_area_city': '上海',
 'business_area_name': '徐行',
 'business_area_region': '上海周边',
 'business_area_url': 'https://sh.lianjia.com/xiaoqu/xuxing/'}
2022-12-26T00:50:52 [engine.py:295] DEBUG: Crawled (200) <GET https://wf.lianjia.com/xiaoqu/zhuchengshi/> (referer: https://wf.lianjia.com/xiaoqu/)
2022-12-26T00:50:52 [business_area_spider.py:131] INFO: Crawling district info: 潍坊 诸城市 诸城市[https://wf.lianjia.com/xiaoqu/zhuchengshi1/]
2022-12-26T00:50:52 [pipelines.py:98] INFO: Insert new city 潍坊
2022-12-26T00:50:52 [pipelines.py:133] INFO: Insert new region 诸城市 in city 潍坊.
2022-12-26T00:50:52 [scraper.py:289] DEBUG: Scraped from <200 https://wf.lianjia.com/xiaoqu/zhuchengshi/>
{'business_area_city': '潍坊',
 'business_area_name': '诸城市',
 'business_area_region': '诸城市',
 'business_area_url': 'https://wf.lianjia.com/xiaoqu/zhuchengshi1/'}
2022-12-26T00:50:54 [engine.py:295] DEBUG: Crawled (200) <GET https://sz.lianjia.com/xiaoqu/dapengxinqu/> (referer: https://sz.lianjia.com/xiaoqu/luohuqu/)
2022-12-26T00:50:54 [business_area_spider.py:131] INFO: Crawling district info: 深圳 大鹏新区 大鹏半岛[https://sz.lianjia.com/xiaoqu/dapengbandao/]
2022-12-26T00:50:54 [pipelines.py:98] INFO: Insert new city 深圳
2022-12-26T00:50:54 [pipelines.py:133] INFO: Insert new region 大鹏新区 in city 深圳.
2022-12-26T00:50:54 [scraper.py:289] DEBUG: Scraped from <200 https://sz.lianjia.com/xiaoqu/dapengxinqu/>
{'business_area_city': '深圳',
 'business_area_name': '大鹏半岛',
 'business_area_region': '大鹏新区',
 'business_area_url': 'https://sz.lianjia.com/xiaoqu/dapengbandao/'}
2022-12-26T00:50:58 [engine.py:295] DEBUG: Crawled (200) <GET https://sh.lianjia.com/xiaoqu/chongming/> (referer: https://sh.lianjia.com/xiaoqu/pudong/)
2022-12-26T00:50:58 [business_area_spider.py:131] INFO: Crawling district info: 上海 崇明 堡镇[https://sh.lianjia.com/xiaoqu/baozhen/]
2022-12-26T00:50:58 [pipelines.py:133] INFO: Insert new region 崇明 in city 上海.
2022-12-26T00:50:58 [scraper.py:289] DEBUG: Scraped from <200 https://sh.lianjia.com/xiaoqu/chongming/>
{'business_area_city': '上海',
 'business_area_name': '堡镇',
 'business_area_region': '崇明',
 'business_area_url': 'https://sh.lianjia.com/xiaoqu/baozhen/'}
2022-12-26T00:50:58 [business_area_spider.py:131] INFO: Crawling district info: 上海 崇明 长兴岛[https://sh.lianjia.com/xiaoqu/changxingdao21211/]
2022-12-26T00:50:58 [scraper.py:289] DEBUG: Scraped from <200 https://sh.lianjia.com/xiaoqu/chongming/>
{'business_area_city': '上海',
 'business_area_name': '长兴岛',
 'business_area_region': '崇明',
 'business_area_url': 'https://sh.lianjia.com/xiaoqu/changxingdao21211/'}
2022-12-26T00:50:58 [business_area_spider.py:131] INFO: Crawling district info: 上海 崇明 陈家镇[https://sh.lianjia.com/xiaoqu/chenjiazhen/]
2022-12-26T00:50:58 [scraper.py:289] DEBUG: Scraped from <200 https://sh.lianjia.com/xiaoqu/chongming/>
{'business_area_city': '上海',
 'business_area_name': '陈家镇',
 'business_area_region': '崇明',
 'business_area_url': 'https://sh.lianjia.com/xiaoqu/chenjiazhen/'}
2022-12-26T00:50:58 [business_area_spider.py:131] INFO: Crawling district info: 上海 崇明 崇明其它[https://sh.lianjia.com/xiaoqu/chongmingqita/]
2022-12-26T00:50:58 [scraper.py:289] DEBUG: Scraped from <200 https://sh.lianjia.com/xiaoqu/chongming/>
{'business_area_city': '上海',
 'business_area_name': '崇明其它',
 'business_area_region': '崇明',
 'business_area_url': 'https://sh.lianjia.com/xiaoqu/chongmingqita/'}
2022-12-26T00:50:58 [business_area_spider.py:131] INFO: Crawling district info: 上海 崇明 崇明新城[https://sh.lianjia.com/xiaoqu/chongmingxincheng/]
2022-12-26T00:50:58 [scraper.py:289] DEBUG: Scraped from <200 https://sh.lianjia.com/xiaoqu/chongming/>
{'business_area_city': '上海',
 'business_area_name': '崇明新城',
 'business_area_region': '崇明',
 'business_area_url': 'https://sh.lianjia.com/xiaoqu/chongmingxincheng/'}
2022-12-26T00:50:58 [business_area_spider.py:131] INFO: Crawling district info: 上海 崇明 横沙岛[https://sh.lianjia.com/xiaoqu/hengshadao/]
2022-12-26T00:50:58 [scraper.py:289] DEBUG: Scraped from <200 https://sh.lianjia.com/xiaoqu/chongming/>
{'business_area_city': '上海',
 'business_area_name': '横沙岛',
 'business_area_region': '崇明',
 'business_area_url': 'https://sh.lianjia.com/xiaoqu/hengshadao/'}
2022-12-26T00:50:58 [business_area_spider.py:131] INFO: Crawling district info: 上海 崇明 启东[https://sh.lianjia.com/xiaoqu/qidong1/]
2022-12-26T00:50:58 [pipelines.py:170] INFO: (7, '启东', 'https://sh.lianjia.com/xiaoqu/qidong1/', '上海周边', '上海', 0)
2022-12-26T00:50:58 [pipelines.py:171] INFO: Business area[启东] already exists inSQLite database.
2022-12-26T00:50:58 [scraper.py:289] DEBUG: Scraped from <200 https://sh.lianjia.com/xiaoqu/chongming/>
None
2022-12-26T00:50:59 [engine.py:295] DEBUG: Crawled (200) <GET https://wf.lianjia.com/xiaoqu/weichengqu/> (referer: https://wf.lianjia.com/xiaoqu/)
2022-12-26T00:50:59 [business_area_spider.py:131] INFO: Crawling district info: 潍坊 潍城区 奥体中心[https://wf.lianjia.com/xiaoqu/aotizhongxin2/]
2022-12-26T00:50:59 [pipelines.py:133] INFO: Insert new region 潍城区 in city 潍坊.
2022-12-26T00:50:59 [scraper.py:289] DEBUG: Scraped from <200 https://wf.lianjia.com/xiaoqu/weichengqu/>
{'business_area_city': '潍坊',
 'business_area_name': '奥体中心',
 'business_area_region': '潍城区',
 'business_area_url': 'https://wf.lianjia.com/xiaoqu/aotizhongxin2/'}
2022-12-26T00:50:59 [business_area_spider.py:131] INFO: Crawling district info: 潍坊 潍城区 福乐多[https://wf.lianjia.com/xiaoqu/fuleduo/]
2022-12-26T00:50:59 [scraper.py:289] DEBUG: Scraped from <200 https://wf.lianjia.com/xiaoqu/weichengqu/>
{'business_area_city': '潍坊',
 'business_area_name': '福乐多',
 'business_area_region': '潍城区',
 'business_area_url': 'https://wf.lianjia.com/xiaoqu/fuleduo/'}
2022-12-26T00:50:59 [business_area_spider.py:131] INFO: Crawling district info: 潍坊 潍城区 豪德广场[https://wf.lianjia.com/xiaoqu/haodeguangchang/]
2022-12-26T00:50:59 [scraper.py:289] DEBUG: Scraped from <200 https://wf.lianjia.com/xiaoqu/weichengqu/>
{'business_area_city': '潍坊',
 'business_area_name': '豪德广场',
 'business_area_region': '潍城区',
 'business_area_url': 'https://wf.lianjia.com/xiaoqu/haodeguangchang/'}
2022-12-26T00:50:59 [business_area_spider.py:131] INFO: Crawling district info: 潍坊 潍城区 火车站西南[https://wf.lianjia.com/xiaoqu/huochezhanxinan/]
2022-12-26T00:50:59 [scraper.py:289] DEBUG: Scraped from <200 https://wf.lianjia.com/xiaoqu/weichengqu/>
{'business_area_city': '潍坊',
 'business_area_name': '火车站西南',
 'business_area_region': '潍城区',
 'business_area_url': 'https://wf.lianjia.com/xiaoqu/huochezhanxinan/'}
2022-12-26T00:50:59 [business_area_spider.py:131] INFO: Crawling district info: 潍坊 潍城区 上城佳乐家[https://wf.lianjia.com/xiaoqu/shangchengjialejia/]
2022-12-26T00:50:59 [scraper.py:289] DEBUG: Scraped from <200 https://wf.lianjia.com/xiaoqu/weichengqu/>
{'business_area_city': '潍坊',
 'business_area_name': '上城佳乐家',
 'business_area_region': '潍城区',
 'business_area_url': 'https://wf.lianjia.com/xiaoqu/shangchengjialejia/'}
2022-12-26T00:50:59 [business_area_spider.py:131] INFO: Crawling district info: 潍坊 潍城区 十笏园[https://wf.lianjia.com/xiaoqu/shihuyuan/]
2022-12-26T00:50:59 [scraper.py:289] DEBUG: Scraped from <200 https://wf.lianjia.com/xiaoqu/weichengqu/>
{'business_area_city': '潍坊',
 'business_area_name': '十笏园',
 'business_area_region': '潍城区',
 'business_area_url': 'https://wf.lianjia.com/xiaoqu/shihuyuan/'}
2022-12-26T00:50:59 [business_area_spider.py:131] INFO: Crawling district info: 潍坊 潍城区 万家福[https://wf.lianjia.com/xiaoqu/wanjiafu/]
2022-12-26T00:50:59 [scraper.py:289] DEBUG: Scraped from <200 https://wf.lianjia.com/xiaoqu/weichengqu/>
{'business_area_city': '潍坊',
 'business_area_name': '万家福',
 'business_area_region': '潍城区',
 'business_area_url': 'https://wf.lianjia.com/xiaoqu/wanjiafu/'}
2022-12-26T00:50:59 [business_area_spider.py:131] INFO: Crawling district info: 潍坊 潍城区 潍城区政府[https://wf.lianjia.com/xiaoqu/weichengquzhengfu/]
2022-12-26T00:50:59 [scraper.py:289] DEBUG: Scraped from <200 https://wf.lianjia.com/xiaoqu/weichengqu/>
{'business_area_city': '潍坊',
 'business_area_name': '潍城区政府',
 'business_area_region': '潍城区',
 'business_area_url': 'https://wf.lianjia.com/xiaoqu/weichengquzhengfu/'}
2022-12-26T00:50:59 [business_area_spider.py:131] INFO: Crawling district info: 潍坊 潍城区 潍城周边[https://wf.lianjia.com/xiaoqu/weichengzhoubian/]
2022-12-26T00:50:59 [scraper.py:289] DEBUG: Scraped from <200 https://wf.lianjia.com/xiaoqu/weichengqu/>
{'business_area_city': '潍坊',
 'business_area_name': '潍城周边',
 'business_area_region': '潍城区',
 'business_area_url': 'https://wf.lianjia.com/xiaoqu/weichengzhoubian/'}
2022-12-26T00:50:59 [business_area_spider.py:131] INFO: Crawling district info: 潍坊 潍城区 潍坊站[https://wf.lianjia.com/xiaoqu/weifangzhan/]
2022-12-26T00:50:59 [scraper.py:289] DEBUG: Scraped from <200 https://wf.lianjia.com/xiaoqu/weichengqu/>
{'business_area_city': '潍坊',
 'business_area_name': '潍坊站',
 'business_area_region': '潍城区',
 'business_area_url': 'https://wf.lianjia.com/xiaoqu/weifangzhan/'}
2022-12-26T00:50:59 [business_area_spider.py:131] INFO: Crawling district info: 潍坊 潍城区 鸢都湖-2[https://wf.lianjia.com/xiaoqu/yuandouhu2/]
2022-12-26T00:50:59 [scraper.py:289] DEBUG: Scraped from <200 https://wf.lianjia.com/xiaoqu/weichengqu/>
{'business_area_city': '潍坊',
 'business_area_name': '鸢都湖-2',
 'business_area_region': '潍城区',
 'business_area_url': 'https://wf.lianjia.com/xiaoqu/yuandouhu2/'}
2022-12-26T00:50:59 [business_area_spider.py:131] INFO: Crawling district info: 潍坊 潍城区 站南广场[https://wf.lianjia.com/xiaoqu/zhannanguangchang/]
2022-12-26T00:50:59 [scraper.py:289] DEBUG: Scraped from <200 https://wf.lianjia.com/xiaoqu/weichengqu/>
{'business_area_city': '潍坊',
 'business_area_name': '站南广场',
 'business_area_region': '潍城区',
 'business_area_url': 'https://wf.lianjia.com/xiaoqu/zhannanguangchang/'}
2022-12-26T00:50:59 [business_area_spider.py:131] INFO: Crawling district info: 潍坊 潍城区 自怡园[https://wf.lianjia.com/xiaoqu/ziyiyuan/]
2022-12-26T00:50:59 [scraper.py:289] DEBUG: Scraped from <200 https://wf.lianjia.com/xiaoqu/weichengqu/>
{'business_area_city': '潍坊',
 'business_area_name': '自怡园',
 'business_area_region': '潍城区',
 'business_area_url': 'https://wf.lianjia.com/xiaoqu/ziyiyuan/'}
2022-12-26T00:50:59 [engine.py:295] DEBUG: Crawled (200) <GET https://sz.lianjia.com/xiaoqu/pingshanqu/> (referer: https://sz.lianjia.com/xiaoqu/luohuqu/)
2022-12-26T00:50:59 [business_area_spider.py:131] INFO: Crawling district info: 深圳 坪山区 坪山[https://sz.lianjia.com/xiaoqu/pingshan/]
2022-12-26T00:50:59 [pipelines.py:133] INFO: Insert new region 坪山区 in city 深圳.
2022-12-26T00:50:59 [scraper.py:289] DEBUG: Scraped from <200 https://sz.lianjia.com/xiaoqu/pingshanqu/>
{'business_area_city': '深圳',
 'business_area_name': '坪山',
 'business_area_region': '坪山区',
 'business_area_url': 'https://sz.lianjia.com/xiaoqu/pingshan/'}
2022-12-26T00:51:06 [engine.py:295] DEBUG: Crawled (200) <GET https://sz.lianjia.com/xiaoqu/guangmingqu/> (referer: https://sz.lianjia.com/xiaoqu/luohuqu/)
2022-12-26T00:51:06 [business_area_spider.py:131] INFO: Crawling district info: 深圳 光明区 公明[https://sz.lianjia.com/xiaoqu/gongming/]
2022-12-26T00:51:06 [pipelines.py:133] INFO: Insert new region 光明区 in city 深圳.
2022-12-26T00:51:06 [scraper.py:289] DEBUG: Scraped from <200 https://sz.lianjia.com/xiaoqu/guangmingqu/>
{'business_area_city': '深圳',
 'business_area_name': '公明',
 'business_area_region': '光明区',
 'business_area_url': 'https://sz.lianjia.com/xiaoqu/gongming/'}
2022-12-26T00:51:06 [business_area_spider.py:131] INFO: Crawling district info: 深圳 光明区 桃源居[https://sz.lianjia.com/xiaoqu/taoyuanju/]
2022-12-26T00:51:06 [scraper.py:289] DEBUG: Scraped from <200 https://sz.lianjia.com/xiaoqu/guangmingqu/>
{'business_area_city': '深圳',
 'business_area_name': '桃源居',
 'business_area_region': '光明区',
 'business_area_url': 'https://sz.lianjia.com/xiaoqu/taoyuanju/'}
2022-12-26T00:51:07 [engine.py:295] DEBUG: Crawled (200) <GET https://wf.lianjia.com/xiaoqu/changyishi/> (referer: https://wf.lianjia.com/xiaoqu/)
2022-12-26T00:51:08 [business_area_spider.py:131] INFO: Crawling district info: 潍坊 昌邑市 昌邑市[https://wf.lianjia.com/xiaoqu/changyishi1/]
2022-12-26T00:51:08 [pipelines.py:133] INFO: Insert new region 昌邑市 in city 潍坊.
2022-12-26T00:51:08 [scraper.py:289] DEBUG: Scraped from <200 https://wf.lianjia.com/xiaoqu/changyishi/>
{'business_area_city': '潍坊',
 'business_area_name': '昌邑市',
 'business_area_region': '昌邑市',
 'business_area_url': 'https://wf.lianjia.com/xiaoqu/changyishi1/'}
2022-12-26T00:51:13 [engine.py:295] DEBUG: Crawled (200) <GET https://sz.lianjia.com/xiaoqu/longhuaqu/> (referer: https://sz.lianjia.com/xiaoqu/luohuqu/)
2022-12-26T00:51:13 [business_area_spider.py:131] INFO: Crawling district info: 深圳 龙华区 坂田[https://sz.lianjia.com/xiaoqu/bantian/]
2022-12-26T00:51:13 [pipelines.py:133] INFO: Insert new region 龙华区 in city 深圳.
2022-12-26T00:51:13 [scraper.py:289] DEBUG: Scraped from <200 https://sz.lianjia.com/xiaoqu/longhuaqu/>
{'business_area_city': '深圳',
 'business_area_name': '坂田',
 'business_area_region': '龙华区',
 'business_area_url': 'https://sz.lianjia.com/xiaoqu/bantian/'}
2022-12-26T00:51:13 [business_area_spider.py:131] INFO: Crawling district info: 深圳 龙华区 观澜[https://sz.lianjia.com/xiaoqu/guanlan/]
2022-12-26T00:51:13 [scraper.py:289] DEBUG: Scraped from <200 https://sz.lianjia.com/xiaoqu/longhuaqu/>
{'business_area_city': '深圳',
 'business_area_name': '观澜',
 'business_area_region': '龙华区',
 'business_area_url': 'https://sz.lianjia.com/xiaoqu/guanlan/'}
2022-12-26T00:51:13 [business_area_spider.py:131] INFO: Crawling district info: 深圳 龙华区 红山[https://sz.lianjia.com/xiaoqu/hongshan6/]
2022-12-26T00:51:13 [scraper.py:289] DEBUG: Scraped from <200 https://sz.lianjia.com/xiaoqu/longhuaqu/>
{'business_area_city': '深圳',
 'business_area_name': '红山',
 'business_area_region': '龙华区',
 'business_area_url': 'https://sz.lianjia.com/xiaoqu/hongshan6/'}
2022-12-26T00:51:13 [business_area_spider.py:131] INFO: Crawling district info: 深圳 龙华区 龙华新区[https://sz.lianjia.com/xiaoqu/longhuaxinqu/]
2022-12-26T00:51:13 [scraper.py:289] DEBUG: Scraped from <200 https://sz.lianjia.com/xiaoqu/longhuaqu/>
{'business_area_city': '深圳',
 'business_area_name': '龙华新区',
 'business_area_region': '龙华区',
 'business_area_url': 'https://sz.lianjia.com/xiaoqu/longhuaxinqu/'}
2022-12-26T00:51:13 [business_area_spider.py:131] INFO: Crawling district info: 深圳 龙华区 龙华中心[https://sz.lianjia.com/xiaoqu/longhuazhongxin/]
2022-12-26T00:51:13 [scraper.py:289] DEBUG: Scraped from <200 https://sz.lianjia.com/xiaoqu/longhuaqu/>
{'business_area_city': '深圳',
 'business_area_name': '龙华中心',
 'business_area_region': '龙华区',
 'business_area_url': 'https://sz.lianjia.com/xiaoqu/longhuazhongxin/'}
2022-12-26T00:51:13 [business_area_spider.py:131] INFO: Crawling district info: 深圳 龙华区 梅林关[https://sz.lianjia.com/xiaoqu/meilinguan/]
2022-12-26T00:51:13 [scraper.py:289] DEBUG: Scraped from <200 https://sz.lianjia.com/xiaoqu/longhuaqu/>
{'business_area_city': '深圳',
 'business_area_name': '梅林关',
 'business_area_region': '龙华区',
 'business_area_url': 'https://sz.lianjia.com/xiaoqu/meilinguan/'}
2022-12-26T00:51:13 [business_area_spider.py:131] INFO: Crawling district info: 深圳 龙华区 民治[https://sz.lianjia.com/xiaoqu/minzhi/]
2022-12-26T00:51:13 [scraper.py:289] DEBUG: Scraped from <200 https://sz.lianjia.com/xiaoqu/longhuaqu/>
{'business_area_city': '深圳',
 'business_area_name': '民治',
 'business_area_region': '龙华区',
 'business_area_url': 'https://sz.lianjia.com/xiaoqu/minzhi/'}
2022-12-26T00:51:13 [business_area_spider.py:131] INFO: Crawling district info: 深圳 龙华区 上塘[https://sz.lianjia.com/xiaoqu/shangtang/]
2022-12-26T00:51:13 [scraper.py:289] DEBUG: Scraped from <200 https://sz.lianjia.com/xiaoqu/longhuaqu/>
{'business_area_city': '深圳',
 'business_area_name': '上塘',
 'business_area_region': '龙华区',
 'business_area_url': 'https://sz.lianjia.com/xiaoqu/shangtang/'}
2022-12-26T00:51:13 [business_area_spider.py:131] INFO: Crawling district info: 深圳 龙华区 石岩[https://sz.lianjia.com/xiaoqu/shiyan/]
2022-12-26T00:51:13 [scraper.py:289] DEBUG: Scraped from <200 https://sz.lianjia.com/xiaoqu/longhuaqu/>
{'business_area_city': '深圳',
 'business_area_name': '石岩',
 'business_area_region': '龙华区',
 'business_area_url': 'https://sz.lianjia.com/xiaoqu/shiyan/'}
2022-12-26T00:51:15 [engine.py:295] DEBUG: Crawled (200) <GET https://wf.lianjia.com/xiaoqu/changlexian/> (referer: https://wf.lianjia.com/xiaoqu/)
2022-12-26T00:51:15 [business_area_spider.py:131] INFO: Crawling district info: 潍坊 昌乐县 昌乐县[https://wf.lianjia.com/xiaoqu/changlexian1/]
2022-12-26T00:51:15 [pipelines.py:133] INFO: Insert new region 昌乐县 in city 潍坊.
2022-12-26T00:51:15 [scraper.py:289] DEBUG: Scraped from <200 https://wf.lianjia.com/xiaoqu/changlexian/>
{'business_area_city': '潍坊',
 'business_area_name': '昌乐县',
 'business_area_region': '昌乐县',
 'business_area_url': 'https://wf.lianjia.com/xiaoqu/changlexian1/'}
2022-12-26T00:51:15 [engine.py:295] DEBUG: Crawled (200) <GET https://gz.lianjia.com/xiaoqu/shunde/> (referer: https://gz.lianjia.com/xiaoqu/tianhe/)
2022-12-26T00:51:15 [business_area_spider.py:131] INFO: Crawling district info: 广州 顺德 顺德碧桂园[https://gz.lianjia.com/xiaoqu/shundebiguiyuan1/]
2022-12-26T00:51:15 [pipelines.py:98] INFO: Insert new city 广州
2022-12-26T00:51:15 [pipelines.py:133] INFO: Insert new region 顺德 in city 广州.
2022-12-26T00:51:15 [scraper.py:289] DEBUG: Scraped from <200 https://gz.lianjia.com/xiaoqu/shunde/>
{'business_area_city': '广州',
 'business_area_name': '顺德碧桂园',
 'business_area_region': '顺德',
 'business_area_url': 'https://gz.lianjia.com/xiaoqu/shundebiguiyuan1/'}
2022-12-26T00:51:21 [engine.py:295] DEBUG: Crawled (200) <GET https://sz.lianjia.com/xiaoqu/longgangqu/> (referer: https://sz.lianjia.com/xiaoqu/luohuqu/)
2022-12-26T00:51:21 [business_area_spider.py:131] INFO: Crawling district info: 深圳 龙岗区 坂田[https://sz.lianjia.com/xiaoqu/bantian/]
2022-12-26T00:51:21 [pipelines.py:133] INFO: Insert new region 龙岗区 in city 深圳.
2022-12-26T00:51:21 [pipelines.py:170] INFO: (38, '坂田', 'https://sz.lianjia.com/xiaoqu/bantian/', '龙华区', '深圳', 0)
2022-12-26T00:51:21 [pipelines.py:171] INFO: Business area[坂田] already exists inSQLite database.
2022-12-26T00:51:21 [scraper.py:289] DEBUG: Scraped from <200 https://sz.lianjia.com/xiaoqu/longgangqu/>
None
2022-12-26T00:51:21 [business_area_spider.py:131] INFO: Crawling district info: 深圳 龙岗区 布吉大芬[https://sz.lianjia.com/xiaoqu/bujidafen/]
2022-12-26T00:51:21 [scraper.py:289] DEBUG: Scraped from <200 https://sz.lianjia.com/xiaoqu/longgangqu/>
{'business_area_city': '深圳',
 'business_area_name': '布吉大芬',
 'business_area_region': '龙岗区',
 'business_area_url': 'https://sz.lianjia.com/xiaoqu/bujidafen/'}
2022-12-26T00:51:21 [business_area_spider.py:131] INFO: Crawling district info: 深圳 龙岗区 布吉关[https://sz.lianjia.com/xiaoqu/bujiguan/]
2022-12-26T00:51:21 [scraper.py:289] DEBUG: Scraped from <200 https://sz.lianjia.com/xiaoqu/longgangqu/>
{'business_area_city': '深圳',
 'business_area_name': '布吉关',
 'business_area_region': '龙岗区',
 'business_area_url': 'https://sz.lianjia.com/xiaoqu/bujiguan/'}
2022-12-26T00:51:21 [business_area_spider.py:131] INFO: Crawling district info: 深圳 龙岗区 布吉街[https://sz.lianjia.com/xiaoqu/bujijie/]
2022-12-26T00:51:21 [scraper.py:289] DEBUG: Scraped from <200 https://sz.lianjia.com/xiaoqu/longgangqu/>
{'business_area_city': '深圳',
 'business_area_name': '布吉街',
 'business_area_region': '龙岗区',
 'business_area_url': 'https://sz.lianjia.com/xiaoqu/bujijie/'}
2022-12-26T00:51:21 [business_area_spider.py:131] INFO: Crawling district info: 深圳 龙岗区 布吉南岭[https://sz.lianjia.com/xiaoqu/bujinanling/]
2022-12-26T00:51:21 [scraper.py:289] DEBUG: Scraped from <200 https://sz.lianjia.com/xiaoqu/longgangqu/>
{'business_area_city': '深圳',
 'business_area_name': '布吉南岭',
 'business_area_region': '龙岗区',
 'business_area_url': 'https://sz.lianjia.com/xiaoqu/bujinanling/'}
2022-12-26T00:51:21 [business_area_spider.py:131] INFO: Crawling district info: 深圳 龙岗区 布吉石芽岭[https://sz.lianjia.com/xiaoqu/bujishiyaling/]
2022-12-26T00:51:21 [scraper.py:289] DEBUG: Scraped from <200 https://sz.lianjia.com/xiaoqu/longgangqu/>
{'business_area_city': '深圳',
 'business_area_name': '布吉石芽岭',
 'business_area_region': '龙岗区',
 'business_area_url': 'https://sz.lianjia.com/xiaoqu/bujishiyaling/'}
2022-12-26T00:51:21 [business_area_spider.py:131] INFO: Crawling district info: 深圳 龙岗区 布吉水径[https://sz.lianjia.com/xiaoqu/bujishuijing/]
2022-12-26T00:51:21 [scraper.py:289] DEBUG: Scraped from <200 https://sz.lianjia.com/xiaoqu/longgangqu/>
{'business_area_city': '深圳',
 'business_area_name': '布吉水径',
 'business_area_region': '龙岗区',
 'business_area_url': 'https://sz.lianjia.com/xiaoqu/bujishuijing/'}
2022-12-26T00:51:21 [business_area_spider.py:131] INFO: Crawling district info: 深圳 龙岗区 丹竹头[https://sz.lianjia.com/xiaoqu/danzhutou/]
2022-12-26T00:51:21 [scraper.py:289] DEBUG: Scraped from <200 https://sz.lianjia.com/xiaoqu/longgangqu/>
{'business_area_city': '深圳',
 'business_area_name': '丹竹头',
 'business_area_region': '龙岗区',
 'business_area_url': 'https://sz.lianjia.com/xiaoqu/danzhutou/'}
2022-12-26T00:51:21 [business_area_spider.py:131] INFO: Crawling district info: 深圳 龙岗区 大运新城[https://sz.lianjia.com/xiaoqu/dayunxincheng/]
2022-12-26T00:51:21 [scraper.py:289] DEBUG: Scraped from <200 https://sz.lianjia.com/xiaoqu/longgangqu/>
{'business_area_city': '深圳',
 'business_area_name': '大运新城',
 'business_area_region': '龙岗区',
 'business_area_url': 'https://sz.lianjia.com/xiaoqu/dayunxincheng/'}
2022-12-26T00:51:21 [business_area_spider.py:131] INFO: Crawling district info: 深圳 龙岗区 横岗[https://sz.lianjia.com/xiaoqu/henggang/]
2022-12-26T00:51:21 [scraper.py:289] DEBUG: Scraped from <200 https://sz.lianjia.com/xiaoqu/longgangqu/>
{'business_area_city': '深圳',
 'business_area_name': '横岗',
 'business_area_region': '龙岗区',
 'business_area_url': 'https://sz.lianjia.com/xiaoqu/henggang/'}
2022-12-26T00:51:21 [business_area_spider.py:131] INFO: Crawling district info: 深圳 龙岗区 龙岗宝荷[https://sz.lianjia.com/xiaoqu/longgangbaohe/]
2022-12-26T00:51:21 [scraper.py:289] DEBUG: Scraped from <200 https://sz.lianjia.com/xiaoqu/longgangqu/>
{'business_area_city': '深圳',
 'business_area_name': '龙岗宝荷',
 'business_area_region': '龙岗区',
 'business_area_url': 'https://sz.lianjia.com/xiaoqu/longgangbaohe/'}
2022-12-26T00:51:21 [business_area_spider.py:131] INFO: Crawling district info: 深圳 龙岗区 龙岗双龙[https://sz.lianjia.com/xiaoqu/longgangshuanglong/]
2022-12-26T00:51:21 [scraper.py:289] DEBUG: Scraped from <200 https://sz.lianjia.com/xiaoqu/longgangqu/>
{'business_area_city': '深圳',
 'business_area_name': '龙岗双龙',
 'business_area_region': '龙岗区',
 'business_area_url': 'https://sz.lianjia.com/xiaoqu/longgangshuanglong/'}
2022-12-26T00:51:21 [business_area_spider.py:131] INFO: Crawling district info: 深圳 龙岗区 龙岗中心城[https://sz.lianjia.com/xiaoqu/longgangzhongxincheng/]
2022-12-26T00:51:21 [scraper.py:289] DEBUG: Scraped from <200 https://sz.lianjia.com/xiaoqu/longgangqu/>
{'business_area_city': '深圳',
 'business_area_name': '龙岗中心城',
 'business_area_region': '龙岗区',
 'business_area_url': 'https://sz.lianjia.com/xiaoqu/longgangzhongxincheng/'}
2022-12-26T00:51:21 [business_area_spider.py:131] INFO: Crawling district info: 深圳 龙岗区 民治[https://sz.lianjia.com/xiaoqu/minzhi/]
2022-12-26T00:51:21 [pipelines.py:170] INFO: (44, '民治', 'https://sz.lianjia.com/xiaoqu/minzhi/', '龙华区', '深圳', 0)
2022-12-26T00:51:21 [pipelines.py:171] INFO: Business area[民治] already exists inSQLite database.
2022-12-26T00:51:21 [scraper.py:289] DEBUG: Scraped from <200 https://sz.lianjia.com/xiaoqu/longgangqu/>
None
2022-12-26T00:51:21 [business_area_spider.py:131] INFO: Crawling district info: 深圳 龙岗区 坪地[https://sz.lianjia.com/xiaoqu/pingdi/]
2022-12-26T00:51:21 [scraper.py:289] DEBUG: Scraped from <200 https://sz.lianjia.com/xiaoqu/longgangqu/>
{'business_area_city': '深圳',
 'business_area_name': '坪地',
 'business_area_region': '龙岗区',
 'business_area_url': 'https://sz.lianjia.com/xiaoqu/pingdi/'}
2022-12-26T00:51:21 [business_area_spider.py:131] INFO: Crawling district info: 深圳 龙岗区 平湖[https://sz.lianjia.com/xiaoqu/pinghu/]
2022-12-26T00:51:21 [scraper.py:289] DEBUG: Scraped from <200 https://sz.lianjia.com/xiaoqu/longgangqu/>
{'business_area_city': '深圳',
 'business_area_name': '平湖',
 'business_area_region': '龙岗区',
 'business_area_url': 'https://sz.lianjia.com/xiaoqu/pinghu/'}
2022-12-26T00:51:22 [engine.py:295] DEBUG: Crawled (200) <GET https://wf.lianjia.com/xiaoqu/shouguangshi/> (referer: https://wf.lianjia.com/xiaoqu/)
2022-12-26T00:51:23 [business_area_spider.py:131] INFO: Crawling district info: 潍坊 寿光市 寿光市[https://wf.lianjia.com/xiaoqu/shouguangshi1/]
2022-12-26T00:51:23 [pipelines.py:133] INFO: Insert new region 寿光市 in city 潍坊.
2022-12-26T00:51:23 [scraper.py:289] DEBUG: Scraped from <200 https://wf.lianjia.com/xiaoqu/shouguangshi/>
{'business_area_city': '潍坊',
 'business_area_name': '寿光市',
 'business_area_region': '寿光市',
 'business_area_url': 'https://wf.lianjia.com/xiaoqu/shouguangshi1/'}
2022-12-26T00:51:25 [engine.py:295] DEBUG: Crawled (200) <GET https://gz.lianjia.com/xiaoqu/nanhai/> (referer: https://gz.lianjia.com/xiaoqu/tianhe/)
2022-12-26T00:51:25 [business_area_spider.py:131] INFO: Crawling district info: 广州 南海 金沙洲[https://gz.lianjia.com/xiaoqu/jinshazhou1/]
2022-12-26T00:51:25 [pipelines.py:133] INFO: Insert new region 南海 in city 广州.
2022-12-26T00:51:25 [scraper.py:289] DEBUG: Scraped from <200 https://gz.lianjia.com/xiaoqu/nanhai/>
{'business_area_city': '广州',
 'business_area_name': '金沙洲',
 'business_area_region': '南海',
 'business_area_url': 'https://gz.lianjia.com/xiaoqu/jinshazhou1/'}
2022-12-26T00:51:29 [engine.py:295] DEBUG: Crawled (200) <GET https://sz.lianjia.com/xiaoqu/baoanqu/> (referer: https://sz.lianjia.com/xiaoqu/luohuqu/)
2022-12-26T00:51:29 [business_area_spider.py:131] INFO: Crawling district info: 深圳 宝安区 宝安中心[https://sz.lianjia.com/xiaoqu/baoanzhongxin/]
2022-12-26T00:51:29 [pipelines.py:133] INFO: Insert new region 宝安区 in city 深圳.
2022-12-26T00:51:29 [scraper.py:289] DEBUG: Scraped from <200 https://sz.lianjia.com/xiaoqu/baoanqu/>
{'business_area_city': '深圳',
 'business_area_name': '宝安中心',
 'business_area_region': '宝安区',
 'business_area_url': 'https://sz.lianjia.com/xiaoqu/baoanzhongxin/'}
2022-12-26T00:51:29 [business_area_spider.py:131] INFO: Crawling district info: 深圳 宝安区 碧海[https://sz.lianjia.com/xiaoqu/bihai1/]
2022-12-26T00:51:29 [scraper.py:289] DEBUG: Scraped from <200 https://sz.lianjia.com/xiaoqu/baoanqu/>
{'business_area_city': '深圳',
 'business_area_name': '碧海',
 'business_area_region': '宝安区',
 'business_area_url': 'https://sz.lianjia.com/xiaoqu/bihai1/'}
2022-12-26T00:51:29 [business_area_spider.py:131] INFO: Crawling district info: 深圳 宝安区 翻身[https://sz.lianjia.com/xiaoqu/fanshen/]
2022-12-26T00:51:29 [scraper.py:289] DEBUG: Scraped from <200 https://sz.lianjia.com/xiaoqu/baoanqu/>
{'business_area_city': '深圳',
 'business_area_name': '翻身',
 'business_area_region': '宝安区',
 'business_area_url': 'https://sz.lianjia.com/xiaoqu/fanshen/'}
2022-12-26T00:51:29 [business_area_spider.py:131] INFO: Crawling district info: 深圳 宝安区 福永[https://sz.lianjia.com/xiaoqu/fuyong/]
2022-12-26T00:51:29 [scraper.py:289] DEBUG: Scraped from <200 https://sz.lianjia.com/xiaoqu/baoanqu/>
{'business_area_city': '深圳',
 'business_area_name': '福永',
 'business_area_region': '宝安区',
 'business_area_url': 'https://sz.lianjia.com/xiaoqu/fuyong/'}
2022-12-26T00:51:29 [business_area_spider.py:131] INFO: Crawling district info: 深圳 宝安区 沙井[https://sz.lianjia.com/xiaoqu/shajing/]
2022-12-26T00:51:29 [scraper.py:289] DEBUG: Scraped from <200 https://sz.lianjia.com/xiaoqu/baoanqu/>
{'business_area_city': '深圳',
 'business_area_name': '沙井',
 'business_area_region': '宝安区',
 'business_area_url': 'https://sz.lianjia.com/xiaoqu/shajing/'}
2022-12-26T00:51:29 [business_area_spider.py:131] INFO: Crawling district info: 深圳 宝安区 石岩[https://sz.lianjia.com/xiaoqu/shiyan/]
2022-12-26T00:51:29 [pipelines.py:170] INFO: (46, '石岩', 'https://sz.lianjia.com/xiaoqu/shiyan/', '龙华区', '深圳', 0)
2022-12-26T00:51:29 [pipelines.py:171] INFO: Business area[石岩] already exists inSQLite database.
2022-12-26T00:51:29 [scraper.py:289] DEBUG: Scraped from <200 https://sz.lianjia.com/xiaoqu/baoanqu/>
None
2022-12-26T00:51:29 [business_area_spider.py:131] INFO: Crawling district info: 深圳 宝安区 松岗[https://sz.lianjia.com/xiaoqu/songgang/]
2022-12-26T00:51:29 [scraper.py:289] DEBUG: Scraped from <200 https://sz.lianjia.com/xiaoqu/baoanqu/>
{'business_area_city': '深圳',
 'business_area_name': '松岗',
 'business_area_region': '宝安区',
 'business_area_url': 'https://sz.lianjia.com/xiaoqu/songgang/'}
2022-12-26T00:51:29 [business_area_spider.py:131] INFO: Crawling district info: 深圳 宝安区 桃源居[https://sz.lianjia.com/xiaoqu/taoyuanju/]
2022-12-26T00:51:29 [pipelines.py:170] INFO: (36, '桃源居', 'https://sz.lianjia.com/xiaoqu/taoyuanju/', '光明区', '深圳', 0)
2022-12-26T00:51:29 [pipelines.py:171] INFO: Business area[桃源居] already exists inSQLite database.
2022-12-26T00:51:29 [scraper.py:289] DEBUG: Scraped from <200 https://sz.lianjia.com/xiaoqu/baoanqu/>
None
2022-12-26T00:51:29 [business_area_spider.py:131] INFO: Crawling district info: 深圳 宝安区 曦城[https://sz.lianjia.com/xiaoqu/xicheng1/]
2022-12-26T00:51:29 [scraper.py:289] DEBUG: Scraped from <200 https://sz.lianjia.com/xiaoqu/baoanqu/>
{'business_area_city': '深圳',
 'business_area_name': '曦城',
 'business_area_region': '宝安区',
 'business_area_url': 'https://sz.lianjia.com/xiaoqu/xicheng1/'}
2022-12-26T00:51:29 [business_area_spider.py:131] INFO: Crawling district info: 深圳 宝安区 新安[https://sz.lianjia.com/xiaoqu/xinan/]
2022-12-26T00:51:29 [scraper.py:289] DEBUG: Scraped from <200 https://sz.lianjia.com/xiaoqu/baoanqu/>
{'business_area_city': '深圳',
 'business_area_name': '新安',
 'business_area_region': '宝安区',
 'business_area_url': 'https://sz.lianjia.com/xiaoqu/xinan/'}
2022-12-26T00:51:29 [business_area_spider.py:131] INFO: Crawling district info: 深圳 宝安区 西乡[https://sz.lianjia.com/xiaoqu/xixiang/]
2022-12-26T00:51:29 [scraper.py:289] DEBUG: Scraped from <200 https://sz.lianjia.com/xiaoqu/baoanqu/>
{'business_area_city': '深圳',
 'business_area_name': '西乡',
 'business_area_region': '宝安区',
 'business_area_url': 'https://sz.lianjia.com/xiaoqu/xixiang/'}
2022-12-26T00:51:30 [crawler.py:313] INFO: Received SIGINT, shutting down gracefully. Send again to force 
2022-12-26T00:51:30 [engine.py:362] INFO: Closing spider (shutdown)
2022-12-26T00:51:30 [crawler.py:321] INFO: Received SIGINT twice, forcing unclean shutdown
2022-12-26T00:51:30 [retry.py:96] DEBUG: Retrying <GET https://wf.lianjia.com/xiaoqu/hantingqu/> (failed 1 times): [<twisted.python.failure.Failure twisted.internet.error.ConnectionLost: Connection to the other side was lost in a non-clean fashion: Connection lost.>]
2022-12-26T00:51:38 [log.py:147] INFO: Scrapy 2.7.1 started (bot: lianjia)
2022-12-26T00:51:38 [log.py:154] INFO: Versions: lxml 4.9.1.0, libxml2 2.9.13, cssselect 1.2.0, parsel 1.7.0, w3lib 2.0.1, Twisted 22.10.0, Python 3.11.0 | packaged by conda-forge | (main, Oct 25 2022, 06:21:25) [Clang 14.0.4 ], pyOpenSSL 22.1.0 (OpenSSL 3.0.7 1 Nov 2022), cryptography 38.0.3, Platform macOS-13.2-arm64-arm-64bit
2022-12-26T00:51:38 [crawler.py:66] INFO: Overridden settings:
{'BOT_NAME': 'lianjia',
 'CONCURRENT_REQUESTS_PER_DOMAIN': 2,
 'CONCURRENT_REQUESTS_PER_IP': 2,
 'COOKIES_ENABLED': False,
 'DOWNLOAD_DELAY': 5,
 'NEWSPIDER_MODULE': 'lianjia.spiders',
 'REQUEST_FINGERPRINTER_IMPLEMENTATION': '2.7',
 'SPIDER_MODULES': ['lianjia.spiders'],
 'TWISTED_REACTOR': 'twisted.internet.asyncioreactor.AsyncioSelectorReactor',
 'USER_AGENT': 'user-agent: Mozilla/5.0 (Windows NT 10.0; Win64; x64) '
               'AppleWebKit/537.36 (KHTML, like Gecko) Chrome/98.0.4758.82 '
               'Safari/537.36'}
2022-12-26T00:51:38 [selector_events.py:54] DEBUG: Using selector: KqueueSelector
2022-12-26T00:51:38 [log.py:159] DEBUG: Using reactor: twisted.internet.asyncioreactor.AsyncioSelectorReactor
2022-12-26T00:51:38 [log.py:162] DEBUG: Using asyncio event loop: asyncio.unix_events._UnixSelectorEventLoop
2022-12-26T00:51:38 [telnet.py:55] INFO: Telnet Password: 20f2a42fc29ce578
2022-12-26T00:51:38 [middleware.py:52] INFO: Enabled extensions:
['scrapy.extensions.corestats.CoreStats',
 'scrapy.extensions.telnet.TelnetConsole',
 'scrapy.extensions.memusage.MemoryUsage',
 'scrapy.extensions.logstats.LogStats']
2022-12-26T00:51:38 [middleware.py:52] INFO: Enabled downloader middlewares:
['scrapy.downloadermiddlewares.httpauth.HttpAuthMiddleware',
 'lianjia.middlewares.ProxiesMiddleware',
 'scrapy.downloadermiddlewares.downloadtimeout.DownloadTimeoutMiddleware',
 'scrapy.downloadermiddlewares.defaultheaders.DefaultHeadersMiddleware',
 'scrapy.downloadermiddlewares.useragent.UserAgentMiddleware',
 'scrapy.downloadermiddlewares.retry.RetryMiddleware',
 'scrapy.downloadermiddlewares.redirect.MetaRefreshMiddleware',
 'scrapy.downloadermiddlewares.httpcompression.HttpCompressionMiddleware',
 'scrapy.downloadermiddlewares.redirect.RedirectMiddleware',
 'scrapy.downloadermiddlewares.httpproxy.HttpProxyMiddleware',
 'scrapy.downloadermiddlewares.stats.DownloaderStats']
2022-12-26T00:51:38 [middleware.py:52] INFO: Enabled spider middlewares:
['scrapy.spidermiddlewares.httperror.HttpErrorMiddleware',
 'scrapy.spidermiddlewares.offsite.OffsiteMiddleware',
 'scrapy.spidermiddlewares.referer.RefererMiddleware',
 'scrapy.spidermiddlewares.urllength.UrlLengthMiddleware',
 'scrapy.spidermiddlewares.depth.DepthMiddleware']
2022-12-26T00:51:38 [middleware.py:52] INFO: Enabled item pipelines:
['lianjia.pipelines.DownCommunityInfoPipeline']
2022-12-26T00:51:38 [engine.py:317] INFO: Spider opened
2022-12-26T00:51:38 [logstats.py:48] INFO: Crawled 0 pages (at 0 pages/min), scraped 0 items (at 0 items/min)
2022-12-26T00:51:38 [telnet.py:67] INFO: Telnet console listening on 127.0.0.1:6024
2022-12-26T00:51:39 [engine.py:295] DEBUG: Crawled (200) <GET https://sh.lianjia.com/xiaoqu/changshushi/> (referer: None)
2022-12-26T00:51:39 [scraper.py:289] DEBUG: Scraped from <200 https://sh.lianjia.com/xiaoqu/changshushi/>
{'community_business_area': '常熟市',
 'community_city': '上海',
 'community_name': '禧徕乐家居生活广场',
 'community_region': '上海周边',
 'community_rent_url': None,
 'community_url': 'https://sh.lianjia.com/xiaoqu/5020023340000595/'}
2022-12-26T00:51:39 [community_spider.py:207] INFO: Finished crawling "常熟市" business area [https://sh.lianjia.com/xiaoqu/changshushi/] in 上海
2022-12-26T00:51:39 [engine.py:295] DEBUG: Crawled (200) <GET https://sz.lianjia.com/xiaoqu/dapengbandao/> (referer: None)
2022-12-26T00:51:39 [engine.py:295] DEBUG: Crawled (200) <GET https://wf.lianjia.com/xiaoqu/zhuchengshi1/> (referer: None)
2022-12-26T00:51:39 [scraper.py:289] DEBUG: Scraped from <200 https://sz.lianjia.com/xiaoqu/dapengbandao/>
{'community_business_area': '大鹏半岛',
 'community_city': '深圳',
 'community_name': '海语山林',
 'community_region': '大鹏新区',
 'community_rent_url': 'https://sz.lianjia.com/zufang/c2411062673763/',
 'community_url': 'https://sz.lianjia.com/xiaoqu/2411062673763/'}
2022-12-26T00:51:39 [scraper.py:289] DEBUG: Scraped from <200 https://sz.lianjia.com/xiaoqu/dapengbandao/>
{'community_business_area': '大鹏半岛',
 'community_city': '深圳',
 'community_name': '德华花园',
 'community_region': '大鹏新区',
 'community_rent_url': None,
 'community_url': 'https://sz.lianjia.com/xiaoqu/2411062672142/'}
2022-12-26T00:51:39 [scraper.py:289] DEBUG: Scraped from <200 https://sz.lianjia.com/xiaoqu/dapengbandao/>
{'community_business_area': '大鹏半岛',
 'community_city': '深圳',
 'community_name': '金众云山栖',
 'community_region': '大鹏新区',
 'community_rent_url': 'https://sz.lianjia.com/zufang/c2411063571812/',
 'community_url': 'https://sz.lianjia.com/xiaoqu/2411063571812/'}
2022-12-26T00:51:39 [scraper.py:289] DEBUG: Scraped from <200 https://sz.lianjia.com/xiaoqu/dapengbandao/>
{'community_business_area': '大鹏半岛',
 'community_city': '深圳',
 'community_name': '鑫园广场',
 'community_region': '大鹏新区',
 'community_rent_url': 'https://sz.lianjia.com/zufang/c2411062676027/',
 'community_url': 'https://sz.lianjia.com/xiaoqu/2411062676027/'}
2022-12-26T00:51:39 [scraper.py:289] DEBUG: Scraped from <200 https://sz.lianjia.com/xiaoqu/dapengbandao/>
{'community_business_area': '大鹏半岛',
 'community_city': '深圳',
 'community_name': '亚迪村',
 'community_region': '大鹏新区',
 'community_rent_url': None,
 'community_url': 'https://sz.lianjia.com/xiaoqu/2411062676114/'}
2022-12-26T00:51:39 [scraper.py:289] DEBUG: Scraped from <200 https://sz.lianjia.com/xiaoqu/dapengbandao/>
{'community_business_area': '大鹏半岛',
 'community_city': '深圳',
 'community_name': '承翰半山海',
 'community_region': '大鹏新区',
 'community_rent_url': 'https://sz.lianjia.com/zufang/c2411062839125/',
 'community_url': 'https://sz.lianjia.com/xiaoqu/2411062839125/'}
2022-12-26T00:51:39 [scraper.py:289] DEBUG: Scraped from <200 https://sz.lianjia.com/xiaoqu/dapengbandao/>
{'community_business_area': '大鹏半岛',
 'community_city': '深圳',
 'community_name': '风球山花园',
 'community_region': '大鹏新区',
 'community_rent_url': 'https://sz.lianjia.com/zufang/c2411062743221/',
 'community_url': 'https://sz.lianjia.com/xiaoqu/2411062743221/'}
2022-12-26T00:51:39 [scraper.py:289] DEBUG: Scraped from <200 https://sz.lianjia.com/xiaoqu/dapengbandao/>
{'community_business_area': '大鹏半岛',
 'community_city': '深圳',
 'community_name': '鹏海苑小区',
 'community_region': '大鹏新区',
 'community_rent_url': None,
 'community_url': 'https://sz.lianjia.com/xiaoqu/2411062737897/'}
2022-12-26T00:51:39 [scraper.py:289] DEBUG: Scraped from <200 https://sz.lianjia.com/xiaoqu/dapengbandao/>
{'community_business_area': '大鹏半岛',
 'community_city': '深圳',
 'community_name': '三科麓湾',
 'community_region': '大鹏新区',
 'community_rent_url': 'https://sz.lianjia.com/zufang/c246986335793752/',
 'community_url': 'https://sz.lianjia.com/xiaoqu/246986335793752/'}
2022-12-26T00:51:39 [scraper.py:289] DEBUG: Scraped from <200 https://sz.lianjia.com/xiaoqu/dapengbandao/>
{'community_business_area': '大鹏半岛',
 'community_city': '深圳',
 'community_name': '凯旋湾花园三期',
 'community_region': '大鹏新区',
 'community_rent_url': 'https://sz.lianjia.com/zufang/c2420023273871666/',
 'community_url': 'https://sz.lianjia.com/xiaoqu/2420023273871666/'}
2022-12-26T00:51:39 [scraper.py:289] DEBUG: Scraped from <200 https://sz.lianjia.com/xiaoqu/dapengbandao/>
{'community_business_area': '大鹏半岛',
 'community_city': '深圳',
 'community_name': '御海湾山庄',
 'community_region': '大鹏新区',
 'community_rent_url': 'https://sz.lianjia.com/zufang/c2420025471612469/',
 'community_url': 'https://sz.lianjia.com/xiaoqu/2420025471612469/'}
2022-12-26T00:51:39 [scraper.py:289] DEBUG: Scraped from <200 https://sz.lianjia.com/xiaoqu/dapengbandao/>
{'community_business_area': '大鹏半岛',
 'community_city': '深圳',
 'community_name': '曼湾广场',
 'community_region': '大鹏新区',
 'community_rent_url': None,
 'community_url': 'https://sz.lianjia.com/xiaoqu/2420028479335192/'}
2022-12-26T00:51:39 [scraper.py:289] DEBUG: Scraped from <200 https://sz.lianjia.com/xiaoqu/dapengbandao/>
{'community_business_area': '大鹏半岛',
 'community_city': '深圳',
 'community_name': '金海滩',
 'community_region': '大鹏新区',
 'community_rent_url': 'https://sz.lianjia.com/zufang/c2413918357196123/',
 'community_url': 'https://sz.lianjia.com/xiaoqu/2413918357196123/'}
2022-12-26T00:51:39 [scraper.py:289] DEBUG: Scraped from <200 https://sz.lianjia.com/xiaoqu/dapengbandao/>
{'community_business_area': '大鹏半岛',
 'community_city': '深圳',
 'community_name': 'KPR佳兆业广场',
 'community_region': '大鹏新区',
 'community_rent_url': 'https://sz.lianjia.com/zufang/c2414147411021136/',
 'community_url': 'https://sz.lianjia.com/xiaoqu/2414147411021136/'}
2022-12-26T00:51:39 [scraper.py:289] DEBUG: Scraped from <200 https://sz.lianjia.com/xiaoqu/dapengbandao/>
{'community_business_area': '大鹏半岛',
 'community_city': '深圳',
 'community_name': '东丽观海山庄',
 'community_region': '大鹏新区',
 'community_rent_url': None,
 'community_url': 'https://sz.lianjia.com/xiaoqu/2414374536491117/'}
2022-12-26T00:51:39 [scraper.py:289] DEBUG: Scraped from <200 https://sz.lianjia.com/xiaoqu/dapengbandao/>
{'community_business_area': '大鹏半岛',
 'community_city': '深圳',
 'community_name': '万科十七英里',
 'community_region': '大鹏新区',
 'community_rent_url': 'https://sz.lianjia.com/zufang/c2414413337736143/',
 'community_url': 'https://sz.lianjia.com/xiaoqu/2414413337736143/'}
2022-12-26T00:51:39 [scraper.py:289] DEBUG: Scraped from <200 https://sz.lianjia.com/xiaoqu/dapengbandao/>
{'community_business_area': '大鹏半岛',
 'community_city': '深圳',
 'community_name': '承翰陶柏莉',
 'community_region': '大鹏新区',
 'community_rent_url': 'https://sz.lianjia.com/zufang/c2414080466234402/',
 'community_url': 'https://sz.lianjia.com/xiaoqu/2414080466234402/'}
2022-12-26T00:51:39 [scraper.py:289] DEBUG: Scraped from <200 https://sz.lianjia.com/xiaoqu/dapengbandao/>
{'community_business_area': '大鹏半岛',
 'community_city': '深圳',
 'community_name': 'PURE33璞岸',
 'community_region': '大鹏新区',
 'community_rent_url': 'https://sz.lianjia.com/zufang/c246985921342987/',
 'community_url': 'https://sz.lianjia.com/xiaoqu/246985921342987/'}
2022-12-26T00:51:39 [scraper.py:289] DEBUG: Scraped from <200 https://sz.lianjia.com/xiaoqu/dapengbandao/>
{'community_business_area': '大鹏半岛',
 'community_city': '深圳',
 'community_name': '凯旋湾花园一期',
 'community_region': '大鹏新区',
 'community_rent_url': None,
 'community_url': 'https://sz.lianjia.com/xiaoqu/246968827457893/'}
2022-12-26T00:51:39 [scraper.py:289] DEBUG: Scraped from <200 https://sz.lianjia.com/xiaoqu/dapengbandao/>
{'community_business_area': '大鹏半岛',
 'community_city': '深圳',
 'community_name': '东部明珠雅苑',
 'community_region': '大鹏新区',
 'community_rent_url': 'https://sz.lianjia.com/zufang/c2411062719191/',
 'community_url': 'https://sz.lianjia.com/xiaoqu/2411062719191/'}
2022-12-26T00:51:39 [scraper.py:289] DEBUG: Scraped from <200 https://sz.lianjia.com/xiaoqu/dapengbandao/>
{'community_business_area': '大鹏半岛',
 'community_city': '深圳',
 'community_name': '南澳水头沙花园',
 'community_region': '大鹏新区',
 'community_rent_url': None,
 'community_url': 'https://sz.lianjia.com/xiaoqu/2411062744914/'}
2022-12-26T00:51:39 [scraper.py:289] DEBUG: Scraped from <200 https://sz.lianjia.com/xiaoqu/dapengbandao/>
{'community_business_area': '大鹏半岛',
 'community_city': '深圳',
 'community_name': '华兴新村',
 'community_region': '大鹏新区',
 'community_rent_url': None,
 'community_url': 'https://sz.lianjia.com/xiaoqu/2411062721059/'}
2022-12-26T00:51:39 [scraper.py:289] DEBUG: Scraped from <200 https://sz.lianjia.com/xiaoqu/dapengbandao/>
{'community_business_area': '大鹏半岛',
 'community_city': '深圳',
 'community_name': '坝光新村二区',
 'community_region': '大鹏新区',
 'community_rent_url': None,
 'community_url': 'https://sz.lianjia.com/xiaoqu/2411062667629/'}
2022-12-26T00:51:39 [scraper.py:289] DEBUG: Scraped from <200 https://sz.lianjia.com/xiaoqu/dapengbandao/>
{'community_business_area': '大鹏半岛',
 'community_city': '深圳',
 'community_name': '坝光新村一区',
 'community_region': '大鹏新区',
 'community_rent_url': None,
 'community_url': 'https://sz.lianjia.com/xiaoqu/2411062668164/'}
2022-12-26T00:51:39 [scraper.py:289] DEBUG: Scraped from <200 https://sz.lianjia.com/xiaoqu/dapengbandao/>
{'community_business_area': '大鹏半岛',
 'community_city': '深圳',
 'community_name': '叠福村',
 'community_region': '大鹏新区',
 'community_rent_url': None,
 'community_url': 'https://sz.lianjia.com/xiaoqu/2411062718629/'}
2022-12-26T00:51:39 [scraper.py:289] DEBUG: Scraped from <200 https://sz.lianjia.com/xiaoqu/dapengbandao/>
{'community_business_area': '大鹏半岛',
 'community_city': '深圳',
 'community_name': '花样年家天下',
 'community_region': '大鹏新区',
 'community_rent_url': 'https://sz.lianjia.com/zufang/c2414459837100601/',
 'community_url': 'https://sz.lianjia.com/xiaoqu/2414459837100601/'}
2022-12-26T00:51:39 [scraper.py:289] DEBUG: Scraped from <200 https://sz.lianjia.com/xiaoqu/dapengbandao/>
{'community_business_area': '大鹏半岛',
 'community_city': '深圳',
 'community_name': '名墅海景',
 'community_region': '大鹏新区',
 'community_rent_url': None,
 'community_url': 'https://sz.lianjia.com/xiaoqu/2420030814302375/'}
2022-12-26T00:51:39 [scraper.py:289] DEBUG: Scraped from <200 https://sz.lianjia.com/xiaoqu/dapengbandao/>
{'community_business_area': '大鹏半岛',
 'community_city': '深圳',
 'community_name': '滨海雅苑',
 'community_region': '大鹏新区',
 'community_rent_url': None,
 'community_url': 'https://sz.lianjia.com/xiaoqu/2420030812212875/'}
2022-12-26T00:51:39 [scraper.py:289] DEBUG: Scraped from <200 https://sz.lianjia.com/xiaoqu/dapengbandao/>
{'community_business_area': '大鹏半岛',
 'community_city': '深圳',
 'community_name': '南澳湾花园',
 'community_region': '大鹏新区',
 'community_rent_url': 'https://sz.lianjia.com/zufang/c2420030810110806/',
 'community_url': 'https://sz.lianjia.com/xiaoqu/2420030810110806/'}
2022-12-26T00:51:39 [scraper.py:289] DEBUG: Scraped from <200 https://sz.lianjia.com/xiaoqu/dapengbandao/>
{'community_business_area': '大鹏半岛',
 'community_city': '深圳',
 'community_name': '金葵丰花园',
 'community_region': '大鹏新区',
 'community_rent_url': None,
 'community_url': 'https://sz.lianjia.com/xiaoqu/2420030810107966/'}
2022-12-26T00:51:39 [community_spider.py:158] INFO: Crawl next community page in 大鹏半岛
2022-12-26T00:51:39 [scraper.py:289] DEBUG: Scraped from <200 https://wf.lianjia.com/xiaoqu/zhuchengshi1/>
{'community_business_area': '诸城市',
 'community_city': '潍坊',
 'community_name': '金东世纪城悦浦',
 'community_region': '诸城市',
 'community_rent_url': None,
 'community_url': 'https://wf.lianjia.com/xiaoqu/8761134847784462/'}
2022-12-26T00:51:39 [scraper.py:289] DEBUG: Scraped from <200 https://wf.lianjia.com/xiaoqu/zhuchengshi1/>
{'community_business_area': '诸城市',
 'community_city': '潍坊',
 'community_name': '观海花园',
 'community_region': '诸城市',
 'community_rent_url': None,
 'community_url': 'https://wf.lianjia.com/xiaoqu/8761134850934834/'}
2022-12-26T00:51:39 [scraper.py:289] DEBUG: Scraped from <200 https://wf.lianjia.com/xiaoqu/zhuchengshi1/>
{'community_business_area': '诸城市',
 'community_city': '潍坊',
 'community_name': '龙泉庄园',
 'community_region': '诸城市',
 'community_rent_url': None,
 'community_url': 'https://wf.lianjia.com/xiaoqu/8761134861405895/'}
2022-12-26T00:51:39 [scraper.py:289] DEBUG: Scraped from <200 https://wf.lianjia.com/xiaoqu/zhuchengshi1/>
{'community_business_area': '诸城市',
 'community_city': '潍坊',
 'community_name': '盛华国际',
 'community_region': '诸城市',
 'community_rent_url': None,
 'community_url': 'https://wf.lianjia.com/xiaoqu/8761134843579257/'}
2022-12-26T00:51:39 [scraper.py:289] DEBUG: Scraped from <200 https://wf.lianjia.com/xiaoqu/zhuchengshi1/>
{'community_business_area': '诸城市',
 'community_city': '潍坊',
 'community_name': '鑫园小区',
 'community_region': '诸城市',
 'community_rent_url': None,
 'community_url': 'https://wf.lianjia.com/xiaoqu/8761134869806937/'}
2022-12-26T00:51:39 [scraper.py:289] DEBUG: Scraped from <200 https://wf.lianjia.com/xiaoqu/zhuchengshi1/>
{'community_business_area': '诸城市',
 'community_city': '潍坊',
 'community_name': '外贸家属楼',
 'community_region': '诸城市',
 'community_rent_url': None,
 'community_url': 'https://wf.lianjia.com/xiaoqu/8761134871903285/'}
2022-12-26T00:51:39 [scraper.py:289] DEBUG: Scraped from <200 https://wf.lianjia.com/xiaoqu/zhuchengshi1/>
{'community_business_area': '诸城市',
 'community_city': '潍坊',
 'community_name': '东城名苑',
 'community_region': '诸城市',
 'community_rent_url': None,
 'community_url': 'https://wf.lianjia.com/xiaoqu/8761134900210452/'}
2022-12-26T00:51:39 [scraper.py:289] DEBUG: Scraped from <200 https://wf.lianjia.com/xiaoqu/zhuchengshi1/>
{'community_business_area': '诸城市',
 'community_city': '潍坊',
 'community_name': '祥和小区',
 'community_region': '诸城市',
 'community_rent_url': None,
 'community_url': 'https://wf.lianjia.com/xiaoqu/8761134898116077/'}
2022-12-26T00:51:39 [scraper.py:289] DEBUG: Scraped from <200 https://wf.lianjia.com/xiaoqu/zhuchengshi1/>
{'community_business_area': '诸城市',
 'community_city': '潍坊',
 'community_name': '泰润家园',
 'community_region': '诸城市',
 'community_rent_url': None,
 'community_url': 'https://wf.lianjia.com/xiaoqu/8761134800599982/'}
2022-12-26T00:51:39 [scraper.py:289] DEBUG: Scraped from <200 https://wf.lianjia.com/xiaoqu/zhuchengshi1/>
{'community_business_area': '诸城市',
 'community_city': '潍坊',
 'community_name': '东升龙华园A区',
 'community_region': '诸城市',
 'community_rent_url': None,
 'community_url': 'https://wf.lianjia.com/xiaoqu/8761134796412852/'}
2022-12-26T00:51:39 [scraper.py:289] DEBUG: Scraped from <200 https://wf.lianjia.com/xiaoqu/zhuchengshi1/>
{'community_business_area': '诸城市',
 'community_city': '潍坊',
 'community_name': '东升龙华园C区',
 'community_region': '诸城市',
 'community_rent_url': None,
 'community_url': 'https://wf.lianjia.com/xiaoqu/8761134808976850/'}
2022-12-26T00:51:39 [scraper.py:289] DEBUG: Scraped from <200 https://wf.lianjia.com/xiaoqu/zhuchengshi1/>
{'community_business_area': '诸城市',
 'community_city': '潍坊',
 'community_name': '正道园小区',
 'community_region': '诸城市',
 'community_rent_url': None,
 'community_url': 'https://wf.lianjia.com/xiaoqu/8761134807925140/'}
2022-12-26T00:51:39 [scraper.py:289] DEBUG: Scraped from <200 https://wf.lianjia.com/xiaoqu/zhuchengshi1/>
{'community_business_area': '诸城市',
 'community_city': '潍坊',
 'community_name': '四季美林',
 'community_region': '诸城市',
 'community_rent_url': None,
 'community_url': 'https://wf.lianjia.com/xiaoqu/8761134802702890/'}
2022-12-26T00:51:39 [scraper.py:289] DEBUG: Scraped from <200 https://wf.lianjia.com/xiaoqu/zhuchengshi1/>
{'community_business_area': '诸城市',
 'community_city': '潍坊',
 'community_name': '兰圣园小区',
 'community_region': '诸城市',
 'community_rent_url': None,
 'community_url': 'https://wf.lianjia.com/xiaoqu/8761134772285171/'}
2022-12-26T00:51:39 [scraper.py:289] DEBUG: Scraped from <200 https://wf.lianjia.com/xiaoqu/zhuchengshi1/>
{'community_business_area': '诸城市',
 'community_city': '潍坊',
 'community_name': '永康佳苑',
 'community_region': '诸城市',
 'community_rent_url': None,
 'community_url': 'https://wf.lianjia.com/xiaoqu/8761134780668289/'}
2022-12-26T00:51:39 [scraper.py:289] DEBUG: Scraped from <200 https://wf.lianjia.com/xiaoqu/zhuchengshi1/>
{'community_business_area': '诸城市',
 'community_city': '潍坊',
 'community_name': '成龙都新苑北区',
 'community_region': '诸城市',
 'community_rent_url': None,
 'community_url': 'https://wf.lianjia.com/xiaoqu/8761134784859418/'}
2022-12-26T00:51:39 [scraper.py:289] DEBUG: Scraped from <200 https://wf.lianjia.com/xiaoqu/zhuchengshi1/>
{'community_business_area': '诸城市',
 'community_city': '潍坊',
 'community_name': '龙苑尚城',
 'community_region': '诸城市',
 'community_rent_url': None,
 'community_url': 'https://wf.lianjia.com/xiaoqu/8761134806887534/'}
2022-12-26T00:51:39 [scraper.py:289] DEBUG: Scraped from <200 https://wf.lianjia.com/xiaoqu/zhuchengshi1/>
{'community_business_area': '诸城市',
 'community_city': '潍坊',
 'community_name': '百合花园',
 'community_region': '诸城市',
 'community_rent_url': None,
 'community_url': 'https://wf.lianjia.com/xiaoqu/8761134808979238/'}
2022-12-26T00:51:39 [scraper.py:289] DEBUG: Scraped from <200 https://wf.lianjia.com/xiaoqu/zhuchengshi1/>
{'community_business_area': '诸城市',
 'community_city': '潍坊',
 'community_name': '淮水怡景园',
 'community_region': '诸城市',
 'community_rent_url': None,
 'community_url': 'https://wf.lianjia.com/xiaoqu/8761134818416506/'}
2022-12-26T00:51:39 [scraper.py:289] DEBUG: Scraped from <200 https://wf.lianjia.com/xiaoqu/zhuchengshi1/>
{'community_business_area': '诸城市',
 'community_city': '潍坊',
 'community_name': '龙都现代城',
 'community_region': '诸城市',
 'community_rent_url': None,
 'community_url': 'https://wf.lianjia.com/xiaoqu/8761134827865111/'}
2022-12-26T00:51:39 [scraper.py:289] DEBUG: Scraped from <200 https://wf.lianjia.com/xiaoqu/zhuchengshi1/>
{'community_business_area': '诸城市',
 'community_city': '潍坊',
 'community_name': '科信小区',
 'community_region': '诸城市',
 'community_rent_url': None,
 'community_url': 'https://wf.lianjia.com/xiaoqu/8761134833104754/'}
2022-12-26T00:51:39 [scraper.py:289] DEBUG: Scraped from <200 https://wf.lianjia.com/xiaoqu/zhuchengshi1/>
{'community_business_area': '诸城市',
 'community_city': '潍坊',
 'community_name': '福地小区',
 'community_region': '诸城市',
 'community_rent_url': None,
 'community_url': 'https://wf.lianjia.com/xiaoqu/8761134825764968/'}
2022-12-26T00:51:39 [scraper.py:289] DEBUG: Scraped from <200 https://wf.lianjia.com/xiaoqu/zhuchengshi1/>
{'community_business_area': '诸城市',
 'community_city': '潍坊',
 'community_name': '诚通香榭里',
 'community_region': '诸城市',
 'community_rent_url': None,
 'community_url': 'https://wf.lianjia.com/xiaoqu/8761134825770381/'}
2022-12-26T00:51:39 [scraper.py:289] DEBUG: Scraped from <200 https://wf.lianjia.com/xiaoqu/zhuchengshi1/>
{'community_business_area': '诸城市',
 'community_city': '潍坊',
 'community_name': '中天花园',
 'community_region': '诸城市',
 'community_rent_url': None,
 'community_url': 'https://wf.lianjia.com/xiaoqu/8761134825755174/'}
2022-12-26T00:51:39 [scraper.py:289] DEBUG: Scraped from <200 https://wf.lianjia.com/xiaoqu/zhuchengshi1/>
{'community_business_area': '诸城市',
 'community_city': '潍坊',
 'community_name': '泰昌源',
 'community_region': '诸城市',
 'community_rent_url': None,
 'community_url': 'https://wf.lianjia.com/xiaoqu/8761134770176973/'}
2022-12-26T00:51:39 [scraper.py:289] DEBUG: Scraped from <200 https://wf.lianjia.com/xiaoqu/zhuchengshi1/>
{'community_business_area': '诸城市',
 'community_city': '潍坊',
 'community_name': '金惠园小区',
 'community_region': '诸城市',
 'community_rent_url': None,
 'community_url': 'https://wf.lianjia.com/xiaoqu/8761134768084221/'}
2022-12-26T00:51:39 [scraper.py:289] DEBUG: Scraped from <200 https://wf.lianjia.com/xiaoqu/zhuchengshi1/>
{'community_business_area': '诸城市',
 'community_city': '潍坊',
 'community_name': '大源紫檀文苑',
 'community_region': '诸城市',
 'community_rent_url': None,
 'community_url': 'https://wf.lianjia.com/xiaoqu/8761134897063634/'}
2022-12-26T00:51:39 [scraper.py:289] DEBUG: Scraped from <200 https://wf.lianjia.com/xiaoqu/zhuchengshi1/>
{'community_business_area': '诸城市',
 'community_city': '潍坊',
 'community_name': '农行家属院(诸城市)',
 'community_region': '诸城市',
 'community_rent_url': None,
 'community_url': 'https://wf.lianjia.com/xiaoqu/8761134890765564/'}
2022-12-26T00:51:39 [scraper.py:289] DEBUG: Scraped from <200 https://wf.lianjia.com/xiaoqu/zhuchengshi1/>
{'community_business_area': '诸城市',
 'community_city': '潍坊',
 'community_name': '舜华园西组团',
 'community_region': '诸城市',
 'community_rent_url': None,
 'community_url': 'https://wf.lianjia.com/xiaoqu/8761134900216416/'}
2022-12-26T00:51:39 [scraper.py:289] DEBUG: Scraped from <200 https://wf.lianjia.com/xiaoqu/zhuchengshi1/>
{'community_business_area': '诸城市',
 'community_city': '潍坊',
 'community_name': '万福花园',
 'community_region': '诸城市',
 'community_rent_url': None,
 'community_url': 'https://wf.lianjia.com/xiaoqu/8761134902306707/'}
2022-12-26T00:51:39 [community_spider.py:158] INFO: Crawl next community page in 诸城市
2022-12-26T00:51:45 [engine.py:295] DEBUG: Crawled (200) <GET https://sh.lianjia.com/xiaoqu/haimen/> (referer: None)
2022-12-26T00:51:45 [scraper.py:289] DEBUG: Scraped from <200 https://sh.lianjia.com/xiaoqu/haimen/>
{'community_business_area': '海门',
 'community_city': '上海',
 'community_name': '金玉花苑',
 'community_region': '上海周边',
 'community_rent_url': None,
 'community_url': 'https://sh.lianjia.com/xiaoqu/5020021658557253/'}
2022-12-26T00:51:45 [scraper.py:289] DEBUG: Scraped from <200 https://sh.lianjia.com/xiaoqu/haimen/>
{'community_business_area': '海门',
 'community_city': '上海',
 'community_name': '首开紫宸江湾',
 'community_region': '上海周边',
 'community_rent_url': None,
 'community_url': 'https://sh.lianjia.com/xiaoqu/5012383772488346/'}
2022-12-26T00:51:45 [community_spider.py:207] INFO: Finished crawling "海门" business area [https://sh.lianjia.com/xiaoqu/haimen/] in 上海
2022-12-26T00:51:47 [engine.py:295] DEBUG: Crawled (200) <GET https://wf.lianjia.com/xiaoqu/zhuchengshi1/pg2/> (referer: https://wf.lianjia.com/xiaoqu/zhuchengshi1/)
2022-12-26T00:51:47 [scraper.py:289] DEBUG: Scraped from <200 https://wf.lianjia.com/xiaoqu/zhuchengshi1/pg2/>
{'community_business_area': '诸城市',
 'community_city': '潍坊',
 'community_name': '鑫城东武古城北区',
 'community_region': '诸城市',
 'community_rent_url': None,
 'community_url': 'https://wf.lianjia.com/xiaoqu/8761134875047431/'}
2022-12-26T00:51:47 [scraper.py:289] DEBUG: Scraped from <200 https://wf.lianjia.com/xiaoqu/zhuchengshi1/pg2/>
{'community_business_area': '诸城市',
 'community_city': '潍坊',
 'community_name': '观山水岸·龙庭',
 'community_region': '诸城市',
 'community_rent_url': None,
 'community_url': 'https://wf.lianjia.com/xiaoqu/8761134781720889/'}
2022-12-26T00:51:47 [scraper.py:289] DEBUG: Scraped from <200 https://wf.lianjia.com/xiaoqu/zhuchengshi1/pg2/>
{'community_business_area': '诸城市',
 'community_city': '潍坊',
 'community_name': '杨春家园',
 'community_region': '诸城市',
 'community_rent_url': None,
 'community_url': 'https://wf.lianjia.com/xiaoqu/8761134861416884/'}
2022-12-26T00:51:47 [scraper.py:289] DEBUG: Scraped from <200 https://wf.lianjia.com/xiaoqu/zhuchengshi1/pg2/>
{'community_business_area': '诸城市',
 'community_city': '潍坊',
 'community_name': '帝邦风度国际',
 'community_region': '诸城市',
 'community_rent_url': None,
 'community_url': 'https://wf.lianjia.com/xiaoqu/8761134804784976/'}
2022-12-26T00:51:47 [scraper.py:289] DEBUG: Scraped from <200 https://wf.lianjia.com/xiaoqu/zhuchengshi1/pg2/>
{'community_business_area': '诸城市',
 'community_city': '潍坊',
 'community_name': '诸城市交通住宅小区',
 'community_region': '诸城市',
 'community_rent_url': None,
 'community_url': 'https://wf.lianjia.com/xiaoqu/8761134920131278/'}
2022-12-26T00:51:47 [scraper.py:289] DEBUG: Scraped from <200 https://wf.lianjia.com/xiaoqu/zhuchengshi1/pg2/>
{'community_business_area': '诸城市',
 'community_city': '潍坊',
 'community_name': '东坡小区',
 'community_region': '诸城市',
 'community_rent_url': None,
 'community_url': 'https://wf.lianjia.com/xiaoqu/8761134896004837/'}
2022-12-26T00:51:47 [scraper.py:289] DEBUG: Scraped from <200 https://wf.lianjia.com/xiaoqu/zhuchengshi1/pg2/>
{'community_business_area': '诸城市',
 'community_city': '潍坊',
 'community_name': '文化路59号',
 'community_region': '诸城市',
 'community_rent_url': None,
 'community_url': 'https://wf.lianjia.com/xiaoqu/8761134896007858/'}
2022-12-26T00:51:47 [scraper.py:289] DEBUG: Scraped from <200 https://wf.lianjia.com/xiaoqu/zhuchengshi1/pg2/>
{'community_business_area': '诸城市',
 'community_city': '潍坊',
 'community_name': '玉山小区',
 'community_region': '诸城市',
 'community_rent_url': None,
 'community_url': 'https://wf.lianjia.com/xiaoqu/8761134941098776/'}
2022-12-26T00:51:47 [scraper.py:289] DEBUG: Scraped from <200 https://wf.lianjia.com/xiaoqu/zhuchengshi1/pg2/>
{'community_business_area': '诸城市',
 'community_city': '潍坊',
 'community_name': '清林园小区',
 'community_region': '诸城市',
 'community_rent_url': None,
 'community_url': 'https://wf.lianjia.com/xiaoqu/8761134945303975/'}
2022-12-26T00:51:47 [scraper.py:289] DEBUG: Scraped from <200 https://wf.lianjia.com/xiaoqu/zhuchengshi1/pg2/>
{'community_business_area': '诸城市',
 'community_city': '潍坊',
 'community_name': '东辰惠园',
 'community_region': '诸城市',
 'community_rent_url': None,
 'community_url': 'https://wf.lianjia.com/xiaoqu/8761134883441743/'}
2022-12-26T00:51:47 [scraper.py:289] DEBUG: Scraped from <200 https://wf.lianjia.com/xiaoqu/zhuchengshi1/pg2/>
{'community_business_area': '诸城市',
 'community_city': '潍坊',
 'community_name': '魅力城',
 'community_region': '诸城市',
 'community_rent_url': None,
 'community_url': 'https://wf.lianjia.com/xiaoqu/8761134941111088/'}
2022-12-26T00:51:47 [scraper.py:289] DEBUG: Scraped from <200 https://wf.lianjia.com/xiaoqu/zhuchengshi1/pg2/>
{'community_business_area': '诸城市',
 'community_city': '潍坊',
 'community_name': '祥云小区',
 'community_region': '诸城市',
 'community_rent_url': None,
 'community_url': 'https://wf.lianjia.com/xiaoqu/8761134842543323/'}
2022-12-26T00:51:47 [scraper.py:289] DEBUG: Scraped from <200 https://wf.lianjia.com/xiaoqu/zhuchengshi1/pg2/>
{'community_business_area': '诸城市',
 'community_city': '潍坊',
 'community_name': '天一玫瑰苑西区',
 'community_region': '诸城市',
 'community_rent_url': None,
 'community_url': 'https://wf.lianjia.com/xiaoqu/8761134873999719/'}
2022-12-26T00:51:47 [scraper.py:289] DEBUG: Scraped from <200 https://wf.lianjia.com/xiaoqu/zhuchengshi1/pg2/>
{'community_business_area': '诸城市',
 'community_city': '潍坊',
 'community_name': '吉祥花园',
 'community_region': '诸城市',
 'community_rent_url': None,
 'community_url': 'https://wf.lianjia.com/xiaoqu/8761134905443951/'}
2022-12-26T00:51:47 [scraper.py:289] DEBUG: Scraped from <200 https://wf.lianjia.com/xiaoqu/zhuchengshi1/pg2/>
{'community_business_area': '诸城市',
 'community_city': '潍坊',
 'community_name': '昊宝龙苑',
 'community_region': '诸城市',
 'community_rent_url': None,
 'community_url': 'https://wf.lianjia.com/xiaoqu/8761134829958208/'}
2022-12-26T00:51:47 [scraper.py:289] DEBUG: Scraped from <200 https://wf.lianjia.com/xiaoqu/zhuchengshi1/pg2/>
{'community_business_area': '诸城市',
 'community_city': '潍坊',
 'community_name': '永泰家园',
 'community_region': '诸城市',
 'community_rent_url': None,
 'community_url': 'https://wf.lianjia.com/xiaoqu/8761134905442011/'}
2022-12-26T00:51:47 [scraper.py:289] DEBUG: Scraped from <200 https://wf.lianjia.com/xiaoqu/zhuchengshi1/pg2/>
{'community_business_area': '诸城市',
 'community_city': '潍坊',
 'community_name': '诸城市供电公司电力九小区',
 'community_region': '诸城市',
 'community_rent_url': None,
 'community_url': 'https://wf.lianjia.com/xiaoqu/8761134772293304/'}
2022-12-26T00:51:47 [scraper.py:289] DEBUG: Scraped from <200 https://wf.lianjia.com/xiaoqu/zhuchengshi1/pg2/>
{'community_business_area': '诸城市',
 'community_city': '潍坊',
 'community_name': '龙源教师公寓',
 'community_region': '诸城市',
 'community_rent_url': None,
 'community_url': 'https://wf.lianjia.com/xiaoqu/8761134837285598/'}
2022-12-26T00:51:47 [scraper.py:289] DEBUG: Scraped from <200 https://wf.lianjia.com/xiaoqu/zhuchengshi1/pg2/>
{'community_business_area': '诸城市',
 'community_city': '潍坊',
 'community_name': '易居苑',
 'community_region': '诸城市',
 'community_rent_url': None,
 'community_url': 'https://wf.lianjia.com/xiaoqu/8761134824705484/'}
2022-12-26T00:51:47 [scraper.py:289] DEBUG: Scraped from <200 https://wf.lianjia.com/xiaoqu/zhuchengshi1/pg2/>
{'community_business_area': '诸城市',
 'community_city': '潍坊',
 'community_name': '红杉一品',
 'community_region': '诸城市',
 'community_rent_url': None,
 'community_url': 'https://wf.lianjia.com/xiaoqu/8761134955785611/'}
2022-12-26T00:51:47 [scraper.py:289] DEBUG: Scraped from <200 https://wf.lianjia.com/xiaoqu/zhuchengshi1/pg2/>
{'community_business_area': '诸城市',
 'community_city': '潍坊',
 'community_name': '怡秀园小区',
 'community_region': '诸城市',
 'community_rent_url': None,
 'community_url': 'https://wf.lianjia.com/xiaoqu/8761134994587869/'}
2022-12-26T00:51:47 [scraper.py:289] DEBUG: Scraped from <200 https://wf.lianjia.com/xiaoqu/zhuchengshi1/pg2/>
{'community_business_area': '诸城市',
 'community_city': '潍坊',
 'community_name': '舜府家园',
 'community_region': '诸城市',
 'community_rent_url': None,
 'community_url': 'https://wf.lianjia.com/xiaoqu/8761134992494304/'}
2022-12-26T00:51:47 [scraper.py:289] DEBUG: Scraped from <200 https://wf.lianjia.com/xiaoqu/zhuchengshi1/pg2/>
{'community_business_area': '诸城市',
 'community_city': '潍坊',
 'community_name': '龙都新苑南区',
 'community_region': '诸城市',
 'community_rent_url': None,
 'community_url': 'https://wf.lianjia.com/xiaoqu/8761134781725786/'}
2022-12-26T00:51:47 [scraper.py:289] DEBUG: Scraped from <200 https://wf.lianjia.com/xiaoqu/zhuchengshi1/pg2/>
{'community_business_area': '诸城市',
 'community_city': '潍坊',
 'community_name': '金屋小区',
 'community_region': '诸城市',
 'community_rent_url': None,
 'community_url': 'https://wf.lianjia.com/xiaoqu/8761134907538861/'}
2022-12-26T00:51:47 [scraper.py:289] DEBUG: Scraped from <200 https://wf.lianjia.com/xiaoqu/zhuchengshi1/pg2/>
{'community_business_area': '诸城市',
 'community_city': '潍坊',
 'community_name': '诸城一中明诚家园',
 'community_region': '诸城市',
 'community_rent_url': None,
 'community_url': 'https://wf.lianjia.com/xiaoqu/8761134779623756/'}
2022-12-26T00:51:47 [scraper.py:289] DEBUG: Scraped from <200 https://wf.lianjia.com/xiaoqu/zhuchengshi1/pg2/>
{'community_business_area': '诸城市',
 'community_city': '潍坊',
 'community_name': '双拥阳光家园',
 'community_region': '诸城市',
 'community_rent_url': None,
 'community_url': 'https://wf.lianjia.com/xiaoqu/8761134871889461/'}
2022-12-26T00:51:47 [scraper.py:289] DEBUG: Scraped from <200 https://wf.lianjia.com/xiaoqu/zhuchengshi1/pg2/>
{'community_business_area': '诸城市',
 'community_city': '潍坊',
 'community_name': '福光花园',
 'community_region': '诸城市',
 'community_rent_url': None,
 'community_url': 'https://wf.lianjia.com/xiaoqu/8761134908586891/'}
2022-12-26T00:51:47 [scraper.py:289] DEBUG: Scraped from <200 https://wf.lianjia.com/xiaoqu/zhuchengshi1/pg2/>
{'community_business_area': '诸城市',
 'community_city': '潍坊',
 'community_name': '金旭花园',
 'community_region': '诸城市',
 'community_rent_url': None,
 'community_url': 'https://wf.lianjia.com/xiaoqu/8761134779634165/'}
2022-12-26T00:51:47 [scraper.py:289] DEBUG: Scraped from <200 https://wf.lianjia.com/xiaoqu/zhuchengshi1/pg2/>
{'community_business_area': '诸城市',
 'community_city': '潍坊',
 'community_name': '东武仁居',
 'community_region': '诸城市',
 'community_rent_url': None,
 'community_url': 'https://wf.lianjia.com/xiaoqu/8761134893906132/'}
2022-12-26T00:51:47 [scraper.py:289] DEBUG: Scraped from <200 https://wf.lianjia.com/xiaoqu/zhuchengshi1/pg2/>
{'community_business_area': '诸城市',
 'community_city': '潍坊',
 'community_name': '华兴小区',
 'community_region': '诸城市',
 'community_rent_url': None,
 'community_url': 'https://wf.lianjia.com/xiaoqu/8761134892864255/'}
2022-12-26T00:51:47 [community_spider.py:158] INFO: Crawl next community page in 诸城市
2022-12-26T00:51:48 [engine.py:295] DEBUG: Crawled (200) <GET https://sz.lianjia.com/xiaoqu/dapengbandao/pg2/> (referer: https://sz.lianjia.com/xiaoqu/dapengbandao/)
2022-12-26T00:51:48 [scraper.py:289] DEBUG: Scraped from <200 https://sz.lianjia.com/xiaoqu/dapengbandao/pg2/>
{'community_business_area': '大鹏半岛',
 'community_city': '深圳',
 'community_name': '海岸新城',
 'community_region': '大鹏新区',
 'community_rent_url': None,
 'community_url': 'https://sz.lianjia.com/xiaoqu/2420030810113784/'}
2022-12-26T00:51:48 [scraper.py:289] DEBUG: Scraped from <200 https://sz.lianjia.com/xiaoqu/dapengbandao/pg2/>
{'community_business_area': '大鹏半岛',
 'community_city': '深圳',
 'community_name': '山海名苑',
 'community_region': '大鹏新区',
 'community_rent_url': None,
 'community_url': 'https://sz.lianjia.com/xiaoqu/2420030795425428/'}
2022-12-26T00:51:48 [scraper.py:289] DEBUG: Scraped from <200 https://sz.lianjia.com/xiaoqu/dapengbandao/pg2/>
{'community_business_area': '大鹏半岛',
 'community_city': '深圳',
 'community_name': '岭澳东部湾公寓',
 'community_region': '大鹏新区',
 'community_rent_url': None,
 'community_url': 'https://sz.lianjia.com/xiaoqu/2420030809063249/'}
2022-12-26T00:51:48 [scraper.py:289] DEBUG: Scraped from <200 https://sz.lianjia.com/xiaoqu/dapengbandao/pg2/>
{'community_business_area': '大鹏半岛',
 'community_city': '深圳',
 'community_name': '滨海盛世名苑',
 'community_region': '大鹏新区',
 'community_rent_url': None,
 'community_url': 'https://sz.lianjia.com/xiaoqu/2411062716984/'}
2022-12-26T00:51:48 [scraper.py:289] DEBUG: Scraped from <200 https://sz.lianjia.com/xiaoqu/dapengbandao/pg2/>
{'community_business_area': '大鹏半岛',
 'community_city': '深圳',
 'community_name': '千禧大厦',
 'community_region': '大鹏新区',
 'community_rent_url': 'https://sz.lianjia.com/zufang/c2411062739316/',
 'community_url': 'https://sz.lianjia.com/xiaoqu/2411062739316/'}
2022-12-26T00:51:48 [scraper.py:289] DEBUG: Scraped from <200 https://sz.lianjia.com/xiaoqu/dapengbandao/pg2/>
{'community_business_area': '大鹏半岛',
 'community_city': '深圳',
 'community_name': '凯旋湾花园二期',
 'community_region': '大鹏新区',
 'community_rent_url': None,
 'community_url': 'https://sz.lianjia.com/xiaoqu/2420023272820422/'}
2022-12-26T00:51:48 [scraper.py:289] DEBUG: Scraped from <200 https://sz.lianjia.com/xiaoqu/dapengbandao/pg2/>
{'community_business_area': '大鹏半岛',
 'community_city': '深圳',
 'community_name': '葵涌镇土洋村住宅共四层半',
 'community_region': '大鹏新区',
 'community_rent_url': None,
 'community_url': 'https://sz.lianjia.com/xiaoqu/24000000000935/'}
2022-12-26T00:51:48 [scraper.py:289] DEBUG: Scraped from <200 https://sz.lianjia.com/xiaoqu/dapengbandao/pg2/>
{'community_business_area': '大鹏半岛',
 'community_city': '深圳',
 'community_name': '佳兆业金沙湾',
 'community_region': '大鹏新区',
 'community_rent_url': None,
 'community_url': 'https://sz.lianjia.com/xiaoqu/2420042320714725/'}
2022-12-26T00:51:48 [scraper.py:289] DEBUG: Scraped from <200 https://sz.lianjia.com/xiaoqu/dapengbandao/pg2/>
{'community_business_area': '大鹏半岛',
 'community_city': '深圳',
 'community_name': '海域金湾',
 'community_region': '大鹏新区',
 'community_rent_url': None,
 'community_url': 'https://sz.lianjia.com/xiaoqu/2420035950386379/'}
2022-12-26T00:51:48 [scraper.py:289] DEBUG: Scraped from <200 https://sz.lianjia.com/xiaoqu/dapengbandao/pg2/>
{'community_business_area': '大鹏半岛',
 'community_city': '深圳',
 'community_name': '大鹏镇王母村鹏程综合楼',
 'community_region': '大鹏新区',
 'community_rent_url': None,
 'community_url': 'https://sz.lianjia.com/xiaoqu/2420036182204195/'}
2022-12-26T00:51:48 [scraper.py:289] DEBUG: Scraped from <200 https://sz.lianjia.com/xiaoqu/dapengbandao/pg2/>
{'community_business_area': '大鹏半岛',
 'community_city': '深圳',
 'community_name': '华侨海景山庄',
 'community_region': '大鹏新区',
 'community_rent_url': 'https://sz.lianjia.com/zufang/c2413011503558991/',
 'community_url': 'https://sz.lianjia.com/xiaoqu/2413011503558991/'}
2022-12-26T00:51:48 [scraper.py:289] DEBUG: Scraped from <200 https://sz.lianjia.com/xiaoqu/dapengbandao/pg2/>
{'community_business_area': '大鹏半岛',
 'community_city': '深圳',
 'community_name': '保利24季',
 'community_region': '大鹏新区',
 'community_rent_url': 'https://sz.lianjia.com/zufang/c2420031597964923/',
 'community_url': 'https://sz.lianjia.com/xiaoqu/2420031597964923/'}
2022-12-26T00:51:48 [scraper.py:289] DEBUG: Scraped from <200 https://sz.lianjia.com/xiaoqu/dapengbandao/pg2/>
{'community_business_area': '大鹏半岛',
 'community_city': '深圳',
 'community_name': '招商东岸',
 'community_region': '大鹏新区',
 'community_rent_url': 'https://sz.lianjia.com/zufang/c24000000002265/',
 'community_url': 'https://sz.lianjia.com/xiaoqu/24000000002265/'}
2022-12-26T00:51:48 [scraper.py:289] DEBUG: Scraped from <200 https://sz.lianjia.com/xiaoqu/dapengbandao/pg2/>
{'community_business_area': '大鹏半岛',
 'community_city': '深圳',
 'community_name': '顺和雅苑',
 'community_region': '大鹏新区',
 'community_rent_url': None,
 'community_url': 'https://sz.lianjia.com/xiaoqu/2420040307150594/'}
2022-12-26T00:51:48 [scraper.py:289] DEBUG: Scraped from <200 https://sz.lianjia.com/xiaoqu/dapengbandao/pg2/>
{'community_business_area': '大鹏半岛',
 'community_city': '深圳',
 'community_name': '龙岭花园',
 'community_region': '大鹏新区',
 'community_rent_url': None,
 'community_url': 'https://sz.lianjia.com/xiaoqu/2420030806965507/'}
2022-12-26T00:51:48 [community_spider.py:158] INFO: Crawl next community page in 大鹏半岛
2022-12-26T00:51:52 [engine.py:295] DEBUG: Crawled (200) <GET https://sh.lianjia.com/xiaoqu/huzhou2/> (referer: None)
2022-12-26T00:51:52 [scraper.py:289] DEBUG: Scraped from <200 https://sh.lianjia.com/xiaoqu/huzhou2/>
{'community_business_area': '湖州',
 'community_city': '上海',
 'community_name': '港中旅•和乐小镇',
 'community_region': '上海周边',
 'community_rent_url': None,
 'community_url': 'https://sh.lianjia.com/xiaoqu/5020051127336162/'}
2022-12-26T00:51:52 [community_spider.py:207] INFO: Finished crawling "湖州" business area [https://sh.lianjia.com/xiaoqu/huzhou2/] in 上海
2022-12-26T00:51:52 [engine.py:295] DEBUG: Crawled (200) <GET https://sz.lianjia.com/xiaoqu/dapengbandao/pg3/> (referer: https://sz.lianjia.com/xiaoqu/dapengbandao/pg2/)
2022-12-26T00:51:54 [engine.py:295] DEBUG: Crawled (200) <GET https://wf.lianjia.com/xiaoqu/zhuchengshi1/pg3/> (referer: https://wf.lianjia.com/xiaoqu/zhuchengshi1/pg2/)
2022-12-26T00:51:54 [scraper.py:289] DEBUG: Scraped from <200 https://wf.lianjia.com/xiaoqu/zhuchengshi1/pg3/>
{'community_business_area': '诸城市',
 'community_city': '潍坊',
 'community_name': '阳光河畔',
 'community_region': '诸城市',
 'community_rent_url': None,
 'community_url': 'https://wf.lianjia.com/xiaoqu/8761134778577347/'}
2022-12-26T00:51:54 [scraper.py:289] DEBUG: Scraped from <200 https://wf.lianjia.com/xiaoqu/zhuchengshi1/pg3/>
{'community_business_area': '诸城市',
 'community_city': '潍坊',
 'community_name': '华美小区',
 'community_region': '诸城市',
 'community_rent_url': None,
 'community_url': 'https://wf.lianjia.com/xiaoqu/8761134997734570/'}
2022-12-26T00:51:54 [scraper.py:289] DEBUG: Scraped from <200 https://wf.lianjia.com/xiaoqu/zhuchengshi1/pg3/>
{'community_business_area': '诸城市',
 'community_city': '潍坊',
 'community_name': '得利斯世纪城',
 'community_region': '诸城市',
 'community_rent_url': None,
 'community_url': 'https://wf.lianjia.com/xiaoqu/8761134920128447/'}
2022-12-26T00:51:54 [scraper.py:289] DEBUG: Scraped from <200 https://wf.lianjia.com/xiaoqu/zhuchengshi1/pg3/>
{'community_business_area': '诸城市',
 'community_city': '潍坊',
 'community_name': '电力五小区',
 'community_region': '诸城市',
 'community_rent_url': None,
 'community_url': 'https://wf.lianjia.com/xiaoqu/8761134927476998/'}
2022-12-26T00:51:54 [scraper.py:289] DEBUG: Scraped from <200 https://wf.lianjia.com/xiaoqu/zhuchengshi1/pg3/>
{'community_business_area': '诸城市',
 'community_city': '潍坊',
 'community_name': '福源小区(繁荣西路)',
 'community_region': '诸城市',
 'community_rent_url': None,
 'community_url': 'https://wf.lianjia.com/xiaoqu/8761134992495015/'}
2022-12-26T00:51:54 [pipelines.py:265] INFO: The community 玉山小区 is already in table community.
2022-12-26T00:51:54 [scraper.py:289] DEBUG: Scraped from <200 https://wf.lianjia.com/xiaoqu/zhuchengshi1/pg3/>
None
2022-12-26T00:51:54 [scraper.py:289] DEBUG: Scraped from <200 https://wf.lianjia.com/xiaoqu/zhuchengshi1/pg3/>
{'community_business_area': '诸城市',
 'community_city': '潍坊',
 'community_name': '机械电子公司家属楼',
 'community_region': '诸城市',
 'community_rent_url': None,
 'community_url': 'https://wf.lianjia.com/xiaoqu/8761134896024056/'}
2022-12-26T00:51:54 [scraper.py:289] DEBUG: Scraped from <200 https://wf.lianjia.com/xiaoqu/zhuchengshi1/pg3/>
{'community_business_area': '诸城市',
 'community_city': '潍坊',
 'community_name': '龙都花园(诸城市)',
 'community_region': '诸城市',
 'community_rent_url': None,
 'community_url': 'https://wf.lianjia.com/xiaoqu/8761134779622611/'}
2022-12-26T00:51:54 [pipelines.py:265] INFO: The community 文化路59号 is already in table community.
2022-12-26T00:51:54 [scraper.py:289] DEBUG: Scraped from <200 https://wf.lianjia.com/xiaoqu/zhuchengshi1/pg3/>
None
2022-12-26T00:51:54 [scraper.py:289] DEBUG: Scraped from <200 https://wf.lianjia.com/xiaoqu/zhuchengshi1/pg3/>
{'community_business_area': '诸城市',
 'community_city': '潍坊',
 'community_name': '红星D区家园',
 'community_region': '诸城市',
 'community_rent_url': None,
 'community_url': 'https://wf.lianjia.com/xiaoqu/8761135000884850/'}
2022-12-26T00:51:54 [scraper.py:289] DEBUG: Scraped from <200 https://wf.lianjia.com/xiaoqu/zhuchengshi1/pg3/>
{'community_business_area': '诸城市',
 'community_city': '潍坊',
 'community_name': '鑫湖公寓',
 'community_region': '诸城市',
 'community_rent_url': None,
 'community_url': 'https://wf.lianjia.com/xiaoqu/8761134893923041/'}
2022-12-26T00:51:54 [scraper.py:289] DEBUG: Scraped from <200 https://wf.lianjia.com/xiaoqu/zhuchengshi1/pg3/>
{'community_business_area': '诸城市',
 'community_city': '潍坊',
 'community_name': '美景园',
 'community_region': '诸城市',
 'community_rent_url': None,
 'community_url': 'https://wf.lianjia.com/xiaoqu/8761134876090108/'}
2022-12-26T00:51:54 [scraper.py:289] DEBUG: Scraped from <200 https://wf.lianjia.com/xiaoqu/zhuchengshi1/pg3/>
{'community_business_area': '诸城市',
 'community_city': '潍坊',
 'community_name': '西苑小区(诸城市)',
 'community_region': '诸城市',
 'community_rent_url': None,
 'community_url': 'https://wf.lianjia.com/xiaoqu/8761134778575771/'}
2022-12-26T00:51:54 [scraper.py:289] DEBUG: Scraped from <200 https://wf.lianjia.com/xiaoqu/zhuchengshi1/pg3/>
{'community_business_area': '诸城市',
 'community_city': '潍坊',
 'community_name': '新天地中央华府',
 'community_region': '诸城市',
 'community_rent_url': None,
 'community_url': 'https://wf.lianjia.com/xiaoqu/8761134923286608/'}
2022-12-26T00:51:54 [scraper.py:289] DEBUG: Scraped from <200 https://wf.lianjia.com/xiaoqu/zhuchengshi1/pg3/>
{'community_business_area': '诸城市',
 'community_city': '潍坊',
 'community_name': '福源小区(兴华东路)',
 'community_region': '诸城市',
 'community_rent_url': None,
 'community_url': 'https://wf.lianjia.com/xiaoqu/8761134910705229/'}
2022-12-26T00:51:54 [scraper.py:289] DEBUG: Scraped from <200 https://wf.lianjia.com/xiaoqu/zhuchengshi1/pg3/>
{'community_business_area': '诸城市',
 'community_city': '潍坊',
 'community_name': '樱花国际',
 'community_region': '诸城市',
 'community_rent_url': None,
 'community_url': 'https://wf.lianjia.com/xiaoqu/8761134918027706/'}
2022-12-26T00:51:54 [scraper.py:289] DEBUG: Scraped from <200 https://wf.lianjia.com/xiaoqu/zhuchengshi1/pg3/>
{'community_business_area': '诸城市',
 'community_city': '潍坊',
 'community_name': '盛世名城(诸城市)',
 'community_region': '诸城市',
 'community_rent_url': None,
 'community_url': 'https://wf.lianjia.com/xiaoqu/8761134863513839/'}
2022-12-26T00:51:54 [scraper.py:289] DEBUG: Scraped from <200 https://wf.lianjia.com/xiaoqu/zhuchengshi1/pg3/>
{'community_business_area': '诸城市',
 'community_city': '潍坊',
 'community_name': '丽都花园',
 'community_region': '诸城市',
 'community_rent_url': None,
 'community_url': 'https://wf.lianjia.com/xiaoqu/8761134780675539/'}
2022-12-26T00:51:54 [scraper.py:289] DEBUG: Scraped from <200 https://wf.lianjia.com/xiaoqu/zhuchengshi1/pg3/>
{'community_business_area': '诸城市',
 'community_city': '潍坊',
 'community_name': '金都小区',
 'community_region': '诸城市',
 'community_rent_url': None,
 'community_url': 'https://wf.lianjia.com/xiaoqu/8761134942159225/'}
2022-12-26T00:51:54 [scraper.py:289] DEBUG: Scraped from <200 https://wf.lianjia.com/xiaoqu/zhuchengshi1/pg3/>
{'community_business_area': '诸城市',
 'community_city': '潍坊',
 'community_name': '兴泊花园',
 'community_region': '诸城市',
 'community_rent_url': None,
 'community_url': 'https://wf.lianjia.com/xiaoqu/8761134885530501/'}
2022-12-26T00:51:54 [scraper.py:289] DEBUG: Scraped from <200 https://wf.lianjia.com/xiaoqu/zhuchengshi1/pg3/>
{'community_business_area': '诸城市',
 'community_city': '潍坊',
 'community_name': '希努尔公寓',
 'community_region': '诸城市',
 'community_rent_url': None,
 'community_url': 'https://wf.lianjia.com/xiaoqu/8761134886577745/'}
2022-12-26T00:51:54 [pipelines.py:265] INFO: The community 龙都新苑南区 is already in table community.
2022-12-26T00:51:54 [scraper.py:289] DEBUG: Scraped from <200 https://wf.lianjia.com/xiaoqu/zhuchengshi1/pg3/>
None
2022-12-26T00:51:54 [pipelines.py:265] INFO: The community 金屋小区 is already in table community.
2022-12-26T00:51:54 [scraper.py:289] DEBUG: Scraped from <200 https://wf.lianjia.com/xiaoqu/zhuchengshi1/pg3/>
None
2022-12-26T00:51:54 [scraper.py:289] DEBUG: Scraped from <200 https://wf.lianjia.com/xiaoqu/zhuchengshi1/pg3/>
{'community_business_area': '诸城市',
 'community_city': '潍坊',
 'community_name': '人民家园',
 'community_region': '诸城市',
 'community_rent_url': None,
 'community_url': 'https://wf.lianjia.com/xiaoqu/8761134856170558/'}
2022-12-26T00:51:54 [scraper.py:289] DEBUG: Scraped from <200 https://wf.lianjia.com/xiaoqu/zhuchengshi1/pg3/>
{'community_business_area': '诸城市',
 'community_city': '潍坊',
 'community_name': '舜耕花园',
 'community_region': '诸城市',
 'community_rent_url': None,
 'community_url': 'https://wf.lianjia.com/xiaoqu/8761134974667571/'}
2022-12-26T00:51:54 [pipelines.py:265] INFO: The community 舜府家园 is already in table community.
2022-12-26T00:51:54 [scraper.py:289] DEBUG: Scraped from <200 https://wf.lianjia.com/xiaoqu/zhuchengshi1/pg3/>
None
2022-12-26T00:51:54 [scraper.py:289] DEBUG: Scraped from <200 https://wf.lianjia.com/xiaoqu/zhuchengshi1/pg3/>
{'community_business_area': '诸城市',
 'community_city': '潍坊',
 'community_name': '天一城',
 'community_region': '诸城市',
 'community_rent_url': None,
 'community_url': 'https://wf.lianjia.com/xiaoqu/8761134867714125/'}
2022-12-26T00:51:54 [scraper.py:289] DEBUG: Scraped from <200 https://wf.lianjia.com/xiaoqu/zhuchengshi1/pg3/>
{'community_business_area': '诸城市',
 'community_city': '潍坊',
 'community_name': '龙城华庭',
 'community_region': '诸城市',
 'community_rent_url': None,
 'community_url': 'https://wf.lianjia.com/xiaoqu/8761134803745373/'}
2022-12-26T00:51:54 [scraper.py:289] DEBUG: Scraped from <200 https://wf.lianjia.com/xiaoqu/zhuchengshi1/pg3/>
{'community_business_area': '诸城市',
 'community_city': '潍坊',
 'community_name': '益寿小区',
 'community_region': '诸城市',
 'community_rent_url': None,
 'community_url': 'https://wf.lianjia.com/xiaoqu/8761134911744771/'}
2022-12-26T00:51:54 [scraper.py:289] DEBUG: Scraped from <200 https://wf.lianjia.com/xiaoqu/zhuchengshi1/pg3/>
{'community_business_area': '诸城市',
 'community_city': '潍坊',
 'community_name': '盘龙福邸',
 'community_region': '诸城市',
 'community_rent_url': None,
 'community_url': 'https://wf.lianjia.com/xiaoqu/8761134943189391/'}
2022-12-26T00:51:54 [community_spider.py:158] INFO: Crawl next community page in 诸城市
2022-12-26T00:51:59 [engine.py:295] DEBUG: Crawled (200) <GET https://sh.lianjia.com/xiaoqu/jiaxing/> (referer: None)
2022-12-26T00:51:59 [scraper.py:289] DEBUG: Scraped from <200 https://sh.lianjia.com/xiaoqu/jiaxing/>
{'community_business_area': '嘉兴',
 'community_city': '上海',
 'community_name': '保利·西塘越',
 'community_region': '上海周边',
 'community_rent_url': None,
 'community_url': 'https://sh.lianjia.com/xiaoqu/5010860218822514/'}
2022-12-26T00:51:59 [scraper.py:289] DEBUG: Scraped from <200 https://sh.lianjia.com/xiaoqu/jiaxing/>
{'community_business_area': '嘉兴',
 'community_city': '上海',
 'community_name': '孔雀城',
 'community_region': '上海周边',
 'community_rent_url': None,
 'community_url': 'https://sh.lianjia.com/xiaoqu/5010952323116207/'}
2022-12-26T00:51:59 [scraper.py:289] DEBUG: Scraped from <200 https://sh.lianjia.com/xiaoqu/jiaxing/>
{'community_business_area': '嘉兴',
 'community_city': '上海',
 'community_name': '嘉汇城市广场',
 'community_region': '上海周边',
 'community_rent_url': None,
 'community_url': 'https://sh.lianjia.com/xiaoqu/5010726255636809/'}
2022-12-26T00:51:59 [scraper.py:289] DEBUG: Scraped from <200 https://sh.lianjia.com/xiaoqu/jiaxing/>
{'community_business_area': '嘉兴',
 'community_city': '上海',
 'community_name': '嘉尚年华',
 'community_region': '上海周边',
 'community_rent_url': None,
 'community_url': 'https://sh.lianjia.com/xiaoqu/5010952323116808/'}
2022-12-26T00:51:59 [scraper.py:289] DEBUG: Scraped from <200 https://sh.lianjia.com/xiaoqu/jiaxing/>
{'community_business_area': '嘉兴',
 'community_city': '上海',
 'community_name': '凤栖桃苑',
 'community_region': '上海周边',
 'community_rent_url': None,
 'community_url': 'https://sh.lianjia.com/xiaoqu/509821540057963/'}
2022-12-26T00:51:59 [scraper.py:289] DEBUG: Scraped from <200 https://sh.lianjia.com/xiaoqu/jiaxing/>
{'community_business_area': '嘉兴',
 'community_city': '上海',
 'community_name': '嘉业阳光城',
 'community_region': '上海周边',
 'community_rent_url': None,
 'community_url': 'https://sh.lianjia.com/xiaoqu/5011000004535/'}
2022-12-26T00:51:59 [scraper.py:289] DEBUG: Scraped from <200 https://sh.lianjia.com/xiaoqu/jiaxing/>
{'community_business_area': '嘉兴',
 'community_city': '上海',
 'community_name': '蘭庭',
 'community_region': '上海周边',
 'community_rent_url': None,
 'community_url': 'https://sh.lianjia.com/xiaoqu/5013062401437055/'}
2022-12-26T00:51:59 [scraper.py:289] DEBUG: Scraped from <200 https://sh.lianjia.com/xiaoqu/jiaxing/>
{'community_business_area': '嘉兴',
 'community_city': '上海',
 'community_name': '信达南郡',
 'community_region': '上海周边',
 'community_rent_url': None,
 'community_url': 'https://sh.lianjia.com/xiaoqu/5020024979714794/'}
2022-12-26T00:51:59 [scraper.py:289] DEBUG: Scraped from <200 https://sh.lianjia.com/xiaoqu/jiaxing/>
{'community_business_area': '嘉兴',
 'community_city': '上海',
 'community_name': '中楠穆溪左岸',
 'community_region': '上海周边',
 'community_rent_url': None,
 'community_url': 'https://sh.lianjia.com/xiaoqu/5020025747388754/'}
2022-12-26T00:51:59 [scraper.py:289] DEBUG: Scraped from <200 https://sh.lianjia.com/xiaoqu/jiaxing/>
{'community_business_area': '嘉兴',
 'community_city': '上海',
 'community_name': '南苑路259号',
 'community_region': '上海周边',
 'community_rent_url': None,
 'community_url': 'https://sh.lianjia.com/xiaoqu/5020026368671494/'}
2022-12-26T00:51:59 [scraper.py:289] DEBUG: Scraped from <200 https://sh.lianjia.com/xiaoqu/jiaxing/>
{'community_business_area': '嘉兴',
 'community_city': '上海',
 'community_name': '水木晶华苑',
 'community_region': '上海周边',
 'community_rent_url': None,
 'community_url': 'https://sh.lianjia.com/xiaoqu/5020026366570911/'}
2022-12-26T00:51:59 [scraper.py:289] DEBUG: Scraped from <200 https://sh.lianjia.com/xiaoqu/jiaxing/>
{'community_business_area': '嘉兴',
 'community_city': '上海',
 'community_name': '复兴名邸',
 'community_region': '上海周边',
 'community_rent_url': None,
 'community_url': 'https://sh.lianjia.com/xiaoqu/5020026139035503/'}
2022-12-26T00:51:59 [scraper.py:289] DEBUG: Scraped from <200 https://sh.lianjia.com/xiaoqu/jiaxing/>
{'community_business_area': '嘉兴',
 'community_city': '上海',
 'community_name': '高桥花园',
 'community_region': '上海周边',
 'community_rent_url': None,
 'community_url': 'https://sh.lianjia.com/xiaoqu/5020029785278004/'}
2022-12-26T00:51:59 [scraper.py:289] DEBUG: Scraped from <200 https://sh.lianjia.com/xiaoqu/jiaxing/>
{'community_business_area': '嘉兴',
 'community_city': '上海',
 'community_name': '新中花园',
 'community_region': '上海周边',
 'community_rent_url': None,
 'community_url': 'https://sh.lianjia.com/xiaoqu/5020026474575297/'}
2022-12-26T00:51:59 [scraper.py:289] DEBUG: Scraped from <200 https://sh.lianjia.com/xiaoqu/jiaxing/>
{'community_business_area': '嘉兴',
 'community_city': '上海',
 'community_name': '大运府邸东区',
 'community_region': '上海周边',
 'community_rent_url': None,
 'community_url': 'https://sh.lianjia.com/xiaoqu/5020028059694036/'}
2022-12-26T00:51:59 [scraper.py:289] DEBUG: Scraped from <200 https://sh.lianjia.com/xiaoqu/jiaxing/>
{'community_business_area': '嘉兴',
 'community_city': '上海',
 'community_name': '禾城世纪花园二期',
 'community_region': '上海周边',
 'community_rent_url': None,
 'community_url': 'https://sh.lianjia.com/xiaoqu/5020023948516582/'}
2022-12-26T00:51:59 [scraper.py:289] DEBUG: Scraped from <200 https://sh.lianjia.com/xiaoqu/jiaxing/>
{'community_business_area': '嘉兴',
 'community_city': '上海',
 'community_name': '好第坊',
 'community_region': '上海周边',
 'community_rent_url': None,
 'community_url': 'https://sh.lianjia.com/xiaoqu/5020024673385804/'}
2022-12-26T00:51:59 [scraper.py:289] DEBUG: Scraped from <200 https://sh.lianjia.com/xiaoqu/jiaxing/>
{'community_business_area': '嘉兴',
 'community_city': '上海',
 'community_name': '北大金城',
 'community_region': '上海周边',
 'community_rent_url': None,
 'community_url': 'https://sh.lianjia.com/xiaoqu/5020024498177507/'}
2022-12-26T00:51:59 [scraper.py:289] DEBUG: Scraped from <200 https://sh.lianjia.com/xiaoqu/jiaxing/>
{'community_business_area': '嘉兴',
 'community_city': '上海',
 'community_name': '湘湖长岛',
 'community_region': '上海周边',
 'community_rent_url': None,
 'community_url': 'https://sh.lianjia.com/xiaoqu/5020024652415629/'}
2022-12-26T00:51:59 [scraper.py:289] DEBUG: Scraped from <200 https://sh.lianjia.com/xiaoqu/jiaxing/>
{'community_business_area': '嘉兴',
 'community_city': '上海',
 'community_name': '城北路582号',
 'community_region': '上海周边',
 'community_rent_url': None,
 'community_url': 'https://sh.lianjia.com/xiaoqu/5020022538514157/'}
2022-12-26T00:51:59 [scraper.py:289] DEBUG: Scraped from <200 https://sh.lianjia.com/xiaoqu/jiaxing/>
{'community_business_area': '嘉兴',
 'community_city': '上海',
 'community_name': '林湖世家',
 'community_region': '上海周边',
 'community_rent_url': None,
 'community_url': 'https://sh.lianjia.com/xiaoqu/5017542897741576/'}
2022-12-26T00:51:59 [scraper.py:289] DEBUG: Scraped from <200 https://sh.lianjia.com/xiaoqu/jiaxing/>
{'community_business_area': '嘉兴',
 'community_city': '上海',
 'community_name': '水岸丽都',
 'community_region': '上海周边',
 'community_rent_url': None,
 'community_url': 'https://sh.lianjia.com/xiaoqu/5020023220391717/'}
2022-12-26T00:51:59 [scraper.py:289] DEBUG: Scraped from <200 https://sh.lianjia.com/xiaoqu/jiaxing/>
{'community_business_area': '嘉兴',
 'community_city': '上海',
 'community_name': '阳海景怡(北区)',
 'community_region': '上海周边',
 'community_rent_url': None,
 'community_url': 'https://sh.lianjia.com/xiaoqu/5020023948517339/'}
2022-12-26T00:51:59 [scraper.py:289] DEBUG: Scraped from <200 https://sh.lianjia.com/xiaoqu/jiaxing/>
{'community_business_area': '嘉兴',
 'community_city': '上海',
 'community_name': '凤凰花苑(嘉兴)',
 'community_region': '上海周边',
 'community_rent_url': None,
 'community_url': 'https://sh.lianjia.com/xiaoqu/5020023817314237/'}
2022-12-26T00:51:59 [scraper.py:289] DEBUG: Scraped from <200 https://sh.lianjia.com/xiaoqu/jiaxing/>
{'community_business_area': '嘉兴',
 'community_city': '上海',
 'community_name': '云尚城',
 'community_region': '上海周边',
 'community_rent_url': None,
 'community_url': 'https://sh.lianjia.com/xiaoqu/5020023238214188/'}
2022-12-26T00:51:59 [scraper.py:289] DEBUG: Scraped from <200 https://sh.lianjia.com/xiaoqu/jiaxing/>
{'community_business_area': '嘉兴',
 'community_city': '上海',
 'community_name': '西塘恒隆商业广场',
 'community_region': '上海周边',
 'community_rent_url': None,
 'community_url': 'https://sh.lianjia.com/xiaoqu/5012378082389915/'}
2022-12-26T00:51:59 [scraper.py:289] DEBUG: Scraped from <200 https://sh.lianjia.com/xiaoqu/jiaxing/>
{'community_business_area': '嘉兴',
 'community_city': '上海',
 'community_name': '小城春秋',
 'community_region': '上海周边',
 'community_rent_url': None,
 'community_url': 'https://sh.lianjia.com/xiaoqu/5020035947273109/'}
2022-12-26T00:51:59 [scraper.py:289] DEBUG: Scraped from <200 https://sh.lianjia.com/xiaoqu/jiaxing/>
{'community_business_area': '嘉兴',
 'community_city': '上海',
 'community_name': '金水湾',
 'community_region': '上海周边',
 'community_rent_url': None,
 'community_url': 'https://sh.lianjia.com/xiaoqu/5020041474408050/'}
2022-12-26T00:51:59 [scraper.py:289] DEBUG: Scraped from <200 https://sh.lianjia.com/xiaoqu/jiaxing/>
{'community_business_area': '嘉兴',
 'community_city': '上海',
 'community_name': '长虹春天',
 'community_region': '上海周边',
 'community_rent_url': None,
 'community_url': 'https://sh.lianjia.com/xiaoqu/5020023474332266/'}
2022-12-26T00:51:59 [scraper.py:289] DEBUG: Scraped from <200 https://sh.lianjia.com/xiaoqu/jiaxing/>
{'community_business_area': '嘉兴',
 'community_city': '上海',
 'community_name': '万达广场水岸金街',
 'community_region': '上海周边',
 'community_rent_url': None,
 'community_url': 'https://sh.lianjia.com/xiaoqu/5020024152039946/'}
2022-12-26T00:51:59 [community_spider.py:158] INFO: Crawl next community page in 嘉兴
2022-12-26T00:52:01 [engine.py:295] DEBUG: Crawled (200) <GET https://wf.lianjia.com/xiaoqu/aotizhongxin2/> (referer: None)
2022-12-26T00:52:01 [scraper.py:289] DEBUG: Scraped from <200 https://wf.lianjia.com/xiaoqu/aotizhongxin2/>
{'community_business_area': '奥体中心',
 'community_city': '潍坊',
 'community_name': '东方枫景苑',
 'community_region': '潍城区',
 'community_rent_url': 'https://wf.lianjia.com/zufang/c8761128478339054/',
 'community_url': 'https://wf.lianjia.com/xiaoqu/8761128478339054/'}
2022-12-26T00:52:01 [scraper.py:289] DEBUG: Scraped from <200 https://wf.lianjia.com/xiaoqu/aotizhongxin2/>
{'community_business_area': '奥体中心',
 'community_city': '潍坊',
 'community_name': '盛安家园',
 'community_region': '潍城区',
 'community_rent_url': 'https://wf.lianjia.com/zufang/c8761128478337115/',
 'community_url': 'https://wf.lianjia.com/xiaoqu/8761128478337115/'}
2022-12-26T00:52:01 [scraper.py:289] DEBUG: Scraped from <200 https://wf.lianjia.com/xiaoqu/aotizhongxin2/>
{'community_business_area': '奥体中心',
 'community_city': '潍坊',
 'community_name': '绿地新里城',
 'community_region': '潍城区',
 'community_rent_url': 'https://wf.lianjia.com/zufang/c8761141720820647/',
 'community_url': 'https://wf.lianjia.com/xiaoqu/8761141720820647/'}
2022-12-26T00:52:01 [scraper.py:289] DEBUG: Scraped from <200 https://wf.lianjia.com/xiaoqu/aotizhongxin2/>
{'community_business_area': '奥体中心',
 'community_city': '潍坊',
 'community_name': '保利梧桐语',
 'community_region': '潍城区',
 'community_rent_url': 'https://wf.lianjia.com/zufang/c8761134239433940/',
 'community_url': 'https://wf.lianjia.com/xiaoqu/8761134239433940/'}
2022-12-26T00:52:01 [scraper.py:289] DEBUG: Scraped from <200 https://wf.lianjia.com/xiaoqu/aotizhongxin2/>
{'community_business_area': '奥体中心',
 'community_city': '潍坊',
 'community_name': '盛泉小区',
 'community_region': '潍城区',
 'community_rent_url': 'https://wf.lianjia.com/zufang/c8761128479396259/',
 'community_url': 'https://wf.lianjia.com/xiaoqu/8761128479396259/'}
2022-12-26T00:52:01 [scraper.py:289] DEBUG: Scraped from <200 https://wf.lianjia.com/xiaoqu/aotizhongxin2/>
{'community_business_area': '奥体中心',
 'community_city': '潍坊',
 'community_name': '文苑小区(潍城区)',
 'community_region': '潍城区',
 'community_rent_url': 'https://wf.lianjia.com/zufang/c8761128478346607/',
 'community_url': 'https://wf.lianjia.com/xiaoqu/8761128478346607/'}
2022-12-26T00:52:01 [scraper.py:289] DEBUG: Scraped from <200 https://wf.lianjia.com/xiaoqu/aotizhongxin2/>
{'community_business_area': '奥体中心',
 'community_city': '潍坊',
 'community_name': '永安花园',
 'community_region': '潍城区',
 'community_rent_url': 'https://wf.lianjia.com/zufang/c8761128476245640/',
 'community_url': 'https://wf.lianjia.com/xiaoqu/8761128476245640/'}
2022-12-26T00:52:01 [scraper.py:289] DEBUG: Scraped from <200 https://wf.lianjia.com/xiaoqu/aotizhongxin2/>
{'community_business_area': '奥体中心',
 'community_city': '潍坊',
 'community_name': '富通花园',
 'community_region': '潍城区',
 'community_rent_url': 'https://wf.lianjia.com/zufang/c8761128479390057/',
 'community_url': 'https://wf.lianjia.com/xiaoqu/8761128479390057/'}
2022-12-26T00:52:01 [scraper.py:289] DEBUG: Scraped from <200 https://wf.lianjia.com/xiaoqu/aotizhongxin2/>
{'community_business_area': '奥体中心',
 'community_city': '潍坊',
 'community_name': '华泰小区',
 'community_region': '潍城区',
 'community_rent_url': 'https://wf.lianjia.com/zufang/c8761128489881583/',
 'community_url': 'https://wf.lianjia.com/xiaoqu/8761128489881583/'}
2022-12-26T00:52:01 [scraper.py:289] DEBUG: Scraped from <200 https://wf.lianjia.com/xiaoqu/aotizhongxin2/>
{'community_business_area': '奥体中心',
 'community_city': '潍坊',
 'community_name': '潍城交警大队宿舍',
 'community_region': '潍城区',
 'community_rent_url': 'https://wf.lianjia.com/zufang/c8761135730073403/',
 'community_url': 'https://wf.lianjia.com/xiaoqu/8761135730073403/'}
2022-12-26T00:52:01 [scraper.py:289] DEBUG: Scraped from <200 https://wf.lianjia.com/xiaoqu/aotizhongxin2/>
{'community_business_area': '奥体中心',
 'community_city': '潍坊',
 'community_name': '信诚龙锦园',
 'community_region': '潍城区',
 'community_rent_url': 'https://wf.lianjia.com/zufang/c8761128477299499/',
 'community_url': 'https://wf.lianjia.com/xiaoqu/8761128477299499/'}
2022-12-26T00:52:01 [scraper.py:289] DEBUG: Scraped from <200 https://wf.lianjia.com/xiaoqu/aotizhongxin2/>
{'community_business_area': '奥体中心',
 'community_city': '潍坊',
 'community_name': '城市之星',
 'community_region': '潍城区',
 'community_rent_url': 'https://wf.lianjia.com/zufang/c8761128478348081/',
 'community_url': 'https://wf.lianjia.com/xiaoqu/8761128478348081/'}
2022-12-26T00:52:01 [scraper.py:289] DEBUG: Scraped from <200 https://wf.lianjia.com/xiaoqu/aotizhongxin2/>
{'community_business_area': '奥体中心',
 'community_city': '潍坊',
 'community_name': '君怡佳苑',
 'community_region': '潍城区',
 'community_rent_url': 'https://wf.lianjia.com/zufang/c8761128480440190/',
 'community_url': 'https://wf.lianjia.com/xiaoqu/8761128480440190/'}
2022-12-26T00:52:01 [scraper.py:289] DEBUG: Scraped from <200 https://wf.lianjia.com/xiaoqu/aotizhongxin2/>
{'community_business_area': '奥体中心',
 'community_city': '潍坊',
 'community_name': '瑞通花园',
 'community_region': '潍城区',
 'community_rent_url': 'https://wf.lianjia.com/zufang/c8761128476241890/',
 'community_url': 'https://wf.lianjia.com/xiaoqu/8761128476241890/'}
2022-12-26T00:52:01 [scraper.py:289] DEBUG: Scraped from <200 https://wf.lianjia.com/xiaoqu/aotizhongxin2/>
{'community_business_area': '奥体中心',
 'community_city': '潍坊',
 'community_name': '向阳丽景小区',
 'community_region': '潍城区',
 'community_rent_url': None,
 'community_url': 'https://wf.lianjia.com/xiaoqu/8761150250482309/'}
2022-12-26T00:52:01 [scraper.py:289] DEBUG: Scraped from <200 https://wf.lianjia.com/xiaoqu/aotizhongxin2/>
{'community_business_area': '奥体中心',
 'community_city': '潍坊',
 'community_name': '恒信御峰',
 'community_region': '潍城区',
 'community_rent_url': 'https://wf.lianjia.com/zufang/c8761144504484062/',
 'community_url': 'https://wf.lianjia.com/xiaoqu/8761144504484062/'}
2022-12-26T00:52:01 [scraper.py:289] DEBUG: Scraped from <200 https://wf.lianjia.com/xiaoqu/aotizhongxin2/>
{'community_business_area': '奥体中心',
 'community_city': '潍坊',
 'community_name': '美国小镇',
 'community_region': '潍城区',
 'community_rent_url': 'https://wf.lianjia.com/zufang/c8761136802048212/',
 'community_url': 'https://wf.lianjia.com/xiaoqu/8761136802048212/'}
2022-12-26T00:52:01 [scraper.py:289] DEBUG: Scraped from <200 https://wf.lianjia.com/xiaoqu/aotizhongxin2/>
{'community_business_area': '奥体中心',
 'community_city': '潍坊',
 'community_name': '水清木华',
 'community_region': '潍城区',
 'community_rent_url': 'https://wf.lianjia.com/zufang/c8761128499315425/',
 'community_url': 'https://wf.lianjia.com/xiaoqu/8761128499315425/'}
2022-12-26T00:52:01 [scraper.py:289] DEBUG: Scraped from <200 https://wf.lianjia.com/xiaoqu/aotizhongxin2/>
{'community_business_area': '奥体中心',
 'community_city': '潍坊',
 'community_name': '大成优盘',
 'community_region': '潍城区',
 'community_rent_url': 'https://wf.lianjia.com/zufang/c8761128477292194/',
 'community_url': 'https://wf.lianjia.com/xiaoqu/8761128477292194/'}
2022-12-26T00:52:01 [scraper.py:289] DEBUG: Scraped from <200 https://wf.lianjia.com/xiaoqu/aotizhongxin2/>
{'community_business_area': '奥体中心',
 'community_city': '潍坊',
 'community_name': '鸢都新城',
 'community_region': '潍城区',
 'community_rent_url': 'https://wf.lianjia.com/zufang/c8761128529717329/',
 'community_url': 'https://wf.lianjia.com/xiaoqu/8761128529717329/'}
2022-12-26T00:52:01 [scraper.py:289] DEBUG: Scraped from <200 https://wf.lianjia.com/xiaoqu/aotizhongxin2/>
{'community_business_area': '奥体中心',
 'community_city': '潍坊',
 'community_name': '恒信永祥苑',
 'community_region': '潍城区',
 'community_rent_url': 'https://wf.lianjia.com/zufang/c8761128482539801/',
 'community_url': 'https://wf.lianjia.com/xiaoqu/8761128482539801/'}
2022-12-26T00:52:01 [scraper.py:289] DEBUG: Scraped from <200 https://wf.lianjia.com/xiaoqu/aotizhongxin2/>
{'community_business_area': '奥体中心',
 'community_city': '潍坊',
 'community_name': '渤景湾',
 'community_region': '潍城区',
 'community_rent_url': 'https://wf.lianjia.com/zufang/c8761128509806492/',
 'community_url': 'https://wf.lianjia.com/xiaoqu/8761128509806492/'}
2022-12-26T00:52:01 [scraper.py:289] DEBUG: Scraped from <200 https://wf.lianjia.com/xiaoqu/aotizhongxin2/>
{'community_business_area': '奥体中心',
 'community_city': '潍坊',
 'community_name': '名仕园小区',
 'community_region': '潍城区',
 'community_rent_url': 'https://wf.lianjia.com/zufang/c8761128487781042/',
 'community_url': 'https://wf.lianjia.com/xiaoqu/8761128487781042/'}
2022-12-26T00:52:01 [scraper.py:289] DEBUG: Scraped from <200 https://wf.lianjia.com/xiaoqu/aotizhongxin2/>
{'community_business_area': '奥体中心',
 'community_city': '潍坊',
 'community_name': '唐宁郡',
 'community_region': '潍城区',
 'community_rent_url': 'https://wf.lianjia.com/zufang/c8761128478341607/',
 'community_url': 'https://wf.lianjia.com/xiaoqu/8761128478341607/'}
2022-12-26T00:52:01 [scraper.py:289] DEBUG: Scraped from <200 https://wf.lianjia.com/xiaoqu/aotizhongxin2/>
{'community_business_area': '奥体中心',
 'community_city': '潍坊',
 'community_name': '北关街办宿舍',
 'community_region': '潍城区',
 'community_rent_url': 'https://wf.lianjia.com/zufang/c8761134039121349/',
 'community_url': 'https://wf.lianjia.com/xiaoqu/8761134039121349/'}
2022-12-26T00:52:01 [scraper.py:289] DEBUG: Scraped from <200 https://wf.lianjia.com/xiaoqu/aotizhongxin2/>
{'community_business_area': '奥体中心',
 'community_city': '潍坊',
 'community_name': '清荷湾',
 'community_region': '潍城区',
 'community_rent_url': 'https://wf.lianjia.com/zufang/c8761128482532920/',
 'community_url': 'https://wf.lianjia.com/xiaoqu/8761128482532920/'}
2022-12-26T00:52:01 [scraper.py:289] DEBUG: Scraped from <200 https://wf.lianjia.com/xiaoqu/aotizhongxin2/>
{'community_business_area': '奥体中心',
 'community_city': '潍坊',
 'community_name': '恒信御峰北区',
 'community_region': '潍城区',
 'community_rent_url': 'https://wf.lianjia.com/zufang/c87610000002453/',
 'community_url': 'https://wf.lianjia.com/xiaoqu/87610000002453/'}
2022-12-26T00:52:01 [scraper.py:289] DEBUG: Scraped from <200 https://wf.lianjia.com/xiaoqu/aotizhongxin2/>
{'community_business_area': '奥体中心',
 'community_city': '潍坊',
 'community_name': '朝阳锦园小区',
 'community_region': '潍城区',
 'community_rent_url': 'https://wf.lianjia.com/zufang/c8761128486734349/',
 'community_url': 'https://wf.lianjia.com/xiaoqu/8761128486734349/'}
2022-12-26T00:52:01 [scraper.py:289] DEBUG: Scraped from <200 https://wf.lianjia.com/xiaoqu/aotizhongxin2/>
{'community_business_area': '奥体中心',
 'community_city': '潍坊',
 'community_name': '龙润紫宸华府',
 'community_region': '潍城区',
 'community_rent_url': 'https://wf.lianjia.com/zufang/c87610000003283/',
 'community_url': 'https://wf.lianjia.com/xiaoqu/87610000003283/'}
2022-12-26T00:52:01 [scraper.py:289] DEBUG: Scraped from <200 https://wf.lianjia.com/xiaoqu/aotizhongxin2/>
{'community_business_area': '奥体中心',
 'community_city': '潍坊',
 'community_name': '南金奥林星城',
 'community_region': '潍城区',
 'community_rent_url': 'https://wf.lianjia.com/zufang/c8761128481494603/',
 'community_url': 'https://wf.lianjia.com/xiaoqu/8761128481494603/'}
2022-12-26T00:52:01 [community_spider.py:158] INFO: Crawl next community page in 奥体中心
2022-12-26T00:52:04 [engine.py:295] DEBUG: Crawled (200) <GET https://sh.lianjia.com/xiaoqu/kunshan1/> (referer: None)
2022-12-26T00:52:04 [scraper.py:289] DEBUG: Scraped from <200 https://sh.lianjia.com/xiaoqu/kunshan1/>
{'community_business_area': '昆山',
 'community_city': '上海',
 'community_name': '上海湾',
 'community_region': '上海周边',
 'community_rent_url': None,
 'community_url': 'https://sh.lianjia.com/xiaoqu/5011000001576/'}
2022-12-26T00:52:04 [scraper.py:289] DEBUG: Scraped from <200 https://sh.lianjia.com/xiaoqu/kunshan1/>
{'community_business_area': '昆山',
 'community_city': '上海',
 'community_name': '云湖92墅',
 'community_region': '上海周边',
 'community_rent_url': None,
 'community_url': 'https://sh.lianjia.com/xiaoqu/5011000000696/'}
2022-12-26T00:52:04 [scraper.py:289] DEBUG: Scraped from <200 https://sh.lianjia.com/xiaoqu/kunshan1/>
{'community_business_area': '昆山',
 'community_city': '上海',
 'community_name': '国基城邦',
 'community_region': '上海周边',
 'community_rent_url': None,
 'community_url': 'https://sh.lianjia.com/xiaoqu/5011000001284/'}
2022-12-26T00:52:04 [scraper.py:289] DEBUG: Scraped from <200 https://sh.lianjia.com/xiaoqu/kunshan1/>
{'community_business_area': '昆山',
 'community_city': '上海',
 'community_name': '利得国际',
 'community_region': '上海周边',
 'community_rent_url': None,
 'community_url': 'https://sh.lianjia.com/xiaoqu/509821540057504/'}
2022-12-26T00:52:04 [scraper.py:289] DEBUG: Scraped from <200 https://sh.lianjia.com/xiaoqu/kunshan1/>
{'community_business_area': '昆山',
 'community_city': '上海',
 'community_name': '富力湾',
 'community_region': '上海周边',
 'community_rent_url': None,
 'community_url': 'https://sh.lianjia.com/xiaoqu/509821540057526/'}
2022-12-26T00:52:04 [scraper.py:289] DEBUG: Scraped from <200 https://sh.lianjia.com/xiaoqu/kunshan1/>
{'community_business_area': '昆山',
 'community_city': '上海',
 'community_name': '花溪公馆',
 'community_region': '上海周边',
 'community_rent_url': None,
 'community_url': 'https://sh.lianjia.com/xiaoqu/509821540058107/'}
2022-12-26T00:52:04 [scraper.py:289] DEBUG: Scraped from <200 https://sh.lianjia.com/xiaoqu/kunshan1/>
{'community_business_area': '昆山',
 'community_city': '上海',
 'community_name': '绿地丽水名邸',
 'community_region': '上海周边',
 'community_rent_url': None,
 'community_url': 'https://sh.lianjia.com/xiaoqu/509977363955760/'}
2022-12-26T00:52:04 [scraper.py:289] DEBUG: Scraped from <200 https://sh.lianjia.com/xiaoqu/kunshan1/>
{'community_business_area': '昆山',
 'community_city': '上海',
 'community_name': '水月周庄(别墅)',
 'community_region': '上海周边',
 'community_rent_url': None,
 'community_url': 'https://sh.lianjia.com/xiaoqu/5011000003231/'}
2022-12-26T00:52:04 [scraper.py:289] DEBUG: Scraped from <200 https://sh.lianjia.com/xiaoqu/kunshan1/>
{'community_business_area': '昆山',
 'community_city': '上海',
 'community_name': '游站',
 'community_region': '上海周边',
 'community_rent_url': None,
 'community_url': 'https://sh.lianjia.com/xiaoqu/5011000003557/'}
2022-12-26T00:52:04 [scraper.py:289] DEBUG: Scraped from <200 https://sh.lianjia.com/xiaoqu/kunshan1/>
{'community_business_area': '昆山',
 'community_city': '上海',
 'community_name': '启发广场',
 'community_region': '上海周边',
 'community_rent_url': None,
 'community_url': 'https://sh.lianjia.com/xiaoqu/5011000002690/'}
2022-12-26T00:52:04 [scraper.py:289] DEBUG: Scraped from <200 https://sh.lianjia.com/xiaoqu/kunshan1/>
{'community_business_area': '昆山',
 'community_city': '上海',
 'community_name': '梧桐栖凤商苑',
 'community_region': '上海周边',
 'community_rent_url': None,
 'community_url': 'https://sh.lianjia.com/xiaoqu/5011000002646/'}
2022-12-26T00:52:04 [scraper.py:289] DEBUG: Scraped from <200 https://sh.lianjia.com/xiaoqu/kunshan1/>
{'community_business_area': '昆山',
 'community_city': '上海',
 'community_name': '珍兴国际大厦',
 'community_region': '上海周边',
 'community_rent_url': None,
 'community_url': 'https://sh.lianjia.com/xiaoqu/5011000002715/'}
2022-12-26T00:52:04 [scraper.py:289] DEBUG: Scraped from <200 https://sh.lianjia.com/xiaoqu/kunshan1/>
{'community_business_area': '昆山',
 'community_city': '上海',
 'community_name': '阿里巴巴电子商务大厦',
 'community_region': '上海周边',
 'community_rent_url': None,
 'community_url': 'https://sh.lianjia.com/xiaoqu/5011000002364/'}
2022-12-26T00:52:04 [scraper.py:289] DEBUG: Scraped from <200 https://sh.lianjia.com/xiaoqu/kunshan1/>
{'community_business_area': '昆山',
 'community_city': '上海',
 'community_name': '梦莱茵别墅',
 'community_region': '上海周边',
 'community_rent_url': None,
 'community_url': 'https://sh.lianjia.com/xiaoqu/5011000004711/'}
2022-12-26T00:52:04 [scraper.py:289] DEBUG: Scraped from <200 https://sh.lianjia.com/xiaoqu/kunshan1/>
{'community_business_area': '昆山',
 'community_city': '上海',
 'community_name': '上海裕花园',
 'community_region': '上海周边',
 'community_rent_url': None,
 'community_url': 'https://sh.lianjia.com/xiaoqu/5011000004941/'}
2022-12-26T00:52:04 [scraper.py:289] DEBUG: Scraped from <200 https://sh.lianjia.com/xiaoqu/kunshan1/>
{'community_business_area': '昆山',
 'community_city': '上海',
 'community_name': '绅园',
 'community_region': '上海周边',
 'community_rent_url': None,
 'community_url': 'https://sh.lianjia.com/xiaoqu/5011000005105/'}
2022-12-26T00:52:04 [scraper.py:289] DEBUG: Scraped from <200 https://sh.lianjia.com/xiaoqu/kunshan1/>
{'community_business_area': '昆山',
 'community_city': '上海',
 'community_name': '棕榈湾花园(昆山)',
 'community_region': '上海周边',
 'community_rent_url': None,
 'community_url': 'https://sh.lianjia.com/xiaoqu/5011000004129/'}
2022-12-26T00:52:04 [scraper.py:289] DEBUG: Scraped from <200 https://sh.lianjia.com/xiaoqu/kunshan1/>
{'community_business_area': '昆山',
 'community_city': '上海',
 'community_name': '大自然花园',
 'community_region': '上海周边',
 'community_rent_url': None,
 'community_url': 'https://sh.lianjia.com/xiaoqu/5011000004271/'}
2022-12-26T00:52:04 [scraper.py:289] DEBUG: Scraped from <200 https://sh.lianjia.com/xiaoqu/kunshan1/>
{'community_business_area': '昆山',
 'community_city': '上海',
 'community_name': '招商新村',
 'community_region': '上海周边',
 'community_rent_url': None,
 'community_url': 'https://sh.lianjia.com/xiaoqu/5011000020434/'}
2022-12-26T00:52:04 [scraper.py:289] DEBUG: Scraped from <200 https://sh.lianjia.com/xiaoqu/kunshan1/>
{'community_business_area': '昆山',
 'community_city': '上海',
 'community_name': '中置花苑',
 'community_region': '上海周边',
 'community_rent_url': None,
 'community_url': 'https://sh.lianjia.com/xiaoqu/5011000020435/'}
2022-12-26T00:52:04 [scraper.py:289] DEBUG: Scraped from <200 https://sh.lianjia.com/xiaoqu/kunshan1/>
{'community_business_area': '昆山',
 'community_city': '上海',
 'community_name': '美吉特工业品博览中心',
 'community_region': '上海周边',
 'community_rent_url': None,
 'community_url': 'https://sh.lianjia.com/xiaoqu/5011000020537/'}
2022-12-26T00:52:04 [scraper.py:289] DEBUG: Scraped from <200 https://sh.lianjia.com/xiaoqu/kunshan1/>
{'community_business_area': '昆山',
 'community_city': '上海',
 'community_name': '时代御湖',
 'community_region': '上海周边',
 'community_rent_url': None,
 'community_url': 'https://sh.lianjia.com/xiaoqu/5011000019481/'}
2022-12-26T00:52:04 [scraper.py:289] DEBUG: Scraped from <200 https://sh.lianjia.com/xiaoqu/kunshan1/>
{'community_business_area': '昆山',
 'community_city': '上海',
 'community_name': '周庄万盛园(公寓)',
 'community_region': '上海周边',
 'community_rent_url': None,
 'community_url': 'https://sh.lianjia.com/xiaoqu/5011000018994/'}
2022-12-26T00:52:04 [scraper.py:289] DEBUG: Scraped from <200 https://sh.lianjia.com/xiaoqu/kunshan1/>
{'community_business_area': '昆山',
 'community_city': '上海',
 'community_name': '滨江裕花园',
 'community_region': '上海周边',
 'community_rent_url': None,
 'community_url': 'https://sh.lianjia.com/xiaoqu/5011000018870/'}
2022-12-26T00:52:04 [scraper.py:289] DEBUG: Scraped from <200 https://sh.lianjia.com/xiaoqu/kunshan1/>
{'community_business_area': '昆山',
 'community_city': '上海',
 'community_name': '中寰广场',
 'community_region': '上海周边',
 'community_rent_url': None,
 'community_url': 'https://sh.lianjia.com/xiaoqu/5011000014883/'}
2022-12-26T00:52:04 [scraper.py:289] DEBUG: Scraped from <200 https://sh.lianjia.com/xiaoqu/kunshan1/>
{'community_business_area': '昆山',
 'community_city': '上海',
 'community_name': 'BOVO商墅',
 'community_region': '上海周边',
 'community_rent_url': None,
 'community_url': 'https://sh.lianjia.com/xiaoqu/5011000014896/'}
2022-12-26T00:52:04 [scraper.py:289] DEBUG: Scraped from <200 https://sh.lianjia.com/xiaoqu/kunshan1/>
{'community_business_area': '昆山',
 'community_city': '上海',
 'community_name': '壹克拉',
 'community_region': '上海周边',
 'community_rent_url': None,
 'community_url': 'https://sh.lianjia.com/xiaoqu/5011000012066/'}
2022-12-26T00:52:04 [scraper.py:289] DEBUG: Scraped from <200 https://sh.lianjia.com/xiaoqu/kunshan1/>
{'community_business_area': '昆山',
 'community_city': '上海',
 'community_name': '中城国际花园(公寓)',
 'community_region': '上海周边',
 'community_rent_url': None,
 'community_url': 'https://sh.lianjia.com/xiaoqu/5011000010803/'}
2022-12-26T00:52:04 [scraper.py:289] DEBUG: Scraped from <200 https://sh.lianjia.com/xiaoqu/kunshan1/>
{'community_business_area': '昆山',
 'community_city': '上海',
 'community_name': '通达广场',
 'community_region': '上海周边',
 'community_rent_url': None,
 'community_url': 'https://sh.lianjia.com/xiaoqu/5011000011936/'}
2022-12-26T00:52:04 [scraper.py:289] DEBUG: Scraped from <200 https://sh.lianjia.com/xiaoqu/kunshan1/>
{'community_business_area': '昆山',
 'community_city': '上海',
 'community_name': '龙隐水庄',
 'community_region': '上海周边',
 'community_rent_url': None,
 'community_url': 'https://sh.lianjia.com/xiaoqu/5011000011922/'}
2022-12-26T00:52:04 [community_spider.py:158] INFO: Crawl next community page in 昆山
2022-12-26T00:52:05 [engine.py:295] DEBUG: Crawled (200) <GET https://wf.lianjia.com/xiaoqu/zhuchengshi1/pg4/> (referer: https://wf.lianjia.com/xiaoqu/zhuchengshi1/pg3/)
2022-12-26T00:52:05 [scraper.py:289] DEBUG: Scraped from <200 https://wf.lianjia.com/xiaoqu/zhuchengshi1/pg4/>
{'community_business_area': '诸城市',
 'community_city': '潍坊',
 'community_name': '中天家和花园',
 'community_region': '诸城市',
 'community_rent_url': None,
 'community_url': 'https://wf.lianjia.com/xiaoqu/8761134913836170/'}
2022-12-26T00:52:05 [scraper.py:289] DEBUG: Scraped from <200 https://wf.lianjia.com/xiaoqu/zhuchengshi1/pg4/>
{'community_business_area': '诸城市',
 'community_city': '潍坊',
 'community_name': '正大福香园',
 'community_region': '诸城市',
 'community_rent_url': None,
 'community_url': 'https://wf.lianjia.com/xiaoqu/8761134932717672/'}
2022-12-26T00:52:05 [scraper.py:289] DEBUG: Scraped from <200 https://wf.lianjia.com/xiaoqu/zhuchengshi1/pg4/>
{'community_business_area': '诸城市',
 'community_city': '潍坊',
 'community_name': '金地翰林鲁班',
 'community_region': '诸城市',
 'community_rent_url': None,
 'community_url': 'https://wf.lianjia.com/xiaoqu/8761134834138035/'}
2022-12-26T00:52:05 [scraper.py:289] DEBUG: Scraped from <200 https://wf.lianjia.com/xiaoqu/zhuchengshi1/pg4/>
{'community_business_area': '诸城市',
 'community_city': '潍坊',
 'community_name': '华都富林',
 'community_region': '诸城市',
 'community_rent_url': None,
 'community_url': 'https://wf.lianjia.com/xiaoqu/8761134913835189/'}
2022-12-26T00:52:05 [scraper.py:289] DEBUG: Scraped from <200 https://wf.lianjia.com/xiaoqu/zhuchengshi1/pg4/>
{'community_business_area': '诸城市',
 'community_city': '潍坊',
 'community_name': '天一玫瑰苑东区',
 'community_region': '诸城市',
 'community_rent_url': None,
 'community_url': 'https://wf.lianjia.com/xiaoqu/8761134872942864/'}
2022-12-26T00:52:05 [scraper.py:289] DEBUG: Scraped from <200 https://wf.lianjia.com/xiaoqu/zhuchengshi1/pg4/>
{'community_business_area': '诸城市',
 'community_city': '潍坊',
 'community_name': '山钢碧桂园翡翠城',
 'community_region': '诸城市',
 'community_rent_url': None,
 'community_url': 'https://wf.lianjia.com/xiaoqu/8761134844639215/'}
2022-12-26T00:52:05 [pipelines.py:265] INFO: The community 东坡小区 is already in table community.
2022-12-26T00:52:05 [scraper.py:289] DEBUG: Scraped from <200 https://wf.lianjia.com/xiaoqu/zhuchengshi1/pg4/>
None
2022-12-26T00:52:05 [scraper.py:289] DEBUG: Scraped from <200 https://wf.lianjia.com/xiaoqu/zhuchengshi1/pg4/>
{'community_business_area': '诸城市',
 'community_city': '潍坊',
 'community_name': '朝阳公馆',
 'community_region': '诸城市',
 'community_rent_url': None,
 'community_url': 'https://wf.lianjia.com/xiaoqu/8761134877140343/'}
2022-12-26T00:52:05 [scraper.py:289] DEBUG: Scraped from <200 https://wf.lianjia.com/xiaoqu/zhuchengshi1/pg4/>
{'community_business_area': '诸城市',
 'community_city': '潍坊',
 'community_name': '东苑名邸',
 'community_region': '诸城市',
 'community_rent_url': None,
 'community_url': 'https://wf.lianjia.com/xiaoqu/8761134859308692/'}
2022-12-26T00:52:05 [scraper.py:289] DEBUG: Scraped from <200 https://wf.lianjia.com/xiaoqu/zhuchengshi1/pg4/>
{'community_business_area': '诸城市',
 'community_city': '潍坊',
 'community_name': '明诚园居民区',
 'community_region': '诸城市',
 'community_rent_url': None,
 'community_url': 'https://wf.lianjia.com/xiaoqu/8761134772285373/'}
2022-12-26T00:52:05 [scraper.py:289] DEBUG: Scraped from <200 https://wf.lianjia.com/xiaoqu/zhuchengshi1/pg4/>
{'community_business_area': '诸城市',
 'community_city': '潍坊',
 'community_name': '奧韵花园',
 'community_region': '诸城市',
 'community_rent_url': None,
 'community_url': 'https://wf.lianjia.com/xiaoqu/8761134848839283/'}
2022-12-26T00:52:05 [scraper.py:289] DEBUG: Scraped from <200 https://wf.lianjia.com/xiaoqu/zhuchengshi1/pg4/>
{'community_business_area': '诸城市',
 'community_city': '潍坊',
 'community_name': '宝龙花园',
 'community_region': '诸城市',
 'community_rent_url': None,
 'community_url': 'https://wf.lianjia.com/xiaoqu/8761134831004571/'}
2022-12-26T00:52:05 [scraper.py:289] DEBUG: Scraped from <200 https://wf.lianjia.com/xiaoqu/zhuchengshi1/pg4/>
{'community_business_area': '诸城市',
 'community_city': '潍坊',
 'community_name': '华都丽景园',
 'community_region': '诸城市',
 'community_rent_url': None,
 'community_url': 'https://wf.lianjia.com/xiaoqu/8761134854066257/'}
2022-12-26T00:52:05 [scraper.py:289] DEBUG: Scraped from <200 https://wf.lianjia.com/xiaoqu/zhuchengshi1/pg4/>
{'community_business_area': '诸城市',
 'community_city': '潍坊',
 'community_name': '丹桂轩小区',
 'community_region': '诸城市',
 'community_rent_url': None,
 'community_url': 'https://wf.lianjia.com/xiaoqu/8761134912804680/'}
2022-12-26T00:52:05 [pipelines.py:265] INFO: The community 鑫城东武古城北区 is already in table community.
2022-12-26T00:52:05 [scraper.py:289] DEBUG: Scraped from <200 https://wf.lianjia.com/xiaoqu/zhuchengshi1/pg4/>
None
2022-12-26T00:52:05 [scraper.py:289] DEBUG: Scraped from <200 https://wf.lianjia.com/xiaoqu/zhuchengshi1/pg4/>
{'community_business_area': '诸城市',
 'community_city': '潍坊',
 'community_name': '金岚水景园',
 'community_region': '诸城市',
 'community_rent_url': None,
 'community_url': 'https://wf.lianjia.com/xiaoqu/8761134903344958/'}
2022-12-26T00:52:05 [scraper.py:289] DEBUG: Scraped from <200 https://wf.lianjia.com/xiaoqu/zhuchengshi1/pg4/>
{'community_business_area': '诸城市',
 'community_city': '潍坊',
 'community_name': '东升龙馨园',
 'community_region': '诸城市',
 'community_rent_url': None,
 'community_url': 'https://wf.lianjia.com/xiaoqu/8761134802680913/'}
2022-12-26T00:52:05 [scraper.py:289] DEBUG: Scraped from <200 https://wf.lianjia.com/xiaoqu/zhuchengshi1/pg4/>
{'community_business_area': '诸城市',
 'community_city': '潍坊',
 'community_name': '2081正好',
 'community_region': '诸城市',
 'community_rent_url': None,
 'community_url': 'https://wf.lianjia.com/xiaoqu/8761134807929795/'}
2022-12-26T00:52:05 [scraper.py:289] DEBUG: Scraped from <200 https://wf.lianjia.com/xiaoqu/zhuchengshi1/pg4/>
{'community_business_area': '诸城市',
 'community_city': '潍坊',
 'community_name': '裕泰祥花园',
 'community_region': '诸城市',
 'community_rent_url': None,
 'community_url': 'https://wf.lianjia.com/xiaoqu/8761134915945922/'}
2022-12-26T00:52:05 [scraper.py:289] DEBUG: Scraped from <200 https://wf.lianjia.com/xiaoqu/zhuchengshi1/pg4/>
{'community_business_area': '诸城市',
 'community_city': '潍坊',
 'community_name': '鑫丽花园',
 'community_region': '诸城市',
 'community_rent_url': None,
 'community_url': 'https://wf.lianjia.com/xiaoqu/8761134920122276/'}
2022-12-26T00:52:05 [pipelines.py:265] INFO: The community 观山水岸·龙庭 is already in table community.
2022-12-26T00:52:05 [scraper.py:289] DEBUG: Scraped from <200 https://wf.lianjia.com/xiaoqu/zhuchengshi1/pg4/>
None
2022-12-26T00:52:05 [pipelines.py:265] INFO: The community 帝邦风度国际 is already in table community.
2022-12-26T00:52:05 [scraper.py:289] DEBUG: Scraped from <200 https://wf.lianjia.com/xiaoqu/zhuchengshi1/pg4/>
None
2022-12-26T00:52:05 [scraper.py:289] DEBUG: Scraped from <200 https://wf.lianjia.com/xiaoqu/zhuchengshi1/pg4/>
{'community_business_area': '诸城市',
 'community_city': '潍坊',
 'community_name': '君临公寓',
 'community_region': '诸城市',
 'community_rent_url': None,
 'community_url': 'https://wf.lianjia.com/xiaoqu/8761134791153532/'}
2022-12-26T00:52:05 [pipelines.py:265] INFO: The community 双拥阳光家园 is already in table community.
2022-12-26T00:52:05 [scraper.py:289] DEBUG: Scraped from <200 https://wf.lianjia.com/xiaoqu/zhuchengshi1/pg4/>
None
2022-12-26T00:52:05 [pipelines.py:265] INFO: The community 福光花园 is already in table community.
2022-12-26T00:52:05 [scraper.py:289] DEBUG: Scraped from <200 https://wf.lianjia.com/xiaoqu/zhuchengshi1/pg4/>
None
2022-12-26T00:52:05 [pipelines.py:265] INFO: The community 杨春家园 is already in table community.
2022-12-26T00:52:05 [scraper.py:289] DEBUG: Scraped from <200 https://wf.lianjia.com/xiaoqu/zhuchengshi1/pg4/>
None
2022-12-26T00:52:05 [pipelines.py:265] INFO: The community 诸城市交通住宅小区 is already in table community.
2022-12-26T00:52:05 [scraper.py:289] DEBUG: Scraped from <200 https://wf.lianjia.com/xiaoqu/zhuchengshi1/pg4/>
None
2022-12-26T00:52:05 [pipelines.py:265] INFO: The community 华兴小区 is already in table community.
2022-12-26T00:52:05 [scraper.py:289] DEBUG: Scraped from <200 https://wf.lianjia.com/xiaoqu/zhuchengshi1/pg4/>
None
2022-12-26T00:52:05 [scraper.py:289] DEBUG: Scraped from <200 https://wf.lianjia.com/xiaoqu/zhuchengshi1/pg4/>
{'community_business_area': '诸城市',
 'community_city': '潍坊',
 'community_name': '择邻园',
 'community_region': '诸城市',
 'community_rent_url': None,
 'community_url': 'https://wf.lianjia.com/xiaoqu/8761134833088869/'}
2022-12-26T00:52:05 [scraper.py:289] DEBUG: Scraped from <200 https://wf.lianjia.com/xiaoqu/zhuchengshi1/pg4/>
{'community_business_area': '诸城市',
 'community_city': '潍坊',
 'community_name': '防疫站小区',
 'community_region': '诸城市',
 'community_rent_url': None,
 'community_url': 'https://wf.lianjia.com/xiaoqu/8761134848819008/'}
2022-12-26T00:52:05 [community_spider.py:158] INFO: Crawl next community page in 诸城市
2022-12-26T00:52:09 [engine.py:295] DEBUG: Crawled (200) <GET https://sh.lianjia.com/xiaoqu/nantong/> (referer: None)
2022-12-26T00:52:10 [scraper.py:289] DEBUG: Scraped from <200 https://sh.lianjia.com/xiaoqu/nantong/>
{'community_business_area': '南通',
 'community_city': '上海',
 'community_name': '熔盛花园',
 'community_region': '上海周边',
 'community_rent_url': None,
 'community_url': 'https://sh.lianjia.com/xiaoqu/5020025037386299/'}
2022-12-26T00:52:10 [scraper.py:289] DEBUG: Scraped from <200 https://sh.lianjia.com/xiaoqu/nantong/>
{'community_business_area': '南通',
 'community_city': '上海',
 'community_name': '中港白金大厦',
 'community_region': '上海周边',
 'community_rent_url': None,
 'community_url': 'https://sh.lianjia.com/xiaoqu/5020025810304997/'}
2022-12-26T00:52:10 [scraper.py:289] DEBUG: Scraped from <200 https://sh.lianjia.com/xiaoqu/nantong/>
{'community_business_area': '南通',
 'community_city': '上海',
 'community_name': '如意佳园',
 'community_region': '上海周边',
 'community_rent_url': None,
 'community_url': 'https://sh.lianjia.com/xiaoqu/5020026060347678/'}
2022-12-26T00:52:10 [scraper.py:289] DEBUG: Scraped from <200 https://sh.lianjia.com/xiaoqu/nantong/>
{'community_business_area': '南通',
 'community_city': '上海',
 'community_name': '通州湾·十里蓝院',
 'community_region': '上海周边',
 'community_rent_url': None,
 'community_url': 'https://sh.lianjia.com/xiaoqu/5020034525834607/'}
2022-12-26T00:52:10 [scraper.py:289] DEBUG: Scraped from <200 https://sh.lianjia.com/xiaoqu/nantong/>
{'community_business_area': '南通',
 'community_city': '上海',
 'community_name': '富都豪园',
 'community_region': '上海周边',
 'community_rent_url': None,
 'community_url': 'https://sh.lianjia.com/xiaoqu/5020035858014006/'}
2022-12-26T00:52:10 [scraper.py:289] DEBUG: Scraped from <200 https://sh.lianjia.com/xiaoqu/nantong/>
{'community_business_area': '南通',
 'community_city': '上海',
 'community_name': '南通碧桂园云谷',
 'community_region': '上海周边',
 'community_rent_url': None,
 'community_url': 'https://sh.lianjia.com/xiaoqu/5020035811877532/'}
2022-12-26T00:52:10 [community_spider.py:207] INFO: Finished crawling "南通" business area [https://sh.lianjia.com/xiaoqu/nantong/] in 上海
2022-12-26T00:52:11 [engine.py:295] DEBUG: Crawled (200) <GET https://wf.lianjia.com/xiaoqu/aotizhongxin2/pg2/> (referer: https://wf.lianjia.com/xiaoqu/aotizhongxin2/)
2022-12-26T00:52:11 [scraper.py:289] DEBUG: Scraped from <200 https://wf.lianjia.com/xiaoqu/aotizhongxin2/pg2/>
{'community_business_area': '奥体中心',
 'community_city': '潍坊',
 'community_name': '恒信·玫瑰公馆',
 'community_region': '潍城区',
 'community_rent_url': 'https://wf.lianjia.com/zufang/c8761128481484758/',
 'community_url': 'https://wf.lianjia.com/xiaoqu/8761128481484758/'}
2022-12-26T00:52:11 [scraper.py:289] DEBUG: Scraped from <200 https://wf.lianjia.com/xiaoqu/aotizhongxin2/pg2/>
{'community_business_area': '奥体中心',
 'community_city': '潍坊',
 'community_name': '北京宫馆',
 'community_region': '潍城区',
 'community_rent_url': 'https://wf.lianjia.com/zufang/c8761128497217291/',
 'community_url': 'https://wf.lianjia.com/xiaoqu/8761128497217291/'}
2022-12-26T00:52:11 [scraper.py:289] DEBUG: Scraped from <200 https://wf.lianjia.com/xiaoqu/aotizhongxin2/pg2/>
{'community_business_area': '奥体中心',
 'community_city': '潍坊',
 'community_name': '圣菲漫步',
 'community_region': '潍城区',
 'community_rent_url': 'https://wf.lianjia.com/zufang/c8761128499316181/',
 'community_url': 'https://wf.lianjia.com/xiaoqu/8761128499316181/'}
2022-12-26T00:52:11 [scraper.py:289] DEBUG: Scraped from <200 https://wf.lianjia.com/xiaoqu/aotizhongxin2/pg2/>
{'community_business_area': '奥体中心',
 'community_city': '潍坊',
 'community_name': '路灯局管理处宿舍',
 'community_region': '潍城区',
 'community_rent_url': None,
 'community_url': 'https://wf.lianjia.com/xiaoqu/8761142116184455/'}
2022-12-26T00:52:11 [scraper.py:289] DEBUG: Scraped from <200 https://wf.lianjia.com/xiaoqu/aotizhongxin2/pg2/>
{'community_business_area': '奥体中心',
 'community_city': '潍坊',
 'community_name': '锦华苑',
 'community_region': '潍城区',
 'community_rent_url': 'https://wf.lianjia.com/zufang/c8761128477299022/',
 'community_url': 'https://wf.lianjia.com/xiaoqu/8761128477299022/'}
2022-12-26T00:52:11 [scraper.py:289] DEBUG: Scraped from <200 https://wf.lianjia.com/xiaoqu/aotizhongxin2/pg2/>
{'community_business_area': '奥体中心',
 'community_city': '潍坊',
 'community_name': '月河路7353号',
 'community_region': '潍城区',
 'community_rent_url': 'https://wf.lianjia.com/zufang/c87610000000023/',
 'community_url': 'https://wf.lianjia.com/xiaoqu/87610000000023/'}
2022-12-26T00:52:11 [scraper.py:289] DEBUG: Scraped from <200 https://wf.lianjia.com/xiaoqu/aotizhongxin2/pg2/>
{'community_business_area': '奥体中心',
 'community_city': '潍坊',
 'community_name': '城管宿舍',
 'community_region': '潍城区',
 'community_rent_url': None,
 'community_url': 'https://wf.lianjia.com/xiaoqu/8761128476243005/'}
2022-12-26T00:52:11 [scraper.py:289] DEBUG: Scraped from <200 https://wf.lianjia.com/xiaoqu/aotizhongxin2/pg2/>
{'community_business_area': '奥体中心',
 'community_city': '潍坊',
 'community_name': '齐家庄北区',
 'community_region': '潍城区',
 'community_rent_url': 'https://wf.lianjia.com/zufang/c8761128476244937/',
 'community_url': 'https://wf.lianjia.com/xiaoqu/8761128476244937/'}
2022-12-26T00:52:11 [scraper.py:289] DEBUG: Scraped from <200 https://wf.lianjia.com/xiaoqu/aotizhongxin2/pg2/>
{'community_business_area': '奥体中心',
 'community_city': '潍坊',
 'community_name': '白金海岸',
 'community_region': '潍城区',
 'community_rent_url': None,
 'community_url': 'https://wf.lianjia.com/xiaoqu/87610000002977/'}
2022-12-26T00:52:11 [scraper.py:289] DEBUG: Scraped from <200 https://wf.lianjia.com/xiaoqu/aotizhongxin2/pg2/>
{'community_business_area': '奥体中心',
 'community_city': '潍坊',
 'community_name': '基建物资局宿舍',
 'community_region': '潍城区',
 'community_rent_url': None,
 'community_url': 'https://wf.lianjia.com/xiaoqu/87610000002250/'}
2022-12-26T00:52:11 [scraper.py:289] DEBUG: Scraped from <200 https://wf.lianjia.com/xiaoqu/aotizhongxin2/pg2/>
{'community_business_area': '奥体中心',
 'community_city': '潍坊',
 'community_name': '龙居佳苑',
 'community_region': '潍城区',
 'community_rent_url': 'https://wf.lianjia.com/zufang/c87610000015879/',
 'community_url': 'https://wf.lianjia.com/xiaoqu/87610000015879/'}
2022-12-26T00:52:11 [community_spider.py:207] INFO: Finished crawling "奥体中心" business area [https://wf.lianjia.com/xiaoqu/aotizhongxin2/] in 潍坊
2022-12-26T00:52:16 [engine.py:295] DEBUG: Crawled (200) <GET https://sh.lianjia.com/xiaoqu/qidong1/> (referer: None)
2022-12-26T00:52:16 [scraper.py:289] DEBUG: Scraped from <200 https://sh.lianjia.com/xiaoqu/qidong1/>
{'community_business_area': '启东',
 'community_city': '上海',
 'community_name': '长龙苑',
 'community_region': '上海周边',
 'community_rent_url': None,
 'community_url': 'https://sh.lianjia.com/xiaoqu/5020024076473695/'}
2022-12-26T00:52:16 [scraper.py:289] DEBUG: Scraped from <200 https://sh.lianjia.com/xiaoqu/qidong1/>
{'community_business_area': '启东',
 'community_city': '上海',
 'community_name': '鹤城苑',
 'community_region': '上海周边',
 'community_rent_url': None,
 'community_url': 'https://sh.lianjia.com/xiaoqu/5020036656274540/'}
2022-12-26T00:52:16 [scraper.py:289] DEBUG: Scraped from <200 https://sh.lianjia.com/xiaoqu/qidong1/>
{'community_business_area': '启东',
 'community_city': '上海',
 'community_name': '恒大海上威尼斯',
 'community_region': '上海周边',
 'community_rent_url': None,
 'community_url': 'https://sh.lianjia.com/xiaoqu/5012425562174241/'}
2022-12-26T00:52:16 [scraper.py:289] DEBUG: Scraped from <200 https://sh.lianjia.com/xiaoqu/qidong1/>
{'community_business_area': '启东',
 'community_city': '上海',
 'community_name': '恒大世纪海岸',
 'community_region': '上海周边',
 'community_rent_url': None,
 'community_url': 'https://sh.lianjia.com/xiaoqu/5020045587806488/'}
2022-12-26T00:52:16 [scraper.py:289] DEBUG: Scraped from <200 https://sh.lianjia.com/xiaoqu/qidong1/>
{'community_business_area': '启东',
 'community_city': '上海',
 'community_name': '长泰海滨城',
 'community_region': '上海周边',
 'community_rent_url': None,
 'community_url': 'https://sh.lianjia.com/xiaoqu/5020041112564070/'}
2022-12-26T00:52:16 [scraper.py:289] DEBUG: Scraped from <200 https://sh.lianjia.com/xiaoqu/qidong1/>
{'community_business_area': '启东',
 'community_city': '上海',
 'community_name': '崇明岛大爱城',
 'community_region': '崇明',
 'community_rent_url': None,
 'community_url': 'https://sh.lianjia.com/xiaoqu/5020032829536133/'}
2022-12-26T00:52:16 [scraper.py:289] DEBUG: Scraped from <200 https://sh.lianjia.com/xiaoqu/qidong1/>
{'community_business_area': '启东',
 'community_city': '上海',
 'community_name': '新湖绿城海上明月',
 'community_region': '上海周边',
 'community_rent_url': None,
 'community_url': 'https://sh.lianjia.com/xiaoqu/5020043673834570/'}
2022-12-26T00:52:16 [scraper.py:289] DEBUG: Scraped from <200 https://sh.lianjia.com/xiaoqu/qidong1/>
{'community_business_area': '启东',
 'community_city': '上海',
 'community_name': '龙豪国际花园',
 'community_region': '上海周边',
 'community_rent_url': None,
 'community_url': 'https://sh.lianjia.com/xiaoqu/5017500912497024/'}
2022-12-26T00:52:16 [scraper.py:289] DEBUG: Scraped from <200 https://sh.lianjia.com/xiaoqu/qidong1/>
{'community_business_area': '启东',
 'community_city': '上海',
 'community_name': '绿地铂澜晶舍',
 'community_region': '上海周边',
 'community_rent_url': None,
 'community_url': 'https://sh.lianjia.com/xiaoqu/5020048279902713/'}
2022-12-26T00:52:16 [community_spider.py:207] INFO: Finished crawling "启东" business area [https://sh.lianjia.com/xiaoqu/qidong1/] in 上海
2022-12-26T00:52:17 [engine.py:295] DEBUG: Crawled (200) <GET https://wf.lianjia.com/xiaoqu/zhuchengshi1/pg5/> (referer: https://wf.lianjia.com/xiaoqu/zhuchengshi1/pg4/)
2022-12-26T00:52:17 [scraper.py:289] DEBUG: Scraped from <200 https://wf.lianjia.com/xiaoqu/zhuchengshi1/pg5/>
{'community_business_area': '诸城市',
 'community_city': '潍坊',
 'community_name': '紫藤花园',
 'community_region': '诸城市',
 'community_rent_url': None,
 'community_url': 'https://wf.lianjia.com/xiaoqu/8761134901252408/'}
2022-12-26T00:52:17 [scraper.py:289] DEBUG: Scraped from <200 https://wf.lianjia.com/xiaoqu/zhuchengshi1/pg5/>
{'community_business_area': '诸城市',
 'community_city': '潍坊',
 'community_name': '南郊教师公寓',
 'community_region': '诸城市',
 'community_rent_url': None,
 'community_url': 'https://wf.lianjia.com/xiaoqu/8761134898108185/'}
2022-12-26T00:52:17 [scraper.py:289] DEBUG: Scraped from <200 https://wf.lianjia.com/xiaoqu/zhuchengshi1/pg5/>
{'community_business_area': '诸城市',
 'community_city': '潍坊',
 'community_name': '东顺花园',
 'community_region': '诸城市',
 'community_rent_url': None,
 'community_url': 'https://wf.lianjia.com/xiaoqu/8761134903363322/'}
2022-12-26T00:52:17 [scraper.py:289] DEBUG: Scraped from <200 https://wf.lianjia.com/xiaoqu/zhuchengshi1/pg5/>
{'community_business_area': '诸城市',
 'community_city': '潍坊',
 'community_name': '贵和小区',
 'community_region': '诸城市',
 'community_rent_url': None,
 'community_url': 'https://wf.lianjia.com/xiaoqu/8761134919091765/'}
2022-12-26T00:52:17 [scraper.py:289] DEBUG: Scraped from <200 https://wf.lianjia.com/xiaoqu/zhuchengshi1/pg5/>
{'community_business_area': '诸城市',
 'community_city': '潍坊',
 'community_name': '电力七小区',
 'community_region': '诸城市',
 'community_rent_url': None,
 'community_url': 'https://wf.lianjia.com/xiaoqu/8761134932718975/'}
2022-12-26T00:52:17 [pipelines.py:265] INFO: The community 泰昌源 is already in table community.
2022-12-26T00:52:17 [scraper.py:289] DEBUG: Scraped from <200 https://wf.lianjia.com/xiaoqu/zhuchengshi1/pg5/>
None
2022-12-26T00:52:17 [pipelines.py:265] INFO: The community 金惠园小区 is already in table community.
2022-12-26T00:52:17 [scraper.py:289] DEBUG: Scraped from <200 https://wf.lianjia.com/xiaoqu/zhuchengshi1/pg5/>
None
2022-12-26T00:52:17 [scraper.py:289] DEBUG: Scraped from <200 https://wf.lianjia.com/xiaoqu/zhuchengshi1/pg5/>
{'community_business_area': '诸城市',
 'community_city': '潍坊',
 'community_name': '顺河花园',
 'community_region': '诸城市',
 'community_rent_url': None,
 'community_url': 'https://wf.lianjia.com/xiaoqu/8761134772278004/'}
2022-12-26T00:52:17 [scraper.py:289] DEBUG: Scraped from <200 https://wf.lianjia.com/xiaoqu/zhuchengshi1/pg5/>
{'community_business_area': '诸城市',
 'community_city': '潍坊',
 'community_name': '学府园',
 'community_region': '诸城市',
 'community_rent_url': None,
 'community_url': 'https://wf.lianjia.com/xiaoqu/8761134849883552/'}
2022-12-26T00:52:17 [scraper.py:289] DEBUG: Scraped from <200 https://wf.lianjia.com/xiaoqu/zhuchengshi1/pg5/>
{'community_business_area': '诸城市',
 'community_city': '潍坊',
 'community_name': '盛元名苑',
 'community_region': '诸城市',
 'community_rent_url': None,
 'community_url': 'https://wf.lianjia.com/xiaoqu/8761134947387031/'}
2022-12-26T00:52:17 [scraper.py:289] DEBUG: Scraped from <200 https://wf.lianjia.com/xiaoqu/zhuchengshi1/pg5/>
{'community_business_area': '诸城市',
 'community_city': '潍坊',
 'community_name': '朝阳花苑',
 'community_region': '诸城市',
 'community_rent_url': None,
 'community_url': 'https://wf.lianjia.com/xiaoqu/8761134832054212/'}
2022-12-26T00:52:17 [scraper.py:289] DEBUG: Scraped from <200 https://wf.lianjia.com/xiaoqu/zhuchengshi1/pg5/>
{'community_business_area': '诸城市',
 'community_city': '潍坊',
 'community_name': '世家豪庭一区',
 'community_region': '诸城市',
 'community_rent_url': None,
 'community_url': 'https://wf.lianjia.com/xiaoqu/8761134918034946/'}
2022-12-26T00:52:17 [pipelines.py:265] INFO: The community 鑫湖公寓 is already in table community.
2022-12-26T00:52:17 [scraper.py:289] DEBUG: Scraped from <200 https://wf.lianjia.com/xiaoqu/zhuchengshi1/pg5/>
None
2022-12-26T00:52:17 [pipelines.py:265] INFO: The community 美景园 is already in table community.
2022-12-26T00:52:17 [scraper.py:289] DEBUG: Scraped from <200 https://wf.lianjia.com/xiaoqu/zhuchengshi1/pg5/>
None
2022-12-26T00:52:17 [pipelines.py:265] INFO: The community 金都小区 is already in table community.
2022-12-26T00:52:17 [scraper.py:289] DEBUG: Scraped from <200 https://wf.lianjia.com/xiaoqu/zhuchengshi1/pg5/>
None
2022-12-26T00:52:17 [pipelines.py:265] INFO: The community 西苑小区(诸城市) is already in table community.
2022-12-26T00:52:17 [scraper.py:289] DEBUG: Scraped from <200 https://wf.lianjia.com/xiaoqu/zhuchengshi1/pg5/>
None
2022-12-26T00:52:17 [pipelines.py:265] INFO: The community 新天地中央华府 is already in table community.
2022-12-26T00:52:17 [scraper.py:289] DEBUG: Scraped from <200 https://wf.lianjia.com/xiaoqu/zhuchengshi1/pg5/>
None
2022-12-26T00:52:17 [pipelines.py:265] INFO: The community 福源小区(兴华东路) is already in table community.
2022-12-26T00:52:17 [scraper.py:289] DEBUG: Scraped from <200 https://wf.lianjia.com/xiaoqu/zhuchengshi1/pg5/>
None
2022-12-26T00:52:17 [pipelines.py:265] INFO: The community 樱花国际 is already in table community.
2022-12-26T00:52:17 [scraper.py:289] DEBUG: Scraped from <200 https://wf.lianjia.com/xiaoqu/zhuchengshi1/pg5/>
None
2022-12-26T00:52:17 [pipelines.py:265] INFO: The community 东苑名邸 is already in table community.
2022-12-26T00:52:17 [scraper.py:289] DEBUG: Scraped from <200 https://wf.lianjia.com/xiaoqu/zhuchengshi1/pg5/>
None
2022-12-26T00:52:17 [pipelines.py:265] INFO: The community 华都丽景园 is already in table community.
2022-12-26T00:52:17 [scraper.py:289] DEBUG: Scraped from <200 https://wf.lianjia.com/xiaoqu/zhuchengshi1/pg5/>
None
2022-12-26T00:52:17 [pipelines.py:265] INFO: The community 宝龙花园 is already in table community.
2022-12-26T00:52:17 [scraper.py:289] DEBUG: Scraped from <200 https://wf.lianjia.com/xiaoqu/zhuchengshi1/pg5/>
None
2022-12-26T00:52:17 [pipelines.py:265] INFO: The community 明诚园居民区 is already in table community.
2022-12-26T00:52:17 [scraper.py:289] DEBUG: Scraped from <200 https://wf.lianjia.com/xiaoqu/zhuchengshi1/pg5/>
None
2022-12-26T00:52:17 [pipelines.py:265] INFO: The community 君临公寓 is already in table community.
2022-12-26T00:52:17 [scraper.py:289] DEBUG: Scraped from <200 https://wf.lianjia.com/xiaoqu/zhuchengshi1/pg5/>
None
2022-12-26T00:52:17 [scraper.py:289] DEBUG: Scraped from <200 https://wf.lianjia.com/xiaoqu/zhuchengshi1/pg5/>
{'community_business_area': '诸城市',
 'community_city': '潍坊',
 'community_name': '聚金园小区',
 'community_region': '诸城市',
 'community_rent_url': None,
 'community_url': 'https://wf.lianjia.com/xiaoqu/8761134923282902/'}
2022-12-26T00:52:17 [scraper.py:289] DEBUG: Scraped from <200 https://wf.lianjia.com/xiaoqu/zhuchengshi1/pg5/>
{'community_business_area': '诸城市',
 'community_city': '潍坊',
 'community_name': '名门世家(诸城市)',
 'community_region': '诸城市',
 'community_rent_url': None,
 'community_url': 'https://wf.lianjia.com/xiaoqu/8761134777535300/'}
2022-12-26T00:52:17 [scraper.py:289] DEBUG: Scraped from <200 https://wf.lianjia.com/xiaoqu/zhuchengshi1/pg5/>
{'community_business_area': '诸城市',
 'community_city': '潍坊',
 'community_name': '凤凰城',
 'community_region': '诸城市',
 'community_rent_url': None,
 'community_url': 'https://wf.lianjia.com/xiaoqu/8761134840437105/'}
2022-12-26T00:52:17 [scraper.py:289] DEBUG: Scraped from <200 https://wf.lianjia.com/xiaoqu/zhuchengshi1/pg5/>
{'community_business_area': '诸城市',
 'community_city': '潍坊',
 'community_name': '如意花园',
 'community_region': '诸城市',
 'community_rent_url': None,
 'community_url': 'https://wf.lianjia.com/xiaoqu/8761134923279405/'}
2022-12-26T00:52:17 [scraper.py:289] DEBUG: Scraped from <200 https://wf.lianjia.com/xiaoqu/zhuchengshi1/pg5/>
{'community_business_area': '诸城市',
 'community_city': '潍坊',
 'community_name': '府东名邸',
 'community_region': '诸城市',
 'community_rent_url': None,
 'community_url': 'https://wf.lianjia.com/xiaoqu/8761134952637955/'}
2022-12-26T00:52:17 [scraper.py:289] DEBUG: Scraped from <200 https://wf.lianjia.com/xiaoqu/zhuchengshi1/pg5/>
{'community_business_area': '诸城市',
 'community_city': '潍坊',
 'community_name': '东武家园',
 'community_region': '诸城市',
 'community_rent_url': None,
 'community_url': 'https://wf.lianjia.com/xiaoqu/8761134855118101/'}
2022-12-26T00:52:17 [community_spider.py:158] INFO: Crawl next community page in 诸城市
2022-12-26T00:52:22 [engine.py:295] DEBUG: Crawled (200) <GET https://sh.lianjia.com/xiaoqu/shanghaizhoubian2/> (referer: None)
2022-12-26T00:52:22 [scraper.py:289] DEBUG: Scraped from <200 https://sh.lianjia.com/xiaoqu/shanghaizhoubian2/>
{'community_business_area': '上海周边',
 'community_city': '上海',
 'community_name': '东方巴黎如意湾',
 'community_region': '上海周边',
 'community_rent_url': None,
 'community_url': 'https://sh.lianjia.com/xiaoqu/5020033552307854/'}
2022-12-26T00:52:22 [scraper.py:289] DEBUG: Scraped from <200 https://sh.lianjia.com/xiaoqu/shanghaizhoubian2/>
{'community_business_area': '上海周边',
 'community_city': '上海',
 'community_name': '马尔贝拉度假城',
 'community_region': '上海周边',
 'community_rent_url': None,
 'community_url': 'https://sh.lianjia.com/xiaoqu/5020025110791585/'}
2022-12-26T00:52:22 [scraper.py:289] DEBUG: Scraped from <200 https://sh.lianjia.com/xiaoqu/shanghaizhoubian2/>
{'community_business_area': '上海周边',
 'community_city': '上海',
 'community_name': '云鹭苑',
 'community_region': '上海周边',
 'community_rent_url': None,
 'community_url': 'https://sh.lianjia.com/xiaoqu/5011044856279679/'}
2022-12-26T00:52:22 [scraper.py:289] DEBUG: Scraped from <200 https://sh.lianjia.com/xiaoqu/shanghaizhoubian2/>
{'community_business_area': '上海周边',
 'community_city': '上海',
 'community_name': '景浦苑',
 'community_region': '上海周边',
 'community_rent_url': None,
 'community_url': 'https://sh.lianjia.com/xiaoqu/5020027301225898/'}
2022-12-26T00:52:22 [scraper.py:289] DEBUG: Scraped from <200 https://sh.lianjia.com/xiaoqu/shanghaizhoubian2/>
{'community_business_area': '上海周边',
 'community_city': '上海',
 'community_name': '滨海之星',
 'community_region': '上海周边',
 'community_rent_url': None,
 'community_url': 'https://sh.lianjia.com/xiaoqu/5020027850859140/'}
2022-12-26T00:52:22 [scraper.py:289] DEBUG: Scraped from <200 https://sh.lianjia.com/xiaoqu/shanghaizhoubian2/>
{'community_business_area': '上海周边',
 'community_city': '上海',
 'community_name': '世达物流中心',
 'community_region': '上海周边',
 'community_rent_url': None,
 'community_url': 'https://sh.lianjia.com/xiaoqu/5020028097440762/'}
2022-12-26T00:52:22 [scraper.py:289] DEBUG: Scraped from <200 https://sh.lianjia.com/xiaoqu/shanghaizhoubian2/>
{'community_business_area': '上海周边',
 'community_city': '上海',
 'community_name': '自由派公寓',
 'community_region': '上海周边',
 'community_rent_url': None,
 'community_url': 'https://sh.lianjia.com/xiaoqu/5020020722018201/'}
2022-12-26T00:52:22 [scraper.py:289] DEBUG: Scraped from <200 https://sh.lianjia.com/xiaoqu/shanghaizhoubian2/>
{'community_business_area': '上海周边',
 'community_city': '上海',
 'community_name': '越溪湖畔',
 'community_region': '上海周边',
 'community_rent_url': None,
 'community_url': 'https://sh.lianjia.com/xiaoqu/5020024650315693/'}
2022-12-26T00:52:22 [scraper.py:289] DEBUG: Scraped from <200 https://sh.lianjia.com/xiaoqu/shanghaizhoubian2/>
{'community_business_area': '上海周边',
 'community_city': '上海',
 'community_name': '海伦堡·星悦',
 'community_region': '上海周边',
 'community_rent_url': None,
 'community_url': 'https://sh.lianjia.com/xiaoqu/5020045586764212/'}
2022-12-26T00:52:22 [scraper.py:289] DEBUG: Scraped from <200 https://sh.lianjia.com/xiaoqu/shanghaizhoubian2/>
{'community_business_area': '上海周边',
 'community_city': '上海',
 'community_name': '中南漫悦湾',
 'community_region': '上海周边',
 'community_rent_url': None,
 'community_url': 'https://sh.lianjia.com/xiaoqu/5020032556904492/'}
2022-12-26T00:52:22 [scraper.py:289] DEBUG: Scraped from <200 https://sh.lianjia.com/xiaoqu/shanghaizhoubian2/>
{'community_business_area': '上海周边',
 'community_city': '上海',
 'community_name': '嵊泗海上海',
 'community_region': '上海周边',
 'community_rent_url': None,
 'community_url': 'https://sh.lianjia.com/xiaoqu/5020059358374708/'}
2022-12-26T00:52:22 [scraper.py:289] DEBUG: Scraped from <200 https://sh.lianjia.com/xiaoqu/shanghaizhoubian2/>
{'community_business_area': '上海周边',
 'community_city': '上海',
 'community_name': '九龙山·慢城',
 'community_region': '上海周边',
 'community_rent_url': None,
 'community_url': 'https://sh.lianjia.com/xiaoqu/5020060213038837/'}
2022-12-26T00:52:22 [scraper.py:289] DEBUG: Scraped from <200 https://sh.lianjia.com/xiaoqu/shanghaizhoubian2/>
{'community_business_area': '上海周边',
 'community_city': '上海',
 'community_name': '绿地御景潮源',
 'community_region': '上海周边',
 'community_rent_url': None,
 'community_url': 'https://sh.lianjia.com/xiaoqu/5020042123564945/'}
2022-12-26T00:52:22 [scraper.py:289] DEBUG: Scraped from <200 https://sh.lianjia.com/xiaoqu/shanghaizhoubian2/>
{'community_business_area': '上海周边',
 'community_city': '上海',
 'community_name': '嘉兴恒大御景湾',
 'community_region': '上海周边',
 'community_rent_url': None,
 'community_url': 'https://sh.lianjia.com/xiaoqu/5020035877003353/'}
2022-12-26T00:52:22 [scraper.py:289] DEBUG: Scraped from <200 https://sh.lianjia.com/xiaoqu/shanghaizhoubian2/>
{'community_business_area': '上海周边',
 'community_city': '上海',
 'community_name': '碧桂园山湖源著',
 'community_region': '上海周边',
 'community_rent_url': None,
 'community_url': 'https://sh.lianjia.com/xiaoqu/5020037782645623/'}
2022-12-26T00:52:22 [scraper.py:289] DEBUG: Scraped from <200 https://sh.lianjia.com/xiaoqu/shanghaizhoubian2/>
{'community_business_area': '上海周边',
 'community_city': '上海',
 'community_name': '中天熙景诚品',
 'community_region': '上海周边',
 'community_rent_url': None,
 'community_url': 'https://sh.lianjia.com/xiaoqu/5020033113790923/'}
2022-12-26T00:52:22 [scraper.py:289] DEBUG: Scraped from <200 https://sh.lianjia.com/xiaoqu/shanghaizhoubian2/>
{'community_business_area': '上海周边',
 'community_city': '上海',
 'community_name': '山水庭院',
 'community_region': '上海周边',
 'community_rent_url': None,
 'community_url': 'https://sh.lianjia.com/xiaoqu/5020034679974785/'}
2022-12-26T00:52:22 [scraper.py:289] DEBUG: Scraped from <200 https://sh.lianjia.com/xiaoqu/shanghaizhoubian2/>
{'community_business_area': '上海周边',
 'community_city': '上海',
 'community_name': '光明梦想城',
 'community_region': '上海周边',
 'community_rent_url': None,
 'community_url': 'https://sh.lianjia.com/xiaoqu/5020050194858150/'}
2022-12-26T00:52:22 [scraper.py:289] DEBUG: Scraped from <200 https://sh.lianjia.com/xiaoqu/shanghaizhoubian2/>
{'community_business_area': '上海周边',
 'community_city': '上海',
 'community_name': '碧桂园蔚蓝',
 'community_region': '上海周边',
 'community_rent_url': None,
 'community_url': 'https://sh.lianjia.com/xiaoqu/5020039676837020/'}
2022-12-26T00:52:22 [scraper.py:289] DEBUG: Scraped from <200 https://sh.lianjia.com/xiaoqu/shanghaizhoubian2/>
{'community_business_area': '上海周边',
 'community_city': '上海',
 'community_name': '鸿宸逸庭',
 'community_region': '上海周边',
 'community_rent_url': None,
 'community_url': 'https://sh.lianjia.com/xiaoqu/5020057413165857/'}
2022-12-26T00:52:22 [community_spider.py:158] INFO: Crawl next community page in 上海周边
2022-12-26T00:52:24 [engine.py:295] DEBUG: Crawled (200) <GET https://wf.lianjia.com/xiaoqu/fuleduo/> (referer: None)
2022-12-26T00:52:24 [scraper.py:289] DEBUG: Scraped from <200 https://wf.lianjia.com/xiaoqu/fuleduo/>
{'community_business_area': '福乐多',
 'community_city': '潍坊',
 'community_name': '圣达花园',
 'community_region': '潍城区',
 'community_rent_url': 'https://wf.lianjia.com/zufang/c8761128576905620/',
 'community_url': 'https://wf.lianjia.com/xiaoqu/8761128576905620/'}
2022-12-26T00:52:24 [scraper.py:289] DEBUG: Scraped from <200 https://wf.lianjia.com/xiaoqu/fuleduo/>
{'community_business_area': '福乐多',
 'community_city': '潍坊',
 'community_name': '泰华金泰广场',
 'community_region': '潍城区',
 'community_rent_url': 'https://wf.lianjia.com/zufang/c8761134042263637/',
 'community_url': 'https://wf.lianjia.com/xiaoqu/8761134042263637/'}
2022-12-26T00:52:24 [scraper.py:289] DEBUG: Scraped from <200 https://wf.lianjia.com/xiaoqu/fuleduo/>
{'community_business_area': '福乐多',
 'community_city': '潍坊',
 'community_name': '鲁发公园道1号二区',
 'community_region': '潍城区',
 'community_rent_url': 'https://wf.lianjia.com/zufang/c8761145336118929/',
 'community_url': 'https://wf.lianjia.com/xiaoqu/8761145336118929/'}
2022-12-26T00:52:24 [scraper.py:289] DEBUG: Scraped from <200 https://wf.lianjia.com/xiaoqu/fuleduo/>
{'community_business_area': '福乐多',
 'community_city': '潍坊',
 'community_name': '鲁发公园道1号三区',
 'community_region': '潍城区',
 'community_rent_url': 'https://wf.lianjia.com/zufang/c87610000001030/',
 'community_url': 'https://wf.lianjia.com/xiaoqu/87610000001030/'}
2022-12-26T00:52:24 [scraper.py:289] DEBUG: Scraped from <200 https://wf.lianjia.com/xiaoqu/fuleduo/>
{'community_business_area': '福乐多',
 'community_city': '潍坊',
 'community_name': '金马熙院',
 'community_region': '潍城区',
 'community_rent_url': 'https://wf.lianjia.com/zufang/c8761128526582117/',
 'community_url': 'https://wf.lianjia.com/xiaoqu/8761128526582117/'}
2022-12-26T00:52:24 [scraper.py:289] DEBUG: Scraped from <200 https://wf.lianjia.com/xiaoqu/fuleduo/>
{'community_business_area': '福乐多',
 'community_city': '潍坊',
 'community_name': '巴黎一号',
 'community_region': '潍城区',
 'community_rent_url': None,
 'community_url': 'https://wf.lianjia.com/xiaoqu/8761128497217288/'}
2022-12-26T00:52:24 [scraper.py:289] DEBUG: Scraped from <200 https://wf.lianjia.com/xiaoqu/fuleduo/>
{'community_business_area': '福乐多',
 'community_city': '潍坊',
 'community_name': '鲁发名城安定郡',
 'community_region': '潍城区',
 'community_rent_url': 'https://wf.lianjia.com/zufang/c8761128510844215/',
 'community_url': 'https://wf.lianjia.com/xiaoqu/8761128510844215/'}
2022-12-26T00:52:24 [scraper.py:289] DEBUG: Scraped from <200 https://wf.lianjia.com/xiaoqu/fuleduo/>
{'community_business_area': '福乐多',
 'community_city': '潍坊',
 'community_name': '万特公馆',
 'community_region': '潍城区',
 'community_rent_url': 'https://wf.lianjia.com/zufang/c8761141613925438/',
 'community_url': 'https://wf.lianjia.com/xiaoqu/8761141613925438/'}
2022-12-26T00:52:24 [scraper.py:289] DEBUG: Scraped from <200 https://wf.lianjia.com/xiaoqu/fuleduo/>
{'community_business_area': '福乐多',
 'community_city': '潍坊',
 'community_name': '恒大翡翠华庭',
 'community_region': '潍城区',
 'community_rent_url': 'https://wf.lianjia.com/zufang/c8761128510843753/',
 'community_url': 'https://wf.lianjia.com/xiaoqu/8761128510843753/'}
2022-12-26T00:52:24 [scraper.py:289] DEBUG: Scraped from <200 https://wf.lianjia.com/xiaoqu/fuleduo/>
{'community_business_area': '福乐多',
 'community_city': '潍坊',
 'community_name': '鲁发名城崇文郡',
 'community_region': '潍城区',
 'community_rent_url': 'https://wf.lianjia.com/zufang/c8761128522385280/',
 'community_url': 'https://wf.lianjia.com/xiaoqu/8761128522385280/'}
2022-12-26T00:52:24 [scraper.py:289] DEBUG: Scraped from <200 https://wf.lianjia.com/xiaoqu/fuleduo/>
{'community_business_area': '福乐多',
 'community_city': '潍坊',
 'community_name': '鲁发名城德胜郡',
 'community_region': '潍城区',
 'community_rent_url': 'https://wf.lianjia.com/zufang/c8761128497217287/',
 'community_url': 'https://wf.lianjia.com/xiaoqu/8761128497217287/'}
2022-12-26T00:52:24 [scraper.py:289] DEBUG: Scraped from <200 https://wf.lianjia.com/xiaoqu/fuleduo/>
{'community_business_area': '福乐多',
 'community_city': '潍坊',
 'community_name': '圣菲漫步三期',
 'community_region': '潍城区',
 'community_rent_url': 'https://wf.lianjia.com/zufang/c8761139275133563/',
 'community_url': 'https://wf.lianjia.com/xiaoqu/8761139275133563/'}
2022-12-26T00:52:24 [scraper.py:289] DEBUG: Scraped from <200 https://wf.lianjia.com/xiaoqu/fuleduo/>
{'community_business_area': '福乐多',
 'community_city': '潍坊',
 'community_name': '翰英府',
 'community_region': '潍城区',
 'community_rent_url': 'https://wf.lianjia.com/zufang/c8761128510843754/',
 'community_url': 'https://wf.lianjia.com/xiaoqu/8761128510843754/'}
2022-12-26T00:52:24 [scraper.py:289] DEBUG: Scraped from <200 https://wf.lianjia.com/xiaoqu/fuleduo/>
{'community_business_area': '福乐多',
 'community_city': '潍坊',
 'community_name': '泰华金泰名苑',
 'community_region': '潍城区',
 'community_rent_url': 'https://wf.lianjia.com/zufang/c8761128497222874/',
 'community_url': 'https://wf.lianjia.com/xiaoqu/8761128497222874/'}
2022-12-26T00:52:24 [scraper.py:289] DEBUG: Scraped from <200 https://wf.lianjia.com/xiaoqu/fuleduo/>
{'community_business_area': '福乐多',
 'community_city': '潍坊',
 'community_name': '锦绣名郡',
 'community_region': '潍城区',
 'community_rent_url': 'https://wf.lianjia.com/zufang/c8761128501405876/',
 'community_url': 'https://wf.lianjia.com/xiaoqu/8761128501405876/'}
2022-12-26T00:52:24 [scraper.py:289] DEBUG: Scraped from <200 https://wf.lianjia.com/xiaoqu/fuleduo/>
{'community_business_area': '福乐多',
 'community_city': '潍坊',
 'community_name': '鲁发名城宣武郡',
 'community_region': '潍城区',
 'community_rent_url': 'https://wf.lianjia.com/zufang/c8761128536017146/',
 'community_url': 'https://wf.lianjia.com/xiaoqu/8761128536017146/'}
2022-12-26T00:52:24 [scraper.py:289] DEBUG: Scraped from <200 https://wf.lianjia.com/xiaoqu/fuleduo/>
{'community_business_area': '福乐多',
 'community_city': '潍坊',
 'community_name': '三友翡翠城',
 'community_region': '潍城区',
 'community_rent_url': 'https://wf.lianjia.com/zufang/c8761128507707432/',
 'community_url': 'https://wf.lianjia.com/xiaoqu/8761128507707432/'}
2022-12-26T00:52:24 [scraper.py:289] DEBUG: Scraped from <200 https://wf.lianjia.com/xiaoqu/fuleduo/>
{'community_business_area': '福乐多',
 'community_city': '潍坊',
 'community_name': '上城国际·繁华里',
 'community_region': '潍城区',
 'community_rent_url': 'https://wf.lianjia.com/zufang/c87610000001645/',
 'community_url': 'https://wf.lianjia.com/xiaoqu/87610000001645/'}
2022-12-26T00:52:24 [community_spider.py:207] INFO: Finished crawling "福乐多" business area [https://wf.lianjia.com/xiaoqu/fuleduo/] in 潍坊
2022-12-26T00:52:28 [engine.py:295] DEBUG: Crawled (200) <GET https://sh.lianjia.com/xiaoqu/suzhou/> (referer: None)
2022-12-26T00:52:29 [scraper.py:289] DEBUG: Scraped from <200 https://sh.lianjia.com/xiaoqu/suzhou/>
{'community_business_area': '苏州',
 'community_city': '上海',
 'community_name': '天邻湖景别墅',
 'community_region': '上海周边',
 'community_rent_url': None,
 'community_url': 'https://sh.lianjia.com/xiaoqu/5011000018838/'}
2022-12-26T00:52:29 [scraper.py:289] DEBUG: Scraped from <200 https://sh.lianjia.com/xiaoqu/suzhou/>
{'community_business_area': '苏州',
 'community_city': '上海',
 'community_name': '太阳湖大花园',
 'community_region': '上海周边',
 'community_rent_url': None,
 'community_url': 'https://sh.lianjia.com/xiaoqu/5011000010984/'}
2022-12-26T00:52:29 [scraper.py:289] DEBUG: Scraped from <200 https://sh.lianjia.com/xiaoqu/suzhou/>
{'community_business_area': '苏州',
 'community_city': '上海',
 'community_name': '纳帕尔湾',
 'community_region': '上海周边',
 'community_rent_url': None,
 'community_url': 'https://sh.lianjia.com/xiaoqu/5011000010797/'}
2022-12-26T00:52:29 [scraper.py:289] DEBUG: Scraped from <200 https://sh.lianjia.com/xiaoqu/suzhou/>
{'community_business_area': '苏州',
 'community_city': '上海',
 'community_name': '吴江市翔丽织造有限公司',
 'community_region': '上海周边',
 'community_rent_url': None,
 'community_url': 'https://sh.lianjia.com/xiaoqu/5020023220388023/'}
2022-12-26T00:52:29 [scraper.py:289] DEBUG: Scraped from <200 https://sh.lianjia.com/xiaoqu/suzhou/>
{'community_business_area': '苏州',
 'community_city': '上海',
 'community_name': '星光耀商业广场',
 'community_region': '上海周边',
 'community_rent_url': None,
 'community_url': 'https://sh.lianjia.com/xiaoqu/5020024385929900/'}
2022-12-26T00:52:29 [scraper.py:289] DEBUG: Scraped from <200 https://sh.lianjia.com/xiaoqu/suzhou/>
{'community_business_area': '苏州',
 'community_city': '上海',
 'community_name': '天清岛度假村',
 'community_region': '上海周边',
 'community_rent_url': None,
 'community_url': 'https://sh.lianjia.com/xiaoqu/5016571174235269/'}
2022-12-26T00:52:29 [scraper.py:289] DEBUG: Scraped from <200 https://sh.lianjia.com/xiaoqu/suzhou/>
{'community_business_area': '苏州',
 'community_city': '上海',
 'community_name': '商巷路120号',
 'community_region': '上海周边',
 'community_rent_url': None,
 'community_url': 'https://sh.lianjia.com/xiaoqu/5020024980767084/'}
2022-12-26T00:52:29 [scraper.py:289] DEBUG: Scraped from <200 https://sh.lianjia.com/xiaoqu/suzhou/>
{'community_business_area': '苏州',
 'community_city': '上海',
 'community_name': '水城名邸',
 'community_region': '上海周边',
 'community_rent_url': None,
 'community_url': 'https://sh.lianjia.com/xiaoqu/5020025786187467/'}
2022-12-26T00:52:29 [scraper.py:289] DEBUG: Scraped from <200 https://sh.lianjia.com/xiaoqu/suzhou/>
{'community_business_area': '苏州',
 'community_city': '上海',
 'community_name': '汇都湖畔大厦',
 'community_region': '上海周边',
 'community_rent_url': None,
 'community_url': 'https://sh.lianjia.com/xiaoqu/5020025163217829/'}
2022-12-26T00:52:29 [scraper.py:289] DEBUG: Scraped from <200 https://sh.lianjia.com/xiaoqu/suzhou/>
{'community_business_area': '苏州',
 'community_city': '上海',
 'community_name': '商巷路118号',
 'community_region': '上海周边',
 'community_rent_url': None,
 'community_url': 'https://sh.lianjia.com/xiaoqu/5020024979717155/'}
2022-12-26T00:52:29 [scraper.py:289] DEBUG: Scraped from <200 https://sh.lianjia.com/xiaoqu/suzhou/>
{'community_business_area': '苏州',
 'community_city': '上海',
 'community_name': '月亮湾大花园',
 'community_region': '上海周边',
 'community_rent_url': None,
 'community_url': 'https://sh.lianjia.com/xiaoqu/5020025851194980/'}
2022-12-26T00:52:29 [scraper.py:289] DEBUG: Scraped from <200 https://sh.lianjia.com/xiaoqu/suzhou/>
{'community_business_area': '苏州',
 'community_city': '上海',
 'community_name': '爱汀花园',
 'community_region': '上海周边',
 'community_rent_url': None,
 'community_url': 'https://sh.lianjia.com/xiaoqu/5020026065586966/'}
2022-12-26T00:52:29 [scraper.py:289] DEBUG: Scraped from <200 https://sh.lianjia.com/xiaoqu/suzhou/>
{'community_business_area': '苏州',
 'community_city': '上海',
 'community_name': '嘉乐城生活广场',
 'community_region': '上海周边',
 'community_rent_url': None,
 'community_url': 'https://sh.lianjia.com/xiaoqu/5020027873942158/'}
2022-12-26T00:52:29 [scraper.py:289] DEBUG: Scraped from <200 https://sh.lianjia.com/xiaoqu/suzhou/>
{'community_business_area': '苏州',
 'community_city': '上海',
 'community_name': '月亮湾颐景园',
 'community_region': '上海周边',
 'community_rent_url': None,
 'community_url': 'https://sh.lianjia.com/xiaoqu/5011930136228165/'}
2022-12-26T00:52:29 [scraper.py:289] DEBUG: Scraped from <200 https://sh.lianjia.com/xiaoqu/suzhou/>
{'community_business_area': '苏州',
 'community_city': '上海',
 'community_name': '云澜湾七里别墅',
 'community_region': '上海周边',
 'community_rent_url': None,
 'community_url': 'https://sh.lianjia.com/xiaoqu/5010837215425283/'}
2022-12-26T00:52:29 [scraper.py:289] DEBUG: Scraped from <200 https://sh.lianjia.com/xiaoqu/suzhou/>
{'community_business_area': '苏州',
 'community_city': '上海',
 'community_name': '明丰环湖花园',
 'community_region': '上海周边',
 'community_rent_url': None,
 'community_url': 'https://sh.lianjia.com/xiaoqu/5011657595333739/'}
2022-12-26T00:52:29 [scraper.py:289] DEBUG: Scraped from <200 https://sh.lianjia.com/xiaoqu/suzhou/>
{'community_business_area': '苏州',
 'community_city': '上海',
 'community_name': '国贸中心广场',
 'community_region': '上海周边',
 'community_rent_url': None,
 'community_url': 'https://sh.lianjia.com/xiaoqu/5010836081127800/'}
2022-12-26T00:52:29 [scraper.py:289] DEBUG: Scraped from <200 https://sh.lianjia.com/xiaoqu/suzhou/>
{'community_business_area': '苏州',
 'community_city': '上海',
 'community_name': '喜年生活广场',
 'community_region': '上海周边',
 'community_rent_url': None,
 'community_url': 'https://sh.lianjia.com/xiaoqu/5020025161122696/'}
2022-12-26T00:52:29 [scraper.py:289] DEBUG: Scraped from <200 https://sh.lianjia.com/xiaoqu/suzhou/>
{'community_business_area': '苏州',
 'community_city': '上海',
 'community_name': '碧桂园湖悦天境花园',
 'community_region': '上海周边',
 'community_rent_url': None,
 'community_url': 'https://sh.lianjia.com/xiaoqu/5017771021216867/'}
2022-12-26T00:52:29 [community_spider.py:158] INFO: Crawl next community page in 苏州
2022-12-26T00:52:30 [engine.py:295] DEBUG: Crawled (200) <GET https://wf.lianjia.com/xiaoqu/haodeguangchang/> (referer: None)
2022-12-26T00:52:30 [scraper.py:289] DEBUG: Scraped from <200 https://wf.lianjia.com/xiaoqu/haodeguangchang/>
{'community_business_area': '豪德广场',
 'community_city': '潍坊',
 'community_name': '贵和华府',
 'community_region': '潍城区',
 'community_rent_url': 'https://wf.lianjia.com/zufang/c8761128522383676/',
 'community_url': 'https://wf.lianjia.com/xiaoqu/8761128522383676/'}
2022-12-26T00:52:30 [scraper.py:289] DEBUG: Scraped from <200 https://wf.lianjia.com/xiaoqu/haodeguangchang/>
{'community_business_area': '豪德广场',
 'community_city': '潍坊',
 'community_name': '潍坊豪德贸易广场',
 'community_region': '潍城区',
 'community_rent_url': 'https://wf.lianjia.com/zufang/c8761136710824366/',
 'community_url': 'https://wf.lianjia.com/xiaoqu/8761136710824366/'}
2022-12-26T00:52:30 [scraper.py:289] DEBUG: Scraped from <200 https://wf.lianjia.com/xiaoqu/haodeguangchang/>
{'community_business_area': '豪德广场',
 'community_city': '潍坊',
 'community_name': '豪德家居材料市场',
 'community_region': '潍城区',
 'community_rent_url': 'https://wf.lianjia.com/zufang/c8761138338496984/',
 'community_url': 'https://wf.lianjia.com/xiaoqu/8761138338496984/'}
2022-12-26T00:52:30 [scraper.py:289] DEBUG: Scraped from <200 https://wf.lianjia.com/xiaoqu/haodeguangchang/>
{'community_business_area': '豪德广场',
 'community_city': '潍坊',
 'community_name': '雅龙商住楼',
 'community_region': '潍城区',
 'community_rent_url': 'https://wf.lianjia.com/zufang/c8761128513989204/',
 'community_url': 'https://wf.lianjia.com/xiaoqu/8761128513989204/'}
2022-12-26T00:52:30 [scraper.py:289] DEBUG: Scraped from <200 https://wf.lianjia.com/xiaoqu/haodeguangchang/>
{'community_business_area': '豪德广场',
 'community_city': '潍坊',
 'community_name': '奥博家苑',
 'community_region': '潍城区',
 'community_rent_url': 'https://wf.lianjia.com/zufang/c8761128510850836/',
 'community_url': 'https://wf.lianjia.com/xiaoqu/8761128510850836/'}
2022-12-26T00:52:30 [scraper.py:289] DEBUG: Scraped from <200 https://wf.lianjia.com/xiaoqu/haodeguangchang/>
{'community_business_area': '豪德广场',
 'community_city': '潍坊',
 'community_name': '豪杰贸易广场',
 'community_region': '潍城区',
 'community_rent_url': None,
 'community_url': 'https://wf.lianjia.com/xiaoqu/8761146067133540/'}
2022-12-26T00:52:30 [scraper.py:289] DEBUG: Scraped from <200 https://wf.lianjia.com/xiaoqu/haodeguangchang/>
{'community_business_area': '豪德广场',
 'community_city': '潍坊',
 'community_name': '豪德小商品城',
 'community_region': '潍城区',
 'community_rent_url': 'https://wf.lianjia.com/zufang/c8761142019696832/',
 'community_url': 'https://wf.lianjia.com/xiaoqu/8761142019696832/'}
2022-12-26T00:52:30 [scraper.py:289] DEBUG: Scraped from <200 https://wf.lianjia.com/xiaoqu/haodeguangchang/>
{'community_business_area': '豪德广场',
 'community_city': '潍坊',
 'community_name': '贵和苑碧水新城',
 'community_region': '潍城区',
 'community_rent_url': 'https://wf.lianjia.com/zufang/c8761128523428055/',
 'community_url': 'https://wf.lianjia.com/xiaoqu/8761128523428055/'}
2022-12-26T00:52:30 [scraper.py:289] DEBUG: Scraped from <200 https://wf.lianjia.com/xiaoqu/haodeguangchang/>
{'community_business_area': '豪德广场',
 'community_city': '潍坊',
 'community_name': '贵和苑',
 'community_region': '潍城区',
 'community_rent_url': 'https://wf.lianjia.com/zufang/c8761128531818252/',
 'community_url': 'https://wf.lianjia.com/xiaoqu/8761128531818252/'}
2022-12-26T00:52:30 [scraper.py:289] DEBUG: Scraped from <200 https://wf.lianjia.com/xiaoqu/haodeguangchang/>
{'community_business_area': '豪德广场',
 'community_city': '潍坊',
 'community_name': '雅龙国际贸易广场',
 'community_region': '潍城区',
 'community_rent_url': None,
 'community_url': 'https://wf.lianjia.com/xiaoqu/87610000000049/'}
2022-12-26T00:52:30 [scraper.py:289] DEBUG: Scraped from <200 https://wf.lianjia.com/xiaoqu/haodeguangchang/>
{'community_business_area': '豪德广场',
 'community_city': '潍坊',
 'community_name': '豪杰五金机电城',
 'community_region': '潍城区',
 'community_rent_url': None,
 'community_url': 'https://wf.lianjia.com/xiaoqu/87610000022508/'}
2022-12-26T00:52:30 [scraper.py:289] DEBUG: Scraped from <200 https://wf.lianjia.com/xiaoqu/haodeguangchang/>
{'community_business_area': '豪德广场',
 'community_city': '潍坊',
 'community_name': '彩虹大厦',
 'community_region': '潍城区',
 'community_rent_url': None,
 'community_url': 'https://wf.lianjia.com/xiaoqu/87610000002048/'}
2022-12-26T00:52:30 [community_spider.py:207] INFO: Finished crawling "豪德广场" business area [https://wf.lianjia.com/xiaoqu/haodeguangchang/] in 潍坊
2022-12-26T00:52:36 [engine.py:295] DEBUG: Crawled (200) <GET https://sh.lianjia.com/xiaoqu/taicang212/> (referer: None)
2022-12-26T00:52:36 [scraper.py:289] DEBUG: Scraped from <200 https://sh.lianjia.com/xiaoqu/taicang212/>
{'community_business_area': '太仓',
 'community_city': '上海',
 'community_name': '星海商务大厦',
 'community_region': '上海周边',
 'community_rent_url': None,
 'community_url': 'https://sh.lianjia.com/xiaoqu/5011657595333963/'}
2022-12-26T00:52:36 [scraper.py:289] DEBUG: Scraped from <200 https://sh.lianjia.com/xiaoqu/taicang212/>
{'community_business_area': '太仓',
 'community_city': '上海',
 'community_name': '中瑞府前嘉苑',
 'community_region': '上海周边',
 'community_rent_url': None,
 'community_url': 'https://sh.lianjia.com/xiaoqu/5011000001443/'}
2022-12-26T00:52:36 [scraper.py:289] DEBUG: Scraped from <200 https://sh.lianjia.com/xiaoqu/taicang212/>
{'community_business_area': '太仓',
 'community_city': '上海',
 'community_name': '森茂汽车城',
 'community_region': '上海周边',
 'community_rent_url': None,
 'community_url': 'https://sh.lianjia.com/xiaoqu/5011000010398/'}
2022-12-26T00:52:36 [scraper.py:289] DEBUG: Scraped from <200 https://sh.lianjia.com/xiaoqu/taicang212/>
{'community_business_area': '太仓',
 'community_city': '上海',
 'community_name': '银河湾花园',
 'community_region': '上海周边',
 'community_rent_url': None,
 'community_url': 'https://sh.lianjia.com/xiaoqu/5011000020547/'}
2022-12-26T00:52:36 [scraper.py:289] DEBUG: Scraped from <200 https://sh.lianjia.com/xiaoqu/taicang212/>
{'community_business_area': '太仓',
 'community_city': '上海',
 'community_name': '凤北街商业中心',
 'community_region': '上海周边',
 'community_rent_url': None,
 'community_url': 'https://sh.lianjia.com/xiaoqu/5020026468289298/'}
2022-12-26T00:52:36 [scraper.py:289] DEBUG: Scraped from <200 https://sh.lianjia.com/xiaoqu/taicang212/>
{'community_business_area': '太仓',
 'community_city': '上海',
 'community_name': '莲花休闲广场',
 'community_region': '上海周边',
 'community_rent_url': None,
 'community_url': 'https://sh.lianjia.com/xiaoqu/5020026574192150/'}
2022-12-26T00:52:36 [scraper.py:289] DEBUG: Scraped from <200 https://sh.lianjia.com/xiaoqu/taicang212/>
{'community_business_area': '太仓',
 'community_city': '上海',
 'community_name': '沪太锦苑',
 'community_region': '上海周边',
 'community_rent_url': None,
 'community_url': 'https://sh.lianjia.com/xiaoqu/5020027903453044/'}
2022-12-26T00:52:36 [scraper.py:289] DEBUG: Scraped from <200 https://sh.lianjia.com/xiaoqu/taicang212/>
{'community_business_area': '太仓',
 'community_city': '上海',
 'community_name': '远洋广场(郑和大街)',
 'community_region': '上海周边',
 'community_rent_url': None,
 'community_url': 'https://sh.lianjia.com/xiaoqu/5020022337184806/'}
2022-12-26T00:52:36 [scraper.py:289] DEBUG: Scraped from <200 https://sh.lianjia.com/xiaoqu/taicang212/>
{'community_business_area': '太仓',
 'community_city': '上海',
 'community_name': '鹿鸣九里花园',
 'community_region': '上海周边',
 'community_rent_url': None,
 'community_url': 'https://sh.lianjia.com/xiaoqu/5017634193082631/'}
2022-12-26T00:52:36 [scraper.py:289] DEBUG: Scraped from <200 https://sh.lianjia.com/xiaoqu/taicang212/>
{'community_business_area': '太仓',
 'community_city': '上海',
 'community_name': '国泰花园别墅',
 'community_region': '上海周边',
 'community_rent_url': None,
 'community_url': 'https://sh.lianjia.com/xiaoqu/5020036515594417/'}
2022-12-26T00:52:36 [scraper.py:289] DEBUG: Scraped from <200 https://sh.lianjia.com/xiaoqu/taicang212/>
{'community_business_area': '太仓',
 'community_city': '上海',
 'community_name': '太仓恒大文化旅游城',
 'community_region': '上海周边',
 'community_rent_url': None,
 'community_url': 'https://sh.lianjia.com/xiaoqu/5020041566673995/'}
2022-12-26T00:52:36 [scraper.py:289] DEBUG: Scraped from <200 https://sh.lianjia.com/xiaoqu/taicang212/>
{'community_business_area': '太仓',
 'community_city': '上海',
 'community_name': '上海公馆',
 'community_region': '上海周边',
 'community_rent_url': None,
 'community_url': 'https://sh.lianjia.com/xiaoqu/5020028161447519/'}
2022-12-26T00:52:36 [scraper.py:289] DEBUG: Scraped from <200 https://sh.lianjia.com/xiaoqu/taicang212/>
{'community_business_area': '太仓',
 'community_city': '上海',
 'community_name': '高成上海假日(别墅)',
 'community_region': '上海周边',
 'community_rent_url': None,
 'community_url': 'https://sh.lianjia.com/xiaoqu/5011000010378/'}
2022-12-26T00:52:36 [scraper.py:289] DEBUG: Scraped from <200 https://sh.lianjia.com/xiaoqu/taicang212/>
{'community_business_area': '太仓',
 'community_city': '上海',
 'community_name': '太仓国际软装城',
 'community_region': '上海周边',
 'community_rent_url': None,
 'community_url': 'https://sh.lianjia.com/xiaoqu/5020030313910383/'}
2022-12-26T00:52:36 [scraper.py:289] DEBUG: Scraped from <200 https://sh.lianjia.com/xiaoqu/taicang212/>
{'community_business_area': '太仓',
 'community_city': '上海',
 'community_name': '天琴雅苑',
 'community_region': '上海周边',
 'community_rent_url': None,
 'community_url': 'https://sh.lianjia.com/xiaoqu/5020027483782959/'}
2022-12-26T00:52:36 [scraper.py:289] DEBUG: Scraped from <200 https://sh.lianjia.com/xiaoqu/taicang212/>
{'community_business_area': '太仓',
 'community_city': '上海',
 'community_name': '诺丁公馆',
 'community_region': '上海周边',
 'community_rent_url': None,
 'community_url': 'https://sh.lianjia.com/xiaoqu/5020027204758428/'}
2022-12-26T00:52:36 [scraper.py:289] DEBUG: Scraped from <200 https://sh.lianjia.com/xiaoqu/taicang212/>
{'community_business_area': '太仓',
 'community_city': '上海',
 'community_name': '太仓佳源都市',
 'community_region': '上海周边',
 'community_rent_url': None,
 'community_url': 'https://sh.lianjia.com/xiaoqu/5020036216750673/'}
2022-12-26T00:52:36 [scraper.py:289] DEBUG: Scraped from <200 https://sh.lianjia.com/xiaoqu/taicang212/>
{'community_business_area': '太仓',
 'community_city': '上海',
 'community_name': '翡丽云邸',
 'community_region': '上海周边',
 'community_rent_url': None,
 'community_url': 'https://sh.lianjia.com/xiaoqu/5020043304553051/'}
2022-12-26T00:52:36 [scraper.py:289] DEBUG: Scraped from <200 https://sh.lianjia.com/xiaoqu/taicang212/>
{'community_business_area': '太仓',
 'community_city': '上海',
 'community_name': '漫悦兰庭',
 'community_region': '上海周边',
 'community_rent_url': None,
 'community_url': 'https://sh.lianjia.com/xiaoqu/5020040753931182/'}
2022-12-26T00:52:36 [scraper.py:289] DEBUG: Scraped from <200 https://sh.lianjia.com/xiaoqu/taicang212/>
{'community_business_area': '太仓',
 'community_city': '上海',
 'community_name': '复游文旅城',
 'community_region': '上海周边',
 'community_rent_url': None,
 'community_url': 'https://sh.lianjia.com/xiaoqu/5020049990386517/'}
2022-12-26T00:52:36 [scraper.py:289] DEBUG: Scraped from <200 https://sh.lianjia.com/xiaoqu/taicang212/>
{'community_business_area': '太仓',
 'community_city': '上海',
 'community_name': '韵湖豪庭',
 'community_region': '上海周边',
 'community_rent_url': None,
 'community_url': 'https://sh.lianjia.com/xiaoqu/5020023647349430/'}
2022-12-26T00:52:36 [scraper.py:289] DEBUG: Scraped from <200 https://sh.lianjia.com/xiaoqu/taicang212/>
{'community_business_area': '太仓',
 'community_city': '上海',
 'community_name': '越秀·向东岛',
 'community_region': '上海周边',
 'community_rent_url': None,
 'community_url': 'https://sh.lianjia.com/xiaoqu/5020045085222391/'}
2022-12-26T00:52:36 [community_spider.py:158] INFO: Crawl next community page in 太仓
2022-12-26T00:52:36 [crawler.py:313] INFO: Received SIGINT, shutting down gracefully. Send again to force 
2022-12-26T00:52:36 [engine.py:362] INFO: Closing spider (shutdown)
2022-12-26T00:52:36 [crawler.py:321] INFO: Received SIGINT twice, forcing unclean shutdown
2022-12-26T00:52:36 [retry.py:96] DEBUG: Retrying <GET https://wf.lianjia.com/xiaoqu/huochezhanxinan/> (failed 1 times): [<twisted.python.failure.Failure twisted.internet.error.ConnectionLost: Connection to the other side was lost in a non-clean fashion: Connection lost.>]
2022-12-26T00:52:48 [log.py:147] INFO: Scrapy 2.7.1 started (bot: lianjia)
2022-12-26T00:52:48 [log.py:154] INFO: Versions: lxml 4.9.1.0, libxml2 2.9.13, cssselect 1.2.0, parsel 1.7.0, w3lib 2.0.1, Twisted 22.10.0, Python 3.11.0 | packaged by conda-forge | (main, Oct 25 2022, 06:21:25) [Clang 14.0.4 ], pyOpenSSL 22.1.0 (OpenSSL 3.0.7 1 Nov 2022), cryptography 38.0.3, Platform macOS-13.2-arm64-arm-64bit
2022-12-26T00:52:48 [crawler.py:66] INFO: Overridden settings:
{'BOT_NAME': 'lianjia',
 'CONCURRENT_REQUESTS_PER_DOMAIN': 2,
 'CONCURRENT_REQUESTS_PER_IP': 2,
 'COOKIES_ENABLED': False,
 'DOWNLOAD_DELAY': 8,
 'NEWSPIDER_MODULE': 'lianjia.spiders',
 'REQUEST_FINGERPRINTER_IMPLEMENTATION': '2.7',
 'SPIDER_MODULES': ['lianjia.spiders'],
 'TWISTED_REACTOR': 'twisted.internet.asyncioreactor.AsyncioSelectorReactor',
 'USER_AGENT': 'user-agent: Mozilla/5.0 (Windows NT 10.0; Win64; x64) '
               'AppleWebKit/537.36 (KHTML, like Gecko) Chrome/98.0.4758.82 '
               'Safari/537.36'}
2022-12-26T00:52:48 [selector_events.py:54] DEBUG: Using selector: KqueueSelector
2022-12-26T00:52:48 [log.py:159] DEBUG: Using reactor: twisted.internet.asyncioreactor.AsyncioSelectorReactor
2022-12-26T00:52:48 [log.py:162] DEBUG: Using asyncio event loop: asyncio.unix_events._UnixSelectorEventLoop
2022-12-26T00:52:48 [telnet.py:55] INFO: Telnet Password: 6bee5f1eac0ec9e6
2022-12-26T00:52:48 [middleware.py:52] INFO: Enabled extensions:
['scrapy.extensions.corestats.CoreStats',
 'scrapy.extensions.telnet.TelnetConsole',
 'scrapy.extensions.memusage.MemoryUsage',
 'scrapy.extensions.logstats.LogStats']
2022-12-26T00:52:48 [middleware.py:52] INFO: Enabled downloader middlewares:
['scrapy.downloadermiddlewares.httpauth.HttpAuthMiddleware',
 'lianjia.middlewares.ProxiesMiddleware',
 'scrapy.downloadermiddlewares.downloadtimeout.DownloadTimeoutMiddleware',
 'scrapy.downloadermiddlewares.defaultheaders.DefaultHeadersMiddleware',
 'scrapy.downloadermiddlewares.useragent.UserAgentMiddleware',
 'scrapy.downloadermiddlewares.retry.RetryMiddleware',
 'scrapy.downloadermiddlewares.redirect.MetaRefreshMiddleware',
 'scrapy.downloadermiddlewares.httpcompression.HttpCompressionMiddleware',
 'scrapy.downloadermiddlewares.redirect.RedirectMiddleware',
 'scrapy.downloadermiddlewares.httpproxy.HttpProxyMiddleware',
 'scrapy.downloadermiddlewares.stats.DownloaderStats']
2022-12-26T00:52:48 [middleware.py:52] INFO: Enabled spider middlewares:
['scrapy.spidermiddlewares.httperror.HttpErrorMiddleware',
 'scrapy.spidermiddlewares.offsite.OffsiteMiddleware',
 'scrapy.spidermiddlewares.referer.RefererMiddleware',
 'scrapy.spidermiddlewares.urllength.UrlLengthMiddleware',
 'scrapy.spidermiddlewares.depth.DepthMiddleware']
2022-12-26T00:52:48 [middleware.py:52] INFO: Enabled item pipelines:
['lianjia.pipelines.DownRentalInfoPipeline']
2022-12-26T00:52:48 [engine.py:317] INFO: Spider opened
2022-12-26T00:52:48 [logstats.py:48] INFO: Crawled 0 pages (at 0 pages/min), scraped 0 items (at 0 items/min)
2022-12-26T00:52:48 [telnet.py:67] INFO: Telnet console listening on 127.0.0.1:6024
2022-12-26T00:52:48 [rent_spider.py:51] INFO: Crawling rent info in community 海语山林[https://sz.lianjia.com/zufang/c2411062673763/] in 深圳
2022-12-26T00:52:48 [rent_spider.py:51] INFO: Crawling rent info in community 金众云山栖[https://sz.lianjia.com/zufang/c2411063571812/] in 深圳
2022-12-26T00:52:48 [rent_spider.py:51] INFO: Crawling rent info in community 鑫园广场[https://sz.lianjia.com/zufang/c2411062676027/] in 深圳
2022-12-26T00:52:48 [rent_spider.py:51] INFO: Crawling rent info in community 承翰半山海[https://sz.lianjia.com/zufang/c2411062839125/] in 深圳
2022-12-26T00:52:48 [rent_spider.py:51] INFO: Crawling rent info in community 风球山花园[https://sz.lianjia.com/zufang/c2411062743221/] in 深圳
2022-12-26T00:52:48 [rent_spider.py:51] INFO: Crawling rent info in community 三科麓湾[https://sz.lianjia.com/zufang/c246986335793752/] in 深圳
2022-12-26T00:52:48 [rent_spider.py:51] INFO: Crawling rent info in community 凯旋湾花园三期[https://sz.lianjia.com/zufang/c2420023273871666/] in 深圳
2022-12-26T00:52:48 [rent_spider.py:51] INFO: Crawling rent info in community 御海湾山庄[https://sz.lianjia.com/zufang/c2420025471612469/] in 深圳
2022-12-26T00:52:48 [rent_spider.py:51] INFO: Crawling rent info in community 金海滩[https://sz.lianjia.com/zufang/c2413918357196123/] in 深圳
2022-12-26T00:52:48 [rent_spider.py:51] INFO: Crawling rent info in community KPR佳兆业广场[https://sz.lianjia.com/zufang/c2414147411021136/] in 深圳
2022-12-26T00:52:48 [rent_spider.py:51] INFO: Crawling rent info in community 万科十七英里[https://sz.lianjia.com/zufang/c2414413337736143/] in 深圳
2022-12-26T00:52:48 [rent_spider.py:51] INFO: Crawling rent info in community 承翰陶柏莉[https://sz.lianjia.com/zufang/c2414080466234402/] in 深圳
2022-12-26T00:52:48 [rent_spider.py:51] INFO: Crawling rent info in community PURE33璞岸[https://sz.lianjia.com/zufang/c246985921342987/] in 深圳
2022-12-26T00:52:48 [rent_spider.py:51] INFO: Crawling rent info in community 东部明珠雅苑[https://sz.lianjia.com/zufang/c2411062719191/] in 深圳
2022-12-26T00:52:48 [rent_spider.py:51] INFO: Crawling rent info in community 花样年家天下[https://sz.lianjia.com/zufang/c2414459837100601/] in 深圳
2022-12-26T00:52:48 [rent_spider.py:51] INFO: Crawling rent info in community 南澳湾花园[https://sz.lianjia.com/zufang/c2420030810110806/] in 深圳
2022-12-26T00:52:49 [engine.py:295] DEBUG: Crawled (200) <GET https://sz.lianjia.com/zufang/c2411062673763/> (referer: None)
2022-12-26T00:52:49 [rent_spider.py:51] INFO: Crawling rent info in community 千禧大厦[https://sz.lianjia.com/zufang/c2411062739316/] in 深圳
2022-12-26T00:52:49 [rent_spider.py:70] DEBUG: Number of houses available on rent[17]
2022-12-26T00:52:49 [rent_spider.py:116] DEBUG: area info[
        69.00㎡
        ]
2022-12-26T00:52:49 [rent_spider.py:152] DEBUG: lighting info[东南        ]
2022-12-26T00:52:49 [rent_spider.py:121] DEBUG: room info[
          2室2厅1卫        ]
2022-12-26T00:52:49 [scraper.py:289] DEBUG: Scraped from <200 https://sz.lianjia.com/zufang/c2411062673763/>
{'rental_area': '69.00',
 'rental_bathrooms': '1',
 'rental_business_area': '大鹏半岛',
 'rental_city': '深圳',
 'rental_community': '海语山林',
 'rental_community_url': 'https://sz.lianjia.com/zufang/c2411062673763/',
 'rental_lighting': '东南',
 'rental_liverooms': '2',
 'rental_name': '整租·海语山林 2室2厅 东南',
 'rental_price': '3000',
 'rental_region': '大鹏新区',
 'rental_rooms': '2',
 'rental_timestamp': '2022-12-26',
 'rental_url': 'https://sz.lianjia.com/zufang/SZ1704362610146672640.html'}
2022-12-26T00:52:49 [rent_spider.py:116] DEBUG: area info[
        67.40㎡
        ]
2022-12-26T00:52:49 [rent_spider.py:152] DEBUG: lighting info[南        ]
2022-12-26T00:52:49 [rent_spider.py:121] DEBUG: room info[
          2室2厅1卫        ]
2022-12-26T00:52:49 [scraper.py:289] DEBUG: Scraped from <200 https://sz.lianjia.com/zufang/c2411062673763/>
{'rental_area': '67.40',
 'rental_bathrooms': '1',
 'rental_business_area': '大鹏半岛',
 'rental_city': '深圳',
 'rental_community': '海语山林',
 'rental_community_url': 'https://sz.lianjia.com/zufang/c2411062673763/',
 'rental_lighting': '南',
 'rental_liverooms': '2',
 'rental_name': '整租·海语山林 2室2厅 南',
 'rental_price': '2700',
 'rental_region': '大鹏新区',
 'rental_rooms': '2',
 'rental_timestamp': '2022-12-26',
 'rental_url': 'https://sz.lianjia.com/zufang/SZ1712350443620794368.html'}
2022-12-26T00:52:49 [rent_spider.py:116] DEBUG: area info[
        77.95㎡
        ]
2022-12-26T00:52:49 [rent_spider.py:152] DEBUG: lighting info[南        ]
2022-12-26T00:52:49 [rent_spider.py:121] DEBUG: room info[
          3室2厅1卫        ]
2022-12-26T00:52:49 [scraper.py:289] DEBUG: Scraped from <200 https://sz.lianjia.com/zufang/c2411062673763/>
{'rental_area': '77.95',
 'rental_bathrooms': '1',
 'rental_business_area': '大鹏半岛',
 'rental_city': '深圳',
 'rental_community': '海语山林',
 'rental_community_url': 'https://sz.lianjia.com/zufang/c2411062673763/',
 'rental_lighting': '南',
 'rental_liverooms': '2',
 'rental_name': '整租·海语山林 3室2厅 南',
 'rental_price': '3000',
 'rental_region': '大鹏新区',
 'rental_rooms': '3',
 'rental_timestamp': '2022-12-26',
 'rental_url': 'https://sz.lianjia.com/zufang/SZ1683767120715841536.html'}
2022-12-26T00:52:49 [rent_spider.py:116] DEBUG: area info[
        89.00㎡
        ]
2022-12-26T00:52:49 [rent_spider.py:152] DEBUG: lighting info[南        ]
2022-12-26T00:52:49 [rent_spider.py:121] DEBUG: room info[
          3室2厅2卫        ]
2022-12-26T00:52:49 [scraper.py:289] DEBUG: Scraped from <200 https://sz.lianjia.com/zufang/c2411062673763/>
{'rental_area': '89.00',
 'rental_bathrooms': '2',
 'rental_business_area': '大鹏半岛',
 'rental_city': '深圳',
 'rental_community': '海语山林',
 'rental_community_url': 'https://sz.lianjia.com/zufang/c2411062673763/',
 'rental_lighting': '南',
 'rental_liverooms': '2',
 'rental_name': '整租·海语山林 3室2厅 南',
 'rental_price': '3300',
 'rental_region': '大鹏新区',
 'rental_rooms': '3',
 'rental_timestamp': '2022-12-26',
 'rental_url': 'https://sz.lianjia.com/zufang/SZ1702888690562367488.html'}
2022-12-26T00:52:49 [rent_spider.py:116] DEBUG: area info[
        86.00㎡
        ]
2022-12-26T00:52:49 [rent_spider.py:152] DEBUG: lighting info[南        ]
2022-12-26T00:52:49 [rent_spider.py:121] DEBUG: room info[
          3室2厅2卫        ]
2022-12-26T00:52:49 [scraper.py:289] DEBUG: Scraped from <200 https://sz.lianjia.com/zufang/c2411062673763/>
{'rental_area': '86.00',
 'rental_bathrooms': '2',
 'rental_business_area': '大鹏半岛',
 'rental_city': '深圳',
 'rental_community': '海语山林',
 'rental_community_url': 'https://sz.lianjia.com/zufang/c2411062673763/',
 'rental_lighting': '南',
 'rental_liverooms': '2',
 'rental_name': '整租·海语山林 3室2厅 南',
 'rental_price': '4000',
 'rental_region': '大鹏新区',
 'rental_rooms': '3',
 'rental_timestamp': '2022-12-26',
 'rental_url': 'https://sz.lianjia.com/zufang/SZ1684058629751177216.html'}
2022-12-26T00:52:49 [rent_spider.py:116] DEBUG: area info[
        79.00㎡
        ]
2022-12-26T00:52:49 [rent_spider.py:152] DEBUG: lighting info[南        ]
2022-12-26T00:52:49 [rent_spider.py:121] DEBUG: room info[
          3室2厅2卫        ]
2022-12-26T00:52:49 [scraper.py:289] DEBUG: Scraped from <200 https://sz.lianjia.com/zufang/c2411062673763/>
{'rental_area': '79.00',
 'rental_bathrooms': '2',
 'rental_business_area': '大鹏半岛',
 'rental_city': '深圳',
 'rental_community': '海语山林',
 'rental_community_url': 'https://sz.lianjia.com/zufang/c2411062673763/',
 'rental_lighting': '南',
 'rental_liverooms': '2',
 'rental_name': '整租·海语山林 3室2厅 跃层 南',
 'rental_price': '3300',
 'rental_region': '大鹏新区',
 'rental_rooms': '3',
 'rental_timestamp': '2022-12-26',
 'rental_url': 'https://sz.lianjia.com/zufang/SZ1654074791860109312.html'}
2022-12-26T00:52:49 [rent_spider.py:116] DEBUG: area info[
        89.00㎡
        ]
2022-12-26T00:52:49 [rent_spider.py:152] DEBUG: lighting info[南        ]
2022-12-26T00:52:49 [rent_spider.py:121] DEBUG: room info[
          3室2厅2卫        ]
2022-12-26T00:52:49 [scraper.py:289] DEBUG: Scraped from <200 https://sz.lianjia.com/zufang/c2411062673763/>
{'rental_area': '89.00',
 'rental_bathrooms': '2',
 'rental_business_area': '大鹏半岛',
 'rental_city': '深圳',
 'rental_community': '海语山林',
 'rental_community_url': 'https://sz.lianjia.com/zufang/c2411062673763/',
 'rental_lighting': '南',
 'rental_liverooms': '2',
 'rental_name': '整租·海语山林 3室2厅 南',
 'rental_price': '3500',
 'rental_region': '大鹏新区',
 'rental_rooms': '3',
 'rental_timestamp': '2022-12-26',
 'rental_url': 'https://sz.lianjia.com/zufang/SZ1695022005083963392.html'}
2022-12-26T00:52:49 [rent_spider.py:116] DEBUG: area info[
        68.00㎡
        ]
2022-12-26T00:52:49 [rent_spider.py:152] DEBUG: lighting info[东南        ]
2022-12-26T00:52:49 [rent_spider.py:121] DEBUG: room info[
          2室2厅1卫        ]
2022-12-26T00:52:49 [scraper.py:289] DEBUG: Scraped from <200 https://sz.lianjia.com/zufang/c2411062673763/>
{'rental_area': '68.00',
 'rental_bathrooms': '1',
 'rental_business_area': '大鹏半岛',
 'rental_city': '深圳',
 'rental_community': '海语山林',
 'rental_community_url': 'https://sz.lianjia.com/zufang/c2411062673763/',
 'rental_lighting': '东南',
 'rental_liverooms': '2',
 'rental_name': '整租·海语山林 2室2厅 东南',
 'rental_price': '2500',
 'rental_region': '大鹏新区',
 'rental_rooms': '2',
 'rental_timestamp': '2022-12-26',
 'rental_url': 'https://sz.lianjia.com/zufang/SZ1607740735061229568.html'}
2022-12-26T00:52:49 [rent_spider.py:116] DEBUG: area info[
        86.00㎡
        ]
2022-12-26T00:52:49 [rent_spider.py:152] DEBUG: lighting info[南        ]
2022-12-26T00:52:49 [rent_spider.py:121] DEBUG: room info[
          3室2厅2卫        ]
2022-12-26T00:52:49 [scraper.py:289] DEBUG: Scraped from <200 https://sz.lianjia.com/zufang/c2411062673763/>
{'rental_area': '86.00',
 'rental_bathrooms': '2',
 'rental_business_area': '大鹏半岛',
 'rental_city': '深圳',
 'rental_community': '海语山林',
 'rental_community_url': 'https://sz.lianjia.com/zufang/c2411062673763/',
 'rental_lighting': '南',
 'rental_liverooms': '2',
 'rental_name': '整租·海语山林 3室2厅 南',
 'rental_price': '3500',
 'rental_region': '大鹏新区',
 'rental_rooms': '3',
 'rental_timestamp': '2022-12-26',
 'rental_url': 'https://sz.lianjia.com/zufang/SZ1674726989430259712.html'}
2022-12-26T00:52:49 [rent_spider.py:116] DEBUG: area info[
        87.00㎡
        ]
2022-12-26T00:52:49 [rent_spider.py:152] DEBUG: lighting info[南        ]
2022-12-26T00:52:49 [rent_spider.py:121] DEBUG: room info[
          3室2厅2卫        ]
2022-12-26T00:52:49 [scraper.py:289] DEBUG: Scraped from <200 https://sz.lianjia.com/zufang/c2411062673763/>
{'rental_area': '87.00',
 'rental_bathrooms': '2',
 'rental_business_area': '大鹏半岛',
 'rental_city': '深圳',
 'rental_community': '海语山林',
 'rental_community_url': 'https://sz.lianjia.com/zufang/c2411062673763/',
 'rental_lighting': '南',
 'rental_liverooms': '2',
 'rental_name': '整租·海语山林 3室2厅 南',
 'rental_price': '3500',
 'rental_region': '大鹏新区',
 'rental_rooms': '3',
 'rental_timestamp': '2022-12-26',
 'rental_url': 'https://sz.lianjia.com/zufang/SZ1645000530637881344.html'}
2022-12-26T00:52:49 [rent_spider.py:116] DEBUG: area info[
        86.00㎡
        ]
2022-12-26T00:52:49 [rent_spider.py:152] DEBUG: lighting info[东        ]
2022-12-26T00:52:49 [rent_spider.py:121] DEBUG: room info[
          3室2厅2卫        ]
2022-12-26T00:52:49 [scraper.py:289] DEBUG: Scraped from <200 https://sz.lianjia.com/zufang/c2411062673763/>
{'rental_area': '86.00',
 'rental_bathrooms': '2',
 'rental_business_area': '大鹏半岛',
 'rental_city': '深圳',
 'rental_community': '海语山林',
 'rental_community_url': 'https://sz.lianjia.com/zufang/c2411062673763/',
 'rental_lighting': '东',
 'rental_liverooms': '2',
 'rental_name': '整租·海语山林 3室2厅 东',
 'rental_price': '3500',
 'rental_region': '大鹏新区',
 'rental_rooms': '3',
 'rental_timestamp': '2022-12-26',
 'rental_url': 'https://sz.lianjia.com/zufang/SZ2832567377102127104.html'}
2022-12-26T00:52:49 [rent_spider.py:116] DEBUG: area info[
        89.00㎡
        ]
2022-12-26T00:52:49 [rent_spider.py:152] DEBUG: lighting info[南        ]
2022-12-26T00:52:49 [rent_spider.py:121] DEBUG: room info[
          3室2厅2卫        ]
2022-12-26T00:52:49 [scraper.py:289] DEBUG: Scraped from <200 https://sz.lianjia.com/zufang/c2411062673763/>
{'rental_area': '89.00',
 'rental_bathrooms': '2',
 'rental_business_area': '大鹏半岛',
 'rental_city': '深圳',
 'rental_community': '海语山林',
 'rental_community_url': 'https://sz.lianjia.com/zufang/c2411062673763/',
 'rental_lighting': '南',
 'rental_liverooms': '2',
 'rental_name': '整租·海语山林 3室2厅 南',
 'rental_price': '3800',
 'rental_region': '大鹏新区',
 'rental_rooms': '3',
 'rental_timestamp': '2022-12-26',
 'rental_url': 'https://sz.lianjia.com/zufang/SZ1635286794146676736.html'}
2022-12-26T00:52:49 [rent_spider.py:116] DEBUG: area info[
        87.16㎡
        ]
2022-12-26T00:52:49 [rent_spider.py:152] DEBUG: lighting info[东南        ]
2022-12-26T00:52:49 [rent_spider.py:121] DEBUG: room info[
          3室2厅2卫        ]
2022-12-26T00:52:49 [scraper.py:289] DEBUG: Scraped from <200 https://sz.lianjia.com/zufang/c2411062673763/>
{'rental_area': '87.16',
 'rental_bathrooms': '2',
 'rental_business_area': '大鹏半岛',
 'rental_city': '深圳',
 'rental_community': '海语山林',
 'rental_community_url': 'https://sz.lianjia.com/zufang/c2411062673763/',
 'rental_lighting': '东南',
 'rental_liverooms': '2',
 'rental_name': '整租·海语山林 3室2厅 东南',
 'rental_price': '3500',
 'rental_region': '大鹏新区',
 'rental_rooms': '3',
 'rental_timestamp': '2022-12-26',
 'rental_url': 'https://sz.lianjia.com/zufang/SZ1580917908383465472.html'}
2022-12-26T00:52:49 [rent_spider.py:116] DEBUG: area info[
        89.00㎡
        ]
2022-12-26T00:52:49 [rent_spider.py:152] DEBUG: lighting info[南        ]
2022-12-26T00:52:49 [rent_spider.py:121] DEBUG: room info[
          3室2厅2卫        ]
2022-12-26T00:52:49 [scraper.py:289] DEBUG: Scraped from <200 https://sz.lianjia.com/zufang/c2411062673763/>
{'rental_area': '89.00',
 'rental_bathrooms': '2',
 'rental_business_area': '大鹏半岛',
 'rental_city': '深圳',
 'rental_community': '海语山林',
 'rental_community_url': 'https://sz.lianjia.com/zufang/c2411062673763/',
 'rental_lighting': '南',
 'rental_liverooms': '2',
 'rental_name': '整租·海语山林 3室2厅 南',
 'rental_price': '3200',
 'rental_region': '大鹏新区',
 'rental_rooms': '3',
 'rental_timestamp': '2022-12-26',
 'rental_url': 'https://sz.lianjia.com/zufang/SZ2822328304823181312.html'}
2022-12-26T00:52:49 [rent_spider.py:116] DEBUG: area info[
        87.00㎡
        ]
2022-12-26T00:52:49 [rent_spider.py:152] DEBUG: lighting info[东北        ]
2022-12-26T00:52:49 [rent_spider.py:121] DEBUG: room info[
          3室2厅2卫        ]
2022-12-26T00:52:49 [scraper.py:289] DEBUG: Scraped from <200 https://sz.lianjia.com/zufang/c2411062673763/>
{'rental_area': '87.00',
 'rental_bathrooms': '2',
 'rental_business_area': '大鹏半岛',
 'rental_city': '深圳',
 'rental_community': '海语山林',
 'rental_community_url': 'https://sz.lianjia.com/zufang/c2411062673763/',
 'rental_lighting': '东北',
 'rental_liverooms': '2',
 'rental_name': '整租·海语山林 3室2厅 东北',
 'rental_price': '3000',
 'rental_region': '大鹏新区',
 'rental_rooms': '3',
 'rental_timestamp': '2022-12-26',
 'rental_url': 'https://sz.lianjia.com/zufang/SZ1584466776782012416.html'}
2022-12-26T00:52:49 [rent_spider.py:116] DEBUG: area info[
        88.00㎡
        ]
2022-12-26T00:52:49 [rent_spider.py:152] DEBUG: lighting info[南        ]
2022-12-26T00:52:49 [rent_spider.py:121] DEBUG: room info[
          3室2厅2卫        ]
2022-12-26T00:52:49 [scraper.py:289] DEBUG: Scraped from <200 https://sz.lianjia.com/zufang/c2411062673763/>
{'rental_area': '88.00',
 'rental_bathrooms': '2',
 'rental_business_area': '大鹏半岛',
 'rental_city': '深圳',
 'rental_community': '海语山林',
 'rental_community_url': 'https://sz.lianjia.com/zufang/c2411062673763/',
 'rental_lighting': '南',
 'rental_liverooms': '2',
 'rental_name': '整租·海语山林 3室2厅 南',
 'rental_price': '3500',
 'rental_region': '大鹏新区',
 'rental_rooms': '3',
 'rental_timestamp': '2022-12-26',
 'rental_url': 'https://sz.lianjia.com/zufang/SZ1715318449036591104.html'}
2022-12-26T00:52:49 [rent_spider.py:116] DEBUG: area info[
        141.00㎡
        ]
2022-12-26T00:52:49 [rent_spider.py:152] DEBUG: lighting info[东南        ]
2022-12-26T00:52:49 [rent_spider.py:121] DEBUG: room info[
          4室2厅2卫        ]
2022-12-26T00:52:49 [scraper.py:289] DEBUG: Scraped from <200 https://sz.lianjia.com/zufang/c2411062673763/>
{'rental_area': '141.00',
 'rental_bathrooms': '2',
 'rental_business_area': '大鹏半岛',
 'rental_city': '深圳',
 'rental_community': '海语山林',
 'rental_community_url': 'https://sz.lianjia.com/zufang/c2411062673763/',
 'rental_lighting': '东南',
 'rental_liverooms': '2',
 'rental_name': '整租·海语山林 4室2厅 东南',
 'rental_price': '4500',
 'rental_region': '大鹏新区',
 'rental_rooms': '4',
 'rental_timestamp': '2022-12-26',
 'rental_url': 'https://sz.lianjia.com/zufang/SZ1668833338854473728.html'}
2022-12-26T00:52:49 [rent_spider.py:240] DEBUG: Update sql[update community
                    set community_accessbit=1
                    where community_rent_url='https://sz.lianjia.com/zufang/c2411062673763/';
                    ]
2022-12-26T00:52:49 [rent_spider.py:245] INFO: Finished crawling all rentals in community 海语山林[https://sz.lianjia.com/zufang/c2411062673763/] in 深圳.
2022-12-26T00:52:58 [engine.py:295] DEBUG: Crawled (200) <GET https://sz.lianjia.com/zufang/c2411063571812/> (referer: None)
2022-12-26T00:52:58 [rent_spider.py:51] INFO: Crawling rent info in community 华侨海景山庄[https://sz.lianjia.com/zufang/c2413011503558991/] in 深圳
2022-12-26T00:52:58 [rent_spider.py:70] DEBUG: Number of houses available on rent[21]
2022-12-26T00:52:58 [rent_spider.py:116] DEBUG: area info[
        87.00㎡
        ]
2022-12-26T00:52:58 [rent_spider.py:152] DEBUG: lighting info[南        ]
2022-12-26T00:52:58 [rent_spider.py:121] DEBUG: room info[
          3室2厅2卫        ]
2022-12-26T00:52:58 [scraper.py:289] DEBUG: Scraped from <200 https://sz.lianjia.com/zufang/c2411063571812/>
{'rental_area': '87.00',
 'rental_bathrooms': '2',
 'rental_business_area': '大鹏半岛',
 'rental_city': '深圳',
 'rental_community': '金众云山栖',
 'rental_community_url': 'https://sz.lianjia.com/zufang/c2411063571812/',
 'rental_lighting': '南',
 'rental_liverooms': '2',
 'rental_name': '整租·金众云山栖 3室2厅 南',
 'rental_price': '3500',
 'rental_region': '大鹏新区',
 'rental_rooms': '3',
 'rental_timestamp': '2022-12-26',
 'rental_url': 'https://sz.lianjia.com/zufang/SZ1675349668965384192.html'}
2022-12-26T00:52:58 [rent_spider.py:116] DEBUG: area info[
        191.00㎡
        ]
2022-12-26T00:52:58 [rent_spider.py:152] DEBUG: lighting info[南        ]
2022-12-26T00:52:58 [rent_spider.py:121] DEBUG: room info[
          5室2厅4卫        ]
2022-12-26T00:52:58 [scraper.py:289] DEBUG: Scraped from <200 https://sz.lianjia.com/zufang/c2411063571812/>
{'rental_area': '191.00',
 'rental_bathrooms': '4',
 'rental_business_area': '大鹏半岛',
 'rental_city': '深圳',
 'rental_community': '金众云山栖',
 'rental_community_url': 'https://sz.lianjia.com/zufang/c2411063571812/',
 'rental_lighting': '南',
 'rental_liverooms': '2',
 'rental_name': '整租·金众云山栖 5室2厅 南',
 'rental_price': '9000',
 'rental_region': '大鹏新区',
 'rental_rooms': '5',
 'rental_timestamp': '2022-12-26',
 'rental_url': 'https://sz.lianjia.com/zufang/SZ1717045062627491840.html'}
2022-12-26T00:52:58 [rent_spider.py:116] DEBUG: area info[
        82.58㎡
        ]
2022-12-26T00:52:58 [rent_spider.py:152] DEBUG: lighting info[南        ]
2022-12-26T00:52:58 [rent_spider.py:121] DEBUG: room info[
          3室2厅1卫        ]
2022-12-26T00:52:58 [scraper.py:289] DEBUG: Scraped from <200 https://sz.lianjia.com/zufang/c2411063571812/>
{'rental_area': '82.58',
 'rental_bathrooms': '1',
 'rental_business_area': '大鹏半岛',
 'rental_city': '深圳',
 'rental_community': '金众云山栖',
 'rental_community_url': 'https://sz.lianjia.com/zufang/c2411063571812/',
 'rental_lighting': '南',
 'rental_liverooms': '2',
 'rental_name': '整租·金众云山栖 3室2厅 南',
 'rental_price': '3000',
 'rental_region': '大鹏新区',
 'rental_rooms': '3',
 'rental_timestamp': '2022-12-26',
 'rental_url': 'https://sz.lianjia.com/zufang/SZ1709913028541022208.html'}
2022-12-26T00:52:58 [rent_spider.py:116] DEBUG: area info[
        82.00㎡
        ]
2022-12-26T00:52:58 [rent_spider.py:152] DEBUG: lighting info[南        ]
2022-12-26T00:52:58 [rent_spider.py:121] DEBUG: room info[
          3室2厅1卫        ]
2022-12-26T00:52:58 [scraper.py:289] DEBUG: Scraped from <200 https://sz.lianjia.com/zufang/c2411063571812/>
{'rental_area': '82.00',
 'rental_bathrooms': '1',
 'rental_business_area': '大鹏半岛',
 'rental_city': '深圳',
 'rental_community': '金众云山栖',
 'rental_community_url': 'https://sz.lianjia.com/zufang/c2411063571812/',
 'rental_lighting': '南',
 'rental_liverooms': '2',
 'rental_name': '整租·金众云山栖 3室2厅 南',
 'rental_price': '3000',
 'rental_region': '大鹏新区',
 'rental_rooms': '3',
 'rental_timestamp': '2022-12-26',
 'rental_url': 'https://sz.lianjia.com/zufang/SZ1704452549534285824.html'}
2022-12-26T00:52:58 [rent_spider.py:116] DEBUG: area info[
        89.00㎡
        ]
2022-12-26T00:52:58 [rent_spider.py:152] DEBUG: lighting info[南        ]
2022-12-26T00:52:58 [rent_spider.py:121] DEBUG: room info[
          4室2厅2卫        ]
2022-12-26T00:52:58 [scraper.py:289] DEBUG: Scraped from <200 https://sz.lianjia.com/zufang/c2411063571812/>
{'rental_area': '89.00',
 'rental_bathrooms': '2',
 'rental_business_area': '大鹏半岛',
 'rental_city': '深圳',
 'rental_community': '金众云山栖',
 'rental_community_url': 'https://sz.lianjia.com/zufang/c2411063571812/',
 'rental_lighting': '南',
 'rental_liverooms': '2',
 'rental_name': '整租·金众云山栖 4室2厅 南',
 'rental_price': '4000',
 'rental_region': '大鹏新区',
 'rental_rooms': '4',
 'rental_timestamp': '2022-12-26',
 'rental_url': 'https://sz.lianjia.com/zufang/SZ1663133436560277504.html'}
2022-12-26T00:52:58 [rent_spider.py:116] DEBUG: area info[
        87.41㎡
        ]
2022-12-26T00:52:58 [rent_spider.py:152] DEBUG: lighting info[北        ]
2022-12-26T00:52:58 [rent_spider.py:121] DEBUG: room info[
          4室2厅2卫        ]
2022-12-26T00:52:58 [scraper.py:289] DEBUG: Scraped from <200 https://sz.lianjia.com/zufang/c2411063571812/>
{'rental_area': '87.41',
 'rental_bathrooms': '2',
 'rental_business_area': '大鹏半岛',
 'rental_city': '深圳',
 'rental_community': '金众云山栖',
 'rental_community_url': 'https://sz.lianjia.com/zufang/c2411063571812/',
 'rental_lighting': '北',
 'rental_liverooms': '2',
 'rental_name': '整租·金众云山栖 4室2厅 北',
 'rental_price': '3700',
 'rental_region': '大鹏新区',
 'rental_rooms': '4',
 'rental_timestamp': '2022-12-26',
 'rental_url': 'https://sz.lianjia.com/zufang/SZ1680581119122079744.html'}
2022-12-26T00:52:58 [rent_spider.py:116] DEBUG: area info[
        73.00㎡
        ]
2022-12-26T00:52:58 [rent_spider.py:152] DEBUG: lighting info[西南        ]
2022-12-26T00:52:58 [rent_spider.py:121] DEBUG: room info[
          3室2厅1卫        ]
2022-12-26T00:52:58 [scraper.py:289] DEBUG: Scraped from <200 https://sz.lianjia.com/zufang/c2411063571812/>
{'rental_area': '73.00',
 'rental_bathrooms': '1',
 'rental_business_area': '大鹏半岛',
 'rental_city': '深圳',
 'rental_community': '金众云山栖',
 'rental_community_url': 'https://sz.lianjia.com/zufang/c2411063571812/',
 'rental_lighting': '西南',
 'rental_liverooms': '2',
 'rental_name': '整租·金众云山栖 3室2厅 西南',
 'rental_price': '3000',
 'rental_region': '大鹏新区',
 'rental_rooms': '3',
 'rental_timestamp': '2022-12-26',
 'rental_url': 'https://sz.lianjia.com/zufang/SZ1680811260494479360.html'}
2022-12-26T00:52:58 [rent_spider.py:116] DEBUG: area info[
        62.00㎡
        ]
2022-12-26T00:52:58 [rent_spider.py:152] DEBUG: lighting info[西南        ]
2022-12-26T00:52:58 [rent_spider.py:121] DEBUG: room info[
          2室2厅1卫        ]
2022-12-26T00:52:58 [scraper.py:289] DEBUG: Scraped from <200 https://sz.lianjia.com/zufang/c2411063571812/>
{'rental_area': '62.00',
 'rental_bathrooms': '1',
 'rental_business_area': '大鹏半岛',
 'rental_city': '深圳',
 'rental_community': '金众云山栖',
 'rental_community_url': 'https://sz.lianjia.com/zufang/c2411063571812/',
 'rental_lighting': '西南',
 'rental_liverooms': '2',
 'rental_name': '整租·金众云山栖 2室2厅 西南',
 'rental_price': '3200',
 'rental_region': '大鹏新区',
 'rental_rooms': '2',
 'rental_timestamp': '2022-12-26',
 'rental_url': 'https://sz.lianjia.com/zufang/SZ1669566735851716608.html'}
2022-12-26T00:52:58 [rent_spider.py:116] DEBUG: area info[
        65.00㎡
        ]
2022-12-26T00:52:58 [rent_spider.py:152] DEBUG: lighting info[西        ]
2022-12-26T00:52:58 [rent_spider.py:121] DEBUG: room info[
          2室2厅1卫        ]
2022-12-26T00:52:58 [scraper.py:289] DEBUG: Scraped from <200 https://sz.lianjia.com/zufang/c2411063571812/>
{'rental_area': '65.00',
 'rental_bathrooms': '1',
 'rental_business_area': '大鹏半岛',
 'rental_city': '深圳',
 'rental_community': '金众云山栖',
 'rental_community_url': 'https://sz.lianjia.com/zufang/c2411063571812/',
 'rental_lighting': '西',
 'rental_liverooms': '2',
 'rental_name': '整租·金众云山栖 2室2厅 西',
 'rental_price': '3500',
 'rental_region': '大鹏新区',
 'rental_rooms': '2',
 'rental_timestamp': '2022-12-26',
 'rental_url': 'https://sz.lianjia.com/zufang/SZ1633786097131585536.html'}
2022-12-26T00:52:58 [rent_spider.py:116] DEBUG: area info[
        190.95㎡
        ]
2022-12-26T00:52:58 [rent_spider.py:152] DEBUG: lighting info[南        ]
2022-12-26T00:52:58 [rent_spider.py:121] DEBUG: room info[
          5室2厅3卫        ]
2022-12-26T00:52:58 [scraper.py:289] DEBUG: Scraped from <200 https://sz.lianjia.com/zufang/c2411063571812/>
{'rental_area': '190.95',
 'rental_bathrooms': '3',
 'rental_business_area': '大鹏半岛',
 'rental_city': '深圳',
 'rental_community': '金众云山栖',
 'rental_community_url': 'https://sz.lianjia.com/zufang/c2411063571812/',
 'rental_lighting': '南',
 'rental_liverooms': '2',
 'rental_name': '整租·金众云山栖 5室2厅 复式 南',
 'rental_price': '12000',
 'rental_region': '大鹏新区',
 'rental_rooms': '5',
 'rental_timestamp': '2022-12-26',
 'rental_url': 'https://sz.lianjia.com/zufang/SZ2750708891821555712.html'}
2022-12-26T00:52:58 [rent_spider.py:116] DEBUG: area info[
        73.35㎡
        ]
2022-12-26T00:52:58 [rent_spider.py:152] DEBUG: lighting info[南        ]
2022-12-26T00:52:58 [rent_spider.py:121] DEBUG: room info[
          3室2厅1卫        ]
2022-12-26T00:52:58 [scraper.py:289] DEBUG: Scraped from <200 https://sz.lianjia.com/zufang/c2411063571812/>
{'rental_area': '73.35',
 'rental_bathrooms': '1',
 'rental_business_area': '大鹏半岛',
 'rental_city': '深圳',
 'rental_community': '金众云山栖',
 'rental_community_url': 'https://sz.lianjia.com/zufang/c2411063571812/',
 'rental_lighting': '南',
 'rental_liverooms': '2',
 'rental_name': '整租·金众云山栖 3室2厅 南',
 'rental_price': '3800',
 'rental_region': '大鹏新区',
 'rental_rooms': '3',
 'rental_timestamp': '2022-12-26',
 'rental_url': 'https://sz.lianjia.com/zufang/SZ2808506354140971008.html'}
2022-12-26T00:52:58 [rent_spider.py:116] DEBUG: area info[
        87.16㎡
        ]
2022-12-26T00:52:58 [rent_spider.py:152] DEBUG: lighting info[北        ]
2022-12-26T00:52:58 [rent_spider.py:121] DEBUG: room info[
          4室2厅2卫        ]
2022-12-26T00:52:58 [scraper.py:289] DEBUG: Scraped from <200 https://sz.lianjia.com/zufang/c2411063571812/>
{'rental_area': '87.16',
 'rental_bathrooms': '2',
 'rental_business_area': '大鹏半岛',
 'rental_city': '深圳',
 'rental_community': '金众云山栖',
 'rental_community_url': 'https://sz.lianjia.com/zufang/c2411063571812/',
 'rental_lighting': '北',
 'rental_liverooms': '2',
 'rental_name': '整租·金众云山栖 4室2厅 北',
 'rental_price': '5000',
 'rental_region': '大鹏新区',
 'rental_rooms': '4',
 'rental_timestamp': '2022-12-26',
 'rental_url': 'https://sz.lianjia.com/zufang/SZ1575441442015281152.html'}
2022-12-26T00:52:58 [rent_spider.py:116] DEBUG: area info[
        83.00㎡
        ]
2022-12-26T00:52:58 [rent_spider.py:152] DEBUG: lighting info[南        ]
2022-12-26T00:52:58 [rent_spider.py:121] DEBUG: room info[
          3室2厅2卫        ]
2022-12-26T00:52:58 [scraper.py:289] DEBUG: Scraped from <200 https://sz.lianjia.com/zufang/c2411063571812/>
{'rental_area': '83.00',
 'rental_bathrooms': '2',
 'rental_business_area': '大鹏半岛',
 'rental_city': '深圳',
 'rental_community': '金众云山栖',
 'rental_community_url': 'https://sz.lianjia.com/zufang/c2411063571812/',
 'rental_lighting': '南',
 'rental_liverooms': '2',
 'rental_name': '整租·金众云山栖 3室2厅 南',
 'rental_price': '3500',
 'rental_region': '大鹏新区',
 'rental_rooms': '3',
 'rental_timestamp': '2022-12-26',
 'rental_url': 'https://sz.lianjia.com/zufang/SZ1612021496736120832.html'}
2022-12-26T00:52:58 [rent_spider.py:116] DEBUG: area info[
        190.00㎡
        ]
2022-12-26T00:52:58 [rent_spider.py:152] DEBUG: lighting info[南        ]
2022-12-26T00:52:58 [rent_spider.py:121] DEBUG: room info[
          5室1厅2卫        ]
2022-12-26T00:52:58 [scraper.py:289] DEBUG: Scraped from <200 https://sz.lianjia.com/zufang/c2411063571812/>
{'rental_area': '190.00',
 'rental_bathrooms': '2',
 'rental_business_area': '大鹏半岛',
 'rental_city': '深圳',
 'rental_community': '金众云山栖',
 'rental_community_url': 'https://sz.lianjia.com/zufang/c2411063571812/',
 'rental_lighting': '南',
 'rental_liverooms': '1',
 'rental_name': '整租·金众云山栖 5室1厅 跃层 南',
 'rental_price': '12000',
 'rental_region': '大鹏新区',
 'rental_rooms': '5',
 'rental_timestamp': '2022-12-26',
 'rental_url': 'https://sz.lianjia.com/zufang/SZ2851246418495012864.html'}
2022-12-26T00:52:58 [rent_spider.py:116] DEBUG: area info[
        83.00㎡
        ]
2022-12-26T00:52:58 [rent_spider.py:152] DEBUG: lighting info[南        ]
2022-12-26T00:52:58 [rent_spider.py:121] DEBUG: room info[
          3室2厅1卫        ]
2022-12-26T00:52:58 [scraper.py:289] DEBUG: Scraped from <200 https://sz.lianjia.com/zufang/c2411063571812/>
{'rental_area': '83.00',
 'rental_bathrooms': '1',
 'rental_business_area': '大鹏半岛',
 'rental_city': '深圳',
 'rental_community': '金众云山栖',
 'rental_community_url': 'https://sz.lianjia.com/zufang/c2411063571812/',
 'rental_lighting': '南',
 'rental_liverooms': '2',
 'rental_name': '整租·金众云山栖 3室2厅 南',
 'rental_price': '2800',
 'rental_region': '大鹏新区',
 'rental_rooms': '3',
 'rental_timestamp': '2022-12-26',
 'rental_url': 'https://sz.lianjia.com/zufang/SZ1691695477851947008.html'}
2022-12-26T00:52:58 [rent_spider.py:116] DEBUG: area info[
        87.00㎡
        ]
2022-12-26T00:52:58 [rent_spider.py:152] DEBUG: lighting info[南        ]
2022-12-26T00:52:58 [rent_spider.py:121] DEBUG: room info[
          3室2厅2卫        ]
2022-12-26T00:52:58 [scraper.py:289] DEBUG: Scraped from <200 https://sz.lianjia.com/zufang/c2411063571812/>
{'rental_area': '87.00',
 'rental_bathrooms': '2',
 'rental_business_area': '大鹏半岛',
 'rental_city': '深圳',
 'rental_community': '金众云山栖',
 'rental_community_url': 'https://sz.lianjia.com/zufang/c2411063571812/',
 'rental_lighting': '南',
 'rental_liverooms': '2',
 'rental_name': '整租·金众云山栖 3室2厅 南',
 'rental_price': '3000',
 'rental_region': '大鹏新区',
 'rental_rooms': '3',
 'rental_timestamp': '2022-12-26',
 'rental_url': 'https://sz.lianjia.com/zufang/SZ2808485524229062656.html'}
2022-12-26T00:52:58 [rent_spider.py:116] DEBUG: area info[
        61.77㎡
        ]
2022-12-26T00:52:58 [rent_spider.py:152] DEBUG: lighting info[南        ]
2022-12-26T00:52:58 [rent_spider.py:121] DEBUG: room info[
          2室2厅1卫        ]
2022-12-26T00:52:58 [scraper.py:289] DEBUG: Scraped from <200 https://sz.lianjia.com/zufang/c2411063571812/>
{'rental_area': '61.77',
 'rental_bathrooms': '1',
 'rental_business_area': '大鹏半岛',
 'rental_city': '深圳',
 'rental_community': '金众云山栖',
 'rental_community_url': 'https://sz.lianjia.com/zufang/c2411063571812/',
 'rental_lighting': '南',
 'rental_liverooms': '2',
 'rental_name': '整租·金众云山栖 2室2厅 南',
 'rental_price': '2500',
 'rental_region': '大鹏新区',
 'rental_rooms': '2',
 'rental_timestamp': '2022-12-26',
 'rental_url': 'https://sz.lianjia.com/zufang/SZ1705069032178188288.html'}
2022-12-26T00:52:58 [rent_spider.py:116] DEBUG: area info[
        87.14㎡
        ]
2022-12-26T00:52:58 [rent_spider.py:152] DEBUG: lighting info[南        ]
2022-12-26T00:52:58 [rent_spider.py:121] DEBUG: room info[
          3室2厅2卫        ]
2022-12-26T00:52:58 [scraper.py:289] DEBUG: Scraped from <200 https://sz.lianjia.com/zufang/c2411063571812/>
{'rental_area': '87.14',
 'rental_bathrooms': '2',
 'rental_business_area': '大鹏半岛',
 'rental_city': '深圳',
 'rental_community': '金众云山栖',
 'rental_community_url': 'https://sz.lianjia.com/zufang/c2411063571812/',
 'rental_lighting': '南',
 'rental_liverooms': '2',
 'rental_name': '整租·金众云山栖 3室2厅 南',
 'rental_price': '3000',
 'rental_region': '大鹏新区',
 'rental_rooms': '3',
 'rental_timestamp': '2022-12-26',
 'rental_url': 'https://sz.lianjia.com/zufang/SZ1678719921506222080.html'}
2022-12-26T00:52:58 [rent_spider.py:116] DEBUG: area info[
        82.58㎡
        ]
2022-12-26T00:52:58 [rent_spider.py:152] DEBUG: lighting info[西南        ]
2022-12-26T00:52:58 [rent_spider.py:121] DEBUG: room info[
          3室2厅1卫        ]
2022-12-26T00:52:58 [scraper.py:289] DEBUG: Scraped from <200 https://sz.lianjia.com/zufang/c2411063571812/>
{'rental_area': '82.58',
 'rental_bathrooms': '1',
 'rental_business_area': '大鹏半岛',
 'rental_city': '深圳',
 'rental_community': '金众云山栖',
 'rental_community_url': 'https://sz.lianjia.com/zufang/c2411063571812/',
 'rental_lighting': '西南',
 'rental_liverooms': '2',
 'rental_name': '整租·金众云山栖 3室2厅 西南',
 'rental_price': '3300',
 'rental_region': '大鹏新区',
 'rental_rooms': '3',
 'rental_timestamp': '2022-12-26',
 'rental_url': 'https://sz.lianjia.com/zufang/SZ1712324243183632384.html'}
2022-12-26T00:52:58 [rent_spider.py:116] DEBUG: area info[
        144.00㎡
        ]
2022-12-26T00:52:58 [rent_spider.py:152] DEBUG: lighting info[南        ]
2022-12-26T00:52:58 [rent_spider.py:121] DEBUG: room info[
          4室2厅1卫        ]
2022-12-26T00:52:58 [scraper.py:289] DEBUG: Scraped from <200 https://sz.lianjia.com/zufang/c2411063571812/>
{'rental_area': '144.00',
 'rental_bathrooms': '1',
 'rental_business_area': '大鹏半岛',
 'rental_city': '深圳',
 'rental_community': '金众云山栖',
 'rental_community_url': 'https://sz.lianjia.com/zufang/c2411063571812/',
 'rental_lighting': '南',
 'rental_liverooms': '2',
 'rental_name': '整租·金众云山栖 4室2厅 南',
 'rental_price': '5800',
 'rental_region': '大鹏新区',
 'rental_rooms': '4',
 'rental_timestamp': '2022-12-26',
 'rental_url': 'https://sz.lianjia.com/zufang/SZ1663824626754519040.html'}
2022-12-26T00:52:58 [rent_spider.py:116] DEBUG: area info[
        65.00㎡
        ]
2022-12-26T00:52:58 [rent_spider.py:152] DEBUG: lighting info[东南        ]
2022-12-26T00:52:58 [rent_spider.py:121] DEBUG: room info[
          3室2厅1卫        ]
2022-12-26T00:52:58 [scraper.py:289] DEBUG: Scraped from <200 https://sz.lianjia.com/zufang/c2411063571812/>
{'rental_area': '65.00',
 'rental_bathrooms': '1',
 'rental_business_area': '大鹏半岛',
 'rental_city': '深圳',
 'rental_community': '金众云山栖',
 'rental_community_url': 'https://sz.lianjia.com/zufang/c2411063571812/',
 'rental_lighting': '东南',
 'rental_liverooms': '2',
 'rental_name': '整租·金众云山栖 3室2厅 东南',
 'rental_price': '3300',
 'rental_region': '大鹏新区',
 'rental_rooms': '3',
 'rental_timestamp': '2022-12-26',
 'rental_url': 'https://sz.lianjia.com/zufang/SZ1678626987284889600.html'}
2022-12-26T00:52:58 [rent_spider.py:240] DEBUG: Update sql[update community
                    set community_accessbit=1
                    where community_rent_url='https://sz.lianjia.com/zufang/c2411063571812/';
                    ]
2022-12-26T00:52:58 [rent_spider.py:245] INFO: Finished crawling all rentals in community 金众云山栖[https://sz.lianjia.com/zufang/c2411063571812/] in 深圳.
2022-12-26T00:53:07 [engine.py:295] DEBUG: Crawled (200) <GET https://sz.lianjia.com/zufang/c2411062676027/> (referer: None)
2022-12-26T00:53:07 [rent_spider.py:51] INFO: Crawling rent info in community 保利24季[https://sz.lianjia.com/zufang/c2420031597964923/] in 深圳
2022-12-26T00:53:07 [rent_spider.py:70] DEBUG: Number of houses available on rent[1]
2022-12-26T00:53:07 [rent_spider.py:116] DEBUG: area info[
        89.00㎡
        ]
2022-12-26T00:53:07 [rent_spider.py:152] DEBUG: lighting info[西南        ]
2022-12-26T00:53:07 [rent_spider.py:121] DEBUG: room info[
          3室2厅1卫        ]
2022-12-26T00:53:07 [scraper.py:289] DEBUG: Scraped from <200 https://sz.lianjia.com/zufang/c2411062676027/>
{'rental_area': '89.00',
 'rental_bathrooms': '1',
 'rental_business_area': '大鹏半岛',
 'rental_city': '深圳',
 'rental_community': '鑫园广场',
 'rental_community_url': 'https://sz.lianjia.com/zufang/c2411062676027/',
 'rental_lighting': '西南',
 'rental_liverooms': '2',
 'rental_name': '整租·鑫园广场 3室2厅 西南',
 'rental_price': '3200',
 'rental_region': '大鹏新区',
 'rental_rooms': '3',
 'rental_timestamp': '2022-12-26',
 'rental_url': 'https://sz.lianjia.com/zufang/SZ1696114006365831168.html'}
2022-12-26T00:53:07 [rent_spider.py:152] DEBUG: lighting info[南山区]
2022-12-26T00:53:07 [rent_spider.py:152] DEBUG: lighting info[西丽]
2022-12-26T00:53:07 [rent_spider.py:116] DEBUG: area info[
        32.68㎡
        ]
2022-12-26T00:53:07 [rent_spider.py:152] DEBUG: lighting info[南        ]
2022-12-26T00:53:07 [rent_spider.py:121] DEBUG: room info[
          1室0厅1卫        ]
2022-12-26T00:53:07 [scraper.py:289] DEBUG: Scraped from <200 https://sz.lianjia.com/zufang/c2411062676027/>
{'rental_area': '32.68',
 'rental_bathrooms': '1',
 'rental_business_area': '西丽',
 'rental_city': '深圳',
 'rental_community': '雅丽阁',
 'rental_community_url': 'https://sz.lianjia.com/zufang/c2411062676027/',
 'rental_lighting': '南',
 'rental_liverooms': '0',
 'rental_name': '整租·雅丽阁 1室0厅 南',
 'rental_price': '2680',
 'rental_region': '南山区',
 'rental_rooms': '1',
 'rental_timestamp': '2022-12-26',
 'rental_url': 'https://sz.lianjia.com/zufang/SZ1691367917699989504.html'}
2022-12-26T00:53:07 [rent_spider.py:152] DEBUG: lighting info[京基东方都会]
2022-12-26T00:53:07 [rent_spider.py:116] DEBUG: area info[
        26.00㎡
        ]
2022-12-26T00:53:07 [rent_spider.py:152] DEBUG: lighting info[西南        ]
2022-12-26T00:53:07 [rent_spider.py:121] DEBUG: room info[
          1室0厅1卫        ]
2022-12-26T00:53:07 [scraper.py:289] DEBUG: Scraped from <200 https://sz.lianjia.com/zufang/c2411062676027/>
{'rental_area': '26.00',
 'rental_bathrooms': '1',
 'rental_business_area': '新秀',
 'rental_city': '深圳',
 'rental_community': '京基东方都会',
 'rental_community_url': 'https://sz.lianjia.com/zufang/c2411062676027/',
 'rental_lighting': '西南',
 'rental_liverooms': '0',
 'rental_name': '整租·京基东方都会 1室0厅 西南',
 'rental_price': '2500',
 'rental_region': '罗湖区',
 'rental_rooms': '1',
 'rental_timestamp': '2022-12-26',
 'rental_url': 'https://sz.lianjia.com/zufang/SZ1699814322424774656.html'}
2022-12-26T00:53:07 [rent_spider.py:116] DEBUG: area info[
        60.00㎡
        ]
2022-12-26T00:53:07 [rent_spider.py:152] DEBUG: lighting info[东北        ]
2022-12-26T00:53:07 [rent_spider.py:121] DEBUG: room info[
          2室1厅1卫        ]
2022-12-26T00:53:07 [scraper.py:289] DEBUG: Scraped from <200 https://sz.lianjia.com/zufang/c2411062676027/>
{'rental_area': '60.00',
 'rental_bathrooms': '1',
 'rental_business_area': '龙华中心',
 'rental_city': '深圳',
 'rental_community': '青年城邦园',
 'rental_community_url': 'https://sz.lianjia.com/zufang/c2411062676027/',
 'rental_lighting': '东北',
 'rental_liverooms': '1',
 'rental_name': '整租·青年城邦园 2室1厅 东北',
 'rental_price': '4500',
 'rental_region': '龙华区',
 'rental_rooms': '2',
 'rental_timestamp': '2022-12-26',
 'rental_url': 'https://sz.lianjia.com/zufang/SZ1699310568382398464.html'}
2022-12-26T00:53:07 [rent_spider.py:116] DEBUG: area info[
        35.81㎡
        ]
2022-12-26T00:53:07 [rent_spider.py:152] DEBUG: lighting info[南        ]
2022-12-26T00:53:07 [rent_spider.py:121] DEBUG: room info[
          1室0厅1卫        ]
2022-12-26T00:53:07 [scraper.py:289] DEBUG: Scraped from <200 https://sz.lianjia.com/zufang/c2411062676027/>
{'rental_area': '35.81',
 'rental_bathrooms': '1',
 'rental_business_area': '上下沙',
 'rental_city': '深圳',
 'rental_community': '中洲湾-中洲滨海商业中心',
 'rental_community_url': 'https://sz.lianjia.com/zufang/c2411062676027/',
 'rental_lighting': '南',
 'rental_liverooms': '0',
 'rental_name': '整租·中洲湾-中洲滨海商业中心 1室0厅 南',
 'rental_price': '4300',
 'rental_region': '福田区',
 'rental_rooms': '1',
 'rental_timestamp': '2022-12-26',
 'rental_url': 'https://sz.lianjia.com/zufang/SZ1700364821234450432.html'}
2022-12-26T00:53:07 [rent_spider.py:152] DEBUG: lighting info[南山区]
2022-12-26T00:53:07 [rent_spider.py:116] DEBUG: area info[
        21.28㎡
        ]
2022-12-26T00:53:07 [rent_spider.py:152] DEBUG: lighting info[南        ]
2022-12-26T00:53:07 [rent_spider.py:121] DEBUG: room info[
          1室1厅1卫        ]
2022-12-26T00:53:07 [scraper.py:289] DEBUG: Scraped from <200 https://sz.lianjia.com/zufang/c2411062676027/>
{'rental_area': '21.28',
 'rental_bathrooms': '1',
 'rental_business_area': '华侨城',
 'rental_city': '深圳',
 'rental_community': '高发公寓',
 'rental_community_url': 'https://sz.lianjia.com/zufang/c2411062676027/',
 'rental_lighting': '南',
 'rental_liverooms': '1',
 'rental_name': '整租·高发公寓 1室1厅 南',
 'rental_price': '2800',
 'rental_region': '南山区',
 'rental_rooms': '1',
 'rental_timestamp': '2022-12-26',
 'rental_url': 'https://sz.lianjia.com/zufang/SZ1702669277741449216.html'}
2022-12-26T00:53:07 [rent_spider.py:116] DEBUG: area info[
        106.07㎡
        ]
2022-12-26T00:53:07 [rent_spider.py:152] DEBUG: lighting info[南        ]
2022-12-26T00:53:07 [rent_spider.py:121] DEBUG: room info[
          3室2厅2卫        ]
2022-12-26T00:53:07 [scraper.py:289] DEBUG: Scraped from <200 https://sz.lianjia.com/zufang/c2411062676027/>
{'rental_area': '106.07',
 'rental_bathrooms': '2',
 'rental_business_area': '坂田',
 'rental_city': '深圳',
 'rental_community': '珠江旭景佳园',
 'rental_community_url': 'https://sz.lianjia.com/zufang/c2411062676027/',
 'rental_lighting': '南',
 'rental_liverooms': '2',
 'rental_name': '整租·珠江旭景佳园 3室2厅 南',
 'rental_price': '5600',
 'rental_region': '龙岗区',
 'rental_rooms': '3',
 'rental_timestamp': '2022-12-26',
 'rental_url': 'https://sz.lianjia.com/zufang/SZ1685200087149445120.html'}
2022-12-26T00:53:07 [rent_spider.py:116] DEBUG: area info[
        48.00㎡
        ]
2022-12-26T00:53:07 [rent_spider.py:152] DEBUG: lighting info[东南        ]
2022-12-26T00:53:07 [rent_spider.py:121] DEBUG: room info[
          2室1厅2卫        ]
2022-12-26T00:53:07 [scraper.py:289] DEBUG: Scraped from <200 https://sz.lianjia.com/zufang/c2411062676027/>
{'rental_area': '48.00',
 'rental_bathrooms': '2',
 'rental_business_area': '公明',
 'rental_city': '深圳',
 'rental_community': '中粮云景广场',
 'rental_community_url': 'https://sz.lianjia.com/zufang/c2411062676027/',
 'rental_lighting': '东南',
 'rental_liverooms': '1',
 'rental_name': '整租·中粮云景广场 2室1厅 东南',
 'rental_price': '2800',
 'rental_region': '光明区',
 'rental_rooms': '2',
 'rental_timestamp': '2022-12-26',
 'rental_url': 'https://sz.lianjia.com/zufang/SZ1697911088479207424.html'}
2022-12-26T00:53:07 [rent_spider.py:116] DEBUG: area info[
        50.00㎡
        ]
2022-12-26T00:53:07 [rent_spider.py:152] DEBUG: lighting info[南        ]
2022-12-26T00:53:07 [rent_spider.py:121] DEBUG: room info[
          2室1厅1卫        ]
2022-12-26T00:53:07 [scraper.py:289] DEBUG: Scraped from <200 https://sz.lianjia.com/zufang/c2411062676027/>
{'rental_area': '50.00',
 'rental_bathrooms': '1',
 'rental_business_area': '布吉关',
 'rental_city': '深圳',
 'rental_community': '国展苑',
 'rental_community_url': 'https://sz.lianjia.com/zufang/c2411062676027/',
 'rental_lighting': '南',
 'rental_liverooms': '1',
 'rental_name': '整租·国展苑 2室1厅 南',
 'rental_price': '2900',
 'rental_region': '龙岗区',
 'rental_rooms': '2',
 'rental_timestamp': '2022-12-26',
 'rental_url': 'https://sz.lianjia.com/zufang/SZ1709415975582957568.html'}
2022-12-26T00:53:07 [rent_spider.py:240] DEBUG: Update sql[update community
                    set community_accessbit=1
                    where community_rent_url='https://sz.lianjia.com/zufang/c2411062676027/';
                    ]
2022-12-26T00:53:07 [rent_spider.py:245] INFO: Finished crawling all rentals in community 国展苑[https://sz.lianjia.com/zufang/c2411062676027/] in 深圳.
2022-12-26T00:53:14 [engine.py:295] DEBUG: Crawled (200) <GET https://sz.lianjia.com/zufang/c2411062839125/> (referer: None)
2022-12-26T00:53:14 [rent_spider.py:51] INFO: Crawling rent info in community 招商东岸[https://sz.lianjia.com/zufang/c24000000002265/] in 深圳
2022-12-26T00:53:14 [rent_spider.py:70] DEBUG: Number of houses available on rent[14]
2022-12-26T00:53:14 [rent_spider.py:116] DEBUG: area info[
        36.00㎡
        ]
2022-12-26T00:53:14 [rent_spider.py:152] DEBUG: lighting info[东南        ]
2022-12-26T00:53:14 [rent_spider.py:121] DEBUG: room info[
          1室1厅1卫        ]
2022-12-26T00:53:14 [scraper.py:289] DEBUG: Scraped from <200 https://sz.lianjia.com/zufang/c2411062839125/>
{'rental_area': '36.00',
 'rental_bathrooms': '1',
 'rental_business_area': '大鹏半岛',
 'rental_city': '深圳',
 'rental_community': '承翰半山海',
 'rental_community_url': 'https://sz.lianjia.com/zufang/c2411062839125/',
 'rental_lighting': '东南',
 'rental_liverooms': '1',
 'rental_name': '整租·承翰半山海 1室1厅 东南',
 'rental_price': '2000',
 'rental_region': '大鹏新区',
 'rental_rooms': '1',
 'rental_timestamp': '2022-12-26',
 'rental_url': 'https://sz.lianjia.com/zufang/SZ1707689026141552640.html'}
2022-12-26T00:53:14 [rent_spider.py:116] DEBUG: area info[
        36.35㎡
        ]
2022-12-26T00:53:14 [rent_spider.py:152] DEBUG: lighting info[东        ]
2022-12-26T00:53:14 [rent_spider.py:121] DEBUG: room info[
          1室1厅1卫        ]
2022-12-26T00:53:14 [scraper.py:289] DEBUG: Scraped from <200 https://sz.lianjia.com/zufang/c2411062839125/>
{'rental_area': '36.35',
 'rental_bathrooms': '1',
 'rental_business_area': '大鹏半岛',
 'rental_city': '深圳',
 'rental_community': '承翰半山海',
 'rental_community_url': 'https://sz.lianjia.com/zufang/c2411062839125/',
 'rental_lighting': '东',
 'rental_liverooms': '1',
 'rental_name': '整租·承翰半山海 1室1厅 东',
 'rental_price': '1800',
 'rental_region': '大鹏新区',
 'rental_rooms': '1',
 'rental_timestamp': '2022-12-26',
 'rental_url': 'https://sz.lianjia.com/zufang/SZ1714492017465098240.html'}
2022-12-26T00:53:14 [rent_spider.py:116] DEBUG: area info[
        37.00㎡
        ]
2022-12-26T00:53:14 [rent_spider.py:152] DEBUG: lighting info[东南        ]
2022-12-26T00:53:14 [rent_spider.py:121] DEBUG: room info[
          1室1厅1卫        ]
2022-12-26T00:53:14 [scraper.py:289] DEBUG: Scraped from <200 https://sz.lianjia.com/zufang/c2411062839125/>
{'rental_area': '37.00',
 'rental_bathrooms': '1',
 'rental_business_area': '大鹏半岛',
 'rental_city': '深圳',
 'rental_community': '承翰半山海',
 'rental_community_url': 'https://sz.lianjia.com/zufang/c2411062839125/',
 'rental_lighting': '东南',
 'rental_liverooms': '1',
 'rental_name': '整租·承翰半山海 1室1厅 东南',
 'rental_price': '2000',
 'rental_region': '大鹏新区',
 'rental_rooms': '1',
 'rental_timestamp': '2022-12-26',
 'rental_url': 'https://sz.lianjia.com/zufang/SZ1692401120506281984.html'}
2022-12-26T00:53:14 [rent_spider.py:116] DEBUG: area info[
        63.00㎡
        ]
2022-12-26T00:53:14 [rent_spider.py:152] DEBUG: lighting info[西北        ]
2022-12-26T00:53:14 [rent_spider.py:121] DEBUG: room info[
          2室2厅1卫        ]
2022-12-26T00:53:14 [scraper.py:289] DEBUG: Scraped from <200 https://sz.lianjia.com/zufang/c2411062839125/>
{'rental_area': '63.00',
 'rental_bathrooms': '1',
 'rental_business_area': '大鹏半岛',
 'rental_city': '深圳',
 'rental_community': '承翰半山海',
 'rental_community_url': 'https://sz.lianjia.com/zufang/c2411062839125/',
 'rental_lighting': '西北',
 'rental_liverooms': '2',
 'rental_name': '整租·承翰半山海 2室2厅 西北',
 'rental_price': '2500',
 'rental_region': '大鹏新区',
 'rental_rooms': '2',
 'rental_timestamp': '2022-12-26',
 'rental_url': 'https://sz.lianjia.com/zufang/SZ1569877313275822080.html'}
2022-12-26T00:53:14 [rent_spider.py:116] DEBUG: area info[
        79.00㎡
        ]
2022-12-26T00:53:14 [rent_spider.py:152] DEBUG: lighting info[南        ]
2022-12-26T00:53:14 [rent_spider.py:121] DEBUG: room info[
          3室2厅2卫        ]
2022-12-26T00:53:14 [scraper.py:289] DEBUG: Scraped from <200 https://sz.lianjia.com/zufang/c2411062839125/>
{'rental_area': '79.00',
 'rental_bathrooms': '2',
 'rental_business_area': '大鹏半岛',
 'rental_city': '深圳',
 'rental_community': '承翰半山海',
 'rental_community_url': 'https://sz.lianjia.com/zufang/c2411062839125/',
 'rental_lighting': '南',
 'rental_liverooms': '2',
 'rental_name': '整租·承翰半山海 3室2厅 南',
 'rental_price': '5000',
 'rental_region': '大鹏新区',
 'rental_rooms': '3',
 'rental_timestamp': '2022-12-26',
 'rental_url': 'https://sz.lianjia.com/zufang/SZ2777502361223446528.html'}
2022-12-26T00:53:14 [rent_spider.py:116] DEBUG: area info[
        37.00㎡
        ]
2022-12-26T00:53:14 [rent_spider.py:152] DEBUG: lighting info[东南        ]
2022-12-26T00:53:14 [rent_spider.py:121] DEBUG: room info[
          1室1厅1卫        ]
2022-12-26T00:53:14 [scraper.py:289] DEBUG: Scraped from <200 https://sz.lianjia.com/zufang/c2411062839125/>
{'rental_area': '37.00',
 'rental_bathrooms': '1',
 'rental_business_area': '大鹏半岛',
 'rental_city': '深圳',
 'rental_community': '承翰半山海',
 'rental_community_url': 'https://sz.lianjia.com/zufang/c2411062839125/',
 'rental_lighting': '东南',
 'rental_liverooms': '1',
 'rental_name': '整租·承翰半山海 1室1厅 东南',
 'rental_price': '1900',
 'rental_region': '大鹏新区',
 'rental_rooms': '1',
 'rental_timestamp': '2022-12-26',
 'rental_url': 'https://sz.lianjia.com/zufang/SZ2830550455770152960.html'}
2022-12-26T00:53:14 [rent_spider.py:116] DEBUG: area info[
        150.43㎡
        ]
2022-12-26T00:53:14 [rent_spider.py:152] DEBUG: lighting info[西南        ]
2022-12-26T00:53:14 [rent_spider.py:121] DEBUG: room info[
          5室1厅3卫        ]
2022-12-26T00:53:14 [scraper.py:289] DEBUG: Scraped from <200 https://sz.lianjia.com/zufang/c2411062839125/>
{'rental_area': '150.43',
 'rental_bathrooms': '3',
 'rental_business_area': '大鹏半岛',
 'rental_city': '深圳',
 'rental_community': '承翰半山海',
 'rental_community_url': 'https://sz.lianjia.com/zufang/c2411062839125/',
 'rental_lighting': '西南',
 'rental_liverooms': '1',
 'rental_name': '整租·承翰半山海 5室1厅 复式 西南',
 'rental_price': '65000',
 'rental_region': '大鹏新区',
 'rental_rooms': '5',
 'rental_timestamp': '2022-12-26',
 'rental_url': 'https://sz.lianjia.com/zufang/SZ2867447968947519488.html'}
2022-12-26T00:53:14 [rent_spider.py:116] DEBUG: area info[
        36.34㎡
        ]
2022-12-26T00:53:14 [rent_spider.py:152] DEBUG: lighting info[南        ]
2022-12-26T00:53:14 [rent_spider.py:121] DEBUG: room info[
          1室1厅1卫        ]
2022-12-26T00:53:14 [scraper.py:289] DEBUG: Scraped from <200 https://sz.lianjia.com/zufang/c2411062839125/>
{'rental_area': '36.34',
 'rental_bathrooms': '1',
 'rental_business_area': '大鹏半岛',
 'rental_city': '深圳',
 'rental_community': '承翰半山海',
 'rental_community_url': 'https://sz.lianjia.com/zufang/c2411062839125/',
 'rental_lighting': '南',
 'rental_liverooms': '1',
 'rental_name': '整租·承翰半山海 1室1厅 南',
 'rental_price': '2000',
 'rental_region': '大鹏新区',
 'rental_rooms': '1',
 'rental_timestamp': '2022-12-26',
 'rental_url': 'https://sz.lianjia.com/zufang/SZ1693562944526221312.html'}
2022-12-26T00:53:14 [rent_spider.py:116] DEBUG: area info[
        149.18㎡
        ]
2022-12-26T00:53:14 [rent_spider.py:152] DEBUG: lighting info[南 北        ]
2022-12-26T00:53:14 [rent_spider.py:121] DEBUG: room info[
          5室3厅5卫        ]
2022-12-26T00:53:14 [scraper.py:289] DEBUG: Scraped from <200 https://sz.lianjia.com/zufang/c2411062839125/>
{'rental_area': '149.18',
 'rental_bathrooms': '5',
 'rental_business_area': '大鹏半岛',
 'rental_city': '深圳',
 'rental_community': '承翰半山海',
 'rental_community_url': 'https://sz.lianjia.com/zufang/c2411062839125/',
 'rental_lighting': '南 北',
 'rental_liverooms': '3',
 'rental_name': '整租·承翰半山海 5室3厅 复式 南/北',
 'rental_price': '38000',
 'rental_region': '大鹏新区',
 'rental_rooms': '5',
 'rental_timestamp': '2022-12-26',
 'rental_url': 'https://sz.lianjia.com/zufang/SZ2818852855681916928.html'}
2022-12-26T00:53:14 [rent_spider.py:116] DEBUG: area info[
        64.31㎡
        ]
2022-12-26T00:53:14 [rent_spider.py:152] DEBUG: lighting info[南 北        ]
2022-12-26T00:53:14 [rent_spider.py:121] DEBUG: room info[
          2室1厅1卫        ]
2022-12-26T00:53:14 [scraper.py:289] DEBUG: Scraped from <200 https://sz.lianjia.com/zufang/c2411062839125/>
{'rental_area': '64.31',
 'rental_bathrooms': '1',
 'rental_business_area': '大鹏半岛',
 'rental_city': '深圳',
 'rental_community': '承翰半山海',
 'rental_community_url': 'https://sz.lianjia.com/zufang/c2411062839125/',
 'rental_lighting': '南 北',
 'rental_liverooms': '1',
 'rental_name': '整租·承翰半山海 2室1厅 南/北',
 'rental_price': '3200',
 'rental_region': '大鹏新区',
 'rental_rooms': '2',
 'rental_timestamp': '2022-12-26',
 'rental_url': 'https://sz.lianjia.com/zufang/SZ1622954280417755136.html'}
2022-12-26T00:53:14 [rent_spider.py:116] DEBUG: area info[
        77.00㎡
        ]
2022-12-26T00:53:14 [rent_spider.py:152] DEBUG: lighting info[南        ]
2022-12-26T00:53:14 [rent_spider.py:121] DEBUG: room info[
          3室2厅2卫        ]
2022-12-26T00:53:14 [scraper.py:289] DEBUG: Scraped from <200 https://sz.lianjia.com/zufang/c2411062839125/>
{'rental_area': '77.00',
 'rental_bathrooms': '2',
 'rental_business_area': '大鹏半岛',
 'rental_city': '深圳',
 'rental_community': '承翰半山海',
 'rental_community_url': 'https://sz.lianjia.com/zufang/c2411062839125/',
 'rental_lighting': '南',
 'rental_liverooms': '2',
 'rental_name': '整租·承翰半山海 3室2厅 复式 南',
 'rental_price': '4000',
 'rental_region': '大鹏新区',
 'rental_rooms': '3',
 'rental_timestamp': '2022-12-26',
 'rental_url': 'https://sz.lianjia.com/zufang/SZ1659127393618493440.html'}
2022-12-26T00:53:14 [rent_spider.py:116] DEBUG: area info[
        78.00㎡
        ]
2022-12-26T00:53:14 [rent_spider.py:152] DEBUG: lighting info[北        ]
2022-12-26T00:53:14 [rent_spider.py:121] DEBUG: room info[
          3室2厅1卫        ]
2022-12-26T00:53:14 [scraper.py:289] DEBUG: Scraped from <200 https://sz.lianjia.com/zufang/c2411062839125/>
{'rental_area': '78.00',
 'rental_bathrooms': '1',
 'rental_business_area': '大鹏半岛',
 'rental_city': '深圳',
 'rental_community': '承翰半山海',
 'rental_community_url': 'https://sz.lianjia.com/zufang/c2411062839125/',
 'rental_lighting': '北',
 'rental_liverooms': '2',
 'rental_name': '整租·承翰半山海 3室2厅 北',
 'rental_price': '2500',
 'rental_region': '大鹏新区',
 'rental_rooms': '3',
 'rental_timestamp': '2022-12-26',
 'rental_url': 'https://sz.lianjia.com/zufang/SZ1685958870880485376.html'}
2022-12-26T00:53:14 [rent_spider.py:116] DEBUG: area info[
        36.00㎡
        ]
2022-12-26T00:53:14 [rent_spider.py:152] DEBUG: lighting info[南        ]
2022-12-26T00:53:14 [rent_spider.py:121] DEBUG: room info[
          1室1厅1卫        ]
2022-12-26T00:53:14 [scraper.py:289] DEBUG: Scraped from <200 https://sz.lianjia.com/zufang/c2411062839125/>
{'rental_area': '36.00',
 'rental_bathrooms': '1',
 'rental_business_area': '大鹏半岛',
 'rental_city': '深圳',
 'rental_community': '承翰半山海',
 'rental_community_url': 'https://sz.lianjia.com/zufang/c2411062839125/',
 'rental_lighting': '南',
 'rental_liverooms': '1',
 'rental_name': '整租·承翰半山海 1室1厅 南',
 'rental_price': '1800',
 'rental_region': '大鹏新区',
 'rental_rooms': '1',
 'rental_timestamp': '2022-12-26',
 'rental_url': 'https://sz.lianjia.com/zufang/SZ1683833933466173440.html'}
2022-12-26T00:53:14 [rent_spider.py:116] DEBUG: area info[
        36.00㎡
        ]
2022-12-26T00:53:14 [rent_spider.py:152] DEBUG: lighting info[西北        ]
2022-12-26T00:53:14 [rent_spider.py:121] DEBUG: room info[
          1室1厅1卫        ]
2022-12-26T00:53:14 [scraper.py:289] DEBUG: Scraped from <200 https://sz.lianjia.com/zufang/c2411062839125/>
{'rental_area': '36.00',
 'rental_bathrooms': '1',
 'rental_business_area': '大鹏半岛',
 'rental_city': '深圳',
 'rental_community': '承翰半山海',
 'rental_community_url': 'https://sz.lianjia.com/zufang/c2411062839125/',
 'rental_lighting': '西北',
 'rental_liverooms': '1',
 'rental_name': '整租·承翰半山海 1室1厅 西北',
 'rental_price': '2000',
 'rental_region': '大鹏新区',
 'rental_rooms': '1',
 'rental_timestamp': '2022-12-26',
 'rental_url': 'https://sz.lianjia.com/zufang/SZ1709132573189341184.html'}
2022-12-26T00:53:14 [rent_spider.py:240] DEBUG: Update sql[update community
                    set community_accessbit=1
                    where community_rent_url='https://sz.lianjia.com/zufang/c2411062839125/';
                    ]
2022-12-26T00:53:14 [rent_spider.py:245] INFO: Finished crawling all rentals in community 承翰半山海[https://sz.lianjia.com/zufang/c2411062839125/] in 深圳.
2022-12-26T00:53:23 [engine.py:295] DEBUG: Crawled (200) <GET https://sz.lianjia.com/zufang/c2411062743221/> (referer: None)
2022-12-26T00:53:23 [rent_spider.py:51] INFO: Crawling rent info in community 东方枫景苑[https://wf.lianjia.com/zufang/c8761128478339054/] in 潍坊
2022-12-26T00:53:23 [rent_spider.py:70] DEBUG: Number of houses available on rent[1]
2022-12-26T00:53:23 [rent_spider.py:116] DEBUG: area info[
        93.00㎡
        ]
2022-12-26T00:53:23 [rent_spider.py:152] DEBUG: lighting info[南        ]
2022-12-26T00:53:23 [rent_spider.py:121] DEBUG: room info[
          3室2厅1卫        ]
2022-12-26T00:53:23 [scraper.py:289] DEBUG: Scraped from <200 https://sz.lianjia.com/zufang/c2411062743221/>
{'rental_area': '93.00',
 'rental_bathrooms': '1',
 'rental_business_area': '大鹏半岛',
 'rental_city': '深圳',
 'rental_community': '风球山花园',
 'rental_community_url': 'https://sz.lianjia.com/zufang/c2411062743221/',
 'rental_lighting': '南',
 'rental_liverooms': '2',
 'rental_name': '整租·风球山花园 3室2厅 南',
 'rental_price': '3500',
 'rental_region': '大鹏新区',
 'rental_rooms': '3',
 'rental_timestamp': '2022-12-26',
 'rental_url': 'https://sz.lianjia.com/zufang/SZ2857949879333306368.html'}
2022-12-26T00:53:23 [rent_spider.py:152] DEBUG: lighting info[南山区]
2022-12-26T00:53:23 [rent_spider.py:152] DEBUG: lighting info[西丽]
2022-12-26T00:53:23 [rent_spider.py:116] DEBUG: area info[
        32.68㎡
        ]
2022-12-26T00:53:23 [rent_spider.py:152] DEBUG: lighting info[南        ]
2022-12-26T00:53:23 [rent_spider.py:121] DEBUG: room info[
          1室0厅1卫        ]
2022-12-26T00:53:23 [pipelines.py:375] INFO: The rental 整租·雅丽阁 1室0厅 南 is already in table rental.
2022-12-26T00:53:23 [scraper.py:289] DEBUG: Scraped from <200 https://sz.lianjia.com/zufang/c2411062743221/>
None
2022-12-26T00:53:23 [rent_spider.py:152] DEBUG: lighting info[京基东方都会]
2022-12-26T00:53:23 [rent_spider.py:116] DEBUG: area info[
        26.00㎡
        ]
2022-12-26T00:53:23 [rent_spider.py:152] DEBUG: lighting info[西南        ]
2022-12-26T00:53:23 [rent_spider.py:121] DEBUG: room info[
          1室0厅1卫        ]
2022-12-26T00:53:23 [pipelines.py:375] INFO: The rental 整租·京基东方都会 1室0厅 西南 is already in table rental.
2022-12-26T00:53:23 [scraper.py:289] DEBUG: Scraped from <200 https://sz.lianjia.com/zufang/c2411062743221/>
None
2022-12-26T00:53:23 [rent_spider.py:116] DEBUG: area info[
        60.00㎡
        ]
2022-12-26T00:53:23 [rent_spider.py:152] DEBUG: lighting info[东北        ]
2022-12-26T00:53:23 [rent_spider.py:121] DEBUG: room info[
          2室1厅1卫        ]
2022-12-26T00:53:23 [pipelines.py:375] INFO: The rental 整租·青年城邦园 2室1厅 东北 is already in table rental.
2022-12-26T00:53:23 [scraper.py:289] DEBUG: Scraped from <200 https://sz.lianjia.com/zufang/c2411062743221/>
None
2022-12-26T00:53:23 [rent_spider.py:116] DEBUG: area info[
        35.81㎡
        ]
2022-12-26T00:53:23 [rent_spider.py:152] DEBUG: lighting info[南        ]
2022-12-26T00:53:23 [rent_spider.py:121] DEBUG: room info[
          1室0厅1卫        ]
2022-12-26T00:53:23 [pipelines.py:375] INFO: The rental 整租·中洲湾-中洲滨海商业中心 1室0厅 南 is already in table rental.
2022-12-26T00:53:23 [scraper.py:289] DEBUG: Scraped from <200 https://sz.lianjia.com/zufang/c2411062743221/>
None
2022-12-26T00:53:23 [rent_spider.py:152] DEBUG: lighting info[南山区]
2022-12-26T00:53:23 [rent_spider.py:116] DEBUG: area info[
        21.28㎡
        ]
2022-12-26T00:53:23 [rent_spider.py:152] DEBUG: lighting info[南        ]
2022-12-26T00:53:23 [rent_spider.py:121] DEBUG: room info[
          1室1厅1卫        ]
2022-12-26T00:53:23 [pipelines.py:375] INFO: The rental 整租·高发公寓 1室1厅 南 is already in table rental.
2022-12-26T00:53:23 [scraper.py:289] DEBUG: Scraped from <200 https://sz.lianjia.com/zufang/c2411062743221/>
None
2022-12-26T00:53:23 [rent_spider.py:116] DEBUG: area info[
        106.07㎡
        ]
2022-12-26T00:53:23 [rent_spider.py:152] DEBUG: lighting info[南        ]
2022-12-26T00:53:23 [rent_spider.py:121] DEBUG: room info[
          3室2厅2卫        ]
2022-12-26T00:53:23 [pipelines.py:375] INFO: The rental 整租·珠江旭景佳园 3室2厅 南 is already in table rental.
2022-12-26T00:53:23 [scraper.py:289] DEBUG: Scraped from <200 https://sz.lianjia.com/zufang/c2411062743221/>
None
2022-12-26T00:53:23 [rent_spider.py:116] DEBUG: area info[
        48.00㎡
        ]
2022-12-26T00:53:23 [rent_spider.py:152] DEBUG: lighting info[东南        ]
2022-12-26T00:53:23 [rent_spider.py:121] DEBUG: room info[
          2室1厅2卫        ]
2022-12-26T00:53:23 [pipelines.py:375] INFO: The rental 整租·中粮云景广场 2室1厅 东南 is already in table rental.
2022-12-26T00:53:23 [scraper.py:289] DEBUG: Scraped from <200 https://sz.lianjia.com/zufang/c2411062743221/>
None
2022-12-26T00:53:23 [rent_spider.py:116] DEBUG: area info[
        50.00㎡
        ]
2022-12-26T00:53:23 [rent_spider.py:152] DEBUG: lighting info[南        ]
2022-12-26T00:53:23 [rent_spider.py:121] DEBUG: room info[
          2室1厅1卫        ]
2022-12-26T00:53:23 [pipelines.py:375] INFO: The rental 整租·国展苑 2室1厅 南 is already in table rental.
2022-12-26T00:53:23 [scraper.py:289] DEBUG: Scraped from <200 https://sz.lianjia.com/zufang/c2411062743221/>
None
2022-12-26T00:53:23 [rent_spider.py:240] DEBUG: Update sql[update community
                    set community_accessbit=1
                    where community_rent_url='https://sz.lianjia.com/zufang/c2411062743221/';
                    ]
2022-12-26T00:53:23 [rent_spider.py:245] INFO: Finished crawling all rentals in community 国展苑[https://sz.lianjia.com/zufang/c2411062743221/] in 深圳.
2022-12-26T00:53:24 [engine.py:295] DEBUG: Crawled (200) <GET https://wf.lianjia.com/zufang/c8761128478339054/> (referer: None)
2022-12-26T00:53:24 [rent_spider.py:51] INFO: Crawling rent info in community 盛安家园[https://wf.lianjia.com/zufang/c8761128478337115/] in 潍坊
2022-12-26T00:53:24 [rent_spider.py:70] DEBUG: Number of houses available on rent[6]
2022-12-26T00:53:24 [rent_spider.py:152] DEBUG: lighting info[东方枫景苑]
2022-12-26T00:53:24 [rent_spider.py:116] DEBUG: area info[
        96.00㎡
        ]
2022-12-26T00:53:24 [rent_spider.py:152] DEBUG: lighting info[南 北        ]
2022-12-26T00:53:24 [rent_spider.py:121] DEBUG: room info[
          2室2厅1卫        ]
2022-12-26T00:53:24 [scraper.py:289] DEBUG: Scraped from <200 https://wf.lianjia.com/zufang/c8761128478339054/>
{'rental_area': '96.00',
 'rental_bathrooms': '1',
 'rental_business_area': '奥体中心',
 'rental_city': '潍坊',
 'rental_community': '东方枫景苑',
 'rental_community_url': 'https://wf.lianjia.com/zufang/c8761128478339054/',
 'rental_lighting': '南 北',
 'rental_liverooms': '2',
 'rental_name': '整租·东方枫景苑 2室2厅 南/北',
 'rental_price': '1100',
 'rental_region': '潍城区',
 'rental_rooms': '2',
 'rental_timestamp': '2022-12-26',
 'rental_url': 'https://wf.lianjia.com/zufang/WF1690930042160283648.html'}
2022-12-26T00:53:24 [rent_spider.py:152] DEBUG: lighting info[东方枫景苑]
2022-12-26T00:53:24 [rent_spider.py:116] DEBUG: area info[
        90.00㎡
        ]
2022-12-26T00:53:24 [rent_spider.py:152] DEBUG: lighting info[南 北        ]
2022-12-26T00:53:24 [rent_spider.py:121] DEBUG: room info[
          2室2厅1卫        ]
2022-12-26T00:53:24 [scraper.py:289] DEBUG: Scraped from <200 https://wf.lianjia.com/zufang/c8761128478339054/>
{'rental_area': '90.00',
 'rental_bathrooms': '1',
 'rental_business_area': '奥体中心',
 'rental_city': '潍坊',
 'rental_community': '东方枫景苑',
 'rental_community_url': 'https://wf.lianjia.com/zufang/c8761128478339054/',
 'rental_lighting': '南 北',
 'rental_liverooms': '2',
 'rental_name': '整租·东方枫景苑 2室2厅 南/北',
 'rental_price': '1200',
 'rental_region': '潍城区',
 'rental_rooms': '2',
 'rental_timestamp': '2022-12-26',
 'rental_url': 'https://wf.lianjia.com/zufang/WF2858716561194090496.html'}
2022-12-26T00:53:24 [rent_spider.py:152] DEBUG: lighting info[东方枫景苑]
2022-12-26T00:53:24 [rent_spider.py:116] DEBUG: area info[
        96.00㎡
        ]
2022-12-26T00:53:24 [rent_spider.py:152] DEBUG: lighting info[南 北        ]
2022-12-26T00:53:24 [rent_spider.py:121] DEBUG: room info[
          2室1厅1卫        ]
2022-12-26T00:53:24 [scraper.py:289] DEBUG: Scraped from <200 https://wf.lianjia.com/zufang/c8761128478339054/>
{'rental_area': '96.00',
 'rental_bathrooms': '1',
 'rental_business_area': '奥体中心',
 'rental_city': '潍坊',
 'rental_community': '东方枫景苑',
 'rental_community_url': 'https://wf.lianjia.com/zufang/c8761128478339054/',
 'rental_lighting': '南 北',
 'rental_liverooms': '1',
 'rental_name': '整租·东方枫景苑 2室1厅 南/北',
 'rental_price': '800',
 'rental_region': '潍城区',
 'rental_rooms': '2',
 'rental_timestamp': '2022-12-26',
 'rental_url': 'https://wf.lianjia.com/zufang/WF1694943234876243968.html'}
2022-12-26T00:53:24 [rent_spider.py:152] DEBUG: lighting info[东方枫景苑]
2022-12-26T00:53:24 [rent_spider.py:116] DEBUG: area info[
        83.00㎡
        ]
2022-12-26T00:53:24 [rent_spider.py:152] DEBUG: lighting info[南 北        ]
2022-12-26T00:53:24 [rent_spider.py:121] DEBUG: room info[
          2室2厅1卫        ]
2022-12-26T00:53:24 [scraper.py:289] DEBUG: Scraped from <200 https://wf.lianjia.com/zufang/c8761128478339054/>
{'rental_area': '83.00',
 'rental_bathrooms': '1',
 'rental_business_area': '奥体中心',
 'rental_city': '潍坊',
 'rental_community': '东方枫景苑',
 'rental_community_url': 'https://wf.lianjia.com/zufang/c8761128478339054/',
 'rental_lighting': '南 北',
 'rental_liverooms': '2',
 'rental_name': '整租·东方枫景苑 2室2厅 南/北',
 'rental_price': '1600',
 'rental_region': '潍城区',
 'rental_rooms': '2',
 'rental_timestamp': '2022-12-26',
 'rental_url': 'https://wf.lianjia.com/zufang/WF1705857607014547456.html'}
2022-12-26T00:53:24 [rent_spider.py:152] DEBUG: lighting info[东方枫景苑]
2022-12-26T00:53:24 [rent_spider.py:116] DEBUG: area info[
        90.00㎡
        ]
2022-12-26T00:53:24 [rent_spider.py:152] DEBUG: lighting info[南        ]
2022-12-26T00:53:24 [rent_spider.py:121] DEBUG: room info[
          2室2厅1卫        ]
2022-12-26T00:53:24 [scraper.py:289] DEBUG: Scraped from <200 https://wf.lianjia.com/zufang/c8761128478339054/>
{'rental_area': '90.00',
 'rental_bathrooms': '1',
 'rental_business_area': '奥体中心',
 'rental_city': '潍坊',
 'rental_community': '东方枫景苑',
 'rental_community_url': 'https://wf.lianjia.com/zufang/c8761128478339054/',
 'rental_lighting': '南',
 'rental_liverooms': '2',
 'rental_name': '整租·东方枫景苑 2室2厅 南',
 'rental_price': '700',
 'rental_region': '潍城区',
 'rental_rooms': '2',
 'rental_timestamp': '2022-12-26',
 'rental_url': 'https://wf.lianjia.com/zufang/WF1660865346283765760.html'}
2022-12-26T00:53:24 [rent_spider.py:152] DEBUG: lighting info[东方枫景苑]
2022-12-26T00:53:24 [rent_spider.py:116] DEBUG: area info[
        90.00㎡
        ]
2022-12-26T00:53:24 [rent_spider.py:152] DEBUG: lighting info[南 北        ]
2022-12-26T00:53:24 [rent_spider.py:121] DEBUG: room info[
          2室1厅1卫        ]
2022-12-26T00:53:24 [scraper.py:289] DEBUG: Scraped from <200 https://wf.lianjia.com/zufang/c8761128478339054/>
{'rental_area': '90.00',
 'rental_bathrooms': '1',
 'rental_business_area': '奥体中心',
 'rental_city': '潍坊',
 'rental_community': '东方枫景苑',
 'rental_community_url': 'https://wf.lianjia.com/zufang/c8761128478339054/',
 'rental_lighting': '南 北',
 'rental_liverooms': '1',
 'rental_name': '整租·东方枫景苑 2室1厅 南/北',
 'rental_price': '700',
 'rental_region': '潍城区',
 'rental_rooms': '2',
 'rental_timestamp': '2022-12-26',
 'rental_url': 'https://wf.lianjia.com/zufang/WF1711216343455367168.html'}
2022-12-26T00:53:24 [rent_spider.py:116] DEBUG: area info[
        86.00㎡
        ]
2022-12-26T00:53:24 [rent_spider.py:152] DEBUG: lighting info[南 北        ]
2022-12-26T00:53:24 [rent_spider.py:121] DEBUG: room info[
          2室2厅1卫        ]
2022-12-26T00:53:24 [scraper.py:289] DEBUG: Scraped from <200 https://wf.lianjia.com/zufang/c8761128478339054/>
{'rental_area': '86.00',
 'rental_bathrooms': '1',
 'rental_business_area': '开发区管委会',
 'rental_city': '潍坊',
 'rental_community': '苏杭花园',
 'rental_community_url': 'https://wf.lianjia.com/zufang/c8761128478339054/',
 'rental_lighting': '南 北',
 'rental_liverooms': '2',
 'rental_name': '整租·苏杭花园 2室2厅 南/北',
 'rental_price': '900',
 'rental_region': '经济技术开发区',
 'rental_rooms': '2',
 'rental_timestamp': '2022-12-26',
 'rental_url': 'https://wf.lianjia.com/zufang/WF1700796256869154816.html'}
2022-12-26T00:53:24 [rent_spider.py:152] DEBUG: lighting info[东明学校]
2022-12-26T00:53:24 [rent_spider.py:116] DEBUG: area info[
        91.00㎡
        ]
2022-12-26T00:53:24 [rent_spider.py:152] DEBUG: lighting info[南 北        ]
2022-12-26T00:53:24 [rent_spider.py:121] DEBUG: room info[
          2室1厅1卫        ]
2022-12-26T00:53:24 [scraper.py:289] DEBUG: Scraped from <200 https://wf.lianjia.com/zufang/c8761128478339054/>
{'rental_area': '91.00',
 'rental_bathrooms': '1',
 'rental_business_area': '东明学校',
 'rental_city': '潍坊',
 'rental_community': '怡和四季园筑',
 'rental_community_url': 'https://wf.lianjia.com/zufang/c8761128478339054/',
 'rental_lighting': '南 北',
 'rental_liverooms': '1',
 'rental_name': '整租·怡和四季园筑 2室1厅 南/北',
 'rental_price': '1700',
 'rental_region': '高新技术产业开发区',
 'rental_rooms': '2',
 'rental_timestamp': '2022-12-26',
 'rental_url': 'https://wf.lianjia.com/zufang/WF1717073530794803200.html'}
2022-12-26T00:53:24 [rent_spider.py:116] DEBUG: area info[
        100.00㎡
        ]
2022-12-26T00:53:24 [rent_spider.py:152] DEBUG: lighting info[南        ]
2022-12-26T00:53:24 [rent_spider.py:121] DEBUG: room info[
          2室1厅1卫        ]
2022-12-26T00:53:24 [scraper.py:289] DEBUG: Scraped from <200 https://wf.lianjia.com/zufang/c8761128478339054/>
{'rental_area': '100.00',
 'rental_bathrooms': '1',
 'rental_business_area': '上城佳乐家',
 'rental_city': '潍坊',
 'rental_community': '奥文国际城',
 'rental_community_url': 'https://wf.lianjia.com/zufang/c8761128478339054/',
 'rental_lighting': '南',
 'rental_liverooms': '1',
 'rental_name': '整租·奥文国际城 2室1厅 南',
 'rental_price': '1100',
 'rental_region': '潍城区',
 'rental_rooms': '2',
 'rental_timestamp': '2022-12-26',
 'rental_url': 'https://wf.lianjia.com/zufang/WF1685963970223013888.html'}
2022-12-26T00:53:24 [rent_spider.py:116] DEBUG: area info[
        100.00㎡
        ]
2022-12-26T00:53:24 [rent_spider.py:152] DEBUG: lighting info[南 北        ]
2022-12-26T00:53:24 [rent_spider.py:121] DEBUG: room info[
          2室2厅1卫        ]
2022-12-26T00:53:24 [scraper.py:289] DEBUG: Scraped from <200 https://wf.lianjia.com/zufang/c8761128478339054/>
{'rental_area': '100.00',
 'rental_bathrooms': '1',
 'rental_business_area': '寿光市',
 'rental_city': '潍坊',
 'rental_community': '金马寨',
 'rental_community_url': 'https://wf.lianjia.com/zufang/c8761128478339054/',
 'rental_lighting': '南 北',
 'rental_liverooms': '2',
 'rental_name': '整租·金马寨 2室2厅 南/北',
 'rental_price': '1170',
 'rental_region': '寿光市',
 'rental_rooms': '2',
 'rental_timestamp': '2022-12-26',
 'rental_url': 'https://wf.lianjia.com/zufang/WF1707996040017215488.html'}
2022-12-26T00:53:24 [rent_spider.py:116] DEBUG: area info[
        80.00㎡
        ]
2022-12-26T00:53:24 [rent_spider.py:152] DEBUG: lighting info[南 北        ]
2022-12-26T00:53:24 [rent_spider.py:121] DEBUG: room info[
          2室1厅1卫        ]
2022-12-26T00:53:24 [scraper.py:289] DEBUG: Scraped from <200 https://wf.lianjia.com/zufang/c8761128478339054/>
{'rental_area': '80.00',
 'rental_bathrooms': '1',
 'rental_business_area': '新华路佳乐家',
 'rental_city': '潍坊',
 'rental_community': '张面河小区',
 'rental_community_url': 'https://wf.lianjia.com/zufang/c8761128478339054/',
 'rental_lighting': '南 北',
 'rental_liverooms': '1',
 'rental_name': '整租·张面河小区 2室1厅 南/北',
 'rental_price': '1600',
 'rental_region': '奎文区',
 'rental_rooms': '2',
 'rental_timestamp': '2022-12-26',
 'rental_url': 'https://wf.lianjia.com/zufang/WF1711998782255661056.html'}
2022-12-26T00:53:24 [rent_spider.py:116] DEBUG: area info[
        92.00㎡
        ]
2022-12-26T00:53:24 [rent_spider.py:152] DEBUG: lighting info[南 北        ]
2022-12-26T00:53:24 [rent_spider.py:121] DEBUG: room info[
          2室1厅1卫        ]
2022-12-26T00:53:24 [scraper.py:289] DEBUG: Scraped from <200 https://wf.lianjia.com/zufang/c8761128478339054/>
{'rental_area': '92.00',
 'rental_bathrooms': '1',
 'rental_business_area': '金三角',
 'rental_city': '潍坊',
 'rental_community': '恒信温莎公馆',
 'rental_community_url': 'https://wf.lianjia.com/zufang/c8761128478339054/',
 'rental_lighting': '南 北',
 'rental_liverooms': '1',
 'rental_name': '整租·恒信温莎公馆 2室1厅 南/北',
 'rental_price': '1150',
 'rental_region': '寒亭区',
 'rental_rooms': '2',
 'rental_timestamp': '2022-12-26',
 'rental_url': 'https://wf.lianjia.com/zufang/WF1707763902336466944.html'}
2022-12-26T00:53:24 [rent_spider.py:152] DEBUG: lighting info[东明学校]
2022-12-26T00:53:24 [rent_spider.py:116] DEBUG: area info[
        43.60㎡
        ]
2022-12-26T00:53:24 [rent_spider.py:152] DEBUG: lighting info[南        ]
2022-12-26T00:53:24 [rent_spider.py:121] DEBUG: room info[
          1室1厅1卫        ]
2022-12-26T00:53:24 [scraper.py:289] DEBUG: Scraped from <200 https://wf.lianjia.com/zufang/c8761128478339054/>
{'rental_area': '43.60',
 'rental_bathrooms': '1',
 'rental_business_area': '东明学校',
 'rental_city': '潍坊',
 'rental_community': '中和·香槟花园',
 'rental_community_url': 'https://wf.lianjia.com/zufang/c8761128478339054/',
 'rental_lighting': '南',
 'rental_liverooms': '1',
 'rental_name': '整租·中和·香槟花园 1室1厅 南',
 'rental_price': '1300',
 'rental_region': '高新技术产业开发区',
 'rental_rooms': '1',
 'rental_timestamp': '2022-12-26',
 'rental_url': 'https://wf.lianjia.com/zufang/WF1709762143361957888.html'}
2022-12-26T00:53:24 [rent_spider.py:152] DEBUG: lighting info[市府东南]
2022-12-26T00:53:24 [rent_spider.py:116] DEBUG: area info[
        93.00㎡
        ]
2022-12-26T00:53:24 [rent_spider.py:152] DEBUG: lighting info[南 北        ]
2022-12-26T00:53:24 [rent_spider.py:121] DEBUG: room info[
          3室2厅1卫        ]
2022-12-26T00:53:24 [scraper.py:289] DEBUG: Scraped from <200 https://wf.lianjia.com/zufang/c8761128478339054/>
{'rental_area': '93.00',
 'rental_bathrooms': '1',
 'rental_business_area': '市府东南',
 'rental_city': '潍坊',
 'rental_community': '时代丽景苑',
 'rental_community_url': 'https://wf.lianjia.com/zufang/c8761128478339054/',
 'rental_lighting': '南 北',
 'rental_liverooms': '2',
 'rental_name': '整租·时代丽景苑 3室2厅 南/北',
 'rental_price': '1600',
 'rental_region': '高新技术产业开发区',
 'rental_rooms': '3',
 'rental_timestamp': '2022-12-26',
 'rental_url': 'https://wf.lianjia.com/zufang/WF1695008155085307904.html'}
2022-12-26T00:53:24 [rent_spider.py:240] DEBUG: Update sql[update community
                    set community_accessbit=1
                    where community_rent_url='https://wf.lianjia.com/zufang/c8761128478339054/';
                    ]
2022-12-26T00:53:24 [rent_spider.py:245] INFO: Finished crawling all rentals in community 时代丽景苑[https://wf.lianjia.com/zufang/c8761128478339054/] in 潍坊.
2022-12-26T00:53:32 [engine.py:295] DEBUG: Crawled (200) <GET https://sz.lianjia.com/zufang/c246986335793752/> (referer: None)
2022-12-26T00:53:32 [rent_spider.py:51] INFO: Crawling rent info in community 绿地新里城[https://wf.lianjia.com/zufang/c8761141720820647/] in 潍坊
2022-12-26T00:53:33 [rent_spider.py:70] DEBUG: Number of houses available on rent[2]
2022-12-26T00:53:33 [rent_spider.py:116] DEBUG: area info[
        89.65㎡
        ]
2022-12-26T00:53:33 [rent_spider.py:152] DEBUG: lighting info[西        ]
2022-12-26T00:53:33 [rent_spider.py:121] DEBUG: room info[
          1室1厅2卫        ]
2022-12-26T00:53:33 [scraper.py:289] DEBUG: Scraped from <200 https://sz.lianjia.com/zufang/c246986335793752/>
{'rental_area': '89.65',
 'rental_bathrooms': '2',
 'rental_business_area': '大鹏半岛',
 'rental_city': '深圳',
 'rental_community': '三科麓湾',
 'rental_community_url': 'https://sz.lianjia.com/zufang/c246986335793752/',
 'rental_lighting': '西',
 'rental_liverooms': '1',
 'rental_name': '整租·三科麓湾 1室1厅 复式 西',
 'rental_price': '3500',
 'rental_region': '大鹏新区',
 'rental_rooms': '1',
 'rental_timestamp': '2022-12-26',
 'rental_url': 'https://sz.lianjia.com/zufang/SZ1638044699103068160.html'}
2022-12-26T00:53:33 [rent_spider.py:116] DEBUG: area info[
        76.12㎡
        ]
2022-12-26T00:53:33 [rent_spider.py:152] DEBUG: lighting info[西南        ]
2022-12-26T00:53:33 [rent_spider.py:121] DEBUG: room info[
          2室2厅2卫        ]
2022-12-26T00:53:33 [scraper.py:289] DEBUG: Scraped from <200 https://sz.lianjia.com/zufang/c246986335793752/>
{'rental_area': '76.12',
 'rental_bathrooms': '2',
 'rental_business_area': '大鹏半岛',
 'rental_city': '深圳',
 'rental_community': '三科麓湾',
 'rental_community_url': 'https://sz.lianjia.com/zufang/c246986335793752/',
 'rental_lighting': '西南',
 'rental_liverooms': '2',
 'rental_name': '整租·三科麓湾 2室2厅 复式 西南',
 'rental_price': '5000',
 'rental_region': '大鹏新区',
 'rental_rooms': '2',
 'rental_timestamp': '2022-12-26',
 'rental_url': 'https://sz.lianjia.com/zufang/SZ1702291150993358848.html'}
2022-12-26T00:53:33 [rent_spider.py:152] DEBUG: lighting info[南山区]
2022-12-26T00:53:33 [rent_spider.py:152] DEBUG: lighting info[西丽]
2022-12-26T00:53:33 [rent_spider.py:116] DEBUG: area info[
        32.68㎡
        ]
2022-12-26T00:53:33 [rent_spider.py:152] DEBUG: lighting info[南        ]
2022-12-26T00:53:33 [rent_spider.py:121] DEBUG: room info[
          1室0厅1卫        ]
2022-12-26T00:53:33 [pipelines.py:375] INFO: The rental 整租·雅丽阁 1室0厅 南 is already in table rental.
2022-12-26T00:53:33 [scraper.py:289] DEBUG: Scraped from <200 https://sz.lianjia.com/zufang/c246986335793752/>
None
2022-12-26T00:53:33 [rent_spider.py:152] DEBUG: lighting info[京基东方都会]
2022-12-26T00:53:33 [rent_spider.py:116] DEBUG: area info[
        26.00㎡
        ]
2022-12-26T00:53:33 [rent_spider.py:152] DEBUG: lighting info[西南        ]
2022-12-26T00:53:33 [rent_spider.py:121] DEBUG: room info[
          1室0厅1卫        ]
2022-12-26T00:53:33 [pipelines.py:375] INFO: The rental 整租·京基东方都会 1室0厅 西南 is already in table rental.
2022-12-26T00:53:33 [scraper.py:289] DEBUG: Scraped from <200 https://sz.lianjia.com/zufang/c246986335793752/>
None
2022-12-26T00:53:33 [rent_spider.py:116] DEBUG: area info[
        60.00㎡
        ]
2022-12-26T00:53:33 [rent_spider.py:152] DEBUG: lighting info[东北        ]
2022-12-26T00:53:33 [rent_spider.py:121] DEBUG: room info[
          2室1厅1卫        ]
2022-12-26T00:53:33 [pipelines.py:375] INFO: The rental 整租·青年城邦园 2室1厅 东北 is already in table rental.
2022-12-26T00:53:33 [scraper.py:289] DEBUG: Scraped from <200 https://sz.lianjia.com/zufang/c246986335793752/>
None
2022-12-26T00:53:33 [rent_spider.py:116] DEBUG: area info[
        35.81㎡
        ]
2022-12-26T00:53:33 [rent_spider.py:152] DEBUG: lighting info[南        ]
2022-12-26T00:53:33 [rent_spider.py:121] DEBUG: room info[
          1室0厅1卫        ]
2022-12-26T00:53:33 [pipelines.py:375] INFO: The rental 整租·中洲湾-中洲滨海商业中心 1室0厅 南 is already in table rental.
2022-12-26T00:53:33 [scraper.py:289] DEBUG: Scraped from <200 https://sz.lianjia.com/zufang/c246986335793752/>
None
2022-12-26T00:53:33 [rent_spider.py:152] DEBUG: lighting info[南山区]
2022-12-26T00:53:33 [rent_spider.py:116] DEBUG: area info[
        21.28㎡
        ]
2022-12-26T00:53:33 [rent_spider.py:152] DEBUG: lighting info[南        ]
2022-12-26T00:53:33 [rent_spider.py:121] DEBUG: room info[
          1室1厅1卫        ]
2022-12-26T00:53:33 [pipelines.py:375] INFO: The rental 整租·高发公寓 1室1厅 南 is already in table rental.
2022-12-26T00:53:33 [scraper.py:289] DEBUG: Scraped from <200 https://sz.lianjia.com/zufang/c246986335793752/>
None
2022-12-26T00:53:33 [rent_spider.py:116] DEBUG: area info[
        106.07㎡
        ]
2022-12-26T00:53:33 [rent_spider.py:152] DEBUG: lighting info[南        ]
2022-12-26T00:53:33 [rent_spider.py:121] DEBUG: room info[
          3室2厅2卫        ]
2022-12-26T00:53:33 [pipelines.py:375] INFO: The rental 整租·珠江旭景佳园 3室2厅 南 is already in table rental.
2022-12-26T00:53:33 [scraper.py:289] DEBUG: Scraped from <200 https://sz.lianjia.com/zufang/c246986335793752/>
None
2022-12-26T00:53:33 [rent_spider.py:116] DEBUG: area info[
        48.00㎡
        ]
2022-12-26T00:53:33 [rent_spider.py:152] DEBUG: lighting info[东南        ]
2022-12-26T00:53:33 [rent_spider.py:121] DEBUG: room info[
          2室1厅2卫        ]
2022-12-26T00:53:33 [pipelines.py:375] INFO: The rental 整租·中粮云景广场 2室1厅 东南 is already in table rental.
2022-12-26T00:53:33 [scraper.py:289] DEBUG: Scraped from <200 https://sz.lianjia.com/zufang/c246986335793752/>
None
2022-12-26T00:53:33 [rent_spider.py:116] DEBUG: area info[
        50.00㎡
        ]
2022-12-26T00:53:33 [rent_spider.py:152] DEBUG: lighting info[南        ]
2022-12-26T00:53:33 [rent_spider.py:121] DEBUG: room info[
          2室1厅1卫        ]
2022-12-26T00:53:33 [pipelines.py:375] INFO: The rental 整租·国展苑 2室1厅 南 is already in table rental.
2022-12-26T00:53:33 [scraper.py:289] DEBUG: Scraped from <200 https://sz.lianjia.com/zufang/c246986335793752/>
None
2022-12-26T00:53:33 [rent_spider.py:240] DEBUG: Update sql[update community
                    set community_accessbit=1
                    where community_rent_url='https://sz.lianjia.com/zufang/c246986335793752/';
                    ]
2022-12-26T00:53:33 [rent_spider.py:245] INFO: Finished crawling all rentals in community 国展苑[https://sz.lianjia.com/zufang/c246986335793752/] in 深圳.
2022-12-26T00:53:34 [engine.py:295] DEBUG: Crawled (200) <GET https://wf.lianjia.com/zufang/c8761128478337115/> (referer: None)
2022-12-26T00:53:34 [rent_spider.py:51] INFO: Crawling rent info in community 保利梧桐语[https://wf.lianjia.com/zufang/c8761134239433940/] in 潍坊
2022-12-26T00:53:34 [rent_spider.py:70] DEBUG: Number of houses available on rent[2]
2022-12-26T00:53:34 [rent_spider.py:116] DEBUG: area info[
        139.67㎡
        ]
2022-12-26T00:53:34 [rent_spider.py:152] DEBUG: lighting info[南 北        ]
2022-12-26T00:53:34 [rent_spider.py:121] DEBUG: room info[
          3室3厅1卫        ]
2022-12-26T00:53:34 [scraper.py:289] DEBUG: Scraped from <200 https://wf.lianjia.com/zufang/c8761128478337115/>
{'rental_area': '139.67',
 'rental_bathrooms': '1',
 'rental_business_area': '奥体中心',
 'rental_city': '潍坊',
 'rental_community': '盛安家园',
 'rental_community_url': 'https://wf.lianjia.com/zufang/c8761128478337115/',
 'rental_lighting': '南 北',
 'rental_liverooms': '3',
 'rental_name': '整租·盛安家园 3室3厅 南/北',
 'rental_price': '1300',
 'rental_region': '潍城区',
 'rental_rooms': '3',
 'rental_timestamp': '2022-12-26',
 'rental_url': 'https://wf.lianjia.com/zufang/WF1667124219541979136.html'}
2022-12-26T00:53:34 [rent_spider.py:116] DEBUG: area info[
        140.00㎡
        ]
2022-12-26T00:53:34 [rent_spider.py:152] DEBUG: lighting info[南 北        ]
2022-12-26T00:53:34 [rent_spider.py:121] DEBUG: room info[
          3室2厅1卫        ]
2022-12-26T00:53:34 [scraper.py:289] DEBUG: Scraped from <200 https://wf.lianjia.com/zufang/c8761128478337115/>
{'rental_area': '140.00',
 'rental_bathrooms': '1',
 'rental_business_area': '奥体中心',
 'rental_city': '潍坊',
 'rental_community': '盛安家园',
 'rental_community_url': 'https://wf.lianjia.com/zufang/c8761128478337115/',
 'rental_lighting': '南 北',
 'rental_liverooms': '2',
 'rental_name': '整租·盛安家园 3室2厅 南/北',
 'rental_price': '1300',
 'rental_region': '潍城区',
 'rental_rooms': '3',
 'rental_timestamp': '2022-12-26',
 'rental_url': 'https://wf.lianjia.com/zufang/WF1675439161189859328.html'}
2022-12-26T00:53:34 [rent_spider.py:116] DEBUG: area info[
        86.00㎡
        ]
2022-12-26T00:53:34 [rent_spider.py:152] DEBUG: lighting info[南 北        ]
2022-12-26T00:53:34 [rent_spider.py:121] DEBUG: room info[
          2室2厅1卫        ]
2022-12-26T00:53:34 [pipelines.py:375] INFO: The rental 整租·苏杭花园 2室2厅 南/北 is already in table rental.
2022-12-26T00:53:34 [scraper.py:289] DEBUG: Scraped from <200 https://wf.lianjia.com/zufang/c8761128478337115/>
None
2022-12-26T00:53:34 [rent_spider.py:152] DEBUG: lighting info[东明学校]
2022-12-26T00:53:34 [rent_spider.py:116] DEBUG: area info[
        91.00㎡
        ]
2022-12-26T00:53:34 [rent_spider.py:152] DEBUG: lighting info[南 北        ]
2022-12-26T00:53:34 [rent_spider.py:121] DEBUG: room info[
          2室1厅1卫        ]
2022-12-26T00:53:34 [pipelines.py:375] INFO: The rental 整租·怡和四季园筑 2室1厅 南/北 is already in table rental.
2022-12-26T00:53:34 [scraper.py:289] DEBUG: Scraped from <200 https://wf.lianjia.com/zufang/c8761128478337115/>
None
2022-12-26T00:53:34 [rent_spider.py:116] DEBUG: area info[
        100.00㎡
        ]
2022-12-26T00:53:34 [rent_spider.py:152] DEBUG: lighting info[南        ]
2022-12-26T00:53:34 [rent_spider.py:121] DEBUG: room info[
          2室1厅1卫        ]
2022-12-26T00:53:34 [pipelines.py:375] INFO: The rental 整租·奥文国际城 2室1厅 南 is already in table rental.
2022-12-26T00:53:34 [scraper.py:289] DEBUG: Scraped from <200 https://wf.lianjia.com/zufang/c8761128478337115/>
None
2022-12-26T00:53:34 [rent_spider.py:116] DEBUG: area info[
        100.00㎡
        ]
2022-12-26T00:53:34 [rent_spider.py:152] DEBUG: lighting info[南 北        ]
2022-12-26T00:53:34 [rent_spider.py:121] DEBUG: room info[
          2室2厅1卫        ]
2022-12-26T00:53:34 [pipelines.py:375] INFO: The rental 整租·金马寨 2室2厅 南/北 is already in table rental.
2022-12-26T00:53:34 [scraper.py:289] DEBUG: Scraped from <200 https://wf.lianjia.com/zufang/c8761128478337115/>
None
2022-12-26T00:53:34 [rent_spider.py:116] DEBUG: area info[
        80.00㎡
        ]
2022-12-26T00:53:34 [rent_spider.py:152] DEBUG: lighting info[南 北        ]
2022-12-26T00:53:34 [rent_spider.py:121] DEBUG: room info[
          2室1厅1卫        ]
2022-12-26T00:53:34 [pipelines.py:375] INFO: The rental 整租·张面河小区 2室1厅 南/北 is already in table rental.
2022-12-26T00:53:34 [scraper.py:289] DEBUG: Scraped from <200 https://wf.lianjia.com/zufang/c8761128478337115/>
None
2022-12-26T00:53:34 [rent_spider.py:116] DEBUG: area info[
        92.00㎡
        ]
2022-12-26T00:53:34 [rent_spider.py:152] DEBUG: lighting info[南 北        ]
2022-12-26T00:53:34 [rent_spider.py:121] DEBUG: room info[
          2室1厅1卫        ]
2022-12-26T00:53:34 [pipelines.py:375] INFO: The rental 整租·恒信温莎公馆 2室1厅 南/北 is already in table rental.
2022-12-26T00:53:34 [scraper.py:289] DEBUG: Scraped from <200 https://wf.lianjia.com/zufang/c8761128478337115/>
None
2022-12-26T00:53:34 [rent_spider.py:152] DEBUG: lighting info[东明学校]
2022-12-26T00:53:34 [rent_spider.py:116] DEBUG: area info[
        43.60㎡
        ]
2022-12-26T00:53:34 [rent_spider.py:152] DEBUG: lighting info[南        ]
2022-12-26T00:53:34 [rent_spider.py:121] DEBUG: room info[
          1室1厅1卫        ]
2022-12-26T00:53:34 [pipelines.py:375] INFO: The rental 整租·中和·香槟花园 1室1厅 南 is already in table rental.
2022-12-26T00:53:34 [scraper.py:289] DEBUG: Scraped from <200 https://wf.lianjia.com/zufang/c8761128478337115/>
None
2022-12-26T00:53:34 [rent_spider.py:152] DEBUG: lighting info[市府东南]
2022-12-26T00:53:34 [rent_spider.py:116] DEBUG: area info[
        93.00㎡
        ]
2022-12-26T00:53:34 [rent_spider.py:152] DEBUG: lighting info[南 北        ]
2022-12-26T00:53:34 [rent_spider.py:121] DEBUG: room info[
          3室2厅1卫        ]
2022-12-26T00:53:34 [pipelines.py:375] INFO: The rental 整租·时代丽景苑 3室2厅 南/北 is already in table rental.
2022-12-26T00:53:34 [scraper.py:289] DEBUG: Scraped from <200 https://wf.lianjia.com/zufang/c8761128478337115/>
None
2022-12-26T00:53:34 [rent_spider.py:240] DEBUG: Update sql[update community
                    set community_accessbit=1
                    where community_rent_url='https://wf.lianjia.com/zufang/c8761128478337115/';
                    ]
2022-12-26T00:53:34 [rent_spider.py:245] INFO: Finished crawling all rentals in community 时代丽景苑[https://wf.lianjia.com/zufang/c8761128478337115/] in 潍坊.
2022-12-26T00:53:41 [crawler.py:313] INFO: Received SIGINT, shutting down gracefully. Send again to force 
2022-12-26T00:53:41 [engine.py:362] INFO: Closing spider (shutdown)
2022-12-26T00:53:42 [crawler.py:321] INFO: Received SIGINT twice, forcing unclean shutdown
2022-12-26T00:53:42 [retry.py:96] DEBUG: Retrying <GET https://sz.lianjia.com/zufang/c2420023273871666/> (failed 1 times): [<twisted.python.failure.Failure twisted.internet.error.ConnectionLost: Connection to the other side was lost in a non-clean fashion: Connection lost.>]
